,time,into,inth,intl,intc
0,2024-02-01 09:42:00,5397.0,5404.45,5396.0,5404.05
1,2024-02-01 09:43:00,5401.15,5407.0,5400.75,5402.65
2,2024-02-01 09:44:00,5401.25,5404.65,5400.0,5400.85
3,2024-02-01 09:45:00,5400.0,5406.0,5400.0,5400.6
4,2024-02-01 09:46:00,5402.95,5406.65,5400.0,5400.2
5,2024-02-01 09:47:00,5400.05,5404.15,5400.0,5401.2
6,2024-02-01 09:48:00,5402.4,5413.35,5401.2,5413.35
7,2024-02-01 09:49:00,5414.0,5415.2,5403.3,5406.2
8,2024-02-01 09:50:00,5408.8,5414.4,5403.45,5411.7
9,2024-02-01 09:51:00,5412.5,5414.45,5406.1,5407.55
10,2024-02-01 09:52:00,5409.95,5409.95,5400.5,5400.5
11,2024-02-01 09:53:00,5402.7,5402.7,5391.35,5395.95
12,2024-02-01 09:54:00,5393.55,5395.5,5385.1,5387.8
13,2024-02-01 09:55:00,5385.65,5387.7,5385.0,5385.65
14,2024-02-01 09:56:00,5386.15,5386.15,5381.8,5382.75
15,2024-02-01 09:57:00,5383.2,5383.6,5376.0,5378.7
16,2024-02-01 09:58:00,5378.75,5380.95,5376.0,5377.75
17,2024-02-01 09:59:00,5376.4,5380.0,5374.25,5379.9
18,2024-02-01 10:00:00,5377.05,5381.4,5376.15,5381.4
19,2024-02-01 10:01:00,5381.45,5381.45,5376.0,5376.65
20,2024-02-01 10:02:00,5380.2,5380.35,5377.65,5379.0
21,2024-02-01 10:03:00,5378.0,5378.0,5370.0,5370.95
22,2024-02-01 10:04:00,5371.7,5373.25,5370.25,5373.2
23,2024-02-01 10:05:00,5372.0,5380.6,5371.4,5375.65
24,2024-02-01 10:06:00,5373.0,5376.7,5373.0,5373.4
25,2024-02-01 10:07:00,5376.0,5384.95,5373.2,5383.0
26,2024-02-01 10:08:00,5379.3,5383.95,5376.0,5378.25
27,2024-02-01 10:09:00,5377.1,5379.4,5375.3,5377.8
28,2024-02-01 10:10:00,5377.85,5379.65,5375.3,5379.65
29,2024-02-01 10:11:00,5377.2,5379.9,5376.0,5376.7
30,2024-02-01 10:12:00,5377.4,5379.95,5371.1,5372.9
31,2024-02-01 10:13:00,5372.05,5375.3,5372.05,5374.0
32,2024-02-01 10:14:00,5374.4,5374.45,5366.0,5366.45
33,2024-02-01 10:15:00,5363.9,5365.75,5361.9,5365.25
34,2024-02-01 10:16:00,5365.2,5367.3,5361.9,5363.25
35,2024-02-01 10:17:00,5361.15,5365.8,5361.05,5365.2
36,2024-02-01 10:18:00,5365.5,5369.5,5365.5,5367.0
37,2024-02-01 10:19:00,5367.2,5368.8,5365.0,5367.0
38,2024-02-01 10:20:00,5367.05,5367.05,5363.4,5363.4
39,2024-02-01 10:21:00,5363.0,5363.35,5360.05,5360.25
40,2024-02-01 10:22:00,5360.35,5364.65,5360.0,5362.1
41,2024-02-01 10:23:00,5362.85,5364.5,5361.0,5361.05
42,2024-02-01 10:24:00,5361.0,5363.85,5360.2,5361.1
43,2024-02-01 10:25:00,5361.2,5363.55,5360.0,5360.5
44,2024-02-01 10:26:00,5361.0,5362.2,5359.0,5359.0
45,2024-02-01 10:27:00,5359.05,5363.2,5359.0,5359.55
46,2024-02-01 10:28:00,5359.5,5360.0,5355.0,5356.0
47,2024-02-01 10:29:00,5356.05,5358.3,5354.7,5356.0
48,2024-02-01 10:30:00,5355.5,5356.0,5354.0,5354.0
49,2024-02-01 10:31:00,5354.05,5356.5,5354.0,5354.25
50,2024-02-01 10:32:00,5354.0,5355.85,5353.2,5353.3
51,2024-02-01 10:33:00,5353.2,5353.9,5352.55,5352.85
52,2024-02-01 10:34:00,5352.2,5356.45,5352.05,5353.0
53,2024-02-01 10:35:00,5355.0,5355.0,5348.0,5350.0
54,2024-02-01 10:36:00,5349.3,5350.0,5347.05,5349.2
55,2024-02-01 10:37:00,5349.25,5349.25,5346.7,5346.9
56,2024-02-01 10:38:00,5346.85,5349.3,5346.35,5346.4
57,2024-02-01 10:39:00,5347.0,5347.0,5345.05,5345.05
58,2024-02-01 10:40:00,5345.65,5348.3,5345.0,5345.0
59,2024-02-01 10:41:00,5345.05,5345.05,5343.0,5344.0
60,2024-02-01 10:42:00,5343.55,5345.35,5343.0,5343.15
61,2024-02-01 10:43:00,5343.25,5344.15,5342.0,5342.65
62,2024-02-01 10:44:00,5342.8,5344.1,5342.65,5342.95
63,2024-02-01 10:45:00,5343.9,5346.15,5342.25,5345.5
64,2024-02-01 10:46:00,5346.05,5347.0,5342.95,5343.35
65,2024-02-01 10:47:00,5345.35,5351.9,5343.35,5349.6
66,2024-02-01 10:48:00,5350.0,5352.4,5350.0,5350.0
67,2024-02-01 10:49:00,5350.05,5356.3,5348.6,5352.75
68,2024-02-01 10:50:00,5352.7,5355.55,5350.15,5350.2
69,2024-02-01 10:51:00,5350.15,5354.55,5350.0,5350.25
70,2024-02-01 10:52:00,5351.2,5352.9,5350.25,5352.3
71,2024-02-01 10:53:00,5350.55,5352.75,5350.55,5351.55
72,2024-02-01 10:54:00,5351.5,5357.8,5350.55,5355.95
73,2024-02-01 10:55:00,5356.85,5362.75,5355.05,5356.0
74,2024-02-01 10:56:00,5357.1,5362.6,5356.0,5358.0
75,2024-02-01 10:57:00,5358.1,5358.95,5352.0,5356.75
76,2024-02-01 10:58:00,5355.85,5361.9,5355.85,5360.0
77,2024-02-01 10:59:00,5359.8,5366.85,5358.1,5364.55
78,2024-02-01 11:00:00,5366.25,5367.8,5356.6,5366.55
79,2024-02-01 11:01:00,5367.45,5372.35,5365.0,5369.95
80,2024-02-01 11:02:00,5368.55,5379.0,5368.15,5374.75
81,2024-02-01 11:03:00,5376.1,5376.1,5364.4,5369.1
82,2024-02-01 11:04:00,5369.9,5379.6,5369.9,5375.0
83,2024-02-01 11:05:00,5375.35,5377.75,5375.0,5375.0
84,2024-02-01 11:06:00,5375.1,5375.1,5360.0,5360.0
85,2024-02-01 11:07:00,5357.1,5363.55,5354.65,5360.25
86,2024-02-01 11:08:00,5361.65,5368.6,5360.0,5368.35
87,2024-02-01 11:09:00,5367.65,5367.65,5363.15,5364.0
88,2024-02-01 11:10:00,5364.05,5370.0,5364.0,5365.0
89,2024-02-01 11:11:00,5365.15,5368.45,5365.0,5365.0
90,2024-02-01 11:12:00,5365.7,5367.85,5364.0,5365.45
91,2024-02-01 11:13:00,5364.45,5367.0,5364.0,5366.0
92,2024-02-01 11:14:00,5366.05,5368.65,5365.0,5365.0
93,2024-02-01 11:15:00,5372.1,5372.1,5365.0,5365.0
94,2024-02-01 11:16:00,5365.05,5366.5,5355.2,5359.0
95,2024-02-01 11:17:00,5359.55,5364.45,5355.0,5364.45
96,2024-02-01 11:18:00,5362.45,5369.75,5362.05,5365.65
97,2024-02-01 11:19:00,5365.85,5367.15,5365.0,5365.0
98,2024-02-01 11:20:00,5366.0,5370.6,5365.0,5365.0
99,2024-02-01 11:21:00,5365.05,5367.75,5365.0,5367.0
100,2024-02-01 11:22:00,5365.05,5367.0,5364.0,5364.45
101,2024-02-01 11:23:00,5364.0,5367.3,5364.0,5365.0
102,2024-02-01 11:24:00,5367.3,5367.3,5365.0,5365.05
103,2024-02-01 11:25:00,5365.0,5366.0,5362.0,5362.55
104,2024-02-01 11:26:00,5362.3,5363.55,5358.5,5358.5
105,2024-02-01 11:27:00,5358.35,5364.4,5358.35,5362.5
106,2024-02-01 11:28:00,5362.55,5365.9,5361.65,5365.0
107,2024-02-01 11:29:00,5365.3,5368.1,5365.0,5365.0
108,2024-02-01 11:30:00,5365.35,5368.3,5365.35,5365.55
109,2024-02-01 11:31:00,5368.45,5368.45,5365.0,5365.0
110,2024-02-01 11:32:00,5365.1,5367.15,5365.1,5366.2
111,2024-02-01 11:33:00,5366.15,5368.0,5360.0,5365.0
112,2024-02-01 11:34:00,5365.05,5367.1,5360.05,5365.05
113,2024-02-01 11:35:00,5366.95,5366.95,5365.0,5365.0
114,2024-02-01 11:36:00,5365.05,5368.4,5365.0,5365.3
115,2024-02-01 11:37:00,5365.45,5374.45,5365.0,5368.9
116,2024-02-01 11:38:00,5368.85,5373.25,5366.05,5367.3
117,2024-02-01 11:39:00,5367.65,5370.85,5365.9,5365.9
118,2024-02-01 11:40:00,5366.95,5370.0,5365.0,5365.75
119,2024-02-01 11:41:00,5365.5,5368.0,5365.0,5365.0
120,2024-02-01 11:42:00,5365.05,5369.8,5365.0,5365.75
121,2024-02-01 11:43:00,5365.0,5368.1,5365.0,5365.0
122,2024-02-01 11:44:00,5365.3,5366.8,5365.0,5365.55
123,2024-02-01 11:45:00,5365.4,5366.8,5365.0,5365.35
124,2024-02-01 11:46:00,5365.1,5372.65,5363.7,5372.35
125,2024-02-01 11:47:00,5371.8,5371.8,5365.05,5369.15
126,2024-02-01 11:48:00,5368.4,5368.4,5365.0,5365.0
127,2024-02-01 11:49:00,5365.05,5369.8,5365.05,5368.0
128,2024-02-01 11:50:00,5368.15,5370.15,5368.0,5370.05
129,2024-02-01 11:51:00,5370.0,5371.4,5368.0,5368.7
130,2024-02-01 11:52:00,5369.35,5369.35,5364.25,5365.6
131,2024-02-01 11:53:00,5363.3,5366.1,5360.65,5363.65
132,2024-02-01 11:54:00,5364.0,5364.0,5359.65,5359.85
133,2024-02-01 11:55:00,5359.9,5364.5,5359.85,5363.0
134,2024-02-01 11:56:00,5361.45,5368.0,5358.0,5358.0
135,2024-02-01 11:57:00,5357.05,5361.8,5353.0,5353.0
136,2024-02-01 11:58:00,5354.15,5356.5,5351.3,5352.5
137,2024-02-01 11:59:00,5352.55,5359.4,5352.55,5358.35
138,2024-02-01 12:00:00,5358.3,5365.45,5357.65,5360.6
139,2024-02-01 12:01:00,5360.0,5361.55,5357.2,5357.6
140,2024-02-01 12:02:00,5357.65,5361.35,5357.6,5357.65
141,2024-02-01 12:03:00,5357.7,5361.95,5357.2,5361.75
142,2024-02-01 12:04:00,5360.55,5362.9,5357.45,5358.6
143,2024-02-01 12:05:00,5357.65,5368.0,5357.65,5365.4
144,2024-02-01 12:06:00,5365.65,5374.45,5362.8,5374.45
145,2024-02-01 12:07:00,5374.85,5375.0,5368.05,5368.05
146,2024-02-01 12:08:00,5367.15,5367.15,5357.6,5358.85
147,2024-02-01 12:09:00,5360.3,5360.8,5357.6,5360.75
148,2024-02-01 12:10:00,5358.75,5360.8,5357.6,5360.55
149,2024-02-01 12:11:00,5360.5,5368.6,5358.85,5368.6
150,2024-02-01 12:12:00,5364.85,5364.85,5359.55,5359.55
151,2024-02-01 12:13:00,5360.0,5361.3,5357.65,5359.1
152,2024-02-01 12:14:00,5358.0,5362.8,5357.6,5361.35
153,2024-02-01 12:15:00,5360.4,5363.8,5357.65,5361.1
154,2024-02-01 12:16:00,5358.05,5360.9,5357.65,5358.2
155,2024-02-01 12:17:00,5358.25,5362.15,5357.65,5357.9
156,2024-02-01 12:18:00,5357.85,5360.0,5357.6,5357.65
157,2024-02-01 12:19:00,5357.7,5361.3,5357.65,5358.3
158,2024-02-01 12:20:00,5357.65,5361.0,5357.65,5359.7
159,2024-02-01 12:21:00,5357.7,5359.45,5357.2,5357.25
160,2024-02-01 12:22:00,5357.2,5359.75,5357.2,5358.0
161,2024-02-01 12:23:00,5357.9,5359.75,5357.4,5357.75
162,2024-02-01 12:24:00,5357.65,5358.45,5357.35,5358.0
163,2024-02-01 12:25:00,5358.8,5360.2,5357.65,5357.65
164,2024-02-01 12:26:00,5357.75,5358.95,5357.2,5357.2
165,2024-02-01 12:27:00,5357.45,5360.0,5357.2,5358.15
166,2024-02-01 12:28:00,5358.85,5361.45,5357.55,5360.85
167,2024-02-01 12:29:00,5358.1,5360.95,5357.6,5357.7
168,2024-02-01 12:30:00,5359.75,5360.0,5357.65,5357.75
169,2024-02-01 12:31:00,5357.8,5357.85,5357.6,5357.7
170,2024-02-01 12:32:00,5357.8,5358.7,5354.65,5354.65
171,2024-02-01 12:33:00,5354.9,5356.95,5352.55,5352.55
172,2024-02-01 12:34:00,5353.5,5353.5,5350.25,5350.75
173,2024-02-01 12:35:00,5354.05,5356.8,5352.65,5354.65
174,2024-02-01 12:36:00,5354.7,5359.85,5353.95,5358.75
175,2024-02-01 12:37:00,5358.7,5362.6,5358.05,5360.0
176,2024-02-01 12:38:00,5359.0,5359.9,5357.6,5357.7
177,2024-02-01 12:39:00,5357.75,5360.25,5357.0,5357.0
178,2024-02-01 12:40:00,5357.65,5360.75,5357.55,5359.05
179,2024-02-01 12:41:00,5357.65,5364.65,5357.0,5360.5
180,2024-02-01 12:42:00,5358.1,5362.75,5357.5,5359.3
181,2024-02-01 12:43:00,5359.25,5361.0,5357.6,5359.5
182,2024-02-01 12:44:00,5359.55,5360.0,5357.0,5358.1
183,2024-02-01 12:45:00,5357.75,5359.5,5357.15,5357.75
184,2024-02-01 12:46:00,5357.65,5359.75,5357.5,5357.7
185,2024-02-01 12:47:00,5357.5,5360.0,5357.5,5359.8
186,2024-02-01 12:48:00,5358.75,5359.45,5357.65,5357.65
187,2024-02-01 12:49:00,5357.75,5359.95,5357.5,5359.55
188,2024-02-01 12:50:00,5358.2,5359.5,5357.5,5357.5
189,2024-02-01 12:51:00,5357.85,5359.6,5357.5,5357.8
190,2024-02-01 12:52:00,5357.65,5359.5,5357.65,5357.8
191,2024-02-01 12:53:00,5357.7,5363.6,5357.65,5357.9
192,2024-02-01 12:54:00,5360.95,5361.6,5356.8,5360.95
193,2024-02-01 12:55:00,5361.5,5362.25,5358.1,5358.3
194,2024-02-01 12:56:00,5357.65,5360.95,5356.7,5358.95
195,2024-02-01 12:57:00,5357.4,5360.7,5356.0,5356.0
196,2024-02-01 12:58:00,5356.7,5359.55,5355.0,5356.4
197,2024-02-01 12:59:00,5356.35,5358.85,5355.0,5358.35
198,2024-02-01 13:00:00,5356.5,5360.8,5352.15,5353.0
199,2024-02-01 13:01:00,5356.4,5359.1,5355.0,5357.1
200,2024-02-01 13:02:00,5355.2,5357.35,5355.0,5355.2
201,2024-02-01 13:03:00,5356.05,5358.8,5356.05,5358.75
202,2024-02-01 13:04:00,5358.7,5359.3,5356.35,5358.05
203,2024-02-01 13:05:00,5358.0,5359.3,5358.0,5358.0
204,2024-02-01 13:06:00,5358.15,5361.7,5358.0,5359.8
205,2024-02-01 13:07:00,5359.75,5360.25,5358.0,5359.2
206,2024-02-01 13:08:00,5359.1,5361.9,5358.0,5358.0
207,2024-02-01 13:09:00,5358.05,5360.0,5358.0,5360.0
208,2024-02-01 13:10:00,5358.6,5361.95,5358.45,5360.0
209,2024-02-01 13:11:00,5360.25,5362.0,5360.0,5360.0
210,2024-02-01 13:12:00,5360.45,5362.0,5360.0,5360.15
211,2024-02-01 13:13:00,5360.0,5363.8,5360.0,5360.1
212,2024-02-01 13:14:00,5360.15,5360.65,5360.05,5360.05
213,2024-02-01 13:15:00,5360.1,5361.0,5360.0,5360.0
214,2024-02-01 13:16:00,5360.05,5368.3,5360.0,5367.25
215,2024-02-01 13:17:00,5365.0,5366.7,5365.0,5365.0
216,2024-02-01 13:18:00,5365.05,5367.45,5365.0,5365.0
217,2024-02-01 13:19:00,5365.05,5366.65,5365.0,5365.0
218,2024-02-01 13:20:00,5365.05,5367.5,5365.0,5366.0
219,2024-02-01 13:21:00,5365.0,5366.2,5365.0,5365.0
220,2024-02-01 13:22:00,5365.05,5366.25,5365.0,5366.25
221,2024-02-01 13:23:00,5366.0,5366.1,5365.1,5366.0
222,2024-02-01 13:24:00,5366.05,5366.95,5366.0,5366.0
223,2024-02-01 13:25:00,5366.05,5367.8,5365.05,5365.55
224,2024-02-01 13:26:00,5365.0,5365.05,5364.5,5364.5
225,2024-02-01 13:27:00,5364.55,5365.0,5364.5,5364.5
226,2024-02-01 13:28:00,5364.55,5366.55,5364.5,5365.0
227,2024-02-01 13:29:00,5365.05,5366.8,5365.0,5365.3
228,2024-02-01 13:30:00,5365.0,5366.7,5365.0,5365.0
229,2024-02-01 13:31:00,5365.3,5365.45,5365.0,5365.1
230,2024-02-01 13:32:00,5365.05,5366.6,5365.0,5365.0
231,2024-02-01 13:33:00,5365.05,5365.15,5365.0,5365.1
232,2024-02-01 13:34:00,5365.0,5365.65,5365.0,5365.0
233,2024-02-01 13:35:00,5365.05,5365.85,5365.0,5365.0
234,2024-02-01 13:36:00,5365.05,5370.45,5365.0,5370.0
235,2024-02-01 13:37:00,5370.05,5370.95,5370.0,5370.05
236,2024-02-01 13:38:00,5370.0,5370.35,5370.0,5370.05
237,2024-02-01 13:39:00,5370.0,5370.1,5365.75,5367.0
238,2024-02-01 13:40:00,5365.3,5368.25,5364.5,5364.9
239,2024-02-01 13:41:00,5364.85,5368.9,5364.5,5367.2
240,2024-02-01 13:42:00,5365.05,5369.9,5364.85,5366.6
241,2024-02-01 13:43:00,5365.75,5365.75,5364.5,5365.0
242,2024-02-01 13:44:00,5365.15,5368.15,5364.5,5364.5
243,2024-02-01 13:45:00,5364.7,5366.45,5364.5,5364.5
244,2024-02-01 13:46:00,5365.2,5365.2,5361.7,5363.95
245,2024-02-01 13:47:00,5362.85,5362.85,5360.0,5360.0
246,2024-02-01 13:48:00,5360.05,5362.0,5360.0,5362.0
247,2024-02-01 13:49:00,5361.3,5362.0,5357.25,5360.55
248,2024-02-01 13:50:00,5360.5,5360.65,5357.35,5358.7
249,2024-02-01 13:51:00,5358.15,5361.8,5357.45,5361.8
250,2024-02-01 13:52:00,5361.65,5361.65,5358.5,5359.9
251,2024-02-01 13:53:00,5359.8,5361.2,5358.0,5359.5
252,2024-02-01 13:54:00,5359.75,5361.7,5355.0,5356.0
253,2024-02-01 13:55:00,5355.0,5357.15,5353.05,5354.6
254,2024-02-01 13:56:00,5354.85,5357.0,5353.0,5354.95
255,2024-02-01 13:57:00,5354.85,5358.3,5354.85,5356.4
256,2024-02-01 13:58:00,5356.25,5358.75,5355.9,5357.3
257,2024-02-01 13:59:00,5357.6,5357.8,5355.05,5355.05
258,2024-02-01 14:00:00,5355.1,5357.6,5355.05,5355.05
259,2024-02-01 14:01:00,5355.2,5357.75,5355.0,5355.0
260,2024-02-01 14:02:00,5356.2,5357.65,5354.05,5354.1
261,2024-02-01 14:03:00,5354.55,5358.3,5353.5,5356.1
262,2024-02-01 14:04:00,5356.65,5359.55,5354.0,5355.75
263,2024-02-01 14:05:00,5354.9,5355.85,5353.6,5353.6
264,2024-02-01 14:06:00,5353.65,5356.4,5353.05,5356.4
265,2024-02-01 14:07:00,5353.45,5355.55,5353.05,5353.2
266,2024-02-01 14:08:00,5353.3,5355.0,5353.05,5353.25
267,2024-02-01 14:09:00,5353.85,5359.85,5353.15,5358.45
268,2024-02-01 14:10:00,5356.65,5360.0,5354.35,5355.5
269,2024-02-01 14:11:00,5355.05,5359.45,5354.1,5356.8
270,2024-02-01 14:12:00,5354.6,5357.0,5354.1,5354.2
271,2024-02-01 14:13:00,5354.95,5358.65,5354.05,5354.1
272,2024-02-01 14:14:00,5355.5,5356.8,5352.75,5353.55
273,2024-02-01 14:15:00,5353.0,5353.55,5351.25,5352.0
274,2024-02-01 14:16:00,5352.05,5355.95,5352.05,5353.5
275,2024-02-01 14:17:00,5353.6,5356.0,5353.5,5354.05
276,2024-02-01 14:18:00,5354.0,5356.0,5354.0,5355.0
277,2024-02-01 14:19:00,5355.05,5356.0,5354.0,5355.1
278,2024-02-01 14:20:00,5354.05,5357.35,5354.05,5355.0
279,2024-02-01 14:21:00,5355.05,5356.8,5354.0,5356.45
280,2024-02-01 14:22:00,5354.1,5361.2,5354.0,5360.0
281,2024-02-01 14:23:00,5360.2,5362.0,5360.0,5360.0
282,2024-02-01 14:24:00,5360.4,5361.75,5360.0,5360.0
283,2024-02-01 14:25:00,5360.25,5360.25,5360.0,5360.0
284,2024-02-01 14:26:00,5360.05,5360.1,5360.0,5360.05
285,2024-02-01 14:27:00,5360.0,5360.1,5356.0,5356.0
286,2024-02-01 14:28:00,5355.15,5361.2,5355.15,5358.05
287,2024-02-01 14:29:00,5358.95,5360.0,5357.0,5357.25
288,2024-02-01 14:30:00,5357.55,5359.9,5356.35,5357.8
289,2024-02-01 14:31:00,5357.75,5360.0,5357.75,5359.75
290,2024-02-01 14:32:00,5358.9,5359.75,5357.85,5358.9
291,2024-02-01 14:33:00,5359.3,5362.0,5359.0,5359.75
292,2024-02-01 14:34:00,5359.85,5361.2,5358.0,5360.05
293,2024-02-01 14:35:00,5360.0,5361.75,5358.15,5361.75
294,2024-02-01 14:36:00,5361.35,5362.0,5360.0,5360.15
295,2024-02-01 14:37:00,5361.95,5361.95,5360.0,5360.05
296,2024-02-01 14:38:00,5360.0,5361.15,5360.0,5360.0
297,2024-02-01 14:39:00,5360.05,5360.2,5358.0,5359.05
298,2024-02-01 14:40:00,5360.1,5361.05,5357.7,5360.0
299,2024-02-01 14:41:00,5358.0,5360.25,5356.55,5357.85
300,2024-02-01 14:42:00,5360.2,5360.8,5357.65,5359.7
301,2024-02-01 14:43:00,5360.0,5360.05,5359.7,5359.7
302,2024-02-01 14:44:00,5359.75,5360.8,5359.7,5359.8
303,2024-02-01 14:45:00,5359.85,5361.45,5359.7,5359.95
304,2024-02-01 14:46:00,5359.9,5363.0,5359.7,5361.15
305,2024-02-01 14:47:00,5362.5,5362.5,5358.0,5359.2
306,2024-02-01 14:48:00,5358.0,5365.0,5358.0,5362.0
307,2024-02-01 14:49:00,5359.75,5365.0,5359.2,5363.35
308,2024-02-01 14:50:00,5363.15,5365.7,5363.0,5363.0
309,2024-02-01 14:51:00,5363.75,5363.75,5362.0,5362.0
310,2024-02-01 14:52:00,5362.05,5362.8,5360.0,5360.1
311,2024-02-01 14:53:00,5360.15,5361.75,5358.25,5359.0
312,2024-02-01 14:54:00,5359.25,5364.0,5358.4,5359.0
313,2024-02-01 14:55:00,5358.0,5364.0,5357.9,5360.45
314,2024-02-01 14:56:00,5361.8,5361.8,5357.95,5358.95
315,2024-02-01 14:57:00,5357.95,5362.05,5357.9,5362.05
316,2024-02-01 14:58:00,5362.0,5363.1,5360.0,5360.05
317,2024-02-01 14:59:00,5360.0,5361.95,5360.0,5360.05
318,2024-02-01 15:00:00,5360.1,5364.45,5357.9,5359.1
319,2024-02-01 15:01:00,5357.9,5360.0,5357.9,5357.9
320,2024-02-01 15:02:00,5358.0,5360.0,5357.65,5357.8
321,2024-02-01 15:03:00,5357.7,5359.85,5357.4,5359.7
322,2024-02-01 15:04:00,5359.3,5359.75,5357.65,5357.8
323,2024-02-01 15:05:00,5359.85,5359.85,5357.5,5357.9
324,2024-02-01 15:06:00,5357.8,5357.85,5357.7,5357.8
325,2024-02-01 15:07:00,5357.85,5360.0,5357.75,5358.9
326,2024-02-01 15:08:00,5360.0,5360.0,5357.2,5357.75
327,2024-02-01 15:09:00,5357.85,5360.0,5355.0,5358.3
328,2024-02-01 15:10:00,5359.9,5360.0,5356.2,5359.9
329,2024-02-01 15:11:00,5360.25,5363.15,5360.0,5362.15
330,2024-02-01 15:12:00,5361.5,5364.0,5361.5,5362.85
331,2024-02-01 15:13:00,5362.8,5362.85,5362.6,5362.6
332,2024-02-01 15:14:00,5362.8,5362.85,5361.65,5362.85
333,2024-02-01 15:15:00,5362.8,5362.95,5360.0,5362.8
334,2024-02-01 15:16:00,5362.75,5364.0,5361.9,5363.75
335,2024-02-01 15:17:00,5363.85,5366.0,5362.3,5365.0
336,2024-02-01 15:18:00,5362.75,5366.0,5362.55,5364.75
337,2024-02-01 15:19:00,5365.85,5368.8,5364.75,5368.0
338,2024-02-01 15:20:00,5368.6,5368.65,5367.6,5367.7
339,2024-02-01 15:21:00,5367.9,5369.95,5365.7,5369.75
340,2024-02-01 15:22:00,5369.55,5370.0,5369.05,5369.1
341,2024-02-01 15:23:00,5369.4,5370.0,5369.0,5369.75
342,2024-02-01 15:24:00,5370.0,5370.6,5369.4,5370.55
343,2024-02-01 15:25:00,5370.6,5374.9,5370.6,5374.8
344,2024-02-01 15:26:00,5374.9,5378.5,5374.55,5378.0
345,2024-02-01 15:27:00,5376.0,5378.0,5372.65,5372.75
346,2024-02-01 15:28:00,5374.0,5374.55,5372.6,5374.55
347,2024-02-01 15:29:00,5372.65,5384.55,5372.6,5384.55
348,2024-02-02 09:14:00,5375.05,5375.05,5375.05,5375.05
349,2024-02-02 09:15:00,5381.5,5439.0,5381.5,5439.0
350,2024-02-02 09:16:00,5438.55,5439.5,5421.4,5434.9
351,2024-02-02 09:17:00,5435.0,5435.0,5422.35,5422.8
352,2024-02-02 09:18:00,5423.0,5424.95,5414.1,5420.9
353,2024-02-02 09:19:00,5418.0,5434.95,5418.0,5434.0
354,2024-02-02 09:20:00,5436.75,5436.75,5420.05,5427.05
355,2024-02-02 09:21:00,5427.75,5430.7,5420.0,5423.8
356,2024-02-02 09:22:00,5423.75,5424.15,5419.0,5420.9
357,2024-02-02 09:23:00,5423.25,5423.3,5416.3,5419.7
358,2024-02-02 09:24:00,5419.4,5419.7,5416.0,5416.05
359,2024-02-02 09:25:00,5416.0,5423.75,5416.0,5418.45
360,2024-02-02 09:26:00,5418.3,5424.8,5418.3,5418.3
361,2024-02-02 09:27:00,5418.5,5427.75,5418.5,5427.75
362,2024-02-02 09:28:00,5428.8,5435.0,5425.1,5432.95
363,2024-02-02 09:29:00,5434.25,5439.0,5433.0,5436.0
364,2024-02-02 09:30:00,5434.75,5443.25,5427.05,5443.25
365,2024-02-02 09:31:00,5439.7,5446.15,5439.65,5443.2
366,2024-02-02 09:32:00,5443.5,5443.5,5431.2,5440.05
367,2024-02-02 09:33:00,5441.05,5442.9,5437.05,5439.05
368,2024-02-02 09:34:00,5440.95,5445.0,5439.0,5443.4
369,2024-02-02 09:35:00,5443.75,5453.95,5441.95,5450.1
370,2024-02-02 09:36:00,5450.15,5456.05,5449.9,5455.4
371,2024-02-02 09:37:00,5456.2,5457.0,5451.8,5455.85
372,2024-02-02 09:38:00,5455.0,5458.25,5452.0,5458.25
373,2024-02-02 09:39:00,5458.0,5464.4,5454.7,5459.9
374,2024-02-02 09:40:00,5459.0,5459.0,5452.7,5455.45
375,2024-02-02 09:41:00,5455.0,5455.0,5450.0,5450.0
376,2024-02-02 09:42:00,5452.0,5455.0,5450.6,5452.5
377,2024-02-02 09:43:00,5452.35,5455.0,5452.3,5452.65
378,2024-02-02 09:44:00,5452.5,5454.0,5447.7,5449.25
379,2024-02-02 09:45:00,5451.0,5451.0,5445.0,5447.85
380,2024-02-02 09:46:00,5447.8,5458.45,5447.8,5458.0
381,2024-02-02 09:47:00,5454.45,5458.1,5451.05,5458.1
382,2024-02-02 09:48:00,5458.05,5458.05,5451.65,5457.6
383,2024-02-02 09:49:00,5457.0,5465.95,5457.0,5465.0
384,2024-02-02 09:50:00,5464.9,5477.65,5463.3,5477.45
385,2024-02-02 09:51:00,5474.15,5480.0,5474.15,5480.0
386,2024-02-02 09:52:00,5477.15,5479.75,5469.0,5477.05
387,2024-02-02 09:53:00,5480.0,5481.8,5477.35,5481.0
388,2024-02-02 09:54:00,5480.95,5480.95,5480.0,5480.8
389,2024-02-02 09:55:00,5478.5,5479.95,5473.95,5476.0
390,2024-02-02 09:56:00,5476.95,5479.0,5475.05,5476.0
391,2024-02-02 09:57:00,5475.0,5475.75,5466.4,5469.05
392,2024-02-02 09:58:00,5469.1,5473.0,5469.1,5472.0
393,2024-02-02 09:59:00,5470.0,5472.0,5465.0,5467.6
394,2024-02-02 10:00:00,5467.5,5471.7,5465.0,5470.0
395,2024-02-02 10:01:00,5469.95,5474.95,5469.95,5473.95
396,2024-02-02 10:02:00,5474.0,5480.4,5473.85,5477.6
397,2024-02-02 10:03:00,5479.95,5480.0,5470.25,5474.4
398,2024-02-02 10:04:00,5471.3,5474.35,5470.0,5471.25
399,2024-02-02 10:05:00,5471.15,5471.15,5468.4,5470.9
400,2024-02-02 10:06:00,5470.0,5470.9,5469.95,5470.0
401,2024-02-02 10:07:00,5467.55,5470.75,5465.0,5467.95
402,2024-02-02 10:08:00,5465.05,5467.95,5463.4,5466.0
403,2024-02-02 10:09:00,5465.65,5465.95,5460.5,5463.8
404,2024-02-02 10:10:00,5463.75,5475.0,5463.75,5475.0
405,2024-02-02 10:11:00,5474.95,5477.55,5473.3,5477.55
406,2024-02-02 10:12:00,5477.75,5479.9,5474.85,5475.15
407,2024-02-02 10:13:00,5477.0,5479.55,5475.05,5479.55
408,2024-02-02 10:14:00,5476.15,5479.3,5474.45,5477.65
409,2024-02-02 10:15:00,5476.85,5476.85,5472.1,5475.45
410,2024-02-02 10:16:00,5475.0,5475.4,5471.85,5473.15
411,2024-02-02 10:17:00,5470.4,5474.0,5470.0,5472.1
412,2024-02-02 10:18:00,5471.05,5471.05,5468.9,5470.85
413,2024-02-02 10:19:00,5470.75,5476.65,5470.75,5473.6
414,2024-02-02 10:20:00,5470.65,5473.55,5470.25,5473.4
415,2024-02-02 10:21:00,5473.3,5473.3,5471.05,5471.35
416,2024-02-02 10:22:00,5471.7,5475.0,5469.25,5475.0
417,2024-02-02 10:23:00,5475.75,5477.0,5473.0,5476.0
418,2024-02-02 10:24:00,5475.95,5476.0,5472.65,5474.9
419,2024-02-02 10:25:00,5473.35,5474.9,5472.05,5474.75
420,2024-02-02 10:26:00,5472.75,5479.8,5472.75,5476.95
421,2024-02-02 10:27:00,5477.3,5483.55,5477.3,5483.0
422,2024-02-02 10:28:00,5481.05,5488.55,5481.05,5487.3
423,2024-02-02 10:29:00,5484.15,5487.25,5481.05,5483.7
424,2024-02-02 10:30:00,5483.65,5483.7,5480.3,5482.25
425,2024-02-02 10:31:00,5480.15,5483.0,5478.0,5478.0
426,2024-02-02 10:32:00,5478.95,5482.25,5474.6,5477.8
427,2024-02-02 10:33:00,5477.85,5477.85,5469.65,5469.65
428,2024-02-02 10:34:00,5469.0,5469.0,5463.15,5465.0
429,2024-02-02 10:35:00,5463.55,5465.0,5456.6,5459.9
430,2024-02-02 10:36:00,5459.85,5472.8,5453.2,5470.05
431,2024-02-02 10:37:00,5470.1,5475.0,5470.0,5470.0
432,2024-02-02 10:38:00,5471.0,5471.0,5461.25,5461.25
433,2024-02-02 10:39:00,5463.7,5466.95,5461.75,5465.0
434,2024-02-02 10:40:00,5466.0,5466.0,5461.25,5462.2
435,2024-02-02 10:41:00,5464.3,5464.3,5460.5,5462.35
436,2024-02-02 10:42:00,5462.3,5462.3,5460.5,5460.7
437,2024-02-02 10:43:00,5461.95,5462.0,5460.7,5461.95
438,2024-02-02 10:44:00,5462.0,5462.3,5458.0,5460.0
439,2024-02-02 10:45:00,5458.15,5462.3,5458.1,5459.95
440,2024-02-02 10:46:00,5461.95,5463.65,5460.2,5461.0
441,2024-02-02 10:47:00,5463.1,5464.3,5461.0,5464.15
442,2024-02-02 10:48:00,5462.2,5464.1,5461.1,5463.45
443,2024-02-02 10:49:00,5463.4,5464.5,5461.1,5464.45
444,2024-02-02 10:50:00,5464.55,5466.7,5462.85,5466.7
445,2024-02-02 10:51:00,5466.65,5474.3,5466.6,5474.2
446,2024-02-02 10:52:00,5472.8,5474.45,5469.2,5472.65
447,2024-02-02 10:53:00,5472.45,5475.0,5470.2,5472.9
448,2024-02-02 10:54:00,5472.8,5472.8,5470.0,5471.95
449,2024-02-02 10:55:00,5470.0,5472.0,5468.95,5472.0
450,2024-02-02 10:56:00,5472.75,5475.05,5471.1,5472.3
451,2024-02-02 10:57:00,5472.45,5475.0,5472.45,5472.75
452,2024-02-02 10:58:00,5472.4,5473.4,5471.8,5471.8
453,2024-02-02 10:59:00,5472.9,5472.9,5471.8,5472.5
454,2024-02-02 11:00:00,5472.45,5472.95,5471.2,5471.2
455,2024-02-02 11:01:00,5472.5,5475.0,5471.2,5475.0
456,2024-02-02 11:02:00,5474.9,5475.45,5473.3,5473.95
457,2024-02-02 11:03:00,5475.0,5479.8,5473.8,5476.95
458,2024-02-02 11:04:00,5479.75,5479.75,5477.2,5478.9
459,2024-02-02 11:05:00,5478.8,5478.8,5474.65,5474.65
460,2024-02-02 11:06:00,5475.85,5475.85,5470.25,5470.25
461,2024-02-02 11:07:00,5472.9,5472.9,5467.0,5469.9
462,2024-02-02 11:08:00,5469.85,5469.85,5468.0,5468.0
463,2024-02-02 11:09:00,5468.95,5472.0,5467.25,5470.0
464,2024-02-02 11:10:00,5471.8,5471.8,5470.0,5471.6
465,2024-02-02 11:11:00,5471.5,5475.0,5470.0,5473.0
466,2024-02-02 11:12:00,5474.95,5474.95,5473.0,5473.0
467,2024-02-02 11:13:00,5474.75,5474.75,5470.85,5471.5
468,2024-02-02 11:14:00,5470.95,5473.65,5470.3,5470.85
469,2024-02-02 11:15:00,5473.4,5473.4,5470.5,5470.5
470,2024-02-02 11:16:00,5473.25,5473.25,5470.0,5472.0
471,2024-02-02 11:17:00,5473.0,5477.2,5471.5,5476.95
472,2024-02-02 11:18:00,5476.9,5485.65,5475.85,5482.4
473,2024-02-02 11:19:00,5482.2,5489.9,5482.2,5484.95
474,2024-02-02 11:20:00,5485.7,5487.0,5483.8,5485.0
475,2024-02-02 11:21:00,5485.05,5485.95,5474.35,5478.55
476,2024-02-02 11:22:00,5476.05,5482.1,5475.7,5479.95
477,2024-02-02 11:23:00,5479.3,5480.0,5475.7,5480.0
478,2024-02-02 11:24:00,5478.1,5480.0,5475.45,5479.8
479,2024-02-02 11:25:00,5475.85,5479.9,5475.85,5479.8
480,2024-02-02 11:26:00,5479.0,5481.85,5478.55,5480.8
481,2024-02-02 11:27:00,5480.95,5480.95,5476.75,5480.9
482,2024-02-02 11:28:00,5478.4,5480.9,5476.4,5479.2
483,2024-02-02 11:29:00,5476.45,5484.7,5476.45,5483.05
484,2024-02-02 11:30:00,5481.05,5489.95,5480.0,5484.05
485,2024-02-02 11:31:00,5487.25,5487.25,5483.5,5485.0
486,2024-02-02 11:32:00,5486.9,5487.65,5483.45,5483.45
487,2024-02-02 11:33:00,5486.4,5486.5,5480.0,5482.05
488,2024-02-02 11:34:00,5482.1,5488.9,5482.05,5485.0
489,2024-02-02 11:35:00,5487.8,5491.5,5485.9,5491.15
490,2024-02-02 11:36:00,5491.5,5493.0,5487.1,5487.45
491,2024-02-02 11:37:00,5489.0,5489.85,5485.0,5487.1
492,2024-02-02 11:38:00,5487.2,5503.25,5487.2,5498.4
493,2024-02-02 11:39:00,5498.35,5501.9,5494.55,5500.7
494,2024-02-02 11:40:00,5500.0,5507.95,5498.55,5506.75
495,2024-02-02 11:41:00,5504.3,5511.4,5502.0,5510.95
496,2024-02-02 11:42:00,5510.9,5511.9,5502.7,5509.2
497,2024-02-02 11:43:00,5509.35,5515.0,5507.0,5512.65
498,2024-02-02 11:44:00,5512.45,5513.95,5510.0,5513.95
499,2024-02-02 11:45:00,5513.3,5515.0,5510.0,5510.95
500,2024-02-02 11:46:00,5510.7,5512.95,5505.0,5509.95
501,2024-02-02 11:47:00,5507.95,5507.95,5500.1,5503.25
502,2024-02-02 11:48:00,5502.75,5505.3,5500.0,5501.6
503,2024-02-02 11:49:00,5503.35,5503.35,5495.35,5499.05
504,2024-02-02 11:50:00,5499.1,5506.6,5495.5,5503.6
505,2024-02-02 11:51:00,5506.65,5508.95,5501.05,5505.1
506,2024-02-02 11:52:00,5508.4,5508.4,5501.45,5502.45
507,2024-02-02 11:53:00,5501.4,5505.45,5500.55,5503.05
508,2024-02-02 11:54:00,5498.3,5499.9,5490.0,5490.05
509,2024-02-02 11:55:00,5492.65,5492.65,5490.0,5492.0
510,2024-02-02 11:56:00,5492.2,5492.2,5488.0,5488.0
511,2024-02-02 11:57:00,5490.0,5490.0,5486.6,5487.15
512,2024-02-02 11:58:00,5489.8,5489.8,5486.25,5486.9
513,2024-02-02 11:59:00,5489.55,5491.1,5487.45,5487.75
514,2024-02-02 12:00:00,5489.9,5490.95,5487.0,5490.75
515,2024-02-02 12:01:00,5490.0,5491.9,5488.55,5489.45
516,2024-02-02 12:02:00,5491.4,5492.65,5489.05,5491.3
517,2024-02-02 12:03:00,5491.2,5494.95,5487.2,5493.0
518,2024-02-02 12:04:00,5490.2,5497.25,5490.2,5493.95
519,2024-02-02 12:05:00,5494.05,5494.05,5484.1,5487.0
520,2024-02-02 12:06:00,5485.35,5490.3,5481.05,5483.05
521,2024-02-02 12:07:00,5482.4,5487.65,5482.4,5482.4
522,2024-02-02 12:08:00,5486.0,5488.75,5481.1,5488.75
523,2024-02-02 12:09:00,5487.7,5504.95,5487.7,5500.85
524,2024-02-02 12:10:00,5501.4,5502.9,5497.85,5499.3
525,2024-02-02 12:11:00,5502.15,5504.95,5498.45,5504.5
526,2024-02-02 12:12:00,5504.6,5504.85,5497.4,5500.8
527,2024-02-02 12:13:00,5503.3,5503.3,5500.0,5500.65
528,2024-02-02 12:14:00,5500.6,5500.65,5493.35,5498.6
529,2024-02-02 12:15:00,5496.4,5498.75,5494.1,5498.1
530,2024-02-02 12:16:00,5498.0,5498.6,5495.0,5495.0
531,2024-02-02 12:17:00,5494.1,5501.95,5490.6,5501.95
532,2024-02-02 12:18:00,5500.7,5501.95,5500.0,5500.0
533,2024-02-02 12:19:00,5501.6,5503.0,5500.0,5503.0
534,2024-02-02 12:20:00,5501.65,5503.25,5500.0,5500.0
535,2024-02-02 12:21:00,5501.5,5501.75,5497.55,5500.0
536,2024-02-02 12:22:00,5498.1,5503.45,5498.1,5503.1
537,2024-02-02 12:23:00,5500.75,5507.2,5500.1,5507.2
538,2024-02-02 12:24:00,5507.35,5507.35,5503.7,5503.75
539,2024-02-02 12:25:00,5502.5,5508.35,5500.2,5502.9
540,2024-02-02 12:26:00,5503.15,5503.25,5498.8,5499.65
541,2024-02-02 12:27:00,5500.0,5501.95,5488.35,5501.2
542,2024-02-02 12:28:00,5501.0,5503.45,5495.45,5498.35
543,2024-02-02 12:29:00,5500.0,5503.05,5488.55,5498.45
544,2024-02-02 12:30:00,5500.35,5500.4,5487.65,5496.95
545,2024-02-02 12:31:00,5496.6,5502.45,5492.5,5499.95
546,2024-02-02 12:32:00,5497.1,5502.5,5491.3,5491.3
547,2024-02-02 12:33:00,5491.95,5494.9,5486.85,5494.65
548,2024-02-02 12:34:00,5495.6,5500.9,5494.65,5497.4
549,2024-02-02 12:35:00,5500.0,5501.35,5497.95,5500.0
550,2024-02-02 12:36:00,5493.65,5498.25,5476.1,5497.5
551,2024-02-02 12:37:00,5499.0,5499.0,5491.25,5493.7
552,2024-02-02 12:38:00,5493.65,5501.6,5490.15,5492.9
553,2024-02-02 12:39:00,5494.05,5497.0,5488.75,5497.0
554,2024-02-02 12:40:00,5495.05,5514.0,5495.05,5514.0
555,2024-02-02 12:41:00,5511.9,5514.0,5507.2,5508.5
556,2024-02-02 12:42:00,5509.9,5511.0,5503.85,5509.0
557,2024-02-02 12:43:00,5508.0,5513.5,5506.8,5510.45
558,2024-02-02 12:44:00,5511.6,5534.4,5509.9,5534.4
559,2024-02-02 12:45:00,5534.3,5540.5,5532.3,5534.95
560,2024-02-02 12:46:00,5534.0,5534.0,5515.0,5515.0
561,2024-02-02 12:47:00,5514.5,5525.6,5506.05,5516.05
562,2024-02-02 12:48:00,5516.5,5517.45,5505.0,5506.05
563,2024-02-02 12:49:00,5509.95,5509.95,5500.05,5500.05
564,2024-02-02 12:50:00,5500.0,5500.0,5491.45,5494.7
565,2024-02-02 12:51:00,5497.45,5500.0,5494.05,5495.8
566,2024-02-02 12:52:00,5497.95,5497.95,5491.9,5494.05
567,2024-02-02 12:53:00,5493.0,5494.3,5490.0,5492.5
568,2024-02-02 12:54:00,5490.05,5492.0,5490.05,5491.0
569,2024-02-02 12:55:00,5491.05,5491.05,5486.85,5489.5
570,2024-02-02 12:56:00,5489.45,5489.45,5483.95,5485.0
571,2024-02-02 12:57:00,5487.0,5490.0,5485.35,5489.7
572,2024-02-02 12:58:00,5487.6,5488.3,5483.0,5484.85
573,2024-02-02 12:59:00,5484.0,5484.35,5480.75,5481.3
574,2024-02-02 13:00:00,5480.75,5485.3,5478.0,5485.3
575,2024-02-02 13:01:00,5485.25,5486.85,5481.65,5482.0
576,2024-02-02 13:02:00,5482.6,5486.35,5480.2,5486.15
577,2024-02-02 13:03:00,5487.0,5489.95,5484.75,5486.35
578,2024-02-02 13:04:00,5486.4,5487.7,5484.25,5484.25
579,2024-02-02 13:05:00,5484.4,5484.4,5480.0,5480.0
580,2024-02-02 13:06:00,5480.1,5480.95,5479.0,5480.0
581,2024-02-02 13:07:00,5479.75,5482.85,5478.0,5478.0
582,2024-02-02 13:08:00,5477.1,5478.6,5475.5,5475.55
583,2024-02-02 13:09:00,5476.25,5478.95,5475.35,5477.75
584,2024-02-02 13:10:00,5479.9,5483.3,5477.95,5480.0
585,2024-02-02 13:11:00,5482.55,5482.55,5476.1,5480.8
586,2024-02-02 13:12:00,5478.2,5484.45,5475.55,5482.95
587,2024-02-02 13:13:00,5484.35,5484.35,5476.35,5476.4
588,2024-02-02 13:14:00,5477.75,5477.8,5476.35,5476.65
589,2024-02-02 13:15:00,5476.7,5476.7,5475.0,5475.0
590,2024-02-02 13:16:00,5476.35,5485.9,5476.35,5478.95
591,2024-02-02 13:17:00,5478.85,5488.25,5478.85,5480.5
592,2024-02-02 13:18:00,5481.45,5481.45,5480.0,5480.0
593,2024-02-02 13:19:00,5480.3,5480.3,5476.55,5476.55
594,2024-02-02 13:20:00,5476.45,5480.1,5476.1,5478.65
595,2024-02-02 13:21:00,5479.45,5480.2,5478.65,5478.65
596,2024-02-02 13:22:00,5476.45,5477.85,5475.05,5475.05
597,2024-02-02 13:23:00,5475.95,5479.35,5475.05,5476.45
598,2024-02-02 13:24:00,5476.4,5476.4,5475.0,5475.0
599,2024-02-02 13:25:00,5475.05,5475.05,5462.65,5462.65
600,2024-02-02 13:26:00,5462.5,5471.4,5462.5,5470.4
601,2024-02-02 13:27:00,5467.8,5469.1,5464.45,5465.9
602,2024-02-02 13:28:00,5465.85,5476.45,5465.5,5476.45
603,2024-02-02 13:29:00,5476.15,5482.0,5476.15,5482.0
604,2024-02-02 13:30:00,5479.1,5482.45,5475.35,5475.7
605,2024-02-02 13:31:00,5477.05,5477.05,5475.0,5475.85
606,2024-02-02 13:32:00,5475.05,5480.0,5470.45,5476.8
607,2024-02-02 13:33:00,5477.0,5479.95,5476.75,5477.05
608,2024-02-02 13:34:00,5478.35,5479.85,5477.0,5479.85
609,2024-02-02 13:35:00,5478.85,5483.0,5475.8,5480.95
610,2024-02-02 13:36:00,5481.15,5481.85,5480.4,5481.75
611,2024-02-02 13:37:00,5480.9,5480.9,5480.0,5480.7
612,2024-02-02 13:38:00,5478.3,5480.3,5478.0,5478.5
613,2024-02-02 13:39:00,5478.0,5478.95,5478.0,5478.0
614,2024-02-02 13:40:00,5475.8,5476.85,5475.5,5476.75
615,2024-02-02 13:41:00,5474.9,5475.35,5474.9,5475.0
616,2024-02-02 13:42:00,5475.05,5476.75,5475.0,5476.0
617,2024-02-02 13:43:00,5476.1,5477.9,5475.0,5477.9
618,2024-02-02 13:44:00,5476.75,5477.75,5476.65,5477.7
619,2024-02-02 13:45:00,5477.0,5479.0,5477.0,5478.55
620,2024-02-02 13:46:00,5477.2,5478.4,5477.0,5477.5
621,2024-02-02 13:47:00,5477.0,5477.15,5475.2,5476.25
622,2024-02-02 13:48:00,5475.2,5476.2,5475.0,5475.0
623,2024-02-02 13:49:00,5475.1,5475.1,5475.0,5475.0
624,2024-02-02 13:50:00,5475.05,5475.05,5473.8,5473.8
625,2024-02-02 13:51:00,5473.1,5474.85,5473.1,5473.15
626,2024-02-02 13:52:00,5473.9,5473.9,5473.15,5473.15
627,2024-02-02 13:53:00,5473.25,5473.25,5473.15,5473.15
628,2024-02-02 13:54:00,5473.2,5474.9,5473.15,5473.15
629,2024-02-02 13:55:00,5473.2,5474.9,5473.15,5474.0
630,2024-02-02 13:56:00,5474.75,5477.95,5474.75,5477.05
631,2024-02-02 13:57:00,5477.4,5477.85,5475.7,5476.1
632,2024-02-02 13:58:00,5476.0,5478.4,5475.0,5478.25
633,2024-02-02 13:59:00,5479.0,5479.05,5476.85,5478.85
634,2024-02-02 14:00:00,5477.4,5478.1,5475.15,5477.65
635,2024-02-02 14:01:00,5476.95,5478.95,5476.15,5478.75
636,2024-02-02 14:02:00,5478.7,5486.95,5478.0,5485.1
637,2024-02-02 14:03:00,5482.4,5485.05,5481.85,5484.1
638,2024-02-02 14:04:00,5485.0,5485.45,5479.3,5480.5
639,2024-02-02 14:05:00,5479.95,5486.55,5477.1,5485.0
640,2024-02-02 14:06:00,5484.55,5485.2,5484.0,5484.0
641,2024-02-02 14:07:00,5484.45,5484.9,5481.35,5482.2
642,2024-02-02 14:08:00,5482.15,5482.85,5482.15,5482.15
643,2024-02-02 14:09:00,5482.4,5482.4,5479.4,5480.0
644,2024-02-02 14:10:00,5480.25,5481.95,5480.0,5481.0
645,2024-02-02 14:11:00,5480.0,5481.0,5477.15,5477.15
646,2024-02-02 14:12:00,5475.75,5479.0,5475.0,5475.9
647,2024-02-02 14:13:00,5475.85,5475.85,5475.0,5475.0
648,2024-02-02 14:14:00,5475.8,5476.25,5474.75,5475.0
649,2024-02-02 14:15:00,5475.6,5476.2,5475.0,5476.0
650,2024-02-02 14:16:00,5475.95,5476.0,5475.0,5475.2
651,2024-02-02 14:17:00,5475.4,5477.2,5475.05,5476.0
652,2024-02-02 14:18:00,5475.05,5476.45,5475.05,5475.1
653,2024-02-02 14:19:00,5475.0,5475.15,5474.1,5474.15
654,2024-02-02 14:20:00,5475.35,5475.5,5474.45,5475.0
655,2024-02-02 14:21:00,5475.35,5479.0,5475.0,5479.0
656,2024-02-02 14:22:00,5478.85,5479.0,5474.95,5475.0
657,2024-02-02 14:23:00,5476.0,5479.05,5475.95,5476.85
658,2024-02-02 14:24:00,5477.95,5478.85,5475.05,5475.05
659,2024-02-02 14:25:00,5476.75,5476.75,5474.55,5476.4
660,2024-02-02 14:26:00,5475.7,5476.3,5475.1,5475.1
661,2024-02-02 14:27:00,5475.5,5475.5,5474.05,5474.95
662,2024-02-02 14:28:00,5474.5,5475.05,5474.1,5474.15
663,2024-02-02 14:29:00,5474.95,5475.05,5474.15,5475.0
664,2024-02-02 14:30:00,5474.9,5474.95,5474.15,5474.2
665,2024-02-02 14:31:00,5474.6,5477.65,5474.6,5475.4
666,2024-02-02 14:32:00,5475.0,5475.35,5475.0,5475.0
667,2024-02-02 14:33:00,5475.05,5475.05,5474.75,5475.0
668,2024-02-02 14:34:00,5475.05,5477.45,5475.0,5475.1
669,2024-02-02 14:35:00,5476.2,5476.2,5475.05,5475.05
670,2024-02-02 14:36:00,5475.5,5479.05,5475.1,5477.05
671,2024-02-02 14:37:00,5478.05,5485.0,5478.05,5478.45
672,2024-02-02 14:38:00,5478.65,5484.85,5477.55,5484.4
673,2024-02-02 14:39:00,5480.35,5484.4,5478.0,5479.65
674,2024-02-02 14:40:00,5482.0,5484.85,5481.45,5481.5
675,2024-02-02 14:41:00,5480.95,5485.75,5480.8,5484.15
676,2024-02-02 14:42:00,5482.9,5485.85,5482.9,5485.0
677,2024-02-02 14:43:00,5485.9,5486.0,5483.9,5485.5
678,2024-02-02 14:44:00,5485.65,5488.95,5485.0,5487.0
679,2024-02-02 14:45:00,5488.85,5489.45,5487.0,5487.95
680,2024-02-02 14:46:00,5488.45,5489.95,5485.6,5485.6
681,2024-02-02 14:47:00,5486.2,5488.35,5485.65,5485.65
682,2024-02-02 14:48:00,5488.0,5488.0,5485.6,5486.8
683,2024-02-02 14:49:00,5485.6,5488.65,5485.6,5485.6
684,2024-02-02 14:50:00,5487.6,5487.6,5481.2,5481.2
685,2024-02-02 14:51:00,5481.15,5485.25,5480.1,5485.2
686,2024-02-02 14:52:00,5485.0,5486.2,5483.2,5484.9
687,2024-02-02 14:53:00,5484.1,5488.35,5484.1,5485.35
688,2024-02-02 14:54:00,5484.1,5486.1,5484.1,5484.75
689,2024-02-02 14:55:00,5485.0,5485.05,5474.6,5475.05
690,2024-02-02 14:56:00,5474.95,5475.45,5472.4,5475.05
691,2024-02-02 14:57:00,5475.35,5475.65,5475.05,5475.1
692,2024-02-02 14:58:00,5475.05,5477.2,5474.35,5475.05
693,2024-02-02 14:59:00,5475.95,5476.1,5475.05,5475.35
694,2024-02-02 15:00:00,5481.15,5486.9,5481.05,5484.0
695,2024-02-02 15:01:00,5483.9,5483.95,5480.7,5482.55
696,2024-02-02 15:02:00,5482.75,5483.9,5480.35,5481.0
697,2024-02-02 15:03:00,5481.45,5481.45,5478.15,5480.85
698,2024-02-02 15:04:00,5480.7,5480.7,5478.0,5478.65
699,2024-02-02 15:05:00,5478.45,5482.0,5478.45,5481.55
700,2024-02-02 15:06:00,5482.25,5483.2,5481.95,5482.0
701,2024-02-02 15:07:00,5482.45,5483.9,5482.0,5482.2
702,2024-02-02 15:08:00,5483.1,5485.0,5482.0,5484.95
703,2024-02-02 15:09:00,5485.0,5487.0,5482.2,5486.8
704,2024-02-02 15:10:00,5486.75,5486.75,5482.75,5485.2
705,2024-02-02 15:11:00,5488.0,5493.0,5488.0,5491.55
706,2024-02-02 15:12:00,5488.25,5492.65,5488.25,5491.0
707,2024-02-02 15:13:00,5492.3,5492.85,5491.0,5491.75
708,2024-02-02 15:14:00,5491.55,5498.0,5491.55,5495.0
709,2024-02-02 15:15:00,5496.7,5496.7,5490.0,5491.0
710,2024-02-02 15:16:00,5491.25,5491.45,5484.95,5484.95
711,2024-02-02 15:17:00,5485.0,5487.0,5482.2,5482.2
712,2024-02-02 15:18:00,5482.55,5482.55,5477.5,5477.75
713,2024-02-02 15:19:00,5478.2,5480.0,5474.25,5476.15
714,2024-02-02 15:20:00,5477.65,5481.15,5477.25,5479.6
715,2024-02-02 15:21:00,5480.2,5483.8,5478.6,5483.75
716,2024-02-02 15:22:00,5483.55,5487.85,5482.4,5487.35
717,2024-02-02 15:23:00,5485.35,5487.35,5475.05,5475.1
718,2024-02-02 15:24:00,5475.05,5478.65,5472.65,5478.0
719,2024-02-02 15:25:00,5477.05,5485.95,5476.6,5485.0
720,2024-02-02 15:26:00,5485.95,5491.2,5485.8,5490.05
721,2024-02-02 15:27:00,5491.15,5495.95,5490.0,5495.3
722,2024-02-02 15:28:00,5495.95,5499.0,5495.0,5496.95
723,2024-02-02 15:29:00,5496.9,5497.65,5495.0,5495.0
724,2024-02-03 11:00:00,5495.0,5495.0,5495.0,5495.0
725,2024-02-03 11:01:00,5495.0,5495.0,5495.0,5495.0
726,2024-02-03 11:02:00,5495.0,5495.0,5495.0,5495.0
727,2024-02-03 11:03:00,5495.0,5495.0,5495.0,5495.0
728,2024-02-03 11:04:00,5495.0,5495.0,5495.0,5495.0
729,2024-02-03 11:05:00,5495.0,5495.0,5495.0,5495.0
730,2024-02-03 11:06:00,5495.0,5495.0,5495.0,5495.0
731,2024-02-03 11:08:44,5535.0,5535.0,5535.0,5535.0
732,2024-02-03 11:27:00,5495.0,5495.0,5485.85,5485.85
733,2024-02-03 11:28:00,5402.85,5402.85,5202.9,5251.0
734,2024-02-03 11:29:00,5251.0,5251.0,5251.0,5251.0
735,2024-02-03 11:30:00,5214.2,5214.2,5100.0,5100.0
736,2024-02-03 11:31:00,5100.0,5100.0,5100.0,5100.0
737,2024-02-03 11:32:00,6028.0,6028.0,6028.0,6028.0
738,2024-02-03 11:33:00,6028.0,6028.0,6028.0,6028.0
739,2024-02-03 11:34:00,6031.0,6031.0,6031.0,6031.0
740,2024-02-03 11:35:00,6028.0,6031.0,6028.0,6028.0
741,2024-02-03 11:36:00,6031.0,6031.0,6028.0,6028.0
742,2024-02-03 11:37:00,6034.4,6034.4,6028.0,6028.0
743,2024-02-03 11:38:00,6034.4,6034.4,6028.0,6028.0
744,2024-02-03 11:39:00,6034.4,6034.4,6034.4,6034.4
745,2024-02-03 11:40:11,6034.4,6034.4,6034.4,6034.4
746,2024-02-03 11:41:49,6034.4,6034.4,6034.4,6034.4
747,2024-02-03 11:42:00,6034.4,6034.4,6034.4,6034.4
748,2024-02-03 11:53:52,5568.0,5568.0,5568.0,5568.0
749,2024-02-03 11:54:00,5568.0,5568.0,5568.0,5568.0
750,2024-02-05 09:14:00,5540.0,5540.0,5540.0,5540.0
751,2024-02-05 09:15:00,5527.65,5527.65,5495.0,5516.0
752,2024-02-05 09:16:00,5516.1,5516.1,5496.0,5500.0
753,2024-02-05 09:17:00,5497.55,5499.95,5488.2,5494.75
754,2024-02-05 09:18:00,5492.6,5499.95,5481.45,5494.45
755,2024-02-05 09:19:00,5489.0,5490.0,5482.0,5488.75
756,2024-02-05 09:20:00,5489.45,5495.0,5485.85,5487.0
757,2024-02-05 09:21:00,5489.75,5493.55,5480.05,5480.25
758,2024-02-05 09:22:00,5480.0,5488.05,5472.65,5475.95
759,2024-02-05 09:23:00,5475.7,5485.0,5475.7,5484.9
760,2024-02-05 09:24:00,5482.55,5482.55,5472.8,5477.5
761,2024-02-05 09:25:00,5477.45,5480.0,5463.75,5475.2
762,2024-02-05 09:26:00,5475.15,5477.4,5468.6,5475.0
763,2024-02-05 09:27:00,5476.05,5484.45,5472.85,5482.25
764,2024-02-05 09:28:00,5481.9,5481.9,5472.7,5474.6
765,2024-02-05 09:29:00,5477.4,5484.4,5472.05,5476.65
766,2024-02-05 09:30:00,5476.45,5486.9,5474.6,5482.0
767,2024-02-05 09:31:00,5480.35,5484.8,5475.0,5483.0
768,2024-02-05 09:32:00,5482.9,5489.85,5481.1,5485.05
769,2024-02-05 09:33:00,5487.6,5494.4,5477.6,5493.9
770,2024-02-05 09:34:00,5489.9,5492.0,5480.8,5484.1
771,2024-02-05 09:35:00,5482.0,5484.0,5480.0,5480.0
772,2024-02-05 09:36:00,5480.85,5480.85,5475.0,5475.45
773,2024-02-05 09:37:00,5476.25,5484.0,5475.65,5481.85
774,2024-02-05 09:38:00,5481.25,5490.0,5481.05,5489.65
775,2024-02-05 09:39:00,5490.0,5498.75,5490.0,5496.5
776,2024-02-05 09:40:00,5498.0,5505.75,5496.5,5503.4
777,2024-02-05 09:41:00,5505.0,5505.0,5496.0,5496.2
778,2024-02-05 09:42:00,5498.8,5504.95,5495.1,5501.7
779,2024-02-05 09:43:00,5504.95,5505.0,5495.1,5496.0
780,2024-02-05 09:44:00,5495.1,5496.0,5490.0,5492.0
781,2024-02-05 09:45:00,5490.0,5501.0,5490.0,5498.35
782,2024-02-05 09:46:00,5499.9,5504.0,5494.9,5500.0
783,2024-02-05 09:47:00,5503.1,5508.45,5500.0,5508.4
784,2024-02-05 09:48:00,5505.0,5510.5,5504.55,5507.1
785,2024-02-05 09:49:00,5509.95,5516.4,5505.7,5516.4
786,2024-02-05 09:50:00,5517.1,5520.0,5511.15,5515.5
787,2024-02-05 09:51:00,5515.45,5515.45,5503.2,5506.9
788,2024-02-05 09:52:00,5504.5,5510.9,5503.25,5505.15
789,2024-02-05 09:53:00,5504.2,5505.55,5502.05,5502.2
790,2024-02-05 09:54:00,5504.25,5504.95,5502.0,5502.8
791,2024-02-05 09:55:00,5502.75,5502.8,5500.0,5501.7
792,2024-02-05 09:56:00,5499.55,5502.8,5496.8,5502.8
793,2024-02-05 09:57:00,5501.0,5506.4,5501.0,5503.15
794,2024-02-05 09:58:00,5506.4,5514.45,5504.55,5512.55
795,2024-02-05 09:59:00,5513.05,5521.45,5513.05,5515.3
796,2024-02-05 10:00:00,5513.05,5519.0,5513.05,5514.7
797,2024-02-05 10:01:00,5514.6,5520.15,5509.55,5520.0
798,2024-02-05 10:02:00,5517.95,5522.0,5505.05,5515.95
799,2024-02-05 10:03:00,5514.8,5514.8,5510.55,5513.55
800,2024-02-05 10:04:00,5512.05,5512.4,5503.75,5506.35
801,2024-02-05 10:05:00,5506.0,5511.7,5504.35,5510.7
802,2024-02-05 10:06:00,5510.6,5510.6,5506.7,5508.9
803,2024-02-05 10:07:00,5506.7,5511.0,5506.7,5511.0
804,2024-02-05 10:08:00,5508.2,5510.4,5507.6,5509.85
805,2024-02-05 10:09:00,5508.0,5509.85,5504.0,5505.0
806,2024-02-05 10:10:00,5500.7,5503.95,5494.25,5495.0
807,2024-02-05 10:11:00,5495.8,5502.3,5491.45,5499.0
808,2024-02-05 10:12:00,5499.2,5499.2,5495.9,5498.95
809,2024-02-05 10:13:00,5496.05,5498.95,5492.0,5493.7
810,2024-02-05 10:14:00,5491.5,5499.85,5491.0,5499.55
811,2024-02-05 10:15:00,5496.8,5505.9,5496.8,5499.25
812,2024-02-05 10:16:00,5496.5,5499.4,5496.4,5499.4
813,2024-02-05 10:17:00,5498.8,5498.8,5483.0,5484.0
814,2024-02-05 10:18:00,5483.0,5483.0,5472.0,5475.0
815,2024-02-05 10:19:00,5476.7,5477.0,5470.5,5473.7
816,2024-02-05 10:20:00,5471.0,5475.65,5470.0,5474.8
817,2024-02-05 10:21:00,5471.7,5474.45,5467.0,5467.0
818,2024-02-05 10:22:00,5469.0,5474.2,5466.1,5474.2
819,2024-02-05 10:23:00,5471.15,5475.0,5471.15,5473.2
820,2024-02-05 10:24:00,5474.95,5479.2,5473.2,5479.05
821,2024-02-05 10:25:00,5479.0,5481.15,5477.5,5480.05
822,2024-02-05 10:26:00,5477.75,5481.0,5477.75,5481.0
823,2024-02-05 10:27:00,5481.2,5488.3,5481.2,5488.05
824,2024-02-05 10:28:00,5489.85,5495.0,5485.0,5485.6
825,2024-02-05 10:29:00,5486.95,5492.2,5480.8,5489.45
826,2024-02-05 10:30:00,5486.95,5490.4,5485.0,5487.35
827,2024-02-05 10:31:00,5485.45,5489.5,5484.8,5489.5
828,2024-02-05 10:32:00,5485.0,5487.9,5485.0,5487.9
829,2024-02-05 10:33:00,5488.45,5491.5,5486.6,5491.5
830,2024-02-05 10:34:00,5488.85,5491.5,5485.55,5488.75
831,2024-02-05 10:35:00,5486.25,5488.75,5485.45,5486.95
832,2024-02-05 10:36:00,5486.9,5491.0,5485.4,5490.3
833,2024-02-05 10:37:00,5490.25,5494.65,5487.4,5493.25
834,2024-02-05 10:38:00,5494.4,5494.45,5491.65,5494.45
835,2024-02-05 10:39:00,5494.85,5499.0,5494.15,5494.15
836,2024-02-05 10:40:00,5491.3,5495.5,5491.3,5495.5
837,2024-02-05 10:41:00,5495.0,5495.5,5493.8,5493.85
838,2024-02-05 10:42:00,5492.8,5494.25,5490.25,5492.9
839,2024-02-05 10:43:00,5492.8,5495.0,5491.05,5493.75
840,2024-02-05 10:44:00,5495.0,5500.0,5493.75,5499.95
841,2024-02-05 10:45:00,5500.0,5500.45,5497.5,5500.45
842,2024-02-05 10:46:00,5500.0,5501.95,5499.2,5499.95
843,2024-02-05 10:47:00,5500.0,5500.0,5496.05,5498.0
844,2024-02-05 10:48:00,5497.9,5497.9,5496.6,5497.0
845,2024-02-05 10:49:00,5496.65,5497.0,5496.65,5497.0
846,2024-02-05 10:50:00,5496.65,5497.0,5494.95,5496.75
847,2024-02-05 10:51:00,5496.65,5496.75,5493.05,5495.95
848,2024-02-05 10:52:00,5493.5,5495.05,5491.5,5493.3
849,2024-02-05 10:53:00,5491.1,5500.0,5491.1,5497.15
850,2024-02-05 10:54:00,5494.3,5496.95,5491.4,5495.3
851,2024-02-05 10:55:00,5495.25,5495.25,5492.3,5494.2
852,2024-02-05 10:56:00,5494.1,5494.6,5490.0,5492.2
853,2024-02-05 10:57:00,5491.7,5491.7,5489.7,5491.65
854,2024-02-05 10:58:00,5490.0,5491.65,5490.0,5491.65
855,2024-02-05 10:59:00,5491.6,5491.6,5485.0,5488.45
856,2024-02-05 11:00:00,5488.0,5488.0,5485.55,5487.85
857,2024-02-05 11:01:00,5486.0,5487.85,5486.0,5487.8
858,2024-02-05 11:02:00,5487.75,5487.75,5487.0,5487.7
859,2024-02-05 11:03:00,5487.65,5487.65,5485.35,5487.0
860,2024-02-05 11:04:00,5485.25,5487.0,5485.25,5487.0
861,2024-02-05 11:05:00,5486.95,5486.95,5486.6,5486.8
862,2024-02-05 11:06:00,5486.75,5486.8,5485.1,5486.8
863,2024-02-05 11:07:00,5485.45,5486.8,5485.0,5486.8
864,2024-02-05 11:08:00,5486.75,5486.75,5482.0,5482.0
865,2024-02-05 11:09:00,5483.0,5483.0,5480.0,5481.4
866,2024-02-05 11:10:00,5480.0,5481.3,5480.0,5480.0
867,2024-02-05 11:11:00,5480.6,5485.65,5480.6,5485.65
868,2024-02-05 11:12:00,5485.45,5491.0,5485.45,5491.0
869,2024-02-05 11:13:00,5490.35,5490.4,5485.0,5486.05
870,2024-02-05 11:14:00,5486.0,5486.9,5485.0,5486.9
871,2024-02-05 11:15:00,5486.95,5490.05,5486.2,5486.5
872,2024-02-05 11:16:00,5488.45,5488.5,5488.3,5488.5
873,2024-02-05 11:17:00,5486.85,5488.5,5486.75,5486.85
874,2024-02-05 11:18:00,5485.2,5486.7,5485.0,5486.4
875,2024-02-05 11:19:00,5485.0,5486.4,5485.0,5486.3
876,2024-02-05 11:20:00,5486.0,5486.0,5485.0,5485.0
877,2024-02-05 11:21:00,5488.0,5494.0,5488.0,5493.35
878,2024-02-05 11:22:00,5493.25,5493.25,5489.6,5492.7
879,2024-02-05 11:23:00,5492.55,5493.65,5490.05,5493.65
880,2024-02-05 11:24:00,5490.75,5493.65,5490.75,5491.65
881,2024-02-05 11:25:00,5493.65,5493.65,5491.65,5493.65
882,2024-02-05 11:26:00,5490.95,5493.5,5488.85,5491.3
883,2024-02-05 11:27:00,5491.45,5492.5,5485.85,5488.0
884,2024-02-05 11:28:00,5486.05,5488.0,5485.85,5488.0
885,2024-02-05 11:29:00,5485.95,5487.9,5485.15,5485.6
886,2024-02-05 11:30:00,5485.4,5485.6,5485.05,5485.6
887,2024-02-05 11:31:00,5485.05,5485.6,5475.7,5475.7
888,2024-02-05 11:32:00,5475.3,5478.5,5455.05,5456.4
889,2024-02-05 11:33:00,5459.55,5459.6,5452.1,5453.75
890,2024-02-05 11:34:00,5456.4,5459.25,5453.0,5456.75
891,2024-02-05 11:35:00,5459.7,5473.45,5456.75,5473.2
892,2024-02-05 11:36:00,5470.15,5470.6,5467.0,5470.6
893,2024-02-05 11:37:00,5469.0,5475.0,5469.0,5475.0
894,2024-02-05 11:38:00,5474.9,5478.5,5473.05,5476.0
895,2024-02-05 11:39:00,5481.0,5484.0,5481.0,5481.25
896,2024-02-05 11:40:00,5481.05,5482.0,5479.0,5482.0
897,2024-02-05 11:41:00,5482.25,5482.25,5479.0,5479.9
898,2024-02-05 11:42:00,5479.0,5480.1,5479.0,5479.0
899,2024-02-05 11:43:00,5479.05,5479.05,5475.65,5477.95
900,2024-02-05 11:44:00,5476.15,5478.2,5470.0,5470.0
901,2024-02-05 11:45:00,5468.9,5474.9,5465.5,5465.5
902,2024-02-05 11:46:00,5467.0,5471.45,5464.2,5470.9
903,2024-02-05 11:47:00,5471.0,5472.5,5468.65,5471.0
904,2024-02-05 11:48:00,5472.05,5474.3,5471.0,5473.75
905,2024-02-05 11:49:00,5473.95,5477.5,5473.8,5475.2
906,2024-02-05 11:50:00,5477.5,5477.85,5472.6,5472.75
907,2024-02-05 11:51:00,5473.2,5476.4,5473.2,5474.1
908,2024-02-05 11:52:00,5474.15,5477.95,5474.15,5475.0
909,2024-02-05 11:53:00,5477.15,5477.15,5473.0,5474.55
910,2024-02-05 11:54:00,5476.95,5477.9,5474.55,5476.0
911,2024-02-05 11:55:00,5477.85,5479.05,5476.0,5478.0
912,2024-02-05 11:56:00,5479.05,5484.5,5478.3,5484.35
913,2024-02-05 11:57:00,5484.1,5490.0,5483.0,5490.0
914,2024-02-05 11:58:00,5487.9,5490.0,5487.9,5490.0
915,2024-02-05 11:59:00,5489.9,5490.0,5485.45,5485.45
916,2024-02-05 12:00:00,5487.2,5487.2,5485.45,5487.0
917,2024-02-05 12:01:00,5485.45,5489.0,5485.0,5489.0
918,2024-02-05 12:02:00,5490.0,5492.95,5489.0,5489.0
919,2024-02-05 12:03:00,5490.75,5492.0,5489.0,5489.2
920,2024-02-05 12:04:00,5488.6,5492.0,5486.5,5492.0
921,2024-02-05 12:05:00,5486.45,5486.45,5483.0,5484.9
922,2024-02-05 12:06:00,5486.95,5491.95,5486.95,5491.95
923,2024-02-05 12:07:00,5490.0,5491.95,5487.0,5487.0
924,2024-02-05 12:08:00,5486.55,5489.05,5485.6,5485.6
925,2024-02-05 12:09:00,5488.4,5488.4,5483.0,5484.95
926,2024-02-05 12:10:00,5485.75,5489.0,5485.75,5488.1
927,2024-02-05 12:11:00,5488.4,5489.0,5486.4,5489.0
928,2024-02-05 12:12:00,5487.8,5490.0,5486.95,5490.0
929,2024-02-05 12:13:00,5489.5,5490.5,5487.6,5489.5
930,2024-02-05 12:14:00,5488.0,5493.5,5488.0,5493.5
931,2024-02-05 12:15:00,5492.1,5495.75,5491.0,5491.0
932,2024-02-05 12:16:00,5489.55,5490.85,5487.0,5489.75
933,2024-02-05 12:17:00,5488.0,5489.9,5488.0,5489.8
934,2024-02-05 12:18:00,5489.75,5489.75,5485.4,5485.4
935,2024-02-05 12:19:00,5483.0,5487.0,5483.0,5487.0
936,2024-02-05 12:20:00,5487.3,5488.8,5483.0,5484.0
937,2024-02-05 12:21:00,5484.75,5488.8,5483.0,5488.8
938,2024-02-05 12:22:00,5487.8,5488.65,5483.0,5485.0
939,2024-02-05 12:23:00,5486.45,5489.95,5485.0,5485.0
940,2024-02-05 12:24:00,5484.15,5485.65,5483.0,5484.1
941,2024-02-05 12:25:00,5484.85,5486.2,5483.0,5483.0
942,2024-02-05 12:26:00,5484.05,5484.05,5474.2,5482.9
943,2024-02-05 12:27:00,5479.45,5485.3,5479.45,5484.55
944,2024-02-05 12:28:00,5483.0,5483.95,5483.0,5483.0
945,2024-02-05 12:29:00,5483.95,5489.85,5483.35,5489.85
946,2024-02-05 12:30:00,5487.05,5489.95,5486.95,5489.3
947,2024-02-05 12:31:00,5488.55,5489.95,5485.1,5487.8
948,2024-02-05 12:32:00,5486.45,5486.95,5483.0,5483.5
949,2024-02-05 12:33:00,5483.25,5483.5,5482.0,5483.0
950,2024-02-05 12:34:00,5483.15,5483.15,5476.6,5482.3
951,2024-02-05 12:35:00,5481.65,5485.5,5481.0,5483.0
952,2024-02-05 12:36:00,5483.95,5485.0,5483.0,5483.05
953,2024-02-05 12:37:00,5483.5,5488.15,5483.0,5483.0
954,2024-02-05 12:38:00,5483.35,5483.75,5483.0,5483.35
955,2024-02-05 12:39:00,5483.0,5484.15,5481.0,5481.0
956,2024-02-05 12:40:00,5481.05,5485.0,5479.25,5485.0
957,2024-02-05 12:41:00,5482.0,5482.55,5479.05,5480.1
958,2024-02-05 12:42:00,5479.55,5484.1,5479.05,5479.8
959,2024-02-05 12:43:00,5481.25,5485.0,5479.8,5482.65
960,2024-02-05 12:44:00,5482.7,5485.0,5482.7,5483.6
961,2024-02-05 12:45:00,5483.95,5483.95,5482.6,5482.65
962,2024-02-05 12:46:00,5483.0,5485.0,5482.6,5483.95
963,2024-02-05 12:47:00,5485.0,5485.0,5484.1,5484.85
964,2024-02-05 12:48:00,5483.4,5484.9,5481.4,5482.75
965,2024-02-05 12:49:00,5481.95,5483.0,5481.1,5481.1
966,2024-02-05 12:50:00,5481.0,5481.1,5480.05,5480.1
967,2024-02-05 12:51:00,5480.35,5481.1,5480.0,5480.05
968,2024-02-05 12:52:00,5481.1,5485.0,5480.0,5483.1
969,2024-02-05 12:53:00,5484.0,5485.0,5482.05,5485.0
970,2024-02-05 12:54:00,5484.2,5485.0,5484.1,5484.75
971,2024-02-05 12:55:00,5484.55,5489.0,5484.55,5487.0
972,2024-02-05 12:56:00,5486.05,5487.45,5485.0,5486.2
973,2024-02-05 12:57:00,5487.45,5489.5,5486.8,5487.65
974,2024-02-05 12:58:00,5489.15,5489.95,5487.0,5487.0
975,2024-02-05 12:59:00,5485.05,5487.1,5485.0,5485.1
976,2024-02-05 13:00:00,5485.25,5488.2,5485.0,5485.25
977,2024-02-05 13:01:00,5486.25,5488.65,5485.0,5485.9
978,2024-02-05 13:02:00,5485.45,5489.65,5485.0,5486.75
979,2024-02-05 13:03:00,5485.05,5487.5,5485.0,5486.9
980,2024-02-05 13:04:00,5485.05,5486.95,5485.0,5486.95
981,2024-02-05 13:05:00,5481.85,5482.6,5477.1,5482.6
982,2024-02-05 13:06:00,5481.8,5485.0,5481.45,5485.0
983,2024-02-05 13:07:00,5484.0,5485.0,5484.0,5484.2
984,2024-02-05 13:08:00,5484.1,5485.0,5482.75,5482.85
985,2024-02-05 13:09:00,5484.1,5485.0,5482.65,5482.65
986,2024-02-05 13:10:00,5482.7,5483.9,5480.1,5480.65
987,2024-02-05 13:11:00,5482.75,5482.75,5480.2,5480.35
988,2024-02-05 13:12:00,5480.15,5480.15,5477.15,5477.35
989,2024-02-05 13:13:00,5479.65,5479.65,5475.0,5476.0
990,2024-02-05 13:14:00,5477.1,5478.85,5475.3,5478.3
991,2024-02-05 13:15:00,5478.9,5480.0,5476.75,5479.85
992,2024-02-05 13:16:00,5477.2,5479.95,5475.1,5476.15
993,2024-02-05 13:17:00,5477.2,5479.35,5475.55,5478.1
994,2024-02-05 13:18:00,5478.6,5480.0,5476.55,5480.0
995,2024-02-05 13:19:00,5477.6,5480.0,5477.2,5479.35
996,2024-02-05 13:20:00,5478.65,5482.05,5478.65,5482.05
997,2024-02-05 13:21:00,5479.85,5485.0,5479.85,5484.85
998,2024-02-05 13:22:00,5484.9,5485.0,5481.9,5484.6
999,2024-02-05 13:23:00,5484.8,5485.0,5480.0,5483.3
1000,2024-02-05 13:24:00,5481.0,5484.05,5476.05,5476.65
1001,2024-02-05 13:25:00,5477.0,5479.95,5476.0,5477.45
1002,2024-02-05 13:26:00,5476.0,5479.95,5474.0,5476.15
1003,2024-02-05 13:27:00,5476.2,5482.3,5476.2,5478.4
1004,2024-02-05 13:28:00,5477.4,5479.0,5473.85,5479.0
1005,2024-02-05 13:29:00,5479.75,5480.0,5475.0,5480.0
1006,2024-02-05 13:30:00,5476.7,5479.65,5476.6,5479.6
1007,2024-02-05 13:31:00,5479.35,5483.85,5479.35,5480.85
1008,2024-02-05 13:32:00,5480.25,5483.0,5480.0,5482.4
1009,2024-02-05 13:33:00,5481.75,5485.0,5478.35,5478.4
1010,2024-02-05 13:34:00,5478.25,5480.45,5476.1,5479.1
1011,2024-02-05 13:35:00,5480.0,5481.7,5475.4,5476.1
1012,2024-02-05 13:36:00,5476.2,5480.0,5476.2,5480.0
1013,2024-02-05 13:37:00,5479.55,5482.5,5477.4,5477.65
1014,2024-02-05 13:38:00,5479.95,5480.95,5477.95,5478.95
1015,2024-02-05 13:39:00,5477.5,5481.55,5477.5,5478.3
1016,2024-02-05 13:40:00,5479.75,5484.15,5477.85,5477.85
1017,2024-02-05 13:41:00,5478.0,5481.8,5477.75,5478.0
1018,2024-02-05 13:42:00,5478.2,5479.7,5477.0,5478.35
1019,2024-02-05 13:43:00,5479.0,5483.55,5477.25,5481.8
1020,2024-02-05 13:44:00,5480.05,5484.55,5480.0,5482.65
1021,2024-02-05 13:45:00,5481.85,5484.5,5481.85,5482.95
1022,2024-02-05 13:46:00,5483.45,5484.25,5480.4,5481.45
1023,2024-02-05 13:47:00,5480.0,5482.95,5480.0,5481.05
1024,2024-02-05 13:48:00,5481.55,5482.7,5481.0,5481.75
1025,2024-02-05 13:49:00,5482.25,5485.0,5480.0,5480.15
1026,2024-02-05 13:50:00,5480.45,5480.8,5478.3,5480.0
1027,2024-02-05 13:51:00,5479.75,5480.9,5478.8,5478.85
1028,2024-02-05 13:52:00,5479.1,5480.8,5478.8,5479.0
1029,2024-02-05 13:53:00,5479.1,5480.05,5478.0,5478.15
1030,2024-02-05 13:54:00,5478.05,5481.45,5478.05,5480.05
1031,2024-02-05 13:55:00,5480.25,5482.5,5480.0,5482.25
1032,2024-02-05 13:56:00,5480.05,5482.5,5477.45,5477.8
1033,2024-02-05 13:57:00,5477.75,5480.0,5477.7,5479.0
1034,2024-02-05 13:58:00,5478.95,5479.35,5475.1,5479.2
1035,2024-02-05 13:59:00,5477.5,5482.0,5475.95,5476.1
1036,2024-02-05 14:00:00,5478.4,5479.5,5476.35,5479.45
1037,2024-02-05 14:01:00,5479.4,5479.55,5477.1,5478.45
1038,2024-02-05 14:02:00,5479.2,5479.2,5475.0,5476.9
1039,2024-02-05 14:03:00,5476.05,5477.8,5472.6,5473.55
1040,2024-02-05 14:04:00,5472.95,5473.85,5472.6,5473.75
1041,2024-02-05 14:05:00,5473.15,5473.75,5470.6,5471.2
1042,2024-02-05 14:06:00,5470.65,5471.2,5465.75,5468.65
1043,2024-02-05 14:07:00,5466.65,5472.3,5466.45,5471.0
1044,2024-02-05 14:08:00,5470.95,5471.2,5468.2,5469.25
1045,2024-02-05 14:09:00,5469.2,5469.75,5468.0,5469.0
1046,2024-02-05 14:10:00,5468.6,5469.15,5464.0,5465.0
1047,2024-02-05 14:11:00,5462.7,5465.1,5461.6,5464.7
1048,2024-02-05 14:12:00,5462.2,5467.75,5462.2,5465.9
1049,2024-02-05 14:13:00,5467.7,5471.3,5465.6,5468.95
1050,2024-02-05 14:14:00,5471.75,5474.8,5470.35,5472.1
1051,2024-02-05 14:15:00,5471.6,5472.1,5464.7,5466.45
1052,2024-02-05 14:16:00,5467.55,5472.1,5465.0,5465.0
1053,2024-02-05 14:17:00,5465.55,5467.95,5464.5,5467.95
1054,2024-02-05 14:18:00,5465.1,5471.75,5465.05,5468.5
1055,2024-02-05 14:19:00,5467.35,5469.25,5466.75,5468.3
1056,2024-02-05 14:20:00,5466.75,5468.4,5464.5,5465.65
1057,2024-02-05 14:21:00,5467.4,5470.45,5465.7,5470.0
1058,2024-02-05 14:22:00,5470.75,5477.25,5470.3,5477.25
1059,2024-02-05 14:23:00,5476.45,5477.5,5474.25,5474.95
1060,2024-02-05 14:24:00,5474.5,5474.95,5473.0,5473.5
1061,2024-02-05 14:25:00,5474.3,5476.7,5470.0,5473.4
1062,2024-02-05 14:26:00,5472.55,5475.75,5471.15,5471.15
1063,2024-02-05 14:27:00,5471.1,5472.35,5470.0,5472.2
1064,2024-02-05 14:28:00,5470.5,5471.35,5465.7,5469.6
1065,2024-02-05 14:29:00,5469.65,5475.0,5469.65,5475.0
1066,2024-02-05 14:30:00,5473.4,5478.0,5472.95,5475.55
1067,2024-02-05 14:31:00,5474.45,5475.0,5470.0,5470.0
1068,2024-02-05 14:32:00,5470.85,5470.85,5457.1,5461.4
1069,2024-02-05 14:33:00,5459.7,5464.9,5455.05,5464.9
1070,2024-02-05 14:34:00,5464.85,5467.8,5462.2,5464.5
1071,2024-02-05 14:35:00,5463.75,5468.2,5455.9,5460.35
1072,2024-02-05 14:36:00,5461.65,5461.8,5457.55,5461.1
1073,2024-02-05 14:37:00,5461.65,5461.85,5456.9,5458.7
1074,2024-02-05 14:38:00,5458.75,5460.85,5452.35,5452.35
1075,2024-02-05 14:39:00,5450.0,5455.95,5450.0,5452.35
1076,2024-02-05 14:40:00,5452.85,5454.95,5449.95,5454.85
1077,2024-02-05 14:41:00,5454.9,5459.9,5449.95,5454.95
1078,2024-02-05 14:42:00,5455.05,5459.0,5453.35,5454.85
1079,2024-02-05 14:43:00,5456.05,5457.05,5448.05,5451.3
1080,2024-02-05 14:44:00,5451.2,5455.05,5448.8,5449.05
1081,2024-02-05 14:45:00,5450.95,5450.95,5435.95,5439.05
1082,2024-02-05 14:46:00,5438.05,5446.35,5438.05,5445.55
1083,2024-02-05 14:47:00,5445.75,5453.9,5445.75,5448.0
1084,2024-02-05 14:48:00,5449.8,5453.25,5444.15,5447.35
1085,2024-02-05 14:49:00,5449.7,5452.85,5445.1,5452.0
1086,2024-02-05 14:50:00,5451.85,5459.0,5449.95,5453.0
1087,2024-02-05 14:51:00,5450.7,5453.0,5445.1,5452.85
1088,2024-02-05 14:52:00,5451.3,5456.15,5448.2,5451.1
1089,2024-02-05 14:53:00,5451.15,5459.25,5450.05,5455.6
1090,2024-02-05 14:54:00,5452.7,5459.0,5452.7,5456.15
1091,2024-02-05 14:55:00,5457.15,5457.15,5447.8,5449.6
1092,2024-02-05 14:56:00,5449.15,5449.6,5440.25,5447.05
1093,2024-02-05 14:57:00,5447.15,5447.75,5443.25,5446.45
1094,2024-02-05 14:58:00,5447.3,5447.3,5442.05,5442.2
1095,2024-02-05 14:59:00,5443.55,5446.45,5440.6,5442.35
1096,2024-02-05 15:00:00,5440.7,5448.7,5440.7,5441.05
1097,2024-02-05 15:01:00,5442.75,5442.9,5440.6,5440.65
1098,2024-02-05 15:02:00,5440.7,5440.95,5438.5,5440.0
1099,2024-02-05 15:03:00,5440.1,5444.2,5438.55,5441.95
1100,2024-02-05 15:04:00,5441.5,5443.2,5438.5,5438.55
1101,2024-02-05 15:05:00,5439.1,5441.0,5438.5,5440.8
1102,2024-02-05 15:06:00,5440.75,5442.0,5438.5,5440.0
1103,2024-02-05 15:07:00,5438.5,5445.35,5438.5,5441.05
1104,2024-02-05 15:08:00,5440.9,5445.9,5440.05,5443.25
1105,2024-02-05 15:09:00,5443.1,5446.85,5443.0,5446.85
1106,2024-02-05 15:10:00,5446.05,5446.3,5442.85,5442.85
1107,2024-02-05 15:11:00,5442.95,5445.8,5440.0,5443.85
1108,2024-02-05 15:12:00,5444.0,5444.6,5440.0,5442.8
1109,2024-02-05 15:13:00,5442.3,5442.8,5438.5,5441.85
1110,2024-02-05 15:14:00,5440.4,5440.95,5438.5,5440.7
1111,2024-02-05 15:15:00,5440.9,5440.9,5432.3,5432.3
1112,2024-02-05 15:16:00,5432.15,5432.25,5429.75,5431.8
1113,2024-02-05 15:17:00,5431.55,5436.6,5431.55,5432.7
1114,2024-02-05 15:18:00,5432.8,5436.0,5431.5,5434.0
1115,2024-02-05 15:19:00,5433.4,5433.5,5431.5,5431.5
1116,2024-02-05 15:20:00,5431.8,5432.0,5428.0,5429.55
1117,2024-02-05 15:21:00,5430.3,5433.6,5425.65,5433.6
1118,2024-02-05 15:22:00,5430.7,5437.5,5430.7,5435.35
1119,2024-02-05 15:23:00,5435.55,5437.85,5434.0,5437.25
1120,2024-02-05 15:24:00,5437.35,5441.0,5432.05,5440.85
1121,2024-02-05 15:25:00,5439.55,5442.0,5439.55,5441.8
1122,2024-02-05 15:26:00,5441.5,5443.7,5434.3,5439.3
1123,2024-02-05 15:27:00,5440.3,5443.25,5435.85,5443.2
1124,2024-02-05 15:28:00,5439.55,5444.3,5439.05,5442.0
1125,2024-02-05 15:29:00,5440.5,5449.75,5439.35,5439.35
1126,2024-02-06 09:14:00,5430.5,5430.5,5430.5,5430.5
1127,2024-02-06 09:15:00,5430.2,5430.2,5391.35,5412.0
1128,2024-02-06 09:16:00,5410.25,5439.95,5410.25,5436.6
1129,2024-02-06 09:17:00,5441.45,5445.0,5426.35,5426.35
1130,2024-02-06 09:18:00,5423.0,5428.05,5420.35,5420.35
1131,2024-02-06 09:19:00,5420.0,5440.55,5420.0,5432.65
1132,2024-02-06 09:20:00,5434.6,5447.1,5434.6,5442.65
1133,2024-02-06 09:21:00,5440.8,5448.7,5439.05,5448.6
1134,2024-02-06 09:22:00,5447.1,5450.0,5442.8,5448.6
1135,2024-02-06 09:23:00,5443.55,5455.0,5442.5,5452.0
1136,2024-02-06 09:24:00,5452.75,5464.0,5448.5,5459.95
1137,2024-02-06 09:25:00,5460.05,5462.95,5452.75,5459.95
1138,2024-02-06 09:26:00,5459.3,5465.0,5457.3,5463.35
1139,2024-02-06 09:27:00,5464.1,5467.95,5460.3,5467.1
1140,2024-02-06 09:28:00,5466.25,5470.0,5462.5,5469.0
1141,2024-02-06 09:29:00,5468.3,5471.05,5466.25,5470.9
1142,2024-02-06 09:30:00,5470.95,5480.0,5467.6,5478.1
1143,2024-02-06 09:31:00,5478.85,5485.0,5477.3,5480.25
1144,2024-02-06 09:32:00,5480.0,5490.0,5480.0,5485.05
1145,2024-02-06 09:33:00,5485.0,5490.0,5484.1,5487.0
1146,2024-02-06 09:34:00,5487.9,5497.8,5482.0,5495.0
1147,2024-02-06 09:35:00,5497.45,5499.85,5490.5,5490.5
1148,2024-02-06 09:36:00,5491.6,5496.8,5490.5,5490.55
1149,2024-02-06 09:37:00,5492.0,5500.0,5492.0,5497.0
1150,2024-02-06 09:38:00,5495.1,5499.95,5493.0,5495.05
1151,2024-02-06 09:39:00,5498.0,5503.75,5493.05,5493.05
1152,2024-02-06 09:40:00,5496.3,5503.45,5481.4,5484.4
1153,2024-02-06 09:41:00,5483.0,5493.05,5481.4,5492.0
1154,2024-02-06 09:42:00,5490.45,5498.9,5486.4,5486.5
1155,2024-02-06 09:43:00,5486.6,5498.2,5486.5,5490.0
1156,2024-02-06 09:44:00,5488.6,5496.65,5488.0,5490.5
1157,2024-02-06 09:45:00,5493.7,5498.0,5490.0,5497.75
1158,2024-02-06 09:46:00,5495.25,5505.0,5495.25,5497.05
1159,2024-02-06 09:47:00,5500.65,5504.7,5492.9,5496.2
1160,2024-02-06 09:48:00,5493.55,5500.0,5493.55,5497.3
1161,2024-02-06 09:49:00,5497.55,5498.0,5493.1,5493.1
1162,2024-02-06 09:50:00,5494.0,5503.35,5493.1,5497.0
1163,2024-02-06 09:51:00,5496.0,5501.3,5494.0,5495.0
1164,2024-02-06 09:52:00,5493.4,5495.85,5488.0,5490.0
1165,2024-02-06 09:53:00,5491.3,5492.7,5480.0,5482.0
1166,2024-02-06 09:54:00,5481.0,5486.3,5480.0,5481.05
1167,2024-02-06 09:55:00,5482.0,5482.0,5473.8,5480.4
1168,2024-02-06 09:56:00,5483.0,5483.75,5476.5,5478.8
1169,2024-02-06 09:57:00,5476.65,5477.7,5470.0,5471.75
1170,2024-02-06 09:58:00,5471.05,5475.0,5458.85,5463.95
1171,2024-02-06 09:59:00,5460.6,5472.9,5460.6,5464.15
1172,2024-02-06 10:00:00,5466.7,5470.0,5465.75,5470.0
1173,2024-02-06 10:01:00,5470.45,5477.45,5468.05,5477.45
1174,2024-02-06 10:02:00,5476.7,5476.7,5466.0,5468.1
1175,2024-02-06 10:03:00,5469.45,5470.0,5467.05,5470.0
1176,2024-02-06 10:04:00,5469.15,5473.2,5466.05,5467.1
1177,2024-02-06 10:05:00,5465.85,5466.55,5459.65,5460.05
1178,2024-02-06 10:06:00,5460.0,5464.0,5454.2,5460.6
1179,2024-02-06 10:07:00,5456.55,5460.0,5451.0,5452.0
1180,2024-02-06 10:08:00,5451.05,5455.3,5451.0,5454.75
1181,2024-02-06 10:09:00,5454.05,5457.6,5450.0,5453.0
1182,2024-02-06 10:10:00,5453.4,5467.9,5451.25,5467.9
1183,2024-02-06 10:11:00,5463.8,5469.9,5460.0,5462.75
1184,2024-02-06 10:12:00,5460.55,5460.55,5454.95,5459.0
1185,2024-02-06 10:13:00,5459.85,5467.3,5459.85,5462.15
1186,2024-02-06 10:14:00,5461.55,5462.65,5450.0,5454.0
1187,2024-02-06 10:15:00,5453.95,5457.2,5453.95,5457.0
1188,2024-02-06 10:16:00,5458.35,5462.0,5457.0,5459.7
1189,2024-02-06 10:17:00,5458.25,5460.0,5457.0,5457.95
1190,2024-02-06 10:18:00,5457.4,5457.65,5455.0,5456.0
1191,2024-02-06 10:19:00,5454.05,5454.8,5450.0,5454.8
1192,2024-02-06 10:20:00,5452.4,5454.35,5450.0,5454.1
1193,2024-02-06 10:21:00,5451.2,5454.35,5450.45,5453.65
1194,2024-02-06 10:22:00,5452.85,5454.25,5450.0,5452.9
1195,2024-02-06 10:23:00,5450.8,5454.95,5450.0,5453.95
1196,2024-02-06 10:24:00,5452.95,5452.95,5450.0,5450.05
1197,2024-02-06 10:25:00,5450.0,5451.3,5450.0,5450.0
1198,2024-02-06 10:26:00,5450.1,5450.1,5439.0,5440.5
1199,2024-02-06 10:27:00,5440.45,5440.45,5433.0,5435.45
1200,2024-02-06 10:28:00,5435.2,5441.1,5434.1,5434.1
1201,2024-02-06 10:29:00,5434.0,5435.7,5425.1,5425.1
1202,2024-02-06 10:30:00,5427.9,5427.9,5415.45,5425.3
1203,2024-02-06 10:31:00,5424.8,5435.0,5422.0,5430.05
1204,2024-02-06 10:32:00,5430.0,5430.9,5420.4,5423.4
1205,2024-02-06 10:33:00,5421.8,5429.65,5421.8,5424.4
1206,2024-02-06 10:34:00,5423.5,5432.75,5420.0,5430.9
1207,2024-02-06 10:35:00,5428.25,5434.05,5426.25,5434.05
1208,2024-02-06 10:36:00,5433.0,5435.1,5430.0,5430.55
1209,2024-02-06 10:37:00,5430.0,5433.0,5426.1,5428.55
1210,2024-02-06 10:38:00,5429.9,5432.1,5426.6,5428.8
1211,2024-02-06 10:39:00,5428.1,5432.9,5428.0,5430.8
1212,2024-02-06 10:40:00,5428.55,5432.75,5427.15,5429.85
1213,2024-02-06 10:41:00,5428.5,5428.5,5420.8,5425.25
1214,2024-02-06 10:42:00,5423.0,5426.15,5420.0,5424.15
1215,2024-02-06 10:43:00,5427.0,5429.25,5423.35,5428.4
1216,2024-02-06 10:44:00,5428.55,5430.0,5425.0,5425.0
1217,2024-02-06 10:45:00,5426.05,5426.05,5420.0,5421.45
1218,2024-02-06 10:46:00,5422.65,5431.35,5420.75,5425.15
1219,2024-02-06 10:47:00,5425.05,5426.7,5421.1,5425.75
1220,2024-02-06 10:48:00,5424.85,5425.75,5421.7,5423.6
1221,2024-02-06 10:49:00,5422.4,5423.95,5420.05,5421.75
1222,2024-02-06 10:50:00,5420.9,5423.6,5419.3,5420.55
1223,2024-02-06 10:51:00,5420.5,5423.4,5420.0,5421.05
1224,2024-02-06 10:52:00,5421.2,5421.3,5413.35,5419.35
1225,2024-02-06 10:53:00,5420.0,5421.65,5415.6,5420.0
1226,2024-02-06 10:54:00,5419.25,5419.25,5416.85,5417.45
1227,2024-02-06 10:55:00,5418.3,5419.55,5411.45,5412.95
1228,2024-02-06 10:56:00,5411.0,5414.95,5411.0,5414.9
1229,2024-02-06 10:57:00,5413.7,5416.3,5410.25,5413.55
1230,2024-02-06 10:58:00,5411.85,5428.6,5411.05,5428.6
1231,2024-02-06 10:59:00,5427.0,5430.2,5426.4,5429.3
1232,2024-02-06 11:00:00,5427.9,5431.9,5421.25,5421.25
1233,2024-02-06 11:01:00,5423.0,5423.0,5418.25,5420.85
1234,2024-02-06 11:02:00,5419.45,5419.45,5414.0,5416.35
1235,2024-02-06 11:03:00,5415.15,5420.7,5414.0,5416.4
1236,2024-02-06 11:04:00,5419.15,5419.15,5415.25,5417.1
1237,2024-02-06 11:05:00,5417.05,5421.3,5415.0,5418.25
1238,2024-02-06 11:06:00,5420.05,5423.8,5420.0,5420.0
1239,2024-02-06 11:07:00,5417.2,5422.5,5416.25,5422.2
1240,2024-02-06 11:08:00,5423.25,5423.25,5414.0,5419.2
1241,2024-02-06 11:09:00,5415.0,5420.25,5415.0,5420.0
1242,2024-02-06 11:10:00,5419.1,5424.75,5419.1,5423.3
1243,2024-02-06 11:11:00,5421.95,5424.35,5420.05,5422.6
1244,2024-02-06 11:12:00,5421.35,5425.0,5420.0,5425.0
1245,2024-02-06 11:13:00,5424.5,5425.95,5421.05,5421.35
1246,2024-02-06 11:14:00,5423.65,5424.3,5421.0,5424.0
1247,2024-02-06 11:15:00,5424.7,5427.65,5424.0,5427.0
1248,2024-02-06 11:16:00,5430.6,5435.6,5430.15,5430.75
1249,2024-02-06 11:17:00,5430.0,5430.35,5424.7,5426.4
1250,2024-02-06 11:18:00,5426.0,5429.65,5425.0,5427.0
1251,2024-02-06 11:19:00,5425.0,5427.2,5422.0,5422.6
1252,2024-02-06 11:20:00,5422.25,5428.75,5422.0,5428.75
1253,2024-02-06 11:21:00,5427.0,5428.65,5423.8,5427.0
1254,2024-02-06 11:22:00,5427.8,5427.8,5418.25,5418.25
1255,2024-02-06 11:23:00,5416.55,5421.15,5415.0,5418.8
1256,2024-02-06 11:24:00,5416.0,5420.55,5415.05,5418.0
1257,2024-02-06 11:25:00,5416.0,5418.85,5416.0,5418.85
1258,2024-02-06 11:26:00,5416.5,5417.95,5416.25,5416.25
1259,2024-02-06 11:27:00,5416.1,5417.9,5416.1,5417.9
1260,2024-02-06 11:28:00,5417.05,5421.7,5416.1,5420.45
1261,2024-02-06 11:29:00,5418.95,5419.4,5417.0,5417.45
1262,2024-02-06 11:30:00,5419.15,5420.45,5417.0,5418.7
1263,2024-02-06 11:31:00,5418.3,5418.9,5416.0,5418.6
1264,2024-02-06 11:32:00,5418.4,5419.85,5416.15,5418.0
1265,2024-02-06 11:33:00,5417.45,5417.55,5415.0,5415.0
1266,2024-02-06 11:34:00,5416.0,5419.05,5415.0,5418.95
1267,2024-02-06 11:35:00,5417.8,5421.95,5410.1,5411.45
1268,2024-02-06 11:36:00,5411.2,5416.2,5411.2,5414.95
1269,2024-02-06 11:37:00,5413.65,5413.65,5412.0,5412.25
1270,2024-02-06 11:38:00,5412.15,5415.75,5412.0,5415.75
1271,2024-02-06 11:39:00,5416.35,5418.9,5414.4,5418.05
1272,2024-02-06 11:40:00,5418.45,5422.35,5418.0,5420.8
1273,2024-02-06 11:41:00,5420.5,5424.15,5415.0,5423.6
1274,2024-02-06 11:42:00,5423.5,5424.95,5420.0,5422.7
1275,2024-02-06 11:43:00,5420.0,5423.05,5417.75,5421.0
1276,2024-02-06 11:44:00,5420.4,5422.7,5415.0,5415.0
1277,2024-02-06 11:45:00,5415.4,5419.65,5415.4,5416.0
1278,2024-02-06 11:46:00,5416.05,5420.35,5414.0,5416.8
1279,2024-02-06 11:47:00,5415.35,5416.0,5413.1,5414.0
1280,2024-02-06 11:48:00,5413.75,5413.75,5413.1,5413.2
1281,2024-02-06 11:49:00,5413.05,5415.55,5412.0,5412.75
1282,2024-02-06 11:50:00,5412.0,5412.8,5412.0,5412.05
1283,2024-02-06 11:51:00,5412.4,5416.0,5412.05,5413.0
1284,2024-02-06 11:52:00,5413.2,5416.4,5412.4,5416.4
1285,2024-02-06 11:53:00,5416.0,5422.15,5415.0,5420.95
1286,2024-02-06 11:54:00,5420.1,5422.0,5420.05,5422.0
1287,2024-02-06 11:55:00,5421.4,5421.4,5419.0,5420.0
1288,2024-02-06 11:56:00,5420.1,5422.2,5418.45,5421.75
1289,2024-02-06 11:57:00,5420.15,5421.5,5420.0,5420.05
1290,2024-02-06 11:58:00,5420.0,5424.2,5420.0,5423.0
1291,2024-02-06 11:59:00,5423.55,5423.55,5414.0,5416.6
1292,2024-02-06 12:00:00,5415.0,5415.75,5410.1,5412.7
1293,2024-02-06 12:01:00,5412.65,5412.65,5410.0,5410.15
1294,2024-02-06 12:02:00,5409.6,5409.6,5405.55,5408.65
1295,2024-02-06 12:03:00,5408.0,5415.0,5408.0,5413.75
1296,2024-02-06 12:04:00,5415.15,5419.15,5415.0,5415.0
1297,2024-02-06 12:05:00,5416.15,5416.15,5415.0,5415.25
1298,2024-02-06 12:06:00,5415.1,5417.9,5411.2,5415.0
1299,2024-02-06 12:07:00,5415.5,5417.8,5412.0,5417.8
1300,2024-02-06 12:08:00,5415.0,5418.3,5415.0,5416.3
1301,2024-02-06 12:09:00,5417.0,5419.15,5415.1,5419.15
1302,2024-02-06 12:10:00,5417.9,5421.0,5416.0,5421.0
1303,2024-02-06 12:11:00,5420.45,5425.0,5420.0,5423.4
1304,2024-02-06 12:12:00,5420.1,5423.55,5416.1,5417.35
1305,2024-02-06 12:13:00,5417.5,5420.4,5415.0,5418.05
1306,2024-02-06 12:14:00,5415.0,5420.25,5415.0,5416.15
1307,2024-02-06 12:15:00,5418.0,5421.5,5415.95,5418.0
1308,2024-02-06 12:16:00,5418.4,5420.95,5409.15,5410.35
1309,2024-02-06 12:17:00,5411.7,5414.15,5411.0,5411.65
1310,2024-02-06 12:18:00,5410.85,5415.0,5410.85,5415.0
1311,2024-02-06 12:19:00,5415.8,5416.4,5415.0,5415.05
1312,2024-02-06 12:20:00,5415.0,5421.1,5415.0,5419.05
1313,2024-02-06 12:21:00,5420.1,5424.7,5419.45,5420.15
1314,2024-02-06 12:22:00,5419.9,5421.6,5416.15,5420.85
1315,2024-02-06 12:23:00,5418.3,5422.0,5418.3,5420.0
1316,2024-02-06 12:24:00,5420.35,5421.95,5419.0,5419.45
1317,2024-02-06 12:25:00,5419.0,5419.1,5415.0,5416.3
1318,2024-02-06 12:26:00,5416.0,5420.0,5416.0,5418.0
1319,2024-02-06 12:27:00,5417.0,5419.1,5415.0,5415.4
1320,2024-02-06 12:28:00,5416.35,5418.7,5415.0,5418.7
1321,2024-02-06 12:29:00,5416.8,5418.7,5415.95,5417.85
1322,2024-02-06 12:30:00,5416.9,5418.0,5416.0,5417.95
1323,2024-02-06 12:31:00,5416.2,5425.0,5416.2,5424.8
1324,2024-02-06 12:32:00,5422.6,5425.0,5414.1,5419.9
1325,2024-02-06 12:33:00,5418.75,5424.3,5415.7,5419.8
1326,2024-02-06 12:34:00,5420.3,5421.85,5410.25,5418.05
1327,2024-02-06 12:35:00,5418.35,5422.95,5418.35,5422.0
1328,2024-02-06 12:36:00,5422.45,5434.75,5422.45,5434.75
1329,2024-02-06 12:37:00,5433.9,5437.95,5430.1,5430.1
1330,2024-02-06 12:38:00,5431.5,5437.5,5430.15,5436.35
1331,2024-02-06 12:39:00,5435.45,5443.25,5435.0,5439.75
1332,2024-02-06 12:40:00,5438.15,5439.95,5437.35,5439.0
1333,2024-02-06 12:41:00,5439.35,5440.0,5435.0,5435.9
1334,2024-02-06 12:42:00,5437.5,5445.15,5437.5,5445.15
1335,2024-02-06 12:43:00,5445.55,5451.75,5445.5,5447.1
1336,2024-02-06 12:44:00,5447.85,5454.95,5447.85,5450.5
1337,2024-02-06 12:45:00,5450.45,5457.0,5447.5,5451.0
1338,2024-02-06 12:46:00,5448.8,5452.55,5445.0,5448.9
1339,2024-02-06 12:47:00,5449.6,5451.7,5448.5,5450.0
1340,2024-02-06 12:48:00,5449.0,5450.75,5448.45,5449.05
1341,2024-02-06 12:49:00,5448.3,5449.6,5447.5,5448.35
1342,2024-02-06 12:50:00,5447.5,5449.9,5447.5,5447.55
1343,2024-02-06 12:51:00,5448.95,5451.25,5445.0,5450.0
1344,2024-02-06 12:52:00,5450.15,5453.0,5450.0,5453.0
1345,2024-02-06 12:53:00,5450.2,5451.3,5450.0,5450.0
1346,2024-02-06 12:54:00,5450.45,5453.0,5450.45,5453.0
1347,2024-02-06 12:55:00,5452.25,5453.0,5451.55,5452.95
1348,2024-02-06 12:56:00,5452.25,5457.7,5451.6,5457.3
1349,2024-02-06 12:57:00,5455.5,5455.5,5451.0,5453.85
1350,2024-02-06 12:58:00,5453.5,5453.5,5445.75,5448.05
1351,2024-02-06 12:59:00,5448.95,5452.55,5448.0,5452.55
1352,2024-02-06 13:00:00,5451.55,5455.0,5450.55,5454.2
1353,2024-02-06 13:01:00,5451.3,5465.95,5451.3,5465.0
1354,2024-02-06 13:02:00,5465.45,5465.45,5461.6,5461.7
1355,2024-02-06 13:03:00,5462.9,5465.05,5461.85,5465.0
1356,2024-02-06 13:04:00,5467.3,5468.9,5464.7,5465.45
1357,2024-02-06 13:05:00,5466.7,5469.8,5463.7,5463.8
1358,2024-02-06 13:06:00,5465.5,5468.95,5463.75,5465.2
1359,2024-02-06 13:07:00,5468.0,5470.0,5465.3,5468.0
1360,2024-02-06 13:08:00,5468.65,5470.0,5465.1,5468.15
1361,2024-02-06 13:09:00,5467.95,5470.0,5465.0,5468.75
1362,2024-02-06 13:10:00,5468.35,5470.0,5466.05,5467.6
1363,2024-02-06 13:11:00,5468.65,5470.0,5466.05,5469.45
1364,2024-02-06 13:12:00,5468.75,5470.6,5465.0,5467.85
1365,2024-02-06 13:13:00,5469.9,5470.0,5466.55,5469.6
1366,2024-02-06 13:14:00,5468.4,5469.05,5465.0,5465.1
1367,2024-02-06 13:15:00,5465.5,5465.5,5460.5,5463.9
1368,2024-02-06 13:16:00,5465.85,5465.95,5463.1,5465.3
1369,2024-02-06 13:17:00,5465.15,5465.8,5463.55,5465.15
1370,2024-02-06 13:18:00,5465.3,5465.3,5465.0,5465.0
1371,2024-02-06 13:19:00,5465.1,5465.1,5463.35,5464.9
1372,2024-02-06 13:20:00,5463.95,5465.3,5463.1,5465.3
1373,2024-02-06 13:21:00,5464.3,5466.0,5463.8,5465.05
1374,2024-02-06 13:22:00,5465.5,5465.9,5464.05,5464.15
1375,2024-02-06 13:23:00,5465.9,5465.95,5464.05,5465.75
1376,2024-02-06 13:24:00,5465.0,5465.4,5462.4,5462.7
1377,2024-02-06 13:25:00,5464.0,5468.9,5463.05,5467.3
1378,2024-02-06 13:26:00,5467.7,5467.7,5464.2,5465.5
1379,2024-02-06 13:27:00,5464.8,5465.45,5464.0,5464.0
1380,2024-02-06 13:28:00,5464.5,5467.4,5462.9,5464.35
1381,2024-02-06 13:29:00,5464.9,5466.15,5462.85,5466.15
1382,2024-02-06 13:30:00,5464.6,5469.95,5463.8,5469.0
1383,2024-02-06 13:31:00,5468.4,5469.9,5467.5,5469.85
1384,2024-02-06 13:32:00,5469.8,5469.8,5464.35,5464.5
1385,2024-02-06 13:33:00,5465.3,5467.95,5464.5,5465.15
1386,2024-02-06 13:34:00,5466.05,5468.0,5464.35,5464.35
1387,2024-02-06 13:35:00,5466.3,5468.75,5464.35,5467.8
1388,2024-02-06 13:36:00,5466.65,5469.0,5465.4,5466.0
1389,2024-02-06 13:37:00,5465.0,5465.55,5463.0,5463.3
1390,2024-02-06 13:38:00,5464.6,5465.95,5463.3,5465.95
1391,2024-02-06 13:39:00,5464.75,5466.0,5463.0,5463.5
1392,2024-02-06 13:40:00,5464.75,5466.65,5463.5,5466.2
1393,2024-02-06 13:41:00,5465.6,5465.85,5463.6,5463.65
1394,2024-02-06 13:42:00,5464.65,5467.0,5463.7,5465.0
1395,2024-02-06 13:43:00,5465.2,5468.85,5465.0,5468.85
1396,2024-02-06 13:44:00,5469.0,5470.0,5468.0,5469.0
1397,2024-02-06 13:45:00,5468.5,5470.0,5468.0,5468.0
1398,2024-02-06 13:46:00,5468.9,5472.0,5465.0,5465.4
1399,2024-02-06 13:47:00,5465.1,5468.35,5465.0,5468.35
1400,2024-02-06 13:48:00,5466.0,5470.0,5465.05,5468.85
1401,2024-02-06 13:49:00,5466.35,5467.5,5465.0,5467.05
1402,2024-02-06 13:50:00,5467.1,5469.9,5465.75,5467.9
1403,2024-02-06 13:51:00,5469.7,5470.0,5468.65,5468.65
1404,2024-02-06 13:52:00,5469.35,5470.85,5468.65,5469.4
1405,2024-02-06 13:53:00,5469.65,5469.65,5468.65,5468.65
1406,2024-02-06 13:54:00,5468.8,5470.0,5467.9,5468.8
1407,2024-02-06 13:55:00,5467.9,5470.0,5465.75,5466.5
1408,2024-02-06 13:56:00,5466.2,5469.7,5465.0,5465.1
1409,2024-02-06 13:57:00,5466.65,5469.65,5465.1,5468.0
1410,2024-02-06 13:58:00,5467.45,5470.0,5467.05,5470.0
1411,2024-02-06 13:59:00,5467.95,5469.95,5467.0,5467.05
1412,2024-02-06 14:00:00,5467.8,5470.0,5467.05,5469.9
1413,2024-02-06 14:01:00,5468.25,5470.0,5468.15,5468.75
1414,2024-02-06 14:02:00,5468.15,5470.0,5468.15,5469.0
1415,2024-02-06 14:03:00,5469.45,5469.45,5467.0,5468.55
1416,2024-02-06 14:04:00,5467.75,5470.0,5466.85,5470.0
1417,2024-02-06 14:05:00,5468.45,5470.0,5468.45,5468.5
1418,2024-02-06 14:06:00,5468.85,5468.85,5465.0,5465.05
1419,2024-02-06 14:07:00,5465.55,5470.0,5465.0,5466.7
1420,2024-02-06 14:08:00,5468.1,5469.75,5466.75,5467.75
1421,2024-02-06 14:09:00,5468.25,5469.0,5466.7,5466.75
1422,2024-02-06 14:10:00,5467.55,5470.0,5465.0,5465.0
1423,2024-02-06 14:11:00,5465.1,5465.1,5465.0,5465.0
1424,2024-02-06 14:12:00,5465.1,5465.95,5461.2,5461.2
1425,2024-02-06 14:13:00,5458.0,5463.25,5454.9,5463.25
1426,2024-02-06 14:14:00,5461.0,5464.95,5460.6,5462.0
1427,2024-02-06 14:15:00,5462.05,5468.9,5462.0,5467.0
1428,2024-02-06 14:16:00,5467.85,5469.95,5465.4,5467.9
1429,2024-02-06 14:17:00,5467.95,5470.0,5467.0,5467.0
1430,2024-02-06 14:18:00,5465.6,5467.0,5465.1,5465.15
1431,2024-02-06 14:19:00,5467.05,5468.8,5462.3,5467.9
1432,2024-02-06 14:20:00,5465.9,5470.0,5465.85,5470.0
1433,2024-02-06 14:21:00,5468.65,5470.0,5468.65,5469.5
1434,2024-02-06 14:22:00,5468.6,5469.45,5467.05,5467.85
1435,2024-02-06 14:23:00,5467.05,5467.5,5465.55,5465.55
1436,2024-02-06 14:24:00,5465.5,5466.2,5465.0,5466.15
1437,2024-02-06 14:25:00,5468.8,5469.35,5465.3,5469.35
1438,2024-02-06 14:26:00,5467.15,5468.2,5466.05,5466.05
1439,2024-02-06 14:27:00,5466.1,5467.85,5465.5,5466.65
1440,2024-02-06 14:28:00,5466.6,5468.0,5465.0,5465.3
1441,2024-02-06 14:29:00,5466.5,5466.5,5465.0,5465.0
1442,2024-02-06 14:30:00,5465.1,5467.75,5465.0,5466.4
1443,2024-02-06 14:31:00,5466.45,5467.2,5465.0,5465.0
1444,2024-02-06 14:32:00,5466.85,5466.85,5465.0,5465.2
1445,2024-02-06 14:33:00,5465.05,5467.95,5464.8,5467.95
1446,2024-02-06 14:34:00,5465.1,5468.35,5465.0,5468.15
1447,2024-02-06 14:35:00,5468.4,5468.4,5465.95,5466.95
1448,2024-02-06 14:36:00,5467.05,5469.95,5465.0,5467.35
1449,2024-02-06 14:37:00,5467.3,5469.9,5466.0,5466.05
1450,2024-02-06 14:38:00,5466.5,5469.0,5466.0,5466.3
1451,2024-02-06 14:39:00,5467.2,5470.0,5466.1,5469.95
1452,2024-02-06 14:40:00,5467.85,5469.0,5467.2,5468.5
1453,2024-02-06 14:41:00,5468.7,5470.0,5465.0,5470.0
1454,2024-02-06 14:42:00,5466.3,5468.6,5466.05,5468.0
1455,2024-02-06 14:43:00,5468.9,5470.0,5465.0,5465.0
1456,2024-02-06 14:44:00,5465.1,5467.75,5465.0,5466.4
1457,2024-02-06 14:45:00,5467.7,5467.7,5460.15,5463.05
1458,2024-02-06 14:46:00,5460.2,5463.55,5455.55,5456.3
1459,2024-02-06 14:47:00,5456.6,5456.6,5450.3,5451.0
1460,2024-02-06 14:48:00,5450.7,5455.45,5450.0,5450.1
1461,2024-02-06 14:49:00,5450.0,5454.1,5450.0,5452.0
1462,2024-02-06 14:50:00,5452.2,5456.4,5452.0,5455.0
1463,2024-02-06 14:51:00,5455.4,5455.4,5453.3,5454.1
1464,2024-02-06 14:52:00,5454.0,5454.1,5454.0,5454.0
1465,2024-02-06 14:53:00,5454.1,5454.1,5451.1,5453.0
1466,2024-02-06 14:54:00,5451.1,5452.95,5446.6,5447.0
1467,2024-02-06 14:55:00,5447.15,5447.15,5446.6,5447.0
1468,2024-02-06 14:56:00,5447.05,5447.1,5445.0,5445.0
1469,2024-02-06 14:57:00,5442.75,5447.95,5442.65,5445.2
1470,2024-02-06 14:58:00,5445.7,5456.9,5445.7,5453.65
1471,2024-02-06 14:59:00,5455.0,5455.0,5451.8,5453.1
1472,2024-02-06 15:00:00,5453.65,5463.7,5453.65,5462.05
1473,2024-02-06 15:01:00,5461.8,5461.8,5452.6,5455.0
1474,2024-02-06 15:02:00,5453.75,5457.05,5452.1,5457.05
1475,2024-02-06 15:03:00,5457.8,5462.05,5457.0,5459.65
1476,2024-02-06 15:04:00,5460.25,5464.65,5457.65,5463.1
1477,2024-02-06 15:05:00,5463.0,5463.0,5460.75,5461.0
1478,2024-02-06 15:06:00,5460.9,5460.9,5460.0,5460.9
1479,2024-02-06 15:07:00,5463.0,5463.0,5460.0,5460.4
1480,2024-02-06 15:08:00,5460.65,5460.65,5460.0,5460.0
1481,2024-02-06 15:09:00,5460.05,5465.0,5460.0,5465.0
1482,2024-02-06 15:10:00,5464.5,5464.5,5460.35,5464.0
1483,2024-02-06 15:11:00,5464.15,5465.8,5464.0,5465.5
1484,2024-02-06 15:12:00,5465.2,5465.2,5458.15,5460.0
1485,2024-02-06 15:13:00,5460.05,5461.5,5459.25,5460.25
1486,2024-02-06 15:14:00,5460.2,5469.6,5457.9,5467.15
1487,2024-02-06 15:15:00,5466.35,5470.0,5465.65,5466.9
1488,2024-02-06 15:16:00,5466.25,5470.0,5465.05,5469.35
1489,2024-02-06 15:17:00,5468.2,5470.0,5465.1,5469.7
1490,2024-02-06 15:18:00,5468.0,5470.0,5468.0,5469.0
1491,2024-02-06 15:19:00,5468.5,5470.0,5468.0,5468.05
1492,2024-02-06 15:20:00,5468.0,5470.4,5468.0,5470.4
1493,2024-02-06 15:21:00,5470.0,5471.25,5470.0,5470.95
1494,2024-02-06 15:22:00,5470.75,5473.8,5470.7,5473.7
1495,2024-02-06 15:23:00,5473.65,5477.75,5471.8,5477.0
1496,2024-02-06 15:24:00,5476.95,5481.35,5475.0,5481.35
1497,2024-02-06 15:25:00,5481.9,5482.0,5481.3,5481.95
1498,2024-02-06 15:26:00,5481.8,5482.0,5479.65,5482.0
1499,2024-02-06 15:27:00,5480.0,5482.0,5480.0,5480.0
1500,2024-02-06 15:28:00,5480.65,5484.95,5480.0,5483.85
1501,2024-02-06 15:29:00,5481.45,5484.0,5480.0,5481.0
1502,2024-02-07 09:15:00,5518.85,5518.85,5478.55,5481.95
1503,2024-02-07 09:16:00,5482.0,5493.2,5480.25,5485.1
1504,2024-02-07 09:17:00,5480.55,5485.05,5475.0,5484.0
1505,2024-02-07 09:18:00,5482.9,5482.9,5460.0,5460.2
1506,2024-02-07 09:19:00,5459.65,5465.8,5457.05,5458.0
1507,2024-02-07 09:20:00,5459.45,5470.0,5455.05,5466.85
1508,2024-02-07 09:21:00,5465.8,5472.95,5465.8,5472.95
1509,2024-02-07 09:22:00,5473.1,5476.45,5470.95,5475.0
1510,2024-02-07 09:23:00,5472.95,5475.05,5471.7,5475.0
1511,2024-02-07 09:24:00,5474.35,5478.0,5472.45,5475.05
1512,2024-02-07 09:25:00,5477.9,5485.35,5475.6,5481.3
1513,2024-02-07 09:26:00,5484.5,5484.9,5475.0,5475.1
1514,2024-02-07 09:27:00,5475.0,5479.9,5474.0,5477.95
1515,2024-02-07 09:28:00,5475.15,5479.45,5475.1,5476.4
1516,2024-02-07 09:29:00,5477.85,5478.8,5475.0,5475.75
1517,2024-02-07 09:30:00,5475.4,5479.0,5475.0,5478.3
1518,2024-02-07 09:31:00,5479.0,5486.65,5477.75,5486.4
1519,2024-02-07 09:32:00,5483.45,5484.95,5475.0,5475.45
1520,2024-02-07 09:33:00,5476.95,5479.85,5476.25,5477.7
1521,2024-02-07 09:34:00,5477.85,5483.0,5477.8,5482.9
1522,2024-02-07 09:35:00,5483.0,5483.0,5482.0,5483.0
1523,2024-02-07 09:36:00,5482.0,5486.4,5482.0,5485.0
1524,2024-02-07 09:37:00,5485.35,5490.65,5485.0,5489.7
1525,2024-02-07 09:38:00,5489.05,5494.4,5489.0,5489.4
1526,2024-02-07 09:39:00,5489.2,5489.2,5486.3,5488.4
1527,2024-02-07 09:40:00,5487.25,5489.4,5486.3,5486.8
1528,2024-02-07 09:41:00,5487.0,5494.25,5486.3,5494.25
1529,2024-02-07 09:42:00,5491.8,5493.45,5486.3,5487.15
1530,2024-02-07 09:43:00,5488.55,5488.55,5486.3,5486.3
1531,2024-02-07 09:44:00,5485.0,5485.7,5485.0,5485.0
1532,2024-02-07 09:45:00,5487.85,5487.85,5485.0,5486.0
1533,2024-02-07 09:46:00,5485.0,5490.0,5485.0,5485.0
1534,2024-02-07 09:47:00,5485.1,5488.25,5484.3,5485.0
1535,2024-02-07 09:48:00,5484.3,5484.3,5480.0,5482.4
1536,2024-02-07 09:49:00,5481.8,5487.95,5480.0,5485.0
1537,2024-02-07 09:50:00,5486.7,5487.0,5484.25,5485.0
1538,2024-02-07 09:51:00,5486.9,5486.9,5480.0,5484.7
1539,2024-02-07 09:52:00,5483.0,5483.0,5465.75,5465.75
1540,2024-02-07 09:53:00,5467.1,5469.65,5463.7,5466.0
1541,2024-02-07 09:54:00,5465.05,5465.05,5458.0,5461.75
1542,2024-02-07 09:55:00,5461.8,5467.45,5459.0,5467.45
1543,2024-02-07 09:56:00,5467.8,5473.3,5460.25,5463.9
1544,2024-02-07 09:57:00,5464.4,5465.1,5461.7,5464.9
1545,2024-02-07 09:58:00,5462.95,5467.7,5462.5,5467.65
1546,2024-02-07 09:59:00,5465.0,5469.95,5463.5,5469.95
1547,2024-02-07 10:00:00,5470.0,5474.85,5466.05,5469.2
1548,2024-02-07 10:01:00,5469.9,5469.9,5464.85,5465.5
1549,2024-02-07 10:02:00,5468.9,5469.4,5460.2,5461.85
1550,2024-02-07 10:03:00,5462.7,5464.4,5458.0,5458.0
1551,2024-02-07 10:04:00,5455.85,5455.85,5447.1,5448.85
1552,2024-02-07 10:05:00,5449.8,5454.05,5448.85,5452.5
1553,2024-02-07 10:06:00,5453.05,5454.35,5446.55,5447.15
1554,2024-02-07 10:07:00,5449.45,5449.45,5446.2,5448.0
1555,2024-02-07 10:08:00,5448.05,5453.85,5448.0,5450.15
1556,2024-02-07 10:09:00,5452.0,5457.65,5450.8,5456.6
1557,2024-02-07 10:10:00,5457.25,5458.7,5454.2,5454.45
1558,2024-02-07 10:11:00,5456.0,5457.95,5454.6,5457.85
1559,2024-02-07 10:12:00,5456.45,5459.5,5455.0,5456.95
1560,2024-02-07 10:13:00,5457.0,5459.4,5455.0,5456.95
1561,2024-02-07 10:14:00,5459.7,5459.7,5454.8,5455.35
1562,2024-02-07 10:15:00,5456.85,5457.25,5454.2,5454.2
1563,2024-02-07 10:16:00,5454.1,5456.55,5448.7,5452.35
1564,2024-02-07 10:17:00,5450.0,5453.6,5448.35,5450.0
1565,2024-02-07 10:18:00,5449.9,5456.55,5449.9,5454.9
1566,2024-02-07 10:19:00,5454.95,5459.2,5454.95,5458.25
1567,2024-02-07 10:20:00,5458.55,5460.7,5450.0,5451.7
1568,2024-02-07 10:21:00,5454.5,5454.55,5450.05,5450.95
1569,2024-02-07 10:22:00,5453.4,5453.4,5446.25,5449.15
1570,2024-02-07 10:23:00,5450.0,5453.75,5447.45,5452.15
1571,2024-02-07 10:24:00,5452.4,5452.4,5447.35,5450.0
1572,2024-02-07 10:25:00,5449.5,5453.95,5449.5,5451.45
1573,2024-02-07 10:26:00,5453.95,5454.15,5447.7,5450.0
1574,2024-02-07 10:27:00,5450.05,5452.9,5447.7,5450.0
1575,2024-02-07 10:28:00,5451.15,5455.0,5450.3,5451.55
1576,2024-02-07 10:29:00,5454.55,5456.0,5451.55,5453.45
1577,2024-02-07 10:30:00,5453.2,5458.95,5453.15,5458.45
1578,2024-02-07 10:31:00,5457.0,5457.0,5452.05,5454.1
1579,2024-02-07 10:32:00,5454.15,5454.15,5447.1,5450.05
1580,2024-02-07 10:33:00,5452.05,5456.0,5450.0,5455.0
1581,2024-02-07 10:34:00,5454.0,5455.45,5451.2,5454.05
1582,2024-02-07 10:35:00,5455.95,5455.95,5451.2,5451.2
1583,2024-02-07 10:36:00,5452.4,5452.4,5447.15,5449.95
1584,2024-02-07 10:37:00,5447.1,5447.1,5442.8,5444.8
1585,2024-02-07 10:38:00,5444.85,5450.0,5444.85,5450.0
1586,2024-02-07 10:39:00,5447.1,5450.0,5447.0,5449.1
1587,2024-02-07 10:40:00,5450.0,5452.05,5448.0,5449.7
1588,2024-02-07 10:41:00,5448.6,5450.0,5445.6,5447.0
1589,2024-02-07 10:42:00,5447.35,5449.6,5444.65,5449.0
1590,2024-02-07 10:43:00,5448.15,5448.15,5441.0,5442.65
1591,2024-02-07 10:44:00,5441.35,5445.0,5441.05,5445.0
1592,2024-02-07 10:45:00,5447.95,5450.0,5444.1,5450.0
1593,2024-02-07 10:46:00,5448.65,5448.95,5445.0,5447.65
1594,2024-02-07 10:47:00,5445.5,5449.0,5445.1,5447.0
1595,2024-02-07 10:48:00,5446.35,5449.35,5445.1,5446.35
1596,2024-02-07 10:49:00,5449.4,5449.9,5446.65,5449.9
1597,2024-02-07 10:50:00,5449.75,5450.0,5447.7,5450.0
1598,2024-02-07 10:51:00,5449.45,5450.0,5446.65,5447.35
1599,2024-02-07 10:52:00,5449.9,5449.9,5446.5,5448.75
1600,2024-02-07 10:53:00,5448.8,5450.0,5447.15,5447.9
1601,2024-02-07 10:54:00,5448.0,5450.0,5447.9,5449.9
1602,2024-02-07 10:55:00,5449.85,5449.85,5448.0,5449.1
1603,2024-02-07 10:56:00,5448.8,5449.1,5446.65,5446.65
1604,2024-02-07 10:57:00,5446.75,5446.75,5442.0,5442.0
1605,2024-02-07 10:58:00,5441.5,5446.15,5440.0,5445.9
1606,2024-02-07 10:59:00,5443.3,5447.6,5442.9,5445.35
1607,2024-02-07 11:00:00,5447.45,5449.05,5445.25,5449.05
1608,2024-02-07 11:01:00,5449.1,5451.85,5448.2,5451.85
1609,2024-02-07 11:02:00,5451.95,5451.95,5450.0,5451.95
1610,2024-02-07 11:03:00,5450.4,5451.95,5442.0,5445.15
1611,2024-02-07 11:04:00,5446.95,5447.7,5444.8,5446.9
1612,2024-02-07 11:05:00,5447.0,5447.0,5444.6,5445.0
1613,2024-02-07 11:06:00,5445.1,5445.1,5442.7,5445.1
1614,2024-02-07 11:07:00,5444.95,5446.2,5444.85,5444.9
1615,2024-02-07 11:08:00,5444.95,5445.4,5442.0,5444.4
1616,2024-02-07 11:09:00,5442.0,5445.55,5440.0,5445.55
1617,2024-02-07 11:10:00,5443.1,5446.4,5442.7,5443.9
1618,2024-02-07 11:11:00,5444.35,5446.65,5440.0,5443.0
1619,2024-02-07 11:12:00,5443.15,5448.4,5443.15,5445.05
1620,2024-02-07 11:13:00,5445.0,5449.05,5445.0,5447.8
1621,2024-02-07 11:14:00,5447.25,5448.0,5447.2,5448.0
1622,2024-02-07 11:15:00,5448.15,5450.0,5447.45,5449.9
1623,2024-02-07 11:16:00,5449.95,5450.0,5447.25,5448.0
1624,2024-02-07 11:17:00,5447.6,5450.0,5447.6,5448.2
1625,2024-02-07 11:18:00,5450.0,5459.0,5447.25,5459.0
1626,2024-02-07 11:19:00,5448.05,5449.85,5446.75,5448.0
1627,2024-02-07 11:20:00,5447.65,5450.0,5447.25,5450.0
1628,2024-02-07 11:21:00,5448.0,5450.0,5448.0,5448.1
1629,2024-02-07 11:22:00,5449.3,5450.0,5448.0,5449.95
1630,2024-02-07 11:23:00,5448.5,5450.0,5441.05,5441.9
1631,2024-02-07 11:24:00,5442.0,5442.0,5440.45,5441.3
1632,2024-02-07 11:25:00,5441.45,5441.45,5440.1,5441.3
1633,2024-02-07 11:26:00,5440.05,5444.2,5440.05,5443.95
1634,2024-02-07 11:27:00,5441.95,5453.5,5441.95,5450.3
1635,2024-02-07 11:28:00,5453.45,5453.8,5449.4,5453.25
1636,2024-02-07 11:29:00,5453.6,5453.8,5450.3,5451.75
1637,2024-02-07 11:30:00,5452.95,5453.0,5447.0,5450.0
1638,2024-02-07 11:31:00,5450.05,5452.45,5445.0,5445.45
1639,2024-02-07 11:32:00,5445.5,5447.95,5445.0,5447.0
1640,2024-02-07 11:33:00,5447.1,5448.45,5447.0,5447.8
1641,2024-02-07 11:34:00,5449.45,5449.45,5442.5,5444.3
1642,2024-02-07 11:35:00,5443.25,5445.9,5442.6,5444.05
1643,2024-02-07 11:36:00,5445.9,5445.9,5442.7,5443.9
1644,2024-02-07 11:37:00,5443.35,5444.95,5442.7,5443.65
1645,2024-02-07 11:38:00,5442.7,5444.8,5442.7,5443.35
1646,2024-02-07 11:39:00,5445.0,5445.0,5443.0,5444.9
1647,2024-02-07 11:40:00,5443.0,5445.0,5442.7,5443.65
1648,2024-02-07 11:41:00,5442.7,5443.3,5442.7,5442.7
1649,2024-02-07 11:42:00,5443.3,5445.9,5442.7,5444.7
1650,2024-02-07 11:43:00,5442.7,5444.9,5442.7,5444.0
1651,2024-02-07 11:44:00,5443.9,5445.85,5442.7,5443.75
1652,2024-02-07 11:45:00,5445.25,5448.0,5442.7,5448.0
1653,2024-02-07 11:46:00,5448.45,5450.0,5447.0,5449.9
1654,2024-02-07 11:47:00,5448.7,5450.0,5447.0,5449.9
1655,2024-02-07 11:48:00,5447.2,5449.45,5447.0,5448.25
1656,2024-02-07 11:49:00,5447.0,5450.0,5447.0,5447.0
1657,2024-02-07 11:50:00,5447.05,5450.0,5447.0,5447.0
1658,2024-02-07 11:51:00,5447.75,5447.75,5447.0,5447.05
1659,2024-02-07 11:52:00,5447.1,5447.2,5447.0,5447.05
1660,2024-02-07 11:53:00,5447.15,5448.5,5446.0,5448.5
1661,2024-02-07 11:54:00,5446.15,5449.4,5446.0,5447.4
1662,2024-02-07 11:55:00,5447.0,5447.7,5446.0,5447.7
1663,2024-02-07 11:56:00,5448.95,5448.95,5442.7,5447.55
1664,2024-02-07 11:57:00,5448.35,5448.35,5442.7,5444.65
1665,2024-02-07 11:58:00,5444.9,5447.45,5442.7,5446.5
1666,2024-02-07 11:59:00,5445.0,5450.0,5445.0,5449.9
1667,2024-02-07 12:00:00,5450.0,5450.0,5449.0,5449.9
1668,2024-02-07 12:01:00,5449.95,5450.0,5449.0,5450.0
1669,2024-02-07 12:02:00,5449.2,5450.0,5448.5,5450.0
1670,2024-02-07 12:03:00,5449.95,5450.0,5449.0,5450.0
1671,2024-02-07 12:04:00,5449.0,5450.0,5449.0,5450.0
1672,2024-02-07 12:05:00,5449.85,5450.0,5449.0,5449.0
1673,2024-02-07 12:06:00,5449.05,5450.0,5449.0,5449.3
1674,2024-02-07 12:07:00,5449.25,5450.0,5449.0,5450.0
1675,2024-02-07 12:08:00,5449.85,5452.65,5449.0,5449.95
1676,2024-02-07 12:09:00,5450.0,5450.0,5449.05,5450.0
1677,2024-02-07 12:10:00,5449.95,5450.0,5449.0,5449.85
1678,2024-02-07 12:11:00,5450.0,5450.0,5449.0,5450.0
1679,2024-02-07 12:12:00,5449.85,5450.0,5449.0,5449.05
1680,2024-02-07 12:13:00,5449.85,5449.95,5448.1,5448.5
1681,2024-02-07 12:14:00,5448.1,5449.0,5443.0,5443.0
1682,2024-02-07 12:15:00,5443.2,5446.7,5442.65,5445.0
1683,2024-02-07 12:16:00,5446.6,5449.15,5445.0,5449.15
1684,2024-02-07 12:17:00,5447.5,5449.6,5447.0,5448.25
1685,2024-02-07 12:18:00,5448.95,5449.9,5448.0,5449.8
1686,2024-02-07 12:19:00,5449.85,5450.0,5449.0,5449.2
1687,2024-02-07 12:20:00,5449.95,5449.95,5446.0,5446.9
1688,2024-02-07 12:21:00,5446.85,5447.0,5444.5,5445.0
1689,2024-02-07 12:22:00,5445.05,5447.0,5445.0,5446.95
1690,2024-02-07 12:23:00,5447.0,5447.0,5442.9,5447.0
1691,2024-02-07 12:24:00,5446.05,5447.0,5442.85,5445.85
1692,2024-02-07 12:25:00,5446.85,5447.0,5444.5,5447.0
1693,2024-02-07 12:26:00,5448.75,5448.95,5444.85,5447.8
1694,2024-02-07 12:27:00,5448.8,5448.95,5445.05,5448.75
1695,2024-02-07 12:28:00,5448.9,5449.05,5446.6,5447.75
1696,2024-02-07 12:29:00,5448.85,5449.05,5445.7,5447.75
1697,2024-02-07 12:30:00,5447.95,5449.45,5445.75,5449.4
1698,2024-02-07 12:31:00,5449.45,5450.0,5446.25,5448.0
1699,2024-02-07 12:32:00,5447.65,5450.0,5447.0,5448.65
1700,2024-02-07 12:33:00,5449.85,5449.9,5447.0,5448.65
1701,2024-02-07 12:34:00,5449.85,5449.85,5447.55,5449.2
1702,2024-02-07 12:35:00,5449.75,5450.0,5448.2,5449.9
1703,2024-02-07 12:36:00,5448.7,5450.0,5448.7,5449.65
1704,2024-02-07 12:37:00,5449.95,5450.0,5449.0,5449.1
1705,2024-02-07 12:38:00,5450.0,5450.0,5449.0,5449.3
1706,2024-02-07 12:39:00,5449.65,5450.0,5449.0,5449.95
1707,2024-02-07 12:40:00,5449.0,5451.4,5445.5,5445.9
1708,2024-02-07 12:41:00,5447.15,5447.15,5444.6,5445.6
1709,2024-02-07 12:42:00,5446.8,5450.0,5444.6,5445.0
1710,2024-02-07 12:43:00,5445.05,5447.5,5444.7,5447.15
1711,2024-02-07 12:44:00,5447.7,5448.95,5444.7,5444.7
1712,2024-02-07 12:45:00,5444.75,5447.35,5444.7,5444.7
1713,2024-02-07 12:46:00,5444.85,5447.9,5443.7,5443.7
1714,2024-02-07 12:47:00,5444.25,5445.9,5443.55,5444.05
1715,2024-02-07 12:48:00,5444.0,5445.6,5443.7,5443.7
1716,2024-02-07 12:49:00,5443.8,5445.95,5443.6,5443.7
1717,2024-02-07 12:50:00,5446.0,5446.0,5443.6,5443.7
1718,2024-02-07 12:51:00,5442.75,5445.9,5442.75,5445.8
1719,2024-02-07 12:52:00,5444.7,5446.0,5444.65,5444.65
1720,2024-02-07 12:53:00,5444.8,5445.0,5444.15,5444.7
1721,2024-02-07 12:54:00,5444.9,5445.0,5444.7,5444.8
1722,2024-02-07 12:55:00,5444.7,5445.0,5444.65,5445.0
1723,2024-02-07 12:56:00,5444.75,5445.0,5444.65,5444.7
1724,2024-02-07 12:57:00,5444.75,5445.0,5442.7,5443.05
1725,2024-02-07 12:58:00,5443.95,5445.9,5442.7,5443.0
1726,2024-02-07 12:59:00,5443.05,5445.8,5442.85,5445.0
1727,2024-02-07 13:00:00,5443.3,5445.3,5442.7,5442.75
1728,2024-02-07 13:01:00,5442.85,5444.9,5442.7,5442.7
1729,2024-02-07 13:02:00,5443.3,5444.0,5440.5,5443.0
1730,2024-02-07 13:03:00,5442.75,5444.0,5442.7,5442.85
1731,2024-02-07 13:04:00,5442.9,5444.0,5442.7,5444.0
1732,2024-02-07 13:05:00,5442.7,5444.0,5442.7,5442.7
1733,2024-02-07 13:06:00,5442.75,5444.0,5442.7,5444.0
1734,2024-02-07 13:07:00,5442.7,5444.0,5442.7,5443.95
1735,2024-02-07 13:08:00,5444.0,5444.0,5442.7,5442.7
1736,2024-02-07 13:09:00,5444.0,5444.0,5442.7,5442.75
1737,2024-02-07 13:10:00,5443.95,5446.0,5442.7,5445.95
1738,2024-02-07 13:11:00,5445.0,5446.75,5443.8,5443.95
1739,2024-02-07 13:12:00,5443.8,5449.0,5443.3,5447.0
1740,2024-02-07 13:13:00,5447.9,5447.95,5445.1,5445.15
1741,2024-02-07 13:14:00,5445.1,5447.9,5444.8,5444.8
1742,2024-02-07 13:15:00,5444.85,5449.0,5444.0,5444.15
1743,2024-02-07 13:16:00,5444.2,5447.05,5443.6,5444.15
1744,2024-02-07 13:17:00,5446.9,5447.3,5444.0,5444.1
1745,2024-02-07 13:18:00,5444.0,5447.25,5444.0,5444.5
1746,2024-02-07 13:19:00,5445.9,5447.2,5443.1,5443.1
1747,2024-02-07 13:20:00,5443.35,5446.1,5442.85,5443.0
1748,2024-02-07 13:21:00,5445.5,5446.35,5444.4,5446.35
1749,2024-02-07 13:22:00,5446.4,5447.3,5442.8,5445.0
1750,2024-02-07 13:23:00,5447.0,5447.3,5444.8,5446.15
1751,2024-02-07 13:24:00,5447.3,5447.3,5444.85,5445.0
1752,2024-02-07 13:25:00,5446.8,5446.95,5444.05,5446.8
1753,2024-02-07 13:26:00,5444.0,5446.65,5443.3,5443.65
1754,2024-02-07 13:27:00,5444.4,5446.95,5444.15,5446.85
1755,2024-02-07 13:28:00,5444.45,5447.0,5443.15,5443.55
1756,2024-02-07 13:29:00,5443.6,5446.2,5443.0,5443.7
1757,2024-02-07 13:30:00,5443.0,5446.3,5442.7,5442.7
1758,2024-02-07 13:31:00,5444.9,5444.9,5442.0,5442.0
1759,2024-02-07 13:32:00,5443.0,5443.0,5440.0,5443.0
1760,2024-02-07 13:33:00,5440.5,5443.0,5440.5,5440.95
1761,2024-02-07 13:34:00,5443.0,5443.0,5440.0,5443.0
1762,2024-02-07 13:35:00,5440.55,5443.0,5440.05,5442.3
1763,2024-02-07 13:36:00,5442.35,5442.95,5440.05,5442.85
1764,2024-02-07 13:37:00,5442.05,5443.0,5440.3,5443.0
1765,2024-02-07 13:38:00,5440.6,5442.85,5439.05,5439.1
1766,2024-02-07 13:39:00,5441.45,5443.0,5439.05,5442.0
1767,2024-02-07 13:40:00,5439.15,5443.0,5439.15,5443.0
1768,2024-02-07 13:41:00,5442.95,5445.0,5441.5,5444.05
1769,2024-02-07 13:42:00,5444.0,5445.0,5444.0,5444.95
1770,2024-02-07 13:43:00,5444.0,5445.0,5444.0,5444.0
1771,2024-02-07 13:44:00,5444.45,5444.5,5439.1,5442.5
1772,2024-02-07 13:45:00,5439.25,5442.95,5439.1,5439.1
1773,2024-02-07 13:46:00,5441.5,5442.25,5439.05,5442.2
1774,2024-02-07 13:47:00,5439.1,5442.25,5439.0,5440.0
1775,2024-02-07 13:48:00,5439.4,5444.5,5439.1,5444.5
1776,2024-02-07 13:49:00,5439.45,5444.35,5439.1,5440.05
1777,2024-02-07 13:50:00,5441.05,5442.7,5439.1,5440.0
1778,2024-02-07 13:51:00,5440.1,5440.1,5439.5,5439.5
1779,2024-02-07 13:52:00,5439.65,5439.7,5439.05,5439.25
1780,2024-02-07 13:53:00,5439.1,5444.3,5439.1,5441.8
1781,2024-02-07 13:54:00,5441.7,5444.6,5439.1,5440.0
1782,2024-02-07 13:55:00,5440.95,5443.15,5440.0,5442.75
1783,2024-02-07 13:56:00,5440.3,5442.8,5440.15,5442.55
1784,2024-02-07 13:57:00,5442.5,5446.0,5440.5,5443.0
1785,2024-02-07 13:58:00,5445.95,5448.45,5443.15,5448.45
1786,2024-02-07 13:59:00,5446.6,5449.0,5445.1,5448.65
1787,2024-02-07 14:00:00,5447.25,5448.7,5446.0,5446.1
1788,2024-02-07 14:01:00,5446.8,5448.25,5446.0,5448.25
1789,2024-02-07 14:02:00,5450.0,5450.0,5445.0,5446.75
1790,2024-02-07 14:03:00,5446.8,5446.8,5444.5,5444.75
1791,2024-02-07 14:04:00,5444.95,5445.0,5444.0,5444.05
1792,2024-02-07 14:05:00,5444.35,5444.35,5440.4,5442.85
1793,2024-02-07 14:06:00,5442.0,5445.35,5440.65,5442.0
1794,2024-02-07 14:07:00,5441.1,5443.85,5439.9,5443.85
1795,2024-02-07 14:08:00,5443.5,5444.05,5440.15,5440.55
1796,2024-02-07 14:09:00,5440.5,5442.65,5439.9,5440.05
1797,2024-02-07 14:10:00,5440.8,5446.85,5440.3,5446.55
1798,2024-02-07 14:11:00,5446.6,5450.0,5445.15,5450.0
1799,2024-02-07 14:12:00,5448.15,5450.0,5446.7,5450.0
1800,2024-02-07 14:13:00,5449.95,5450.0,5446.8,5449.85
1801,2024-02-07 14:14:00,5447.6,5450.0,5447.25,5450.0
1802,2024-02-07 14:15:00,5449.95,5450.0,5446.85,5447.65
1803,2024-02-07 14:16:00,5447.7,5449.95,5447.0,5448.0
1804,2024-02-07 14:17:00,5449.05,5449.05,5446.6,5446.6
1805,2024-02-07 14:18:00,5447.1,5450.0,5446.55,5449.1
1806,2024-02-07 14:19:00,5449.05,5450.0,5448.1,5448.1
1807,2024-02-07 14:20:00,5449.8,5450.0,5448.1,5449.95
1808,2024-02-07 14:21:00,5449.0,5450.0,5448.2,5448.2
1809,2024-02-07 14:22:00,5448.8,5448.85,5446.65,5446.65
1810,2024-02-07 14:23:00,5447.15,5447.75,5446.6,5446.6
1811,2024-02-07 14:24:00,5446.65,5447.4,5446.6,5446.9
1812,2024-02-07 14:25:00,5446.65,5448.65,5446.65,5446.85
1813,2024-02-07 14:26:00,5448.4,5448.4,5446.6,5446.65
1814,2024-02-07 14:27:00,5447.15,5450.0,5446.75,5448.0
1815,2024-02-07 14:28:00,5447.7,5449.55,5446.7,5447.05
1816,2024-02-07 14:29:00,5448.0,5448.75,5446.4,5446.65
1817,2024-02-07 14:30:00,5446.85,5446.85,5446.55,5446.7
1818,2024-02-07 14:31:00,5446.75,5447.95,5446.5,5446.7
1819,2024-02-07 14:32:00,5447.85,5447.85,5446.55,5446.65
1820,2024-02-07 14:33:00,5446.8,5446.8,5446.55,5446.65
1821,2024-02-07 14:34:00,5446.7,5446.8,5446.6,5446.8
1822,2024-02-07 14:35:00,5448.7,5448.7,5446.65,5448.65
1823,2024-02-07 14:36:00,5448.55,5450.0,5448.55,5448.55
1824,2024-02-07 14:37:00,5448.6,5449.9,5448.55,5448.55
1825,2024-02-07 14:38:00,5447.0,5448.9,5446.65,5446.65
1826,2024-02-07 14:39:00,5446.6,5446.6,5439.8,5442.25
1827,2024-02-07 14:40:00,5442.3,5445.1,5439.8,5441.25
1828,2024-02-07 14:41:00,5441.3,5445.05,5441.25,5443.15
1829,2024-02-07 14:42:00,5446.4,5446.5,5441.75,5442.8
1830,2024-02-07 14:43:00,5445.6,5445.6,5441.0,5441.7
1831,2024-02-07 14:44:00,5441.75,5445.05,5441.75,5444.05
1832,2024-02-07 14:45:00,5444.0,5444.5,5444.0,5444.0
1833,2024-02-07 14:46:00,5444.4,5445.0,5444.0,5445.0
1834,2024-02-07 14:47:00,5445.3,5445.3,5442.2,5442.55
1835,2024-02-07 14:48:00,5445.45,5445.45,5441.4,5444.3
1836,2024-02-07 14:49:00,5444.6,5446.55,5442.15,5443.35
1837,2024-02-07 14:50:00,5443.3,5445.8,5443.3,5444.95
1838,2024-02-07 14:51:00,5443.75,5446.6,5443.35,5443.95
1839,2024-02-07 14:52:00,5446.3,5446.5,5443.35,5443.5
1840,2024-02-07 14:53:00,5443.55,5447.35,5443.55,5447.35
1841,2024-02-07 14:54:00,5444.25,5448.25,5444.25,5446.0
1842,2024-02-07 14:55:00,5447.05,5448.5,5445.9,5446.15
1843,2024-02-07 14:56:00,5447.25,5449.95,5446.05,5448.5
1844,2024-02-07 14:57:00,5446.05,5448.15,5444.55,5444.65
1845,2024-02-07 14:58:00,5445.4,5448.0,5444.3,5447.95
1846,2024-02-07 14:59:00,5447.75,5450.0,5447.75,5450.0
1847,2024-02-07 15:00:00,5449.15,5452.45,5448.65,5449.7
1848,2024-02-07 15:01:00,5449.75,5450.0,5448.0,5448.0
1849,2024-02-07 15:02:00,5449.65,5449.65,5442.6,5444.85
1850,2024-02-07 15:03:00,5446.0,5448.7,5444.8,5446.35
1851,2024-02-07 15:04:00,5447.45,5450.0,5444.8,5448.0
1852,2024-02-07 15:05:00,5449.9,5449.9,5448.1,5449.0
1853,2024-02-07 15:06:00,5449.1,5450.0,5447.2,5447.2
1854,2024-02-07 15:07:00,5448.55,5448.55,5443.15,5445.15
1855,2024-02-07 15:08:00,5448.15,5448.7,5443.0,5443.35
1856,2024-02-07 15:09:00,5444.9,5445.0,5442.0,5445.0
1857,2024-02-07 15:10:00,5443.85,5445.0,5441.95,5443.8
1858,2024-02-07 15:11:00,5442.6,5445.0,5442.6,5445.0
1859,2024-02-07 15:12:00,5444.95,5445.0,5443.6,5445.0
1860,2024-02-07 15:13:00,5444.95,5446.75,5443.5,5445.05
1861,2024-02-07 15:14:00,5447.25,5449.65,5445.1,5447.05
1862,2024-02-07 15:15:00,5448.75,5449.6,5445.1,5449.5
1863,2024-02-07 15:16:00,5447.1,5449.95,5442.3,5442.9
1864,2024-02-07 15:17:00,5444.85,5445.15,5442.8,5443.7
1865,2024-02-07 15:18:00,5443.85,5447.0,5443.65,5445.65
1866,2024-02-07 15:19:00,5445.6,5449.0,5445.0,5446.15
1867,2024-02-07 15:20:00,5446.1,5448.15,5446.1,5446.6
1868,2024-02-07 15:21:00,5446.65,5447.4,5446.05,5446.65
1869,2024-02-07 15:22:00,5447.15,5449.0,5444.5,5444.7
1870,2024-02-07 15:23:00,5444.95,5450.0,5444.9,5449.4
1871,2024-02-07 15:24:00,5449.45,5450.0,5446.45,5446.45
1872,2024-02-07 15:25:00,5448.75,5450.0,5446.5,5448.45
1873,2024-02-07 15:26:00,5450.0,5450.0,5447.0,5447.35
1874,2024-02-07 15:27:00,5447.05,5450.0,5446.0,5446.0
1875,2024-02-07 15:28:00,5449.3,5449.95,5445.0,5448.85
1876,2024-02-07 15:29:00,5448.95,5449.0,5445.0,5445.0
1877,2024-02-08 09:15:00,5466.5,5466.5,5449.7,5458.2
1878,2024-02-08 09:16:00,5461.35,5490.0,5461.35,5488.8
1879,2024-02-08 09:17:00,5485.1,5487.8,5475.05,5479.0
1880,2024-02-08 09:18:00,5480.75,5481.6,5469.1,5473.95
1881,2024-02-08 09:19:00,5474.0,5474.0,5467.15,5468.45
1882,2024-02-08 09:20:00,5467.15,5480.0,5464.0,5478.25
1883,2024-02-08 09:21:00,5480.0,5480.0,5470.0,5472.5
1884,2024-02-08 09:22:00,5470.55,5475.0,5469.05,5472.6
1885,2024-02-08 09:23:00,5469.9,5472.6,5467.55,5469.95
1886,2024-02-08 09:24:00,5469.15,5469.75,5468.0,5469.55
1887,2024-02-08 09:25:00,5472.85,5475.15,5469.7,5470.55
1888,2024-02-08 09:26:00,5469.15,5469.15,5464.65,5467.55
1889,2024-02-08 09:27:00,5465.0,5467.5,5464.55,5466.1
1890,2024-02-08 09:28:00,5466.05,5466.15,5461.7,5461.7
1891,2024-02-08 09:29:00,5461.45,5462.85,5459.85,5460.0
1892,2024-02-08 09:30:00,5459.45,5462.4,5459.0,5460.85
1893,2024-02-08 09:31:00,5459.0,5467.15,5457.5,5467.15
1894,2024-02-08 09:32:00,5467.1,5474.95,5467.1,5468.15
1895,2024-02-08 09:33:00,5468.6,5471.75,5464.7,5467.0
1896,2024-02-08 09:34:00,5464.65,5467.55,5460.8,5463.85
1897,2024-02-08 09:35:00,5462.05,5465.2,5459.6,5462.35
1898,2024-02-08 09:36:00,5460.05,5462.3,5458.55,5460.8
1899,2024-02-08 09:37:00,5458.5,5460.8,5454.05,5456.15
1900,2024-02-08 09:38:00,5452.5,5456.0,5451.05,5453.95
1901,2024-02-08 09:39:00,5453.9,5453.9,5445.0,5447.0
1902,2024-02-08 09:40:00,5445.0,5447.0,5442.25,5444.9
1903,2024-02-08 09:41:00,5448.0,5449.0,5443.1,5446.8
1904,2024-02-08 09:42:00,5443.45,5449.0,5440.55,5449.0
1905,2024-02-08 09:43:00,5450.0,5457.45,5447.0,5457.45
1906,2024-02-08 09:44:00,5454.25,5457.45,5451.1,5454.5
1907,2024-02-08 09:45:00,5454.6,5459.1,5450.25,5454.15
1908,2024-02-08 09:46:00,5457.55,5458.95,5453.0,5455.0
1909,2024-02-08 09:47:00,5455.45,5455.45,5451.0,5452.85
1910,2024-02-08 09:48:00,5452.75,5457.9,5452.0,5456.2
1911,2024-02-08 09:49:00,5455.0,5456.1,5451.0,5451.8
1912,2024-02-08 09:50:00,5451.0,5455.45,5451.0,5453.45
1913,2024-02-08 09:51:00,5452.85,5453.4,5446.0,5450.55
1914,2024-02-08 09:52:00,5451.05,5452.1,5448.5,5452.1
1915,2024-02-08 09:53:00,5453.25,5456.9,5448.0,5448.0
1916,2024-02-08 09:54:00,5449.9,5449.9,5446.0,5448.3
1917,2024-02-08 09:55:00,5446.35,5448.4,5446.0,5447.3
1918,2024-02-08 09:56:00,5446.05,5452.9,5446.05,5450.45
1919,2024-02-08 09:57:00,5451.55,5451.65,5447.05,5448.7
1920,2024-02-08 09:58:00,5448.6,5448.75,5447.25,5448.75
1921,2024-02-08 09:59:00,5448.9,5449.85,5445.0,5445.1
1922,2024-02-08 10:00:00,5445.0,5446.2,5441.15,5446.1
1923,2024-02-08 10:01:00,5446.3,5446.3,5443.2,5444.2
1924,2024-02-08 10:02:00,5444.25,5444.25,5440.25,5440.25
1925,2024-02-08 10:03:00,5441.85,5442.5,5439.95,5440.0
1926,2024-02-08 10:04:00,5440.05,5443.75,5440.0,5443.65
1927,2024-02-08 10:05:00,5448.5,5448.5,5440.1,5444.6
1928,2024-02-08 10:06:00,5446.0,5450.0,5442.65,5449.55
1929,2024-02-08 10:07:00,5449.65,5456.25,5447.3,5455.55
1930,2024-02-08 10:08:00,5452.65,5455.2,5450.0,5450.0
1931,2024-02-08 10:09:00,5450.75,5453.65,5450.0,5452.35
1932,2024-02-08 10:10:00,5450.9,5454.8,5450.0,5452.15
1933,2024-02-08 10:11:00,5450.0,5452.5,5450.0,5451.25
1934,2024-02-08 10:12:00,5452.15,5452.15,5449.55,5450.05
1935,2024-02-08 10:13:00,5450.3,5452.35,5450.3,5452.25
1936,2024-02-08 10:14:00,5451.0,5452.5,5450.5,5450.6
1937,2024-02-08 10:15:00,5450.55,5450.65,5450.0,5450.05
1938,2024-02-08 10:16:00,5450.0,5450.0,5447.9,5447.9
1939,2024-02-08 10:17:00,5447.95,5451.0,5447.9,5448.1
1940,2024-02-08 10:18:00,5448.35,5448.35,5447.9,5447.9
1941,2024-02-08 10:19:00,5449.45,5449.45,5447.9,5448.4
1942,2024-02-08 10:20:00,5448.3,5448.5,5447.9,5448.25
1943,2024-02-08 10:21:00,5448.5,5448.5,5447.9,5447.9
1944,2024-02-08 10:22:00,5448.05,5451.0,5447.9,5449.9
1945,2024-02-08 10:23:00,5449.85,5451.6,5448.0,5448.8
1946,2024-02-08 10:24:00,5449.6,5452.0,5448.0,5452.0
1947,2024-02-08 10:25:00,5451.05,5451.05,5450.0,5450.3
1948,2024-02-08 10:26:00,5450.35,5456.0,5450.0,5455.05
1949,2024-02-08 10:27:00,5456.0,5456.0,5454.05,5454.9
1950,2024-02-08 10:28:00,5455.95,5456.0,5454.05,5456.0
1951,2024-02-08 10:29:00,5457.0,5460.0,5456.0,5459.8
1952,2024-02-08 10:30:00,5460.0,5460.0,5452.35,5457.3
1953,2024-02-08 10:31:00,5459.0,5461.0,5457.2,5457.5
1954,2024-02-08 10:32:00,5460.4,5460.4,5457.5,5457.5
1955,2024-02-08 10:33:00,5458.95,5459.0,5457.5,5458.65
1956,2024-02-08 10:34:00,5458.75,5458.75,5456.35,5456.7
1957,2024-02-08 10:35:00,5457.05,5458.45,5452.85,5455.9
1958,2024-02-08 10:36:00,5452.85,5454.0,5452.2,5452.7
1959,2024-02-08 10:37:00,5452.55,5457.45,5452.55,5457.45
1960,2024-02-08 10:38:00,5457.35,5461.0,5455.55,5460.9
1961,2024-02-08 10:39:00,5458.6,5460.35,5455.05,5457.05
1962,2024-02-08 10:40:00,5457.1,5457.95,5452.55,5453.3
1963,2024-02-08 10:41:00,5455.25,5455.95,5452.55,5452.75
1964,2024-02-08 10:42:00,5452.6,5453.4,5452.55,5452.9
1965,2024-02-08 10:43:00,5452.55,5453.05,5452.55,5452.55
1966,2024-02-08 10:44:00,5452.75,5452.75,5452.55,5452.55
1967,2024-02-08 10:45:00,5452.6,5453.6,5452.55,5453.6
1968,2024-02-08 10:46:00,5455.0,5455.0,5452.55,5453.35
1969,2024-02-08 10:47:00,5453.3,5455.0,5452.55,5453.25
1970,2024-02-08 10:48:00,5453.6,5453.95,5452.5,5452.7
1971,2024-02-08 10:49:00,5452.95,5453.0,5452.55,5452.55
1972,2024-02-08 10:50:00,5452.6,5455.0,5452.55,5454.5
1973,2024-02-08 10:51:00,5453.0,5454.6,5452.55,5452.55
1974,2024-02-08 10:52:00,5452.7,5453.0,5452.55,5452.55
1975,2024-02-08 10:53:00,5452.8,5452.8,5452.55,5452.75
1976,2024-02-08 10:54:00,5452.55,5452.9,5452.55,5452.55
1977,2024-02-08 10:55:00,5452.6,5453.75,5452.55,5453.2
1978,2024-02-08 10:56:00,5453.6,5456.85,5452.55,5455.4
1979,2024-02-08 10:57:00,5457.4,5457.4,5452.55,5452.9
1980,2024-02-08 10:58:00,5452.55,5452.85,5452.45,5452.65
1981,2024-02-08 10:59:00,5452.55,5452.95,5452.55,5452.75
1982,2024-02-08 11:00:00,5453.6,5455.7,5452.45,5454.3
1983,2024-02-08 11:01:00,5454.25,5454.3,5452.55,5452.75
1984,2024-02-08 11:02:00,5452.8,5452.8,5452.55,5452.55
1985,2024-02-08 11:03:00,5452.6,5452.6,5452.55,5452.55
1986,2024-02-08 11:04:00,5452.6,5452.6,5449.4,5452.55
1987,2024-02-08 11:05:00,5452.6,5455.3,5452.55,5454.8
1988,2024-02-08 11:06:00,5454.85,5455.2,5451.75,5452.65
1989,2024-02-08 11:07:00,5452.55,5452.55,5430.3,5436.25
1990,2024-02-08 11:08:00,5436.15,5437.55,5430.0,5432.4
1991,2024-02-08 11:09:00,5431.9,5433.0,5420.0,5424.5
1992,2024-02-08 11:10:00,5424.35,5427.0,5421.0,5424.05
1993,2024-02-08 11:11:00,5422.7,5427.3,5421.0,5422.1
1994,2024-02-08 11:12:00,5421.0,5422.0,5415.15,5417.65
1995,2024-02-08 11:13:00,5419.55,5422.6,5412.0,5413.2
1996,2024-02-08 11:14:00,5413.25,5414.15,5404.6,5406.1
1997,2024-02-08 11:15:00,5408.0,5411.95,5405.8,5408.65
1998,2024-02-08 11:16:00,5409.35,5416.0,5407.8,5410.5
1999,2024-02-08 11:17:00,5415.85,5419.45,5409.35,5410.5
2000,2024-02-08 11:18:00,5412.85,5412.85,5410.5,5412.5
2001,2024-02-08 11:19:00,5412.45,5412.45,5405.2,5406.15
2002,2024-02-08 11:20:00,5408.45,5410.0,5403.05,5405.1
2003,2024-02-08 11:21:00,5405.0,5407.7,5405.0,5405.8
2004,2024-02-08 11:22:00,5405.0,5407.7,5403.25,5407.7
2005,2024-02-08 11:23:00,5406.5,5406.5,5401.25,5404.0
2006,2024-02-08 11:24:00,5401.3,5404.15,5401.1,5402.0
2007,2024-02-08 11:25:00,5403.8,5404.9,5402.0,5403.0
2008,2024-02-08 11:26:00,5405.05,5409.3,5405.0,5405.75
2009,2024-02-08 11:27:00,5405.25,5412.8,5405.25,5411.7
2010,2024-02-08 11:28:00,5412.9,5412.95,5409.0,5410.0
2011,2024-02-08 11:29:00,5410.15,5412.2,5406.85,5410.0
2012,2024-02-08 11:30:00,5408.95,5410.5,5408.0,5410.0
2013,2024-02-08 11:31:00,5410.05,5410.55,5408.05,5408.05
2014,2024-02-08 11:32:00,5408.0,5411.85,5408.0,5410.0
2015,2024-02-08 11:33:00,5410.35,5410.35,5405.25,5407.0
2016,2024-02-08 11:34:00,5407.05,5411.95,5407.0,5410.9
2017,2024-02-08 11:35:00,5410.95,5420.0,5410.0,5413.55
2018,2024-02-08 11:36:00,5416.7,5416.7,5413.15,5416.0
2019,2024-02-08 11:37:00,5413.05,5416.0,5411.4,5412.0
2020,2024-02-08 11:38:00,5413.05,5416.25,5410.0,5411.05
2021,2024-02-08 11:39:00,5412.9,5413.65,5410.1,5410.45
2022,2024-02-08 11:40:00,5413.05,5413.8,5410.05,5413.8
2023,2024-02-08 11:41:00,5414.9,5417.1,5411.0,5417.1
2024,2024-02-08 11:42:00,5418.75,5419.95,5415.05,5416.5
2025,2024-02-08 11:43:00,5415.1,5416.6,5412.4,5415.3
2026,2024-02-08 11:44:00,5413.55,5417.2,5412.45,5415.0
2027,2024-02-08 11:45:00,5417.4,5419.2,5412.5,5416.25
2028,2024-02-08 11:46:00,5418.1,5419.55,5412.8,5415.7
2029,2024-02-08 11:47:00,5415.75,5420.0,5415.75,5419.55
2030,2024-02-08 11:48:00,5419.6,5424.9,5415.95,5424.9
2031,2024-02-08 11:49:00,5424.8,5424.8,5416.55,5422.85
2032,2024-02-08 11:50:00,5420.0,5425.85,5419.3,5424.35
2033,2024-02-08 11:51:00,5425.0,5426.0,5422.1,5423.65
2034,2024-02-08 11:52:00,5425.4,5425.7,5420.0,5420.1
2035,2024-02-08 11:53:00,5419.45,5422.7,5419.45,5422.7
2036,2024-02-08 11:54:00,5428.7,5433.5,5427.0,5429.95
2037,2024-02-08 11:55:00,5430.35,5434.25,5430.25,5430.55
2038,2024-02-08 11:56:00,5430.6,5434.1,5429.45,5430.0
2039,2024-02-08 11:57:00,5431.75,5435.45,5430.0,5433.3
2040,2024-02-08 11:58:00,5434.4,5441.15,5434.0,5437.45
2041,2024-02-08 11:59:00,5438.6,5438.6,5435.0,5435.0
2042,2024-02-08 12:00:00,5435.05,5442.25,5435.0,5440.4
2043,2024-02-08 12:01:00,5440.3,5442.25,5436.5,5436.65
2044,2024-02-08 12:02:00,5439.5,5439.95,5435.0,5435.6
2045,2024-02-08 12:03:00,5438.15,5438.15,5435.0,5437.65
2046,2024-02-08 12:04:00,5435.65,5439.95,5435.6,5438.45
2047,2024-02-08 12:05:00,5437.6,5438.45,5435.45,5436.2
2048,2024-02-08 12:06:00,5437.2,5438.1,5436.0,5437.55
2049,2024-02-08 12:07:00,5437.6,5437.6,5435.0,5435.45
2050,2024-02-08 12:08:00,5435.1,5436.4,5434.1,5435.0
2051,2024-02-08 12:09:00,5434.1,5439.7,5434.1,5436.65
2052,2024-02-08 12:10:00,5436.6,5439.7,5436.6,5437.65
2053,2024-02-08 12:11:00,5436.65,5439.95,5436.0,5436.0
2054,2024-02-08 12:12:00,5438.5,5444.95,5436.05,5443.95
2055,2024-02-08 12:13:00,5444.3,5448.25,5440.95,5442.1
2056,2024-02-08 12:14:00,5445.4,5445.4,5442.0,5442.2
2057,2024-02-08 12:15:00,5444.8,5444.8,5442.2,5442.2
2058,2024-02-08 12:16:00,5442.25,5445.45,5442.1,5445.45
2059,2024-02-08 12:17:00,5445.5,5446.75,5441.4,5441.65
2060,2024-02-08 12:18:00,5441.4,5446.95,5439.75,5444.05
2061,2024-02-08 12:19:00,5443.55,5448.95,5443.15,5445.9
2062,2024-02-08 12:20:00,5446.3,5449.55,5445.0,5445.0
2063,2024-02-08 12:21:00,5444.15,5444.75,5441.4,5444.15
2064,2024-02-08 12:22:00,5445.2,5449.5,5443.05,5447.45
2065,2024-02-08 12:23:00,5449.25,5449.25,5443.55,5443.55
2066,2024-02-08 12:24:00,5443.35,5447.5,5443.35,5446.3
2067,2024-02-08 12:25:00,5447.15,5450.0,5446.7,5449.0
2068,2024-02-08 12:26:00,5449.5,5449.5,5442.7,5442.7
2069,2024-02-08 12:27:00,5442.75,5445.0,5441.75,5444.95
2070,2024-02-08 12:28:00,5445.0,5446.1,5441.7,5443.95
2071,2024-02-08 12:29:00,5443.75,5446.1,5443.0,5443.15
2072,2024-02-08 12:30:00,5445.6,5447.45,5443.0,5443.1
2073,2024-02-08 12:31:00,5443.0,5448.45,5443.0,5446.55
2074,2024-02-08 12:32:00,5447.5,5447.6,5445.05,5445.1
2075,2024-02-08 12:33:00,5447.45,5449.85,5445.1,5449.85
2076,2024-02-08 12:34:00,5449.75,5450.0,5445.25,5446.7
2077,2024-02-08 12:35:00,5446.65,5447.95,5444.8,5446.05
2078,2024-02-08 12:36:00,5445.95,5458.45,5445.95,5456.85
2079,2024-02-08 12:37:00,5456.9,5459.95,5455.25,5457.4
2080,2024-02-08 12:38:00,5458.4,5458.4,5456.0,5457.9
2081,2024-02-08 12:39:00,5457.95,5457.95,5451.75,5451.85
2082,2024-02-08 12:40:00,5452.5,5456.75,5451.65,5452.7
2083,2024-02-08 12:41:00,5453.5,5455.5,5452.05,5453.55
2084,2024-02-08 12:42:00,5453.8,5454.05,5448.0,5449.1
2085,2024-02-08 12:43:00,5450.35,5451.0,5445.0,5447.35
2086,2024-02-08 12:44:00,5447.75,5447.95,5445.1,5447.9
2087,2024-02-08 12:45:00,5447.7,5447.7,5445.1,5446.3
2088,2024-02-08 12:46:00,5446.95,5449.5,5445.75,5446.95
2089,2024-02-08 12:47:00,5447.0,5449.75,5445.0,5445.55
2090,2024-02-08 12:48:00,5447.95,5447.95,5445.6,5447.15
2091,2024-02-08 12:49:00,5447.2,5447.2,5445.0,5445.05
2092,2024-02-08 12:50:00,5445.3,5447.7,5443.0,5443.0
2093,2024-02-08 12:51:00,5442.15,5444.65,5440.2,5441.25
2094,2024-02-08 12:52:00,5441.15,5442.95,5440.15,5440.8
2095,2024-02-08 12:53:00,5441.15,5441.15,5434.9,5437.0
2096,2024-02-08 12:54:00,5435.45,5437.6,5434.2,5435.55
2097,2024-02-08 12:55:00,5437.95,5437.95,5434.1,5434.1
2098,2024-02-08 12:56:00,5435.3,5435.3,5432.55,5432.65
2099,2024-02-08 12:57:00,5430.0,5433.4,5429.8,5431.35
2100,2024-02-08 12:58:00,5432.6,5440.55,5430.0,5440.5
2101,2024-02-08 12:59:00,5442.3,5443.45,5436.3,5437.55
2102,2024-02-08 13:00:00,5438.3,5444.45,5437.8,5439.05
2103,2024-02-08 13:01:00,5441.4,5441.4,5432.05,5433.55
2104,2024-02-08 13:02:00,5433.8,5433.8,5430.0,5432.3
2105,2024-02-08 13:03:00,5432.35,5440.0,5430.9,5434.25
2106,2024-02-08 13:04:00,5432.45,5440.0,5431.55,5432.65
2107,2024-02-08 13:05:00,5432.35,5434.5,5431.2,5432.55
2108,2024-02-08 13:06:00,5433.4,5440.0,5433.4,5436.0
2109,2024-02-08 13:07:00,5435.35,5440.0,5435.1,5438.05
2110,2024-02-08 13:08:00,5436.8,5443.45,5436.0,5440.95
2111,2024-02-08 13:09:00,5443.9,5447.95,5441.6,5446.6
2112,2024-02-08 13:10:00,5447.95,5447.95,5443.45,5444.2
2113,2024-02-08 13:11:00,5445.35,5449.4,5443.55,5449.4
2114,2024-02-08 13:12:00,5447.45,5451.1,5446.1,5450.0
2115,2024-02-08 13:13:00,5450.95,5452.45,5443.6,5446.0
2116,2024-02-08 13:14:00,5446.6,5447.6,5442.5,5443.2
2117,2024-02-08 13:15:00,5443.0,5446.45,5440.3,5446.1
2118,2024-02-08 13:16:00,5445.95,5447.9,5442.2,5446.15
2119,2024-02-08 13:17:00,5448.05,5448.1,5440.65,5442.7
2120,2024-02-08 13:18:00,5444.35,5445.2,5441.0,5441.05
2121,2024-02-08 13:19:00,5440.7,5445.95,5440.65,5444.85
2122,2024-02-08 13:20:00,5445.4,5445.85,5441.0,5441.75
2123,2024-02-08 13:21:00,5441.85,5442.6,5440.0,5440.0
2124,2024-02-08 13:22:00,5440.7,5441.15,5434.0,5437.45
2125,2024-02-08 13:23:00,5435.75,5439.85,5434.05,5436.35
2126,2024-02-08 13:24:00,5435.25,5436.35,5432.05,5434.2
2127,2024-02-08 13:25:00,5435.55,5440.0,5432.15,5435.45
2128,2024-02-08 13:26:00,5435.4,5440.0,5434.4,5437.3
2129,2024-02-08 13:27:00,5436.35,5436.35,5434.4,5435.85
2130,2024-02-08 13:28:00,5436.05,5436.4,5434.4,5436.0
2131,2024-02-08 13:29:00,5435.8,5444.55,5434.55,5443.85
2132,2024-02-08 13:30:00,5443.55,5447.0,5440.85,5445.5
2133,2024-02-08 13:31:00,5444.1,5446.1,5442.6,5443.2
2134,2024-02-08 13:32:00,5445.95,5448.1,5442.25,5445.25
2135,2024-02-08 13:33:00,5445.5,5449.45,5444.8,5449.0
2136,2024-02-08 13:34:00,5448.95,5452.7,5448.0,5451.65
2137,2024-02-08 13:35:00,5450.8,5451.3,5450.0,5450.0
2138,2024-02-08 13:36:00,5450.65,5451.3,5450.0,5450.3
2139,2024-02-08 13:37:00,5451.65,5452.2,5449.35,5450.55
2140,2024-02-08 13:38:00,5450.0,5459.8,5450.0,5456.9
2141,2024-02-08 13:39:00,5456.5,5456.9,5451.2,5454.65
2142,2024-02-08 13:40:00,5454.55,5456.0,5450.9,5452.05
2143,2024-02-08 13:41:00,5452.6,5452.6,5450.5,5450.5
2144,2024-02-08 13:42:00,5451.25,5457.35,5450.5,5453.55
2145,2024-02-08 13:43:00,5451.85,5459.0,5451.75,5458.45
2146,2024-02-08 13:44:00,5458.7,5458.7,5455.0,5455.0
2147,2024-02-08 13:45:00,5455.05,5455.15,5455.0,5455.05
2148,2024-02-08 13:46:00,5455.0,5456.7,5455.0,5455.25
2149,2024-02-08 13:47:00,5458.8,5458.8,5455.0,5456.35
2150,2024-02-08 13:48:00,5456.65,5456.65,5455.0,5455.0
2151,2024-02-08 13:49:00,5455.05,5458.15,5455.0,5457.65
2152,2024-02-08 13:50:00,5455.6,5456.65,5455.0,5455.35
2153,2024-02-08 13:51:00,5455.75,5459.75,5454.9,5457.0
2154,2024-02-08 13:52:00,5457.75,5460.55,5455.85,5458.15
2155,2024-02-08 13:53:00,5460.25,5460.25,5451.6,5451.95
2156,2024-02-08 13:54:00,5451.4,5453.5,5446.4,5448.1
2157,2024-02-08 13:55:00,5450.0,5453.0,5443.45,5451.4
2158,2024-02-08 13:56:00,5451.6,5453.0,5449.6,5450.7
2159,2024-02-08 13:57:00,5452.0,5452.0,5446.6,5446.6
2160,2024-02-08 13:58:00,5445.95,5451.15,5445.95,5450.0
2161,2024-02-08 13:59:00,5450.9,5450.9,5445.45,5445.45
2162,2024-02-08 14:00:00,5447.65,5448.95,5441.0,5441.85
2163,2024-02-08 14:01:00,5442.85,5447.85,5442.25,5445.0
2164,2024-02-08 14:02:00,5445.75,5445.75,5439.45,5440.35
2165,2024-02-08 14:03:00,5439.45,5441.65,5428.05,5430.8
2166,2024-02-08 14:04:00,5433.55,5434.6,5426.2,5427.65
2167,2024-02-08 14:05:00,5429.4,5431.4,5426.15,5426.3
2168,2024-02-08 14:06:00,5426.05,5431.6,5425.0,5425.25
2169,2024-02-08 14:07:00,5425.05,5425.05,5416.95,5416.95
2170,2024-02-08 14:08:00,5417.0,5418.75,5416.0,5418.75
2171,2024-02-08 14:09:00,5419.5,5419.5,5413.65,5413.7
2172,2024-02-08 14:10:00,5413.6,5419.5,5413.6,5418.2
2173,2024-02-08 14:11:00,5419.65,5420.25,5417.05,5418.7
2174,2024-02-08 14:12:00,5417.2,5418.6,5411.0,5415.0
2175,2024-02-08 14:13:00,5417.1,5417.1,5412.05,5414.15
2176,2024-02-08 14:14:00,5414.85,5414.85,5408.0,5413.6
2177,2024-02-08 14:15:00,5413.65,5415.55,5410.0,5414.85
2178,2024-02-08 14:16:00,5415.75,5416.15,5412.0,5414.4
2179,2024-02-08 14:17:00,5412.75,5424.65,5412.75,5415.5
2180,2024-02-08 14:18:00,5415.25,5424.85,5415.1,5422.65
2181,2024-02-08 14:19:00,5423.9,5423.9,5417.9,5421.05
2182,2024-02-08 14:20:00,5421.8,5422.6,5415.0,5415.0
2183,2024-02-08 14:21:00,5415.05,5415.6,5410.6,5410.6
2184,2024-02-08 14:22:00,5412.65,5413.5,5405.0,5410.9
2185,2024-02-08 14:23:00,5410.3,5413.45,5407.8,5408.35
2186,2024-02-08 14:24:00,5408.0,5415.0,5408.0,5411.25
2187,2024-02-08 14:25:00,5411.9,5412.7,5407.55,5410.5
2188,2024-02-08 14:26:00,5411.85,5414.9,5409.1,5410.45
2189,2024-02-08 14:27:00,5413.2,5413.2,5409.1,5410.2
2190,2024-02-08 14:28:00,5410.05,5416.45,5409.2,5411.0
2191,2024-02-08 14:29:00,5413.4,5414.9,5409.9,5411.7
2192,2024-02-08 14:30:00,5412.35,5415.05,5410.15,5413.95
2193,2024-02-08 14:31:00,5411.4,5415.7,5410.0,5410.0
2194,2024-02-08 14:32:00,5410.25,5413.45,5410.2,5411.05
2195,2024-02-08 14:33:00,5411.1,5421.55,5411.1,5421.5
2196,2024-02-08 14:34:00,5420.0,5424.15,5417.15,5419.6
2197,2024-02-08 14:35:00,5420.2,5422.9,5419.25,5421.05
2198,2024-02-08 14:36:00,5420.15,5422.35,5419.1,5422.0
2199,2024-02-08 14:37:00,5423.65,5423.65,5419.15,5420.0
2200,2024-02-08 14:38:00,5421.3,5425.4,5420.0,5421.55
2201,2024-02-08 14:39:00,5420.05,5428.7,5420.05,5427.5
2202,2024-02-08 14:40:00,5425.9,5428.5,5421.5,5422.5
2203,2024-02-08 14:41:00,5420.7,5422.45,5419.1,5419.1
2204,2024-02-08 14:42:00,5419.15,5426.55,5419.15,5420.55
2205,2024-02-08 14:43:00,5423.25,5423.85,5419.15,5421.9
2206,2024-02-08 14:44:00,5421.95,5425.0,5420.85,5423.1
2207,2024-02-08 14:45:00,5422.85,5424.0,5421.3,5423.3
2208,2024-02-08 14:46:00,5422.0,5426.5,5421.6,5423.0
2209,2024-02-08 14:47:00,5422.0,5423.45,5421.1,5421.8
2210,2024-02-08 14:48:00,5421.7,5425.35,5421.65,5421.65
2211,2024-02-08 14:49:00,5422.6,5422.6,5419.1,5419.1
2212,2024-02-08 14:50:00,5419.55,5420.05,5413.55,5413.55
2213,2024-02-08 14:51:00,5416.35,5417.55,5413.0,5413.75
2214,2024-02-08 14:52:00,5413.6,5415.25,5412.4,5415.0
2215,2024-02-08 14:53:00,5415.25,5420.75,5414.15,5414.15
2216,2024-02-08 14:54:00,5414.35,5420.75,5414.35,5417.55
2217,2024-02-08 14:55:00,5416.55,5420.0,5415.0,5417.25
2218,2024-02-08 14:56:00,5418.2,5419.45,5413.2,5413.2
2219,2024-02-08 14:57:00,5415.95,5417.45,5415.0,5416.4
2220,2024-02-08 14:58:00,5416.0,5417.85,5409.0,5409.7
2221,2024-02-08 14:59:00,5410.4,5410.4,5408.0,5408.75
2222,2024-02-08 15:00:00,5412.0,5419.55,5407.5,5407.5
2223,2024-02-08 15:01:00,5407.65,5418.45,5407.5,5415.65
2224,2024-02-08 15:02:00,5416.65,5421.05,5410.9,5416.7
2225,2024-02-08 15:03:00,5415.55,5422.9,5414.95,5417.2
2226,2024-02-08 15:04:00,5416.15,5418.05,5409.0,5416.85
2227,2024-02-08 15:05:00,5418.15,5422.0,5411.8,5411.8
2228,2024-02-08 15:06:00,5411.0,5419.95,5411.0,5419.95
2229,2024-02-08 15:07:00,5419.8,5419.8,5416.1,5419.45
2230,2024-02-08 15:08:00,5417.4,5425.0,5416.0,5416.0
2231,2024-02-08 15:09:00,5415.85,5425.5,5414.15,5417.9
2232,2024-02-08 15:10:00,5416.05,5425.5,5416.05,5422.8
2233,2024-02-08 15:11:00,5424.75,5424.75,5419.05,5422.6
2234,2024-02-08 15:12:00,5422.65,5426.9,5420.55,5424.5
2235,2024-02-08 15:13:00,5426.9,5427.0,5420.7,5426.6
2236,2024-02-08 15:14:00,5427.0,5428.0,5423.2,5427.5
2237,2024-02-08 15:15:00,5427.9,5434.0,5421.5,5432.0
2238,2024-02-08 15:16:00,5434.0,5435.2,5420.95,5421.0
2239,2024-02-08 15:17:00,5424.25,5429.05,5420.6,5423.85
2240,2024-02-08 15:18:00,5424.2,5429.1,5418.05,5423.15
2241,2024-02-08 15:19:00,5425.0,5428.8,5418.15,5422.65
2242,2024-02-08 15:20:00,5423.4,5427.7,5418.05,5418.75
2243,2024-02-08 15:21:00,5421.55,5426.85,5416.5,5426.85
2244,2024-02-08 15:22:00,5424.55,5428.85,5420.15,5422.9
2245,2024-02-08 15:23:00,5425.25,5425.55,5416.95,5423.5
2246,2024-02-08 15:24:00,5424.0,5424.9,5416.05,5420.0
2247,2024-02-08 15:25:00,5422.55,5426.2,5416.85,5425.7
2248,2024-02-08 15:26:00,5426.1,5427.1,5416.45,5417.0
2249,2024-02-08 15:27:00,5416.8,5422.45,5415.0,5419.35
2250,2024-02-08 15:28:00,5419.4,5420.0,5405.15,5418.35
2251,2024-02-08 15:29:00,5421.75,5422.0,5413.5,5422.0
2252,2024-02-09 09:15:00,5464.9,5464.9,5436.45,5441.4
2253,2024-02-09 09:16:00,5443.45,5443.9,5430.0,5435.0
2254,2024-02-09 09:17:00,5435.25,5439.25,5421.6,5432.8
2255,2024-02-09 09:18:00,5436.85,5449.95,5431.7,5449.75
2256,2024-02-09 09:19:00,5447.95,5449.6,5437.25,5437.25
2257,2024-02-09 09:20:00,5437.15,5449.05,5437.15,5437.2
2258,2024-02-09 09:21:00,5440.25,5453.85,5440.25,5446.3
2259,2024-02-09 09:22:00,5451.65,5455.45,5446.15,5446.15
2260,2024-02-09 09:23:00,5451.75,5461.15,5447.85,5457.35
2261,2024-02-09 09:24:00,5455.6,5457.6,5451.2,5451.5
2262,2024-02-09 09:25:00,5455.85,5464.0,5455.85,5463.35
2263,2024-02-09 09:26:00,5462.5,5464.4,5458.6,5460.05
2264,2024-02-09 09:27:00,5460.9,5463.3,5452.6,5459.95
2265,2024-02-09 09:28:00,5462.55,5468.0,5461.35,5461.35
2266,2024-02-09 09:29:00,5460.1,5460.1,5451.5,5454.75
2267,2024-02-09 09:30:00,5451.35,5455.0,5445.0,5447.7
2268,2024-02-09 09:31:00,5445.0,5454.9,5445.0,5450.75
2269,2024-02-09 09:32:00,5450.2,5450.2,5445.7,5447.9
2270,2024-02-09 09:33:00,5445.5,5448.85,5443.7,5445.4
2271,2024-02-09 09:34:00,5448.85,5448.85,5443.8,5446.0
2272,2024-02-09 09:35:00,5443.35,5449.5,5443.35,5444.85
2273,2024-02-09 09:36:00,5448.45,5449.95,5444.2,5444.2
2274,2024-02-09 09:37:00,5443.0,5443.5,5431.7,5431.7
2275,2024-02-09 09:38:00,5433.4,5436.1,5432.0,5435.75
2276,2024-02-09 09:39:00,5430.1,5432.95,5430.1,5431.0
2277,2024-02-09 09:40:00,5433.95,5433.95,5425.0,5432.45
2278,2024-02-09 09:41:00,5431.0,5432.95,5425.25,5427.7
2279,2024-02-09 09:42:00,5425.25,5437.3,5425.25,5431.85
2280,2024-02-09 09:43:00,5430.05,5440.0,5429.4,5433.0
2281,2024-02-09 09:44:00,5433.75,5434.4,5430.0,5431.1
2282,2024-02-09 09:45:00,5433.85,5434.65,5430.0,5431.05
2283,2024-02-09 09:46:00,5430.05,5440.0,5430.05,5438.6
2284,2024-02-09 09:47:00,5439.45,5443.5,5435.2,5438.5
2285,2024-02-09 09:48:00,5440.05,5440.05,5426.5,5431.9
2286,2024-02-09 09:49:00,5430.0,5431.0,5421.85,5421.85
2287,2024-02-09 09:50:00,5423.9,5428.4,5415.0,5426.85
2288,2024-02-09 09:51:00,5428.0,5432.95,5425.05,5427.55
2289,2024-02-09 09:52:00,5425.05,5427.25,5420.4,5426.0
2290,2024-02-09 09:53:00,5423.05,5423.05,5417.9,5417.9
2291,2024-02-09 09:54:00,5420.5,5420.5,5410.0,5413.1
2292,2024-02-09 09:55:00,5413.0,5417.95,5412.5,5417.9
2293,2024-02-09 09:56:00,5413.15,5415.9,5412.0,5413.55
2294,2024-02-09 09:57:00,5413.0,5416.25,5410.0,5410.0
2295,2024-02-09 09:58:00,5414.05,5414.05,5410.0,5413.0
2296,2024-02-09 09:59:00,5414.5,5414.55,5407.0,5407.0
2297,2024-02-09 10:00:00,5405.55,5407.9,5400.0,5404.4
2298,2024-02-09 10:01:00,5401.2,5408.55,5395.0,5401.35
2299,2024-02-09 10:02:00,5406.0,5413.6,5403.55,5408.85
2300,2024-02-09 10:03:00,5407.65,5411.8,5403.0,5403.5
2301,2024-02-09 10:04:00,5406.9,5406.9,5403.0,5405.0
2302,2024-02-09 10:05:00,5405.75,5405.75,5396.0,5404.2
2303,2024-02-09 10:06:00,5400.95,5413.65,5400.7,5410.05
2304,2024-02-09 10:07:00,5410.25,5413.6,5405.65,5409.8
2305,2024-02-09 10:08:00,5409.85,5414.95,5408.3,5414.9
2306,2024-02-09 10:09:00,5414.95,5414.95,5409.4,5410.0
2307,2024-02-09 10:10:00,5414.55,5414.6,5409.85,5414.1
2308,2024-02-09 10:11:00,5414.4,5415.0,5411.5,5415.0
2309,2024-02-09 10:12:00,5413.0,5413.0,5405.9,5405.9
2310,2024-02-09 10:13:00,5407.2,5409.65,5405.0,5408.0
2311,2024-02-09 10:14:00,5408.95,5408.95,5405.2,5408.0
2312,2024-02-09 10:15:00,5407.85,5407.9,5405.45,5407.85
2313,2024-02-09 10:16:00,5405.85,5414.6,5405.85,5410.25
2314,2024-02-09 10:17:00,5412.25,5414.45,5411.0,5414.0
2315,2024-02-09 10:18:00,5411.2,5415.0,5409.05,5415.0
2316,2024-02-09 10:19:00,5412.7,5417.4,5410.65,5414.9
2317,2024-02-09 10:20:00,5412.4,5416.1,5406.2,5412.6
2318,2024-02-09 10:21:00,5412.5,5415.85,5407.8,5407.8
2319,2024-02-09 10:22:00,5412.5,5414.05,5407.5,5411.15
2320,2024-02-09 10:23:00,5408.0,5410.45,5407.5,5407.5
2321,2024-02-09 10:24:00,5409.65,5409.65,5400.0,5401.95
2322,2024-02-09 10:25:00,5400.0,5401.95,5395.0,5395.0
2323,2024-02-09 10:26:00,5398.35,5402.0,5393.5,5402.0
2324,2024-02-09 10:27:00,5405.0,5409.05,5402.4,5402.4
2325,2024-02-09 10:28:00,5405.9,5407.0,5402.0,5405.0
2326,2024-02-09 10:29:00,5402.45,5405.0,5398.0,5402.45
2327,2024-02-09 10:30:00,5400.0,5403.45,5398.05,5402.8
2328,2024-02-09 10:31:00,5403.15,5403.65,5398.0,5401.95
2329,2024-02-09 10:32:00,5399.65,5403.95,5398.05,5400.65
2330,2024-02-09 10:33:00,5400.15,5404.1,5398.25,5400.1
2331,2024-02-09 10:34:00,5400.4,5407.95,5400.4,5401.05
2332,2024-02-09 10:35:00,5403.9,5403.9,5398.35,5400.95
2333,2024-02-09 10:36:00,5400.0,5405.65,5398.35,5398.35
2334,2024-02-09 10:37:00,5400.0,5404.65,5398.35,5400.35
2335,2024-02-09 10:38:00,5400.95,5404.75,5398.0,5404.75
2336,2024-02-09 10:39:00,5400.45,5405.5,5398.7,5404.5
2337,2024-02-09 10:40:00,5403.1,5405.5,5400.15,5405.5
2338,2024-02-09 10:41:00,5403.65,5403.9,5400.1,5403.2
2339,2024-02-09 10:42:00,5400.5,5403.15,5400.0,5402.8
2340,2024-02-09 10:43:00,5400.0,5402.9,5397.05,5400.35
2341,2024-02-09 10:44:00,5397.05,5400.3,5396.2,5400.15
2342,2024-02-09 10:45:00,5396.4,5401.5,5396.4,5401.5
2343,2024-02-09 10:46:00,5396.5,5400.35,5396.4,5396.9
2344,2024-02-09 10:47:00,5396.85,5401.8,5396.4,5399.95
2345,2024-02-09 10:48:00,5396.7,5399.95,5396.7,5397.05
2346,2024-02-09 10:49:00,5399.65,5399.65,5396.85,5397.0
2347,2024-02-09 10:50:00,5399.0,5399.0,5397.0,5397.0
2348,2024-02-09 10:51:00,5399.0,5399.95,5391.1,5392.8
2349,2024-02-09 10:52:00,5391.1,5395.45,5390.0,5391.0
2350,2024-02-09 10:53:00,5390.25,5392.1,5386.35,5389.9
2351,2024-02-09 10:54:00,5387.5,5390.0,5386.15,5390.0
2352,2024-02-09 10:55:00,5387.0,5389.8,5385.05,5386.9
2353,2024-02-09 10:56:00,5385.05,5386.9,5380.05,5384.0
2354,2024-02-09 10:57:00,5383.5,5383.5,5371.15,5375.95
2355,2024-02-09 10:58:00,5374.5,5379.85,5374.45,5377.7
2356,2024-02-09 10:59:00,5375.35,5377.45,5372.05,5372.2
2357,2024-02-09 11:00:00,5372.35,5378.75,5372.35,5373.05
2358,2024-02-09 11:01:00,5374.0,5378.95,5373.05,5378.95
2359,2024-02-09 11:02:00,5376.35,5378.95,5374.7,5377.6
2360,2024-02-09 11:03:00,5375.1,5377.6,5370.0,5371.0
2361,2024-02-09 11:04:00,5372.1,5372.6,5367.0,5367.0
2362,2024-02-09 11:05:00,5367.1,5373.0,5366.0,5366.85
2363,2024-02-09 11:06:00,5369.75,5369.75,5364.0,5365.05
2364,2024-02-09 11:07:00,5364.45,5370.75,5364.05,5366.4
2365,2024-02-09 11:08:00,5366.35,5373.0,5366.0,5367.5
2366,2024-02-09 11:09:00,5366.0,5372.8,5365.05,5372.75
2367,2024-02-09 11:10:00,5369.25,5372.85,5365.5,5371.0
2368,2024-02-09 11:11:00,5367.65,5377.35,5367.65,5369.7
2369,2024-02-09 11:12:00,5369.6,5376.75,5366.0,5368.75
2370,2024-02-09 11:13:00,5366.0,5368.0,5362.45,5368.0
2371,2024-02-09 11:14:00,5365.1,5370.0,5365.05,5368.35
2372,2024-02-09 11:15:00,5368.0,5374.1,5366.2,5369.8
2373,2024-02-09 11:16:00,5366.25,5369.65,5365.05,5369.2
2374,2024-02-09 11:17:00,5366.6,5375.65,5366.6,5372.45
2375,2024-02-09 11:18:00,5370.0,5379.95,5370.0,5378.7
2376,2024-02-09 11:19:00,5375.1,5379.0,5375.1,5378.65
2377,2024-02-09 11:20:00,5375.4,5377.95,5375.0,5377.95
2378,2024-02-09 11:21:00,5375.1,5378.45,5375.0,5375.0
2379,2024-02-09 11:22:00,5377.15,5378.7,5375.0,5378.4
2380,2024-02-09 11:23:00,5375.15,5378.2,5371.55,5377.05
2381,2024-02-09 11:24:00,5375.0,5378.6,5375.0,5377.4
2382,2024-02-09 11:25:00,5375.0,5377.45,5375.0,5377.45
2383,2024-02-09 11:26:00,5375.0,5377.75,5375.0,5377.45
2384,2024-02-09 11:27:00,5377.1,5378.8,5375.0,5378.8
2385,2024-02-09 11:28:00,5375.95,5378.95,5375.05,5378.95
2386,2024-02-09 11:29:00,5378.8,5384.95,5377.55,5384.0
2387,2024-02-09 11:30:00,5382.35,5386.0,5382.35,5386.0
2388,2024-02-09 11:31:00,5385.0,5387.1,5381.5,5384.95
2389,2024-02-09 11:32:00,5382.65,5385.8,5381.5,5385.8
2390,2024-02-09 11:33:00,5384.5,5386.3,5382.35,5385.7
2391,2024-02-09 11:34:00,5386.8,5386.8,5383.15,5386.8
2392,2024-02-09 11:35:00,5386.7,5388.75,5383.65,5386.0
2393,2024-02-09 11:36:00,5385.0,5389.3,5385.0,5389.1
2394,2024-02-09 11:37:00,5387.05,5392.45,5387.05,5392.45
2395,2024-02-09 11:38:00,5390.0,5392.4,5389.1,5392.2
2396,2024-02-09 11:39:00,5390.05,5397.45,5388.1,5392.05
2397,2024-02-09 11:40:00,5393.35,5393.7,5389.05,5392.45
2398,2024-02-09 11:41:00,5390.25,5393.05,5389.45,5393.05
2399,2024-02-09 11:42:00,5396.5,5396.5,5391.4,5394.85
2400,2024-02-09 11:43:00,5391.5,5395.65,5391.5,5395.25
2401,2024-02-09 11:44:00,5392.2,5395.45,5390.4,5394.95
2402,2024-02-09 11:45:00,5392.5,5397.3,5389.7,5396.0
2403,2024-02-09 11:46:00,5392.7,5398.0,5392.7,5398.0
2404,2024-02-09 11:47:00,5396.0,5399.0,5395.0,5399.0
2405,2024-02-09 11:48:00,5399.95,5400.8,5395.45,5400.1
2406,2024-02-09 11:49:00,5396.5,5406.8,5396.5,5406.8
2407,2024-02-09 11:50:00,5403.8,5406.65,5400.1,5401.45
2408,2024-02-09 11:51:00,5401.4,5404.0,5400.15,5402.25
2409,2024-02-09 11:52:00,5400.15,5403.4,5400.1,5400.15
2410,2024-02-09 11:53:00,5397.05,5402.2,5396.6,5402.2
2411,2024-02-09 11:54:00,5400.1,5402.25,5400.0,5400.0
2412,2024-02-09 11:55:00,5402.1,5403.45,5400.0,5402.95
2413,2024-02-09 11:56:00,5400.0,5402.95,5400.0,5401.45
2414,2024-02-09 11:57:00,5400.25,5403.25,5400.0,5401.9
2415,2024-02-09 11:58:00,5400.0,5403.95,5400.0,5403.8
2416,2024-02-09 11:59:00,5401.9,5403.8,5400.0,5402.95
2417,2024-02-09 12:00:00,5400.65,5403.6,5400.0,5402.85
2418,2024-02-09 12:01:00,5401.0,5403.85,5400.8,5403.25
2419,2024-02-09 12:02:00,5401.2,5401.95,5398.0,5400.85
2420,2024-02-09 12:03:00,5402.35,5403.8,5400.0,5402.8
2421,2024-02-09 12:04:00,5400.0,5402.8,5400.0,5402.65
2422,2024-02-09 12:05:00,5402.6,5402.9,5400.0,5401.3
2423,2024-02-09 12:06:00,5400.0,5403.35,5400.0,5402.95
2424,2024-02-09 12:07:00,5400.0,5403.3,5400.0,5401.85
2425,2024-02-09 12:08:00,5400.05,5403.0,5400.0,5403.0
2426,2024-02-09 12:09:00,5400.65,5404.45,5400.05,5404.4
2427,2024-02-09 12:10:00,5401.9,5403.05,5400.0,5402.45
2428,2024-02-09 12:11:00,5400.05,5404.9,5400.05,5403.95
2429,2024-02-09 12:12:00,5402.0,5403.55,5400.1,5402.35
2430,2024-02-09 12:13:00,5400.05,5405.0,5400.05,5405.0
2431,2024-02-09 12:14:00,5403.6,5405.0,5400.0,5403.9
2432,2024-02-09 12:15:00,5400.95,5404.15,5400.0,5402.0
2433,2024-02-09 12:16:00,5401.0,5403.95,5400.0,5403.85
2434,2024-02-09 12:17:00,5401.8,5403.7,5400.0,5401.7
2435,2024-02-09 12:18:00,5400.0,5403.95,5400.0,5403.9
2436,2024-02-09 12:19:00,5401.6,5403.9,5400.0,5403.65
2437,2024-02-09 12:20:00,5402.1,5404.95,5400.05,5403.9
2438,2024-02-09 12:21:00,5402.0,5404.4,5401.1,5404.4
2439,2024-02-09 12:22:00,5401.55,5404.4,5400.25,5403.8
2440,2024-02-09 12:23:00,5400.45,5406.8,5400.45,5406.8
2441,2024-02-09 12:24:00,5404.05,5406.9,5403.35,5406.8
2442,2024-02-09 12:25:00,5404.55,5406.9,5404.55,5406.85
2443,2024-02-09 12:26:00,5405.0,5413.95,5405.0,5412.0
2444,2024-02-09 12:27:00,5410.15,5412.0,5410.0,5411.95
2445,2024-02-09 12:28:00,5410.0,5410.5,5410.0,5410.25
2446,2024-02-09 12:29:00,5410.0,5412.0,5410.0,5411.95
2447,2024-02-09 12:30:00,5410.0,5414.0,5410.0,5412.85
2448,2024-02-09 12:31:00,5410.1,5412.85,5408.6,5410.05
2449,2024-02-09 12:32:00,5410.0,5412.75,5410.0,5412.75
2450,2024-02-09 12:33:00,5410.15,5413.65,5410.1,5413.65
2451,2024-02-09 12:34:00,5410.45,5414.0,5408.4,5411.9
2452,2024-02-09 12:35:00,5410.0,5413.0,5410.0,5412.8
2453,2024-02-09 12:36:00,5410.0,5412.85,5410.0,5412.0
2454,2024-02-09 12:37:00,5410.15,5412.75,5410.0,5412.05
2455,2024-02-09 12:38:00,5410.0,5414.9,5409.3,5414.55
2456,2024-02-09 12:39:00,5415.0,5416.75,5413.0,5416.65
2457,2024-02-09 12:40:00,5416.0,5416.75,5416.0,5416.2
2458,2024-02-09 12:41:00,5416.0,5416.1,5416.0,5416.05
2459,2024-02-09 12:42:00,5416.0,5416.75,5416.0,5416.75
2460,2024-02-09 12:43:00,5416.0,5416.75,5416.0,5416.2
2461,2024-02-09 12:44:00,5416.0,5416.2,5416.0,5416.1
2462,2024-02-09 12:45:00,5416.05,5416.75,5413.55,5416.75
2463,2024-02-09 12:46:00,5416.0,5416.75,5416.0,5416.75
2464,2024-02-09 12:47:00,5416.7,5416.7,5416.0,5416.25
2465,2024-02-09 12:48:00,5416.0,5419.55,5416.0,5418.1
2466,2024-02-09 12:49:00,5419.4,5420.0,5417.85,5420.0
2467,2024-02-09 12:50:00,5418.15,5423.0,5418.0,5422.5
2468,2024-02-09 12:51:00,5420.8,5424.0,5420.8,5423.0
2469,2024-02-09 12:52:00,5421.75,5423.95,5420.8,5420.95
2470,2024-02-09 12:53:00,5420.8,5424.0,5420.8,5424.0
2471,2024-02-09 12:54:00,5421.45,5427.7,5421.0,5425.0
2472,2024-02-09 12:55:00,5424.0,5425.0,5421.95,5424.9
2473,2024-02-09 12:56:00,5422.95,5425.0,5421.0,5422.55
2474,2024-02-09 12:57:00,5421.0,5422.5,5419.25,5422.15
2475,2024-02-09 12:58:00,5420.7,5422.95,5417.8,5420.6
2476,2024-02-09 12:59:00,5417.7,5421.45,5415.0,5420.75
2477,2024-02-09 13:00:00,5417.7,5423.95,5417.7,5421.5
2478,2024-02-09 13:01:00,5420.85,5422.4,5416.6,5422.4
2479,2024-02-09 13:02:00,5420.65,5422.4,5420.25,5421.1
2480,2024-02-09 13:03:00,5420.8,5424.0,5420.8,5423.0
2481,2024-02-09 13:04:00,5420.8,5422.9,5420.8,5422.9
2482,2024-02-09 13:05:00,5421.05,5423.6,5420.85,5423.6
2483,2024-02-09 13:06:00,5420.85,5423.9,5420.8,5423.8
2484,2024-02-09 13:07:00,5421.05,5423.95,5420.8,5423.1
2485,2024-02-09 13:08:00,5420.9,5423.05,5420.8,5421.9
2486,2024-02-09 13:09:00,5420.8,5423.8,5420.8,5423.8
2487,2024-02-09 13:10:00,5420.85,5424.7,5420.8,5422.55
2488,2024-02-09 13:11:00,5420.8,5423.0,5420.8,5423.0
2489,2024-02-09 13:12:00,5420.8,5422.9,5420.8,5422.9
2490,2024-02-09 13:13:00,5420.95,5422.9,5420.8,5421.35
2491,2024-02-09 13:14:00,5420.8,5422.0,5420.8,5421.95
2492,2024-02-09 13:15:00,5420.8,5423.0,5420.8,5422.85
2493,2024-02-09 13:16:00,5420.8,5424.95,5420.8,5424.7
2494,2024-02-09 13:17:00,5421.4,5423.9,5420.8,5423.2
2495,2024-02-09 13:18:00,5420.85,5424.1,5420.8,5423.9
2496,2024-02-09 13:19:00,5421.0,5424.95,5420.9,5424.9
2497,2024-02-09 13:20:00,5422.5,5425.0,5422.5,5423.75
2498,2024-02-09 13:21:00,5425.0,5425.3,5422.5,5422.75
2499,2024-02-09 13:22:00,5422.5,5425.0,5420.8,5422.25
2500,2024-02-09 13:23:00,5420.8,5425.0,5420.8,5425.0
2501,2024-02-09 13:24:00,5422.8,5423.6,5420.8,5423.45
2502,2024-02-09 13:25:00,5420.85,5424.25,5420.0,5424.05
2503,2024-02-09 13:26:00,5421.6,5427.65,5421.0,5427.6
2504,2024-02-09 13:27:00,5425.0,5427.85,5425.0,5426.55
2505,2024-02-09 13:28:00,5425.0,5427.85,5425.0,5427.85
2506,2024-02-09 13:29:00,5427.0,5429.0,5425.0,5429.0
2507,2024-02-09 13:30:00,5427.6,5427.95,5425.0,5427.0
2508,2024-02-09 13:31:00,5425.05,5428.05,5425.0,5425.55
2509,2024-02-09 13:32:00,5425.0,5429.2,5424.6,5428.15
2510,2024-02-09 13:33:00,5425.0,5427.6,5425.0,5426.15
2511,2024-02-09 13:34:00,5425.0,5427.5,5425.0,5427.45
2512,2024-02-09 13:35:00,5425.05,5427.75,5425.0,5425.5
2513,2024-02-09 13:36:00,5425.05,5427.4,5425.0,5427.35
2514,2024-02-09 13:37:00,5425.0,5427.7,5420.8,5427.35
2515,2024-02-09 13:38:00,5425.0,5427.35,5421.6,5427.35
2516,2024-02-09 13:39:00,5423.05,5424.9,5421.25,5424.85
2517,2024-02-09 13:40:00,5421.8,5424.85,5420.0,5424.5
2518,2024-02-09 13:41:00,5421.15,5424.95,5420.95,5423.95
2519,2024-02-09 13:42:00,5421.15,5425.0,5420.8,5425.0
2520,2024-02-09 13:43:00,5423.95,5426.95,5422.45,5426.2
2521,2024-02-09 13:44:00,5423.2,5428.55,5423.2,5427.7
2522,2024-02-09 13:45:00,5424.35,5427.6,5424.05,5424.7
2523,2024-02-09 13:46:00,5427.25,5428.5,5424.4,5427.9
2524,2024-02-09 13:47:00,5425.55,5429.2,5425.15,5427.95
2525,2024-02-09 13:48:00,5425.15,5429.2,5424.4,5429.2
2526,2024-02-09 13:49:00,5427.1,5433.0,5427.1,5433.0
2527,2024-02-09 13:50:00,5432.0,5433.0,5430.0,5431.3
2528,2024-02-09 13:51:00,5431.25,5433.0,5430.0,5433.0
2529,2024-02-09 13:52:00,5432.8,5434.05,5430.0,5432.1
2530,2024-02-09 13:53:00,5431.55,5434.05,5430.25,5433.05
2531,2024-02-09 13:54:00,5431.55,5433.5,5430.7,5430.9
2532,2024-02-09 13:55:00,5430.5,5433.4,5430.05,5430.1
2533,2024-02-09 13:56:00,5430.0,5433.1,5430.0,5430.0
2534,2024-02-09 13:57:00,5431.0,5433.0,5430.1,5432.25
2535,2024-02-09 13:58:00,5431.55,5433.95,5430.0,5431.55
2536,2024-02-09 13:59:00,5430.0,5432.8,5430.0,5432.1
2537,2024-02-09 14:00:00,5430.0,5435.5,5430.0,5430.5
2538,2024-02-09 14:01:00,5431.55,5435.9,5430.75,5431.0
2539,2024-02-09 14:02:00,5430.25,5433.3,5430.0,5430.0
2540,2024-02-09 14:03:00,5430.05,5434.3,5430.0,5432.85
2541,2024-02-09 14:04:00,5431.3,5434.0,5430.0,5431.3
2542,2024-02-09 14:05:00,5430.7,5435.3,5430.0,5430.0
2543,2024-02-09 14:06:00,5431.45,5432.6,5430.0,5431.25
2544,2024-02-09 14:07:00,5430.3,5442.75,5430.1,5442.75
2545,2024-02-09 14:08:00,5439.75,5442.8,5439.0,5439.05
2546,2024-02-09 14:09:00,5439.0,5440.0,5437.9,5440.0
2547,2024-02-09 14:10:00,5439.0,5440.95,5439.0,5439.05
2548,2024-02-09 14:11:00,5441.0,5442.85,5439.0,5439.0
2549,2024-02-09 14:12:00,5439.25,5443.25,5439.0,5439.55
2550,2024-02-09 14:13:00,5441.85,5443.75,5439.4,5443.45
2551,2024-02-09 14:14:00,5440.9,5440.9,5439.0,5439.0
2552,2024-02-09 14:15:00,5439.1,5439.1,5439.0,5439.1
2553,2024-02-09 14:16:00,5439.0,5439.1,5436.55,5439.0
2554,2024-02-09 14:17:00,5439.05,5442.0,5439.05,5441.8
2555,2024-02-09 14:18:00,5440.8,5445.8,5440.8,5445.8
2556,2024-02-09 14:19:00,5445.4,5450.0,5445.0,5448.75
2557,2024-02-09 14:20:00,5446.4,5449.0,5445.7,5447.65
2558,2024-02-09 14:21:00,5445.75,5449.15,5442.1,5442.1
2559,2024-02-09 14:22:00,5442.05,5446.0,5442.0,5442.05
2560,2024-02-09 14:23:00,5443.0,5450.4,5443.0,5450.4
2561,2024-02-09 14:24:00,5448.65,5454.0,5448.0,5453.95
2562,2024-02-09 14:25:00,5450.7,5452.85,5446.2,5447.9
2563,2024-02-09 14:26:00,5449.0,5450.0,5440.9,5445.1
2564,2024-02-09 14:27:00,5441.85,5446.4,5440.55,5446.35
2565,2024-02-09 14:28:00,5445.85,5450.0,5445.85,5447.05
2566,2024-02-09 14:29:00,5447.85,5452.0,5444.35,5451.15
2567,2024-02-09 14:30:00,5450.0,5452.0,5450.0,5450.0
2568,2024-02-09 14:31:00,5450.8,5452.0,5450.0,5450.95
2569,2024-02-09 14:32:00,5450.5,5451.0,5444.0,5444.7
2570,2024-02-09 14:33:00,5445.35,5452.0,5445.35,5450.0
2571,2024-02-09 14:34:00,5450.5,5451.0,5450.0,5450.0
2572,2024-02-09 14:35:00,5450.5,5450.5,5445.3,5447.8
2573,2024-02-09 14:36:00,5450.4,5450.4,5444.55,5449.5
2574,2024-02-09 14:37:00,5449.75,5452.8,5449.75,5450.75
2575,2024-02-09 14:38:00,5450.0,5453.35,5450.0,5450.1
2576,2024-02-09 14:39:00,5450.0,5452.15,5450.0,5450.45
2577,2024-02-09 14:40:00,5450.0,5450.6,5446.8,5450.0
2578,2024-02-09 14:41:00,5450.05,5452.2,5447.3,5449.05
2579,2024-02-09 14:42:00,5449.2,5449.2,5441.6,5441.65
2580,2024-02-09 14:43:00,5442.6,5443.0,5440.0,5441.0
2581,2024-02-09 14:44:00,5440.05,5445.9,5440.05,5441.15
2582,2024-02-09 14:45:00,5441.05,5446.35,5441.0,5443.3
2583,2024-02-09 14:46:00,5440.6,5447.4,5440.6,5442.3
2584,2024-02-09 14:47:00,5442.0,5444.65,5440.2,5441.25
2585,2024-02-09 14:48:00,5441.75,5445.9,5441.75,5442.0
2586,2024-02-09 14:49:00,5442.7,5443.35,5440.0,5440.0
2587,2024-02-09 14:50:00,5440.85,5443.05,5440.0,5440.6
2588,2024-02-09 14:51:00,5440.5,5445.0,5440.1,5443.35
2589,2024-02-09 14:52:00,5440.15,5443.9,5440.0,5440.0
2590,2024-02-09 14:53:00,5440.8,5442.9,5440.0,5440.0
2591,2024-02-09 14:54:00,5440.65,5444.95,5440.5,5440.5
2592,2024-02-09 14:55:00,5440.55,5445.9,5440.5,5445.9
2593,2024-02-09 14:56:00,5445.05,5447.75,5445.0,5445.65
2594,2024-02-09 14:57:00,5445.0,5445.65,5445.0,5445.0
2595,2024-02-09 14:58:00,5445.05,5448.0,5445.0,5445.0
2596,2024-02-09 14:59:00,5446.35,5447.65,5445.0,5445.0
2597,2024-02-09 15:00:00,5446.25,5450.0,5445.0,5445.5
2598,2024-02-09 15:01:00,5445.0,5449.9,5445.0,5447.65
2599,2024-02-09 15:02:00,5448.45,5450.0,5447.75,5449.25
2600,2024-02-09 15:03:00,5450.0,5452.5,5449.5,5449.9
2601,2024-02-09 15:04:00,5450.0,5450.45,5449.85,5449.85
2602,2024-02-09 15:05:00,5446.05,5450.0,5446.05,5449.35
2603,2024-02-09 15:06:00,5449.2,5451.1,5445.5,5448.5
2604,2024-02-09 15:07:00,5450.0,5452.45,5449.5,5449.85
2605,2024-02-09 15:08:00,5449.95,5450.0,5445.5,5448.15
2606,2024-02-09 15:09:00,5446.35,5449.5,5445.05,5446.45
2607,2024-02-09 15:10:00,5448.6,5449.7,5446.3,5449.25
2608,2024-02-09 15:11:00,5450.0,5450.0,5447.0,5448.5
2609,2024-02-09 15:12:00,5448.4,5449.0,5448.4,5449.0
2610,2024-02-09 15:13:00,5448.85,5449.0,5447.0,5449.0
2611,2024-02-09 15:14:00,5447.6,5449.0,5447.0,5448.7
2612,2024-02-09 15:15:00,5448.75,5451.45,5448.65,5449.05
2613,2024-02-09 15:16:00,5449.0,5450.15,5447.05,5447.7
2614,2024-02-09 15:17:00,5447.65,5451.45,5447.65,5448.0
2615,2024-02-09 15:18:00,5447.55,5450.0,5447.0,5448.6
2616,2024-02-09 15:19:00,5448.55,5452.0,5446.65,5452.0
2617,2024-02-09 15:20:00,5450.4,5464.0,5450.4,5463.0
2618,2024-02-09 15:21:00,5462.95,5464.0,5460.0,5460.4
2619,2024-02-09 15:22:00,5460.1,5462.0,5460.0,5461.85
2620,2024-02-09 15:23:00,5461.9,5463.95,5460.8,5463.9
2621,2024-02-09 15:24:00,5463.95,5465.0,5463.75,5463.75
2622,2024-02-09 15:25:00,5463.85,5464.0,5463.75,5463.8
2623,2024-02-09 15:26:00,5464.0,5464.0,5463.75,5463.75
2624,2024-02-09 15:27:00,5463.85,5464.95,5463.75,5463.75
2625,2024-02-09 15:28:00,5463.8,5465.0,5463.75,5463.75
2626,2024-02-09 15:29:00,5464.0,5465.0,5463.75,5465.0
2627,2024-02-12 09:14:00,5469.95,5469.95,5469.95,5469.95
2628,2024-02-12 09:15:00,5470.0,5493.55,5465.35,5493.0
2629,2024-02-12 09:16:00,5487.8,5494.9,5482.75,5494.65
2630,2024-02-12 09:17:00,5493.65,5503.95,5489.85,5489.85
2631,2024-02-12 09:18:00,5489.8,5504.0,5485.55,5489.9
2632,2024-02-12 09:19:00,5489.85,5497.45,5488.0,5491.1
2633,2024-02-12 09:20:00,5494.95,5498.0,5488.05,5490.9
2634,2024-02-12 09:21:00,5490.4,5493.3,5485.0,5489.35
2635,2024-02-12 09:22:00,5488.5,5493.65,5485.55,5488.0
2636,2024-02-12 09:23:00,5486.0,5489.9,5480.1,5480.1
2637,2024-02-12 09:24:00,5479.35,5484.0,5476.55,5479.55
2638,2024-02-12 09:25:00,5480.0,5480.5,5464.55,5467.1
2639,2024-02-12 09:26:00,5471.95,5479.45,5469.2,5476.0
2640,2024-02-12 09:27:00,5478.95,5478.95,5471.25,5474.0
2641,2024-02-12 09:28:00,5470.55,5477.95,5468.9,5476.05
2642,2024-02-12 09:29:00,5475.95,5481.2,5473.15,5475.0
2643,2024-02-12 09:30:00,5478.15,5478.15,5468.35,5475.2
2644,2024-02-12 09:31:00,5479.0,5480.9,5476.0,5480.15
2645,2024-02-12 09:32:00,5480.9,5490.0,5477.45,5490.0
2646,2024-02-12 09:33:00,5489.0,5490.0,5482.9,5485.05
2647,2024-02-12 09:34:00,5488.45,5489.0,5484.85,5488.65
2648,2024-02-12 09:35:00,5486.65,5495.95,5485.65,5495.0
2649,2024-02-12 09:36:00,5494.35,5495.2,5490.1,5493.65
2650,2024-02-12 09:37:00,5492.0,5495.85,5492.0,5492.1
2651,2024-02-12 09:38:00,5492.0,5495.45,5491.25,5491.25
2652,2024-02-12 09:39:00,5490.05,5499.9,5488.55,5499.9
2653,2024-02-12 09:40:00,5500.0,5506.75,5484.05,5491.0
2654,2024-02-12 09:41:00,5488.65,5496.35,5488.65,5495.6
2655,2024-02-12 09:42:00,5491.45,5492.3,5484.0,5485.6
2656,2024-02-12 09:43:00,5485.4,5485.4,5475.6,5482.25
2657,2024-02-12 09:44:00,5480.05,5491.25,5476.1,5482.55
2658,2024-02-12 09:45:00,5483.1,5489.65,5480.0,5480.0
2659,2024-02-12 09:46:00,5481.1,5481.3,5474.0,5474.95
2660,2024-02-12 09:47:00,5471.8,5477.75,5469.05,5474.9
2661,2024-02-12 09:48:00,5474.65,5485.0,5474.65,5482.55
2662,2024-02-12 09:49:00,5478.0,5481.6,5475.0,5475.05
2663,2024-02-12 09:50:00,5474.0,5478.85,5472.0,5475.35
2664,2024-02-12 09:51:00,5478.2,5484.15,5475.35,5481.2
2665,2024-02-12 09:52:00,5482.4,5482.4,5476.5,5480.95
2666,2024-02-12 09:53:00,5480.5,5482.4,5479.2,5482.0
2667,2024-02-12 09:54:00,5484.7,5485.0,5480.65,5480.65
2668,2024-02-12 09:55:00,5478.0,5480.3,5477.0,5480.0
2669,2024-02-12 09:56:00,5477.0,5489.0,5475.0,5489.0
2670,2024-02-12 09:57:00,5488.05,5494.0,5488.0,5489.95
2671,2024-02-12 09:58:00,5490.0,5490.0,5483.9,5484.2
2672,2024-02-12 09:59:00,5481.8,5487.6,5478.0,5478.0
2673,2024-02-12 10:00:00,5481.15,5481.15,5475.2,5477.95
2674,2024-02-12 10:01:00,5478.65,5478.65,5470.1,5470.15
2675,2024-02-12 10:02:00,5470.3,5484.0,5470.3,5484.0
2676,2024-02-12 10:03:00,5483.6,5487.1,5481.7,5486.0
2677,2024-02-12 10:04:00,5485.95,5489.8,5481.05,5481.05
2678,2024-02-12 10:05:00,5486.05,5490.0,5486.05,5490.0
2679,2024-02-12 10:06:00,5491.4,5495.0,5489.9,5494.0
2680,2024-02-12 10:07:00,5492.6,5494.0,5489.8,5493.0
2681,2024-02-12 10:08:00,5491.05,5497.7,5491.05,5495.0
2682,2024-02-12 10:09:00,5491.45,5494.35,5488.0,5490.0
2683,2024-02-12 10:10:00,5491.85,5494.9,5488.0,5489.9
2684,2024-02-12 10:11:00,5492.9,5492.9,5482.6,5483.5
2685,2024-02-12 10:12:00,5486.3,5494.0,5486.0,5490.0
2686,2024-02-12 10:13:00,5487.5,5487.5,5480.0,5483.35
2687,2024-02-12 10:14:00,5485.4,5489.95,5482.1,5484.7
2688,2024-02-12 10:15:00,5482.1,5484.65,5474.1,5478.0
2689,2024-02-12 10:16:00,5480.0,5488.0,5477.95,5480.45
2690,2024-02-12 10:17:00,5483.7,5488.35,5480.1,5488.0
2691,2024-02-12 10:18:00,5486.9,5488.45,5482.85,5486.4
2692,2024-02-12 10:19:00,5486.25,5488.6,5481.7,5484.9
2693,2024-02-12 10:20:00,5482.05,5485.0,5480.15,5481.95
2694,2024-02-12 10:21:00,5482.0,5485.0,5480.7,5482.55
2695,2024-02-12 10:22:00,5482.25,5486.8,5480.9,5484.2
2696,2024-02-12 10:23:00,5480.15,5481.0,5475.9,5479.35
2697,2024-02-12 10:24:00,5478.8,5479.95,5475.0,5476.2
2698,2024-02-12 10:25:00,5477.7,5479.3,5475.45,5479.3
2699,2024-02-12 10:26:00,5479.95,5479.95,5468.0,5476.4
2700,2024-02-12 10:27:00,5473.65,5478.55,5470.7,5474.05
2701,2024-02-12 10:28:00,5474.2,5483.25,5473.95,5479.15
2702,2024-02-12 10:29:00,5479.4,5485.6,5477.2,5481.05
2703,2024-02-12 10:30:00,5482.0,5485.6,5480.9,5485.6
2704,2024-02-12 10:31:00,5485.15,5492.05,5485.15,5490.15
2705,2024-02-12 10:32:00,5491.1,5494.5,5490.0,5492.35
2706,2024-02-12 10:33:00,5492.6,5492.85,5485.6,5487.6
2707,2024-02-12 10:34:00,5487.8,5491.4,5486.2,5490.0
2708,2024-02-12 10:35:00,5489.9,5492.95,5486.25,5492.95
2709,2024-02-12 10:36:00,5491.8,5494.0,5487.05,5490.0
2710,2024-02-12 10:37:00,5491.45,5497.3,5491.45,5493.9
2711,2024-02-12 10:38:00,5495.75,5497.45,5488.65,5490.0
2712,2024-02-12 10:39:00,5493.4,5495.0,5490.0,5490.05
2713,2024-02-12 10:40:00,5490.0,5493.6,5490.0,5493.6
2714,2024-02-12 10:41:00,5493.15,5498.0,5491.45,5498.0
2715,2024-02-12 10:42:00,5497.5,5499.0,5495.0,5495.7
2716,2024-02-12 10:43:00,5495.15,5500.0,5495.15,5499.05
2717,2024-02-12 10:44:00,5501.0,5505.0,5500.0,5500.0
2718,2024-02-12 10:45:00,5501.0,5503.45,5499.05,5499.05
2719,2024-02-12 10:46:00,5499.0,5505.0,5499.0,5505.0
2720,2024-02-12 10:47:00,5504.95,5505.0,5500.8,5504.85
2721,2024-02-12 10:48:00,5504.95,5510.0,5504.85,5507.8
2722,2024-02-12 10:49:00,5508.0,5509.0,5506.0,5509.0
2723,2024-02-12 10:50:00,5508.95,5508.95,5501.45,5503.7
2724,2024-02-12 10:51:00,5505.0,5509.0,5502.7,5506.45
2725,2024-02-12 10:52:00,5503.65,5506.0,5498.4,5498.4
2726,2024-02-12 10:53:00,5501.95,5505.3,5499.05,5505.0
2727,2024-02-12 10:54:00,5505.15,5508.65,5505.0,5507.0
2728,2024-02-12 10:55:00,5505.3,5509.3,5505.0,5505.7
2729,2024-02-12 10:56:00,5509.3,5509.3,5505.0,5508.0
2730,2024-02-12 10:57:00,5507.95,5507.95,5505.0,5505.0
2731,2024-02-12 10:58:00,5505.05,5508.95,5505.0,5508.95
2732,2024-02-12 10:59:00,5509.0,5513.25,5506.4,5511.0
2733,2024-02-12 11:00:00,5510.5,5516.4,5505.25,5510.4
2734,2024-02-12 11:01:00,5508.95,5513.05,5507.35,5511.9
2735,2024-02-12 11:02:00,5510.05,5511.9,5506.25,5506.25
2736,2024-02-12 11:03:00,5509.4,5509.4,5505.0,5505.0
2737,2024-02-12 11:04:00,5507.25,5508.95,5505.35,5507.9
2738,2024-02-12 11:05:00,5507.8,5507.95,5505.0,5505.25
2739,2024-02-12 11:06:00,5507.0,5507.95,5505.0,5505.0
2740,2024-02-12 11:07:00,5505.05,5508.0,5504.0,5504.0
2741,2024-02-12 11:08:00,5503.65,5507.9,5503.65,5505.0
2742,2024-02-12 11:09:00,5505.05,5508.55,5505.05,5507.75
2743,2024-02-12 11:10:00,5507.7,5508.95,5505.0,5508.95
2744,2024-02-12 11:11:00,5508.55,5513.9,5506.15,5510.15
2745,2024-02-12 11:12:00,5510.2,5513.9,5509.8,5513.3
2746,2024-02-12 11:13:00,5513.8,5514.9,5508.0,5508.3
2747,2024-02-12 11:14:00,5509.1,5512.35,5509.0,5509.0
2748,2024-02-12 11:15:00,5511.45,5514.05,5508.75,5514.0
2749,2024-02-12 11:16:00,5513.9,5513.9,5509.5,5510.6
2750,2024-02-12 11:17:00,5513.25,5519.0,5508.6,5513.9
2751,2024-02-12 11:18:00,5516.0,5516.0,5511.95,5515.45
2752,2024-02-12 11:19:00,5515.15,5517.7,5511.0,5513.0
2753,2024-02-12 11:20:00,5512.95,5515.0,5510.75,5510.75
2754,2024-02-12 11:21:00,5511.75,5515.0,5509.65,5512.15
2755,2024-02-12 11:22:00,5514.0,5519.9,5512.05,5519.9
2756,2024-02-12 11:23:00,5519.1,5523.0,5514.65,5520.0
2757,2024-02-12 11:24:00,5517.95,5520.15,5517.15,5518.5
2758,2024-02-12 11:25:00,5518.9,5521.95,5518.0,5521.95
2759,2024-02-12 11:26:00,5521.4,5523.0,5520.0,5520.0
2760,2024-02-12 11:27:00,5520.95,5529.65,5520.0,5529.65
2761,2024-02-12 11:28:00,5527.95,5533.1,5526.15,5530.0
2762,2024-02-12 11:29:00,5526.95,5533.45,5526.65,5530.35
2763,2024-02-12 11:30:00,5532.0,5540.7,5530.2,5540.05
2764,2024-02-12 11:31:00,5540.1,5547.25,5540.1,5546.9
2765,2024-02-12 11:32:00,5545.35,5548.0,5542.55,5545.0
2766,2024-02-12 11:33:00,5542.55,5546.85,5541.4,5543.0
2767,2024-02-12 11:34:00,5541.6,5543.1,5540.0,5541.0
2768,2024-02-12 11:35:00,5540.4,5543.0,5536.8,5536.8
2769,2024-02-12 11:36:00,5536.05,5542.0,5532.0,5534.1
2770,2024-02-12 11:37:00,5532.0,5532.9,5527.0,5527.8
2771,2024-02-12 11:38:00,5529.65,5532.35,5527.1,5531.0
2772,2024-02-12 11:39:00,5531.3,5534.7,5526.65,5533.55
2773,2024-02-12 11:40:00,5532.35,5536.25,5530.0,5533.3
2774,2024-02-12 11:41:00,5533.05,5534.0,5527.05,5530.0
2775,2024-02-12 11:42:00,5527.25,5530.4,5525.95,5525.95
2776,2024-02-12 11:43:00,5525.4,5530.35,5525.4,5527.4
2777,2024-02-12 11:44:00,5527.7,5530.0,5526.2,5527.45
2778,2024-02-12 11:45:00,5527.0,5530.35,5525.35,5528.05
2779,2024-02-12 11:46:00,5528.1,5531.05,5526.8,5527.2
2780,2024-02-12 11:47:00,5530.3,5532.0,5527.8,5527.8
2781,2024-02-12 11:48:00,5531.65,5531.65,5526.2,5528.35
2782,2024-02-12 11:49:00,5529.95,5531.0,5528.3,5530.4
2783,2024-02-12 11:50:00,5530.0,5530.8,5525.0,5525.0
2784,2024-02-12 11:51:00,5525.9,5527.7,5522.0,5525.55
2785,2024-02-12 11:52:00,5525.75,5525.75,5521.0,5521.25
2786,2024-02-12 11:53:00,5521.3,5525.0,5521.3,5523.0
2787,2024-02-12 11:54:00,5523.05,5526.4,5523.0,5525.0
2788,2024-02-12 11:55:00,5525.7,5526.3,5522.3,5522.3
2789,2024-02-12 11:56:00,5525.85,5526.4,5523.0,5523.0
2790,2024-02-12 11:57:00,5523.25,5527.25,5523.0,5525.1
2791,2024-02-12 11:58:00,5526.65,5528.6,5525.0,5528.6
2792,2024-02-12 11:59:00,5525.25,5535.35,5525.0,5535.3
2793,2024-02-12 12:00:00,5533.15,5539.0,5531.9,5539.0
2794,2024-02-12 12:01:00,5538.3,5539.95,5534.1,5537.85
2795,2024-02-12 12:02:00,5535.0,5538.95,5535.0,5536.0
2796,2024-02-12 12:03:00,5536.85,5537.6,5535.0,5535.0
2797,2024-02-12 12:04:00,5536.7,5537.35,5532.2,5536.45
2798,2024-02-12 12:05:00,5536.4,5537.0,5528.5,5530.45
2799,2024-02-12 12:06:00,5530.0,5531.1,5528.5,5530.0
2800,2024-02-12 12:07:00,5530.25,5530.4,5512.6,5512.6
2801,2024-02-12 12:08:00,5512.55,5512.55,5501.0,5509.5
2802,2024-02-12 12:09:00,5506.5,5517.95,5506.5,5513.8
2803,2024-02-12 12:10:00,5516.5,5526.0,5513.65,5517.3
2804,2024-02-12 12:11:00,5517.15,5524.85,5517.15,5520.15
2805,2024-02-12 12:12:00,5522.0,5527.0,5520.4,5527.0
2806,2024-02-12 12:13:00,5525.65,5527.0,5523.4,5523.4
2807,2024-02-12 12:14:00,5525.0,5525.35,5520.5,5522.4
2808,2024-02-12 12:15:00,5523.3,5525.45,5520.25,5520.35
2809,2024-02-12 12:16:00,5521.55,5526.3,5521.5,5521.55
2810,2024-02-12 12:17:00,5525.65,5526.25,5520.3,5523.55
2811,2024-02-12 12:18:00,5523.45,5527.0,5523.45,5525.0
2812,2024-02-12 12:19:00,5527.45,5530.0,5525.15,5526.85
2813,2024-02-12 12:20:00,5529.6,5535.95,5529.6,5533.6
2814,2024-02-12 12:21:00,5535.05,5538.0,5533.4,5536.4
2815,2024-02-12 12:22:00,5537.6,5539.0,5535.65,5535.8
2816,2024-02-12 12:23:00,5536.2,5542.0,5534.65,5542.0
2817,2024-02-12 12:24:00,5544.1,5546.05,5540.0,5542.0
2818,2024-02-12 12:25:00,5542.2,5547.05,5539.35,5540.0
2819,2024-02-12 12:26:00,5541.3,5541.3,5536.85,5536.95
2820,2024-02-12 12:27:00,5537.05,5539.95,5536.0,5538.1
2821,2024-02-12 12:28:00,5536.45,5539.3,5534.2,5534.85
2822,2024-02-12 12:29:00,5535.0,5539.3,5534.0,5534.25
2823,2024-02-12 12:30:00,5537.05,5539.25,5532.7,5532.7
2824,2024-02-12 12:31:00,5533.55,5535.95,5532.7,5533.4
2825,2024-02-12 12:32:00,5533.7,5539.3,5533.55,5535.75
2826,2024-02-12 12:33:00,5535.7,5538.95,5535.0,5535.0
2827,2024-02-12 12:34:00,5536.55,5538.9,5535.0,5536.75
2828,2024-02-12 12:35:00,5537.4,5542.0,5536.8,5539.45
2829,2024-02-12 12:36:00,5539.05,5540.5,5535.0,5537.6
2830,2024-02-12 12:37:00,5535.0,5537.95,5535.0,5535.0
2831,2024-02-12 12:38:00,5535.3,5537.25,5533.5,5533.5
2832,2024-02-12 12:39:00,5534.0,5536.45,5533.5,5533.5
2833,2024-02-12 12:40:00,5533.55,5535.7,5533.5,5534.0
2834,2024-02-12 12:41:00,5534.25,5534.85,5533.5,5534.6
2835,2024-02-12 12:42:00,5534.05,5536.35,5530.0,5530.05
2836,2024-02-12 12:43:00,5531.6,5534.4,5529.5,5534.4
2837,2024-02-12 12:44:00,5531.95,5534.95,5531.95,5533.85
2838,2024-02-12 12:45:00,5534.85,5540.5,5534.5,5540.5
2839,2024-02-12 12:46:00,5537.95,5540.5,5535.0,5535.0
2840,2024-02-12 12:47:00,5535.75,5540.95,5535.1,5539.45
2841,2024-02-12 12:48:00,5538.2,5539.55,5535.0,5537.95
2842,2024-02-12 12:49:00,5535.65,5539.85,5535.65,5539.85
2843,2024-02-12 12:50:00,5538.65,5541.0,5536.1,5539.2
2844,2024-02-12 12:51:00,5536.45,5542.0,5536.45,5540.0
2845,2024-02-12 12:52:00,5540.9,5541.0,5535.0,5535.0
2846,2024-02-12 12:53:00,5537.0,5537.55,5535.0,5536.45
2847,2024-02-12 12:54:00,5535.0,5537.2,5535.0,5537.2
2848,2024-02-12 12:55:00,5535.8,5537.8,5535.0,5537.4
2849,2024-02-12 12:56:00,5535.3,5537.3,5535.0,5535.0
2850,2024-02-12 12:57:00,5535.4,5536.95,5535.0,5536.0
2851,2024-02-12 12:58:00,5535.0,5536.4,5534.5,5534.5
2852,2024-02-12 12:59:00,5535.0,5536.95,5534.5,5535.0
2853,2024-02-12 13:00:00,5534.75,5536.95,5532.0,5534.1
2854,2024-02-12 13:01:00,5532.0,5533.9,5527.2,5530.0
2855,2024-02-12 13:02:00,5531.7,5534.35,5510.0,5514.9
2856,2024-02-12 13:03:00,5515.4,5523.3,5515.0,5522.6
2857,2024-02-12 13:04:00,5523.55,5524.55,5521.25,5522.8
2858,2024-02-12 13:05:00,5522.85,5529.9,5520.7,5525.9
2859,2024-02-12 13:06:00,5525.95,5529.85,5523.7,5529.75
2860,2024-02-12 13:07:00,5528.45,5535.0,5523.6,5534.6
2861,2024-02-12 13:08:00,5534.4,5535.95,5531.15,5533.2
2862,2024-02-12 13:09:00,5534.25,5535.45,5528.2,5529.75
2863,2024-02-12 13:10:00,5526.55,5530.1,5522.0,5522.0
2864,2024-02-12 13:11:00,5522.55,5533.15,5520.15,5528.1
2865,2024-02-12 13:12:00,5528.05,5531.55,5525.0,5530.0
2866,2024-02-12 13:13:00,5530.75,5539.9,5529.5,5535.25
2867,2024-02-12 13:14:00,5535.0,5536.15,5530.85,5536.15
2868,2024-02-12 13:15:00,5534.65,5536.0,5530.45,5534.35
2869,2024-02-12 13:16:00,5533.95,5534.7,5529.1,5529.3
2870,2024-02-12 13:17:00,5530.9,5533.8,5526.6,5528.1
2871,2024-02-12 13:18:00,5527.85,5531.85,5527.85,5531.65
2872,2024-02-12 13:19:00,5531.6,5531.7,5528.55,5531.6
2873,2024-02-12 13:20:00,5531.25,5533.05,5527.2,5530.4
2874,2024-02-12 13:21:00,5527.2,5530.45,5526.85,5530.4
2875,2024-02-12 13:22:00,5527.75,5530.45,5527.5,5528.15
2876,2024-02-12 13:23:00,5529.35,5530.45,5526.6,5530.35
2877,2024-02-12 13:24:00,5530.0,5530.35,5527.7,5529.9
2878,2024-02-12 13:25:00,5530.15,5532.9,5527.85,5532.0
2879,2024-02-12 13:26:00,5529.2,5532.9,5522.6,5522.85
2880,2024-02-12 13:27:00,5523.5,5528.5,5521.95,5527.0
2881,2024-02-12 13:28:00,5527.65,5530.0,5524.75,5527.7
2882,2024-02-12 13:29:00,5530.0,5531.9,5527.65,5530.15
2883,2024-02-12 13:30:00,5528.9,5531.15,5527.05,5528.75
2884,2024-02-12 13:31:00,5529.95,5533.05,5528.95,5532.0
2885,2024-02-12 13:32:00,5530.85,5533.05,5528.4,5532.7
2886,2024-02-12 13:33:00,5530.85,5532.2,5528.25,5531.3
2887,2024-02-12 13:34:00,5528.8,5531.3,5527.7,5530.8
2888,2024-02-12 13:35:00,5531.3,5535.75,5530.4,5535.75
2889,2024-02-12 13:36:00,5534.0,5537.0,5532.0,5534.85
2890,2024-02-12 13:37:00,5534.05,5535.1,5526.05,5533.25
2891,2024-02-12 13:38:00,5531.5,5533.65,5528.75,5530.4
2892,2024-02-12 13:39:00,5528.35,5532.35,5525.4,5531.5
2893,2024-02-12 13:40:00,5528.25,5532.55,5527.2,5530.05
2894,2024-02-12 13:41:00,5527.7,5531.25,5520.75,5530.9
2895,2024-02-12 13:42:00,5529.25,5531.75,5529.05,5529.05
2896,2024-02-12 13:43:00,5529.85,5533.85,5528.85,5533.85
2897,2024-02-12 13:44:00,5533.35,5534.95,5530.0,5532.55
2898,2024-02-12 13:45:00,5531.0,5535.0,5530.0,5531.9
2899,2024-02-12 13:46:00,5531.95,5534.85,5530.0,5530.35
2900,2024-02-12 13:47:00,5529.4,5533.9,5528.8,5530.4
2901,2024-02-12 13:48:00,5530.15,5533.25,5530.0,5530.85
2902,2024-02-12 13:49:00,5531.7,5532.5,5530.0,5530.25
2903,2024-02-12 13:50:00,5530.0,5532.95,5529.4,5531.75
2904,2024-02-12 13:51:00,5529.4,5532.25,5529.4,5530.0
2905,2024-02-12 13:52:00,5531.0,5532.95,5529.9,5532.95
2906,2024-02-12 13:53:00,5532.6,5532.95,5529.55,5530.0
2907,2024-02-12 13:54:00,5529.55,5531.25,5527.6,5531.0
2908,2024-02-12 13:55:00,5529.35,5534.65,5528.7,5534.55
2909,2024-02-12 13:56:00,5533.7,5536.35,5532.7,5536.35
2910,2024-02-12 13:57:00,5534.75,5536.0,5531.8,5535.0
2911,2024-02-12 13:58:00,5534.15,5535.75,5529.75,5532.0
2912,2024-02-12 13:59:00,5529.35,5533.85,5529.35,5530.0
2913,2024-02-12 14:00:00,5530.1,5534.2,5530.1,5533.05
2914,2024-02-12 14:01:00,5533.5,5534.0,5532.6,5534.0
2915,2024-02-12 14:02:00,5533.3,5538.8,5533.3,5538.8
2916,2024-02-12 14:03:00,5537.9,5539.0,5535.05,5535.2
2917,2024-02-12 14:04:00,5536.55,5539.0,5535.75,5536.25
2918,2024-02-12 14:05:00,5536.15,5539.6,5535.4,5539.6
2919,2024-02-12 14:06:00,5539.05,5539.55,5533.15,5534.95
2920,2024-02-12 14:07:00,5534.55,5538.9,5534.4,5538.6
2921,2024-02-12 14:08:00,5537.25,5541.0,5535.75,5541.0
2922,2024-02-12 14:09:00,5542.0,5546.25,5542.0,5545.0
2923,2024-02-12 14:10:00,5544.1,5544.4,5540.0,5540.0
2924,2024-02-12 14:11:00,5539.0,5544.4,5539.0,5543.75
2925,2024-02-12 14:12:00,5543.85,5545.0,5540.8,5545.0
2926,2024-02-12 14:13:00,5542.1,5545.0,5540.9,5542.5
2927,2024-02-12 14:14:00,5543.8,5545.0,5541.4,5545.0
2928,2024-02-12 14:15:00,5544.75,5545.0,5542.45,5544.6
2929,2024-02-12 14:16:00,5541.7,5546.3,5541.7,5544.9
2930,2024-02-12 14:17:00,5544.0,5545.0,5541.0,5542.95
2931,2024-02-12 14:18:00,5542.0,5543.0,5536.7,5537.45
2932,2024-02-12 14:19:00,5538.3,5541.95,5535.15,5537.3
2933,2024-02-12 14:20:00,5537.0,5540.6,5536.9,5537.4
2934,2024-02-12 14:21:00,5537.5,5542.85,5534.35,5537.95
2935,2024-02-12 14:22:00,5538.55,5538.55,5532.6,5535.7
2936,2024-02-12 14:23:00,5534.25,5536.85,5532.8,5535.9
2937,2024-02-12 14:24:00,5535.05,5538.95,5534.05,5538.95
2938,2024-02-12 14:25:00,5538.9,5544.85,5535.65,5541.15
2939,2024-02-12 14:26:00,5540.45,5543.0,5532.2,5532.2
2940,2024-02-12 14:27:00,5531.9,5541.35,5531.9,5535.25
2941,2024-02-12 14:28:00,5536.45,5539.55,5532.8,5536.4
2942,2024-02-12 14:29:00,5535.0,5536.7,5532.5,5532.6
2943,2024-02-12 14:30:00,5534.95,5541.0,5534.9,5536.8
2944,2024-02-12 14:31:00,5536.85,5542.0,5536.4,5538.95
2945,2024-02-12 14:32:00,5538.05,5538.95,5533.0,5535.75
2946,2024-02-12 14:33:00,5534.15,5536.15,5532.6,5536.15
2947,2024-02-12 14:34:00,5535.9,5536.8,5532.4,5535.5
2948,2024-02-12 14:35:00,5537.0,5541.5,5533.15,5533.15
2949,2024-02-12 14:36:00,5534.9,5535.0,5532.6,5533.8
2950,2024-02-12 14:37:00,5533.75,5537.1,5532.6,5535.0
2951,2024-02-12 14:38:00,5535.45,5536.0,5532.7,5535.05
2952,2024-02-12 14:39:00,5535.4,5538.85,5532.75,5532.9
2953,2024-02-12 14:40:00,5534.0,5538.75,5532.95,5533.5
2954,2024-02-12 14:41:00,5534.0,5535.5,5533.6,5534.85
2955,2024-02-12 14:42:00,5534.8,5538.75,5534.8,5536.05
2956,2024-02-12 14:43:00,5538.55,5538.55,5532.65,5535.1
2957,2024-02-12 14:44:00,5537.35,5537.45,5535.0,5537.4
2958,2024-02-12 14:45:00,5535.1,5536.75,5531.45,5531.45
2959,2024-02-12 14:46:00,5532.65,5537.2,5532.65,5533.75
2960,2024-02-12 14:47:00,5535.0,5537.0,5532.6,5536.9
2961,2024-02-12 14:48:00,5536.65,5539.4,5533.25,5538.95
2962,2024-02-12 14:49:00,5536.6,5539.0,5536.5,5538.55
2963,2024-02-12 14:50:00,5536.75,5540.0,5535.0,5536.0
2964,2024-02-12 14:51:00,5536.3,5536.6,5532.6,5534.5
2965,2024-02-12 14:52:00,5531.8,5535.0,5530.0,5531.55
2966,2024-02-12 14:53:00,5533.6,5534.8,5530.0,5531.65
2967,2024-02-12 14:54:00,5530.0,5539.95,5530.0,5538.95
2968,2024-02-12 14:55:00,5537.3,5540.4,5536.05,5539.05
2969,2024-02-12 14:56:00,5538.05,5540.4,5536.4,5538.75
2970,2024-02-12 14:57:00,5539.15,5542.7,5537.6,5538.5
2971,2024-02-12 14:58:00,5539.25,5541.45,5536.45,5537.7
2972,2024-02-12 14:59:00,5537.0,5537.7,5525.0,5526.7
2973,2024-02-12 15:00:00,5530.1,5537.65,5529.2,5533.7
2974,2024-02-12 15:01:00,5532.95,5536.65,5528.4,5531.65
2975,2024-02-12 15:02:00,5532.45,5537.4,5530.95,5534.95
2976,2024-02-12 15:03:00,5533.4,5534.9,5529.3,5532.75
2977,2024-02-12 15:04:00,5531.2,5532.75,5528.7,5532.55
2978,2024-02-12 15:05:00,5532.0,5534.15,5530.0,5531.8
2979,2024-02-12 15:06:00,5532.75,5534.0,5530.6,5531.85
2980,2024-02-12 15:07:00,5531.8,5533.0,5530.95,5532.4
2981,2024-02-12 15:08:00,5533.95,5534.3,5531.65,5532.05
2982,2024-02-12 15:09:00,5532.8,5533.45,5526.35,5528.45
2983,2024-02-12 15:10:00,5528.6,5528.6,5522.15,5524.9
2984,2024-02-12 15:11:00,5523.55,5525.25,5521.9,5521.95
2985,2024-02-12 15:12:00,5523.4,5523.4,5517.6,5518.55
2986,2024-02-12 15:13:00,5519.3,5519.3,5511.4,5516.35
2987,2024-02-12 15:14:00,5514.1,5517.35,5514.1,5515.95
2988,2024-02-12 15:15:00,5515.8,5519.5,5513.95,5517.2
2989,2024-02-12 15:16:00,5517.5,5517.75,5510.0,5511.7
2990,2024-02-12 15:17:00,5511.6,5512.05,5504.75,5505.8
2991,2024-02-12 15:18:00,5505.75,5505.75,5496.05,5498.6
2992,2024-02-12 15:19:00,5498.8,5507.2,5496.2,5503.95
2993,2024-02-12 15:20:00,5506.75,5508.95,5502.95,5505.8
2994,2024-02-12 15:21:00,5506.75,5509.05,5502.0,5502.0
2995,2024-02-12 15:22:00,5501.3,5508.45,5501.3,5508.45
2996,2024-02-12 15:23:00,5507.45,5509.65,5505.5,5505.55
2997,2024-02-12 15:24:00,5507.4,5509.45,5502.95,5508.35
2998,2024-02-12 15:25:00,5508.3,5510.0,5506.85,5507.95
2999,2024-02-12 15:26:00,5507.0,5507.95,5502.75,5504.05
3000,2024-02-12 15:27:00,5503.45,5506.6,5502.05,5503.0
3001,2024-02-12 15:28:00,5505.0,5506.55,5500.0,5502.95
3002,2024-02-12 15:29:00,5500.1,5503.95,5500.05,5500.05
3003,2024-02-13 09:15:00,5515.75,5528.5,5505.3,5519.6
3004,2024-02-13 09:16:00,5527.25,5528.6,5500.95,5510.0
3005,2024-02-13 09:17:00,5508.0,5519.9,5506.45,5519.9
3006,2024-02-13 09:18:00,5520.6,5520.6,5500.75,5502.0
3007,2024-02-13 09:19:00,5503.65,5524.95,5502.7,5512.95
3008,2024-02-13 09:20:00,5518.75,5521.25,5511.05,5517.1
3009,2024-02-13 09:21:00,5518.0,5519.6,5507.7,5507.7
3010,2024-02-13 09:22:00,5509.45,5512.9,5505.6,5510.55
3011,2024-02-13 09:23:00,5510.35,5512.35,5500.0,5503.1
3012,2024-02-13 09:24:00,5503.05,5513.95,5492.65,5492.65
3013,2024-02-13 09:25:00,5494.5,5504.5,5494.5,5498.25
3014,2024-02-13 09:26:00,5490.0,5504.85,5490.0,5499.05
3015,2024-02-13 09:27:00,5502.15,5508.8,5497.7,5500.3
3016,2024-02-13 09:28:00,5500.05,5503.35,5495.25,5495.25
3017,2024-02-13 09:29:00,5492.05,5498.1,5485.0,5489.65
3018,2024-02-13 09:30:00,5489.15,5502.0,5489.15,5492.75
3019,2024-02-13 09:31:00,5487.5,5489.35,5474.0,5475.4
3020,2024-02-13 09:32:00,5475.0,5480.8,5469.2,5476.25
3021,2024-02-13 09:33:00,5471.55,5476.65,5470.55,5476.15
3022,2024-02-13 09:34:00,5476.2,5490.95,5474.85,5484.7
3023,2024-02-13 09:35:00,5486.0,5487.1,5477.9,5486.1
3024,2024-02-13 09:36:00,5486.45,5495.95,5486.15,5495.1
3025,2024-02-13 09:37:00,5497.35,5497.9,5489.25,5495.4
3026,2024-02-13 09:38:00,5496.0,5500.0,5491.55,5491.55
3027,2024-02-13 09:39:00,5492.0,5498.0,5492.0,5492.6
3028,2024-02-13 09:40:00,5494.8,5494.8,5485.0,5492.7
3029,2024-02-13 09:41:00,5492.0,5495.0,5482.85,5490.0
3030,2024-02-13 09:42:00,5492.05,5492.05,5484.65,5484.9
3031,2024-02-13 09:43:00,5488.0,5488.0,5473.3,5475.6
3032,2024-02-13 09:44:00,5473.35,5487.05,5473.35,5480.55
3033,2024-02-13 09:45:00,5482.65,5483.75,5476.5,5481.25
3034,2024-02-13 09:46:00,5483.6,5485.0,5478.6,5480.55
3035,2024-02-13 09:47:00,5481.85,5486.35,5481.85,5484.6
3036,2024-02-13 09:48:00,5481.85,5483.25,5473.55,5480.85
3037,2024-02-13 09:49:00,5473.55,5482.0,5473.55,5478.95
3038,2024-02-13 09:50:00,5479.85,5487.0,5474.9,5487.0
3039,2024-02-13 09:51:00,5485.75,5485.75,5474.9,5478.7
3040,2024-02-13 09:52:00,5477.15,5480.95,5475.45,5480.85
3041,2024-02-13 09:53:00,5481.85,5484.0,5480.0,5484.0
3042,2024-02-13 09:54:00,5486.55,5486.95,5482.35,5486.75
3043,2024-02-13 09:55:00,5486.0,5486.0,5483.5,5483.5
3044,2024-02-13 09:56:00,5485.35,5488.0,5482.6,5486.55
3045,2024-02-13 09:57:00,5488.0,5498.0,5488.0,5496.95
3046,2024-02-13 09:58:00,5497.2,5499.95,5495.2,5499.95
3047,2024-02-13 09:59:00,5500.0,5507.95,5500.0,5503.3
3048,2024-02-13 10:00:00,5500.25,5504.6,5500.25,5500.5
3049,2024-02-13 10:01:00,5502.0,5502.0,5498.0,5498.0
3050,2024-02-13 10:02:00,5497.05,5498.0,5491.5,5498.0
3051,2024-02-13 10:03:00,5495.5,5500.85,5494.75,5499.6
3052,2024-02-13 10:04:00,5498.65,5501.3,5496.4,5498.4
3053,2024-02-13 10:05:00,5499.95,5505.05,5497.5,5505.05
3054,2024-02-13 10:06:00,5504.8,5506.05,5502.2,5502.65
3055,2024-02-13 10:07:00,5503.55,5503.55,5497.0,5499.6
3056,2024-02-13 10:08:00,5497.1,5499.25,5495.0,5498.5
3057,2024-02-13 10:09:00,5499.65,5499.85,5495.05,5496.7
3058,2024-02-13 10:10:00,5496.65,5498.2,5491.6,5498.2
3059,2024-02-13 10:11:00,5498.6,5498.9,5492.0,5494.05
3060,2024-02-13 10:12:00,5497.1,5497.85,5493.4,5497.85
3061,2024-02-13 10:13:00,5496.1,5500.95,5496.1,5500.95
3062,2024-02-13 10:14:00,5503.0,5503.75,5500.3,5500.3
3063,2024-02-13 10:15:00,5502.75,5507.3,5500.55,5505.05
3064,2024-02-13 10:16:00,5507.7,5507.95,5502.05,5504.7
3065,2024-02-13 10:17:00,5504.9,5507.25,5503.0,5507.25
3066,2024-02-13 10:18:00,5506.3,5509.8,5506.3,5507.05
3067,2024-02-13 10:19:00,5506.85,5506.85,5502.5,5503.0
3068,2024-02-13 10:20:00,5504.55,5506.85,5500.5,5506.85
3069,2024-02-13 10:21:00,5507.0,5509.95,5503.5,5508.0
3070,2024-02-13 10:22:00,5508.95,5508.95,5497.7,5499.2
3071,2024-02-13 10:23:00,5500.45,5509.0,5500.45,5508.95
3072,2024-02-13 10:24:00,5509.0,5509.0,5504.35,5507.65
3073,2024-02-13 10:25:00,5507.95,5508.0,5504.95,5507.95
3074,2024-02-13 10:26:00,5507.5,5507.5,5503.6,5503.6
3075,2024-02-13 10:27:00,5506.0,5511.0,5506.0,5511.0
3076,2024-02-13 10:28:00,5503.65,5511.0,5503.65,5508.3
3077,2024-02-13 10:29:00,5511.0,5511.0,5510.4,5510.4
3078,2024-02-13 10:30:00,5511.0,5511.8,5500.95,5511.2
3079,2024-02-13 10:31:00,5511.1,5512.0,5505.7,5506.4
3080,2024-02-13 10:32:00,5505.3,5510.6,5505.3,5510.0
3081,2024-02-13 10:33:00,5509.6,5509.6,5507.6,5507.6
3082,2024-02-13 10:34:00,5509.5,5511.0,5504.05,5504.05
3083,2024-02-13 10:35:00,5502.85,5507.4,5502.85,5507.4
3084,2024-02-13 10:36:00,5508.35,5510.0,5505.45,5509.05
3085,2024-02-13 10:37:00,5509.0,5509.25,5498.0,5508.6
3086,2024-02-13 10:38:00,5504.5,5510.0,5501.6,5510.0
3087,2024-02-13 10:39:00,5509.95,5510.7,5506.95,5510.0
3088,2024-02-13 10:40:00,5509.15,5509.45,5506.0,5506.5
3089,2024-02-13 10:41:00,5505.95,5505.95,5496.65,5502.25
3090,2024-02-13 10:42:00,5502.0,5502.5,5500.55,5501.9
3091,2024-02-13 10:43:00,5500.0,5504.95,5499.75,5502.35
3092,2024-02-13 10:44:00,5502.95,5506.55,5501.7,5506.55
3093,2024-02-13 10:45:00,5507.95,5511.0,5505.2,5508.5
3094,2024-02-13 10:46:00,5510.55,5510.55,5504.05,5507.1
3095,2024-02-13 10:47:00,5507.2,5507.35,5498.9,5504.45
3096,2024-02-13 10:48:00,5507.3,5507.95,5503.8,5507.3
3097,2024-02-13 10:49:00,5507.45,5508.0,5504.0,5507.3
3098,2024-02-13 10:50:00,5507.65,5509.6,5505.9,5505.9
3099,2024-02-13 10:51:00,5506.2,5522.05,5506.2,5522.05
3100,2024-02-13 10:52:00,5519.1,5522.35,5516.55,5519.0
3101,2024-02-13 10:53:00,5520.0,5522.8,5512.4,5518.45
3102,2024-02-13 10:54:00,5521.3,5524.05,5518.0,5523.1
3103,2024-02-13 10:55:00,5522.3,5523.9,5518.0,5522.3
3104,2024-02-13 10:56:00,5522.35,5523.35,5518.0,5521.5
3105,2024-02-13 10:57:00,5518.4,5523.9,5518.4,5521.25
3106,2024-02-13 10:58:00,5521.45,5521.45,5518.0,5520.85
3107,2024-02-13 10:59:00,5520.9,5523.9,5518.1,5519.35
3108,2024-02-13 11:00:00,5522.3,5522.3,5517.1,5517.1
3109,2024-02-13 11:01:00,5517.95,5520.0,5515.0,5518.8
3110,2024-02-13 11:02:00,5518.85,5520.0,5516.0,5516.0
3111,2024-02-13 11:03:00,5516.05,5519.65,5515.4,5515.4
3112,2024-02-13 11:04:00,5515.85,5521.45,5515.85,5521.2
3113,2024-02-13 11:05:00,5521.15,5522.5,5518.8,5519.65
3114,2024-02-13 11:06:00,5519.7,5528.25,5517.0,5526.45
3115,2024-02-13 11:07:00,5528.05,5529.3,5521.2,5521.2
3116,2024-02-13 11:08:00,5521.3,5525.6,5520.0,5524.05
3117,2024-02-13 11:09:00,5524.95,5524.95,5519.35,5522.1
3118,2024-02-13 11:10:00,5522.0,5525.6,5521.15,5522.45
3119,2024-02-13 11:11:00,5524.45,5534.0,5524.4,5532.35
3120,2024-02-13 11:12:00,5534.0,5539.9,5532.05,5534.0
3121,2024-02-13 11:13:00,5532.55,5537.8,5532.55,5535.05
3122,2024-02-13 11:14:00,5535.15,5535.3,5531.65,5534.2
3123,2024-02-13 11:15:00,5532.2,5535.0,5532.2,5533.35
3124,2024-02-13 11:16:00,5533.45,5534.25,5530.0,5531.15
3125,2024-02-13 11:17:00,5532.3,5537.0,5531.15,5534.7
3126,2024-02-13 11:18:00,5535.5,5536.5,5531.0,5531.75
3127,2024-02-13 11:19:00,5531.3,5536.45,5528.35,5536.45
3128,2024-02-13 11:20:00,5534.25,5534.85,5530.0,5533.05
3129,2024-02-13 11:21:00,5533.35,5533.35,5530.0,5530.35
3130,2024-02-13 11:22:00,5530.0,5531.4,5526.15,5530.05
3131,2024-02-13 11:23:00,5530.0,5531.45,5524.9,5525.95
3132,2024-02-13 11:24:00,5527.3,5528.95,5525.0,5525.35
3133,2024-02-13 11:25:00,5525.0,5525.05,5521.15,5523.85
3134,2024-02-13 11:26:00,5525.0,5525.0,5521.45,5522.85
3135,2024-02-13 11:27:00,5525.0,5529.0,5521.65,5529.0
3136,2024-02-13 11:28:00,5527.6,5530.0,5527.55,5530.0
3137,2024-02-13 11:29:00,5529.85,5530.0,5526.1,5529.05
3138,2024-02-13 11:30:00,5528.25,5530.0,5527.15,5528.9
3139,2024-02-13 11:31:00,5527.85,5530.0,5527.85,5528.65
3140,2024-02-13 11:32:00,5528.8,5530.0,5528.5,5529.15
3141,2024-02-13 11:33:00,5530.75,5532.0,5529.25,5530.0
3142,2024-02-13 11:34:00,5531.95,5531.95,5530.05,5531.0
3143,2024-02-13 11:35:00,5531.1,5531.95,5530.7,5530.9
3144,2024-02-13 11:36:00,5531.4,5531.95,5527.55,5527.75
3145,2024-02-13 11:37:00,5526.0,5531.2,5526.0,5528.9
3146,2024-02-13 11:38:00,5530.0,5531.2,5527.65,5527.8
3147,2024-02-13 11:39:00,5528.3,5528.3,5520.4,5521.95
3148,2024-02-13 11:40:00,5520.7,5523.5,5520.2,5521.55
3149,2024-02-13 11:41:00,5521.5,5521.5,5514.0,5515.2
3150,2024-02-13 11:42:00,5515.4,5518.55,5512.8,5518.55
3151,2024-02-13 11:43:00,5515.9,5518.55,5514.1,5515.05
3152,2024-02-13 11:44:00,5515.2,5516.5,5514.35,5514.95
3153,2024-02-13 11:45:00,5515.25,5519.0,5514.2,5516.2
3154,2024-02-13 11:46:00,5516.1,5518.85,5514.8,5515.3
3155,2024-02-13 11:47:00,5515.4,5517.25,5514.8,5516.0
3156,2024-02-13 11:48:00,5516.35,5519.0,5515.25,5515.25
3157,2024-02-13 11:49:00,5515.45,5518.0,5513.5,5515.95
3158,2024-02-13 11:50:00,5516.95,5517.4,5514.2,5514.65
3159,2024-02-13 11:51:00,5515.1,5521.7,5514.95,5516.5
3160,2024-02-13 11:52:00,5516.85,5520.35,5515.3,5519.3
3161,2024-02-13 11:53:00,5520.7,5521.6,5518.2,5519.05
3162,2024-02-13 11:54:00,5518.7,5521.15,5518.45,5519.75
3163,2024-02-13 11:55:00,5518.0,5521.45,5518.0,5519.65
3164,2024-02-13 11:56:00,5520.0,5521.9,5518.0,5518.65
3165,2024-02-13 11:57:00,5518.7,5523.0,5518.7,5519.65
3166,2024-02-13 11:58:00,5519.15,5523.55,5519.15,5521.5
3167,2024-02-13 11:59:00,5522.35,5522.35,5518.8,5520.4
3168,2024-02-13 12:00:00,5520.45,5522.0,5518.05,5518.05
3169,2024-02-13 12:01:00,5518.2,5522.0,5518.0,5522.0
3170,2024-02-13 12:02:00,5518.9,5522.0,5517.05,5520.9
3171,2024-02-13 12:03:00,5520.25,5522.0,5517.65,5519.6
3172,2024-02-13 12:04:00,5518.45,5521.6,5517.3,5517.3
3173,2024-02-13 12:05:00,5518.35,5519.4,5515.05,5515.15
3174,2024-02-13 12:06:00,5515.0,5519.0,5515.0,5516.2
3175,2024-02-13 12:07:00,5515.35,5519.0,5515.0,5516.1
3176,2024-02-13 12:08:00,5518.0,5520.0,5515.85,5516.1
3177,2024-02-13 12:09:00,5518.35,5520.0,5515.85,5519.05
3178,2024-02-13 12:10:00,5517.0,5519.6,5515.55,5517.5
3179,2024-02-13 12:11:00,5517.55,5520.0,5517.1,5517.15
3180,2024-02-13 12:12:00,5516.5,5520.0,5515.3,5517.2
3181,2024-02-13 12:13:00,5518.45,5518.95,5514.35,5516.25
3182,2024-02-13 12:14:00,5515.0,5518.45,5513.2,5515.0
3183,2024-02-13 12:15:00,5517.1,5520.0,5515.0,5516.75
3184,2024-02-13 12:16:00,5519.45,5520.0,5516.3,5516.6
3185,2024-02-13 12:17:00,5517.05,5519.0,5512.9,5514.85
3186,2024-02-13 12:18:00,5517.1,5520.0,5515.0,5518.8
3187,2024-02-13 12:19:00,5518.75,5520.0,5516.4,5517.0
3188,2024-02-13 12:20:00,5518.2,5520.15,5515.5,5516.3
3189,2024-02-13 12:21:00,5518.75,5518.85,5515.75,5518.1
3190,2024-02-13 12:22:00,5515.85,5518.85,5515.0,5517.4
3191,2024-02-13 12:23:00,5515.6,5518.4,5513.05,5515.0
3192,2024-02-13 12:24:00,5515.9,5520.2,5515.05,5519.9
3193,2024-02-13 12:25:00,5519.85,5522.0,5518.55,5522.0
3194,2024-02-13 12:26:00,5521.2,5522.6,5517.0,5517.35
3195,2024-02-13 12:27:00,5520.95,5520.95,5516.05,5519.35
3196,2024-02-13 12:28:00,5518.0,5518.3,5513.45,5514.8
3197,2024-02-13 12:29:00,5514.9,5516.9,5514.2,5516.15
3198,2024-02-13 12:30:00,5515.2,5517.9,5515.0,5515.0
3199,2024-02-13 12:31:00,5515.7,5517.3,5515.0,5515.05
3200,2024-02-13 12:32:00,5515.1,5520.0,5515.1,5518.0
3201,2024-02-13 12:33:00,5518.5,5522.4,5518.5,5522.4
3202,2024-02-13 12:34:00,5523.0,5523.0,5518.2,5520.0
3203,2024-02-13 12:35:00,5519.5,5522.0,5518.05,5522.0
3204,2024-02-13 12:36:00,5521.95,5522.85,5518.0,5520.95
3205,2024-02-13 12:37:00,5521.85,5522.85,5518.5,5522.45
3206,2024-02-13 12:38:00,5522.85,5530.6,5522.45,5530.6
3207,2024-02-13 12:39:00,5531.95,5535.0,5530.6,5531.2
3208,2024-02-13 12:40:00,5531.35,5535.2,5531.35,5535.15
3209,2024-02-13 12:41:00,5535.0,5536.4,5528.5,5531.45
3210,2024-02-13 12:42:00,5531.0,5542.45,5531.0,5541.4
3211,2024-02-13 12:43:00,5541.5,5545.0,5538.0,5538.5
3212,2024-02-13 12:44:00,5538.0,5542.85,5537.15,5539.2
3213,2024-02-13 12:45:00,5538.6,5545.0,5537.45,5543.05
3214,2024-02-13 12:46:00,5543.1,5547.9,5541.05,5546.9
3215,2024-02-13 12:47:00,5547.9,5557.95,5545.2,5549.05
3216,2024-02-13 12:48:00,5551.6,5551.6,5545.0,5550.05
3217,2024-02-13 12:49:00,5548.45,5550.9,5545.65,5548.6
3218,2024-02-13 12:50:00,5550.0,5552.0,5548.05,5550.9
3219,2024-02-13 12:51:00,5552.0,5558.0,5550.45,5556.2
3220,2024-02-13 12:52:00,5558.3,5558.95,5555.0,5555.75
3221,2024-02-13 12:53:00,5558.0,5567.0,5556.25,5563.6
3222,2024-02-13 12:54:00,5564.0,5564.95,5560.0,5563.25
3223,2024-02-13 12:55:00,5563.9,5563.95,5560.0,5562.3
3224,2024-02-13 12:56:00,5562.65,5564.2,5559.45,5563.3
3225,2024-02-13 12:57:00,5562.85,5563.5,5557.55,5563.5
3226,2024-02-13 12:58:00,5562.0,5565.0,5559.9,5563.05
3227,2024-02-13 12:59:00,5565.0,5567.25,5561.0,5562.2
3228,2024-02-13 13:00:00,5562.8,5574.65,5560.0,5572.4
3229,2024-02-13 13:01:00,5573.8,5574.8,5570.1,5574.8
3230,2024-02-13 13:02:00,5574.75,5574.8,5571.05,5574.05
3231,2024-02-13 13:03:00,5573.0,5574.85,5570.0,5571.15
3232,2024-02-13 13:04:00,5573.0,5574.0,5571.2,5571.7
3233,2024-02-13 13:05:00,5571.8,5575.0,5570.05,5570.25
3234,2024-02-13 13:06:00,5571.0,5571.0,5560.5,5560.5
3235,2024-02-13 13:07:00,5560.45,5567.0,5560.0,5560.0
3236,2024-02-13 13:08:00,5557.1,5564.1,5555.0,5560.85
3237,2024-02-13 13:09:00,5560.0,5569.9,5560.0,5567.5
3238,2024-02-13 13:10:00,5566.2,5568.55,5560.45,5568.55
3239,2024-02-13 13:11:00,5566.55,5569.95,5565.1,5569.85
3240,2024-02-13 13:12:00,5567.05,5570.0,5565.0,5567.9
3241,2024-02-13 13:13:00,5564.6,5565.8,5561.0,5564.4
3242,2024-02-13 13:14:00,5563.0,5569.95,5563.0,5566.1
3243,2024-02-13 13:15:00,5565.6,5568.0,5565.6,5566.3
3244,2024-02-13 13:16:00,5568.0,5568.0,5561.0,5562.4
3245,2024-02-13 13:17:00,5562.7,5566.3,5562.0,5566.3
3246,2024-02-13 13:18:00,5566.0,5568.0,5563.9,5565.05
3247,2024-02-13 13:19:00,5565.25,5565.6,5562.0,5564.05
3248,2024-02-13 13:20:00,5565.9,5566.0,5562.0,5565.2
3249,2024-02-13 13:21:00,5566.75,5567.85,5561.65,5567.75
3250,2024-02-13 13:22:00,5565.05,5567.7,5562.6,5566.85
3251,2024-02-13 13:23:00,5563.8,5567.45,5563.35,5565.6
3252,2024-02-13 13:24:00,5564.8,5565.55,5564.0,5564.9
3253,2024-02-13 13:25:00,5565.2,5568.0,5565.2,5567.55
3254,2024-02-13 13:26:00,5566.85,5568.0,5564.55,5566.15
3255,2024-02-13 13:27:00,5567.05,5570.0,5566.2,5570.0
3256,2024-02-13 13:28:00,5569.45,5574.75,5568.05,5571.6
3257,2024-02-13 13:29:00,5573.0,5574.9,5570.8,5572.0
3258,2024-02-13 13:30:00,5572.95,5572.95,5565.0,5565.0
3259,2024-02-13 13:31:00,5563.1,5563.1,5555.0,5555.0
3260,2024-02-13 13:32:00,5553.5,5556.3,5552.55,5553.05
3261,2024-02-13 13:33:00,5552.8,5555.2,5550.0,5551.25
3262,2024-02-13 13:34:00,5552.2,5556.4,5550.1,5550.1
3263,2024-02-13 13:35:00,5550.3,5553.55,5545.0,5545.0
3264,2024-02-13 13:36:00,5544.05,5548.25,5542.6,5548.25
3265,2024-02-13 13:37:00,5546.75,5547.35,5542.95,5543.9
3266,2024-02-13 13:38:00,5542.0,5548.9,5542.0,5545.1
3267,2024-02-13 13:39:00,5545.0,5548.55,5545.0,5545.55
3268,2024-02-13 13:40:00,5551.0,5558.6,5550.9,5558.6
3269,2024-02-13 13:41:00,5558.95,5563.35,5558.1,5558.1
3270,2024-02-13 13:42:00,5558.0,5562.3,5557.2,5557.2
3271,2024-02-13 13:43:00,5557.55,5558.8,5555.0,5555.0
3272,2024-02-13 13:44:00,5555.05,5558.9,5555.0,5558.45
3273,2024-02-13 13:45:00,5555.7,5557.2,5555.7,5557.2
3274,2024-02-13 13:46:00,5556.45,5558.1,5555.7,5556.9
3275,2024-02-13 13:47:00,5556.0,5556.7,5555.0,5555.2
3276,2024-02-13 13:48:00,5555.15,5556.7,5555.0,5555.0
3277,2024-02-13 13:49:00,5556.7,5557.05,5555.0,5557.05
3278,2024-02-13 13:50:00,5556.7,5566.6,5556.7,5561.25
3279,2024-02-13 13:51:00,5561.0,5563.35,5557.2,5563.35
3280,2024-02-13 13:52:00,5560.15,5563.0,5558.05,5559.05
3281,2024-02-13 13:53:00,5559.3,5567.25,5559.3,5564.95
3282,2024-02-13 13:54:00,5563.2,5570.85,5562.6,5569.3
3283,2024-02-13 13:55:00,5565.9,5570.2,5565.05,5565.6
3284,2024-02-13 13:56:00,5564.8,5570.0,5564.8,5566.3
3285,2024-02-13 13:57:00,5566.75,5572.0,5565.25,5571.95
3286,2024-02-13 13:58:00,5570.0,5571.0,5566.5,5569.95
3287,2024-02-13 13:59:00,5566.3,5569.65,5564.7,5565.4
3288,2024-02-13 14:00:00,5565.0,5570.0,5563.8,5570.0
3289,2024-02-13 14:01:00,5567.7,5571.0,5564.4,5568.7
3290,2024-02-13 14:02:00,5568.65,5569.95,5562.6,5563.15
3291,2024-02-13 14:03:00,5565.5,5570.2,5562.4,5570.2
3292,2024-02-13 14:04:00,5570.15,5570.75,5566.7,5567.9
3293,2024-02-13 14:05:00,5567.85,5569.95,5562.05,5562.05
3294,2024-02-13 14:06:00,5563.5,5565.45,5559.65,5561.6
3295,2024-02-13 14:07:00,5561.1,5563.0,5561.0,5561.0
3296,2024-02-13 14:08:00,5561.2,5562.95,5560.0,5560.3
3297,2024-02-13 14:09:00,5560.0,5566.5,5557.55,5563.45
3298,2024-02-13 14:10:00,5563.35,5566.85,5561.8,5563.7
3299,2024-02-13 14:11:00,5562.95,5562.95,5560.05,5560.8
3300,2024-02-13 14:12:00,5561.2,5563.0,5555.0,5563.0
3301,2024-02-13 14:13:00,5560.05,5563.0,5558.75,5560.95
3302,2024-02-13 14:14:00,5561.3,5562.95,5557.9,5557.9
3303,2024-02-13 14:15:00,5559.8,5560.95,5556.95,5559.0
3304,2024-02-13 14:16:00,5558.95,5559.55,5555.0,5557.15
3305,2024-02-13 14:17:00,5556.05,5562.95,5556.05,5560.95
3306,2024-02-13 14:18:00,5561.4,5567.7,5560.0,5563.2
3307,2024-02-13 14:19:00,5562.05,5565.0,5560.4,5563.15
3308,2024-02-13 14:20:00,5563.4,5564.2,5560.2,5564.1
3309,2024-02-13 14:21:00,5562.7,5566.2,5560.0,5562.25
3310,2024-02-13 14:22:00,5562.2,5564.7,5561.2,5561.6
3311,2024-02-13 14:23:00,5562.2,5564.45,5561.45,5563.8
3312,2024-02-13 14:24:00,5562.1,5567.5,5561.3,5563.15
3313,2024-02-13 14:25:00,5560.8,5566.3,5560.8,5564.15
3314,2024-02-13 14:26:00,5564.1,5569.45,5562.75,5566.7
3315,2024-02-13 14:27:00,5569.85,5571.0,5566.2,5568.0
3316,2024-02-13 14:28:00,5567.85,5568.6,5566.45,5566.65
3317,2024-02-13 14:29:00,5571.1,5571.85,5567.4,5568.6
3318,2024-02-13 14:30:00,5568.3,5571.0,5565.5,5570.4
3319,2024-02-13 14:31:00,5569.5,5571.0,5568.75,5570.25
3320,2024-02-13 14:32:00,5570.2,5572.0,5569.3,5570.4
3321,2024-02-13 14:33:00,5570.8,5572.0,5567.4,5567.4
3322,2024-02-13 14:34:00,5567.0,5572.0,5566.0,5568.0
3323,2024-02-13 14:35:00,5566.7,5572.0,5565.35,5567.85
3324,2024-02-13 14:36:00,5567.25,5570.2,5560.45,5567.5
3325,2024-02-13 14:37:00,5564.95,5570.0,5561.45,5562.25
3326,2024-02-13 14:38:00,5561.45,5570.0,5560.0,5567.9
3327,2024-02-13 14:39:00,5565.15,5567.9,5563.05,5564.3
3328,2024-02-13 14:40:00,5562.4,5566.45,5562.05,5566.05
3329,2024-02-13 14:41:00,5563.4,5567.0,5563.4,5567.0
3330,2024-02-13 14:42:00,5566.0,5567.0,5562.35,5564.95
3331,2024-02-13 14:43:00,5562.35,5567.9,5562.1,5567.3
3332,2024-02-13 14:44:00,5567.15,5567.3,5561.45,5561.55
3333,2024-02-13 14:45:00,5561.5,5567.4,5561.5,5563.9
3334,2024-02-13 14:46:00,5563.85,5568.15,5560.0,5565.0
3335,2024-02-13 14:47:00,5563.55,5568.85,5563.5,5567.4
3336,2024-02-13 14:48:00,5564.85,5567.05,5563.55,5567.0
3337,2024-02-13 14:49:00,5565.25,5568.85,5564.2,5568.6
3338,2024-02-13 14:50:00,5566.75,5569.25,5563.3,5567.1
3339,2024-02-13 14:51:00,5564.65,5568.6,5564.3,5564.3
3340,2024-02-13 14:52:00,5564.2,5567.85,5563.75,5564.8
3341,2024-02-13 14:53:00,5565.0,5565.0,5557.5,5560.6
3342,2024-02-13 14:54:00,5561.75,5564.25,5560.5,5563.9
3343,2024-02-13 14:55:00,5564.05,5564.95,5560.0,5561.95
3344,2024-02-13 14:56:00,5563.3,5564.2,5560.0,5564.1
3345,2024-02-13 14:57:00,5562.55,5564.95,5560.55,5562.35
3346,2024-02-13 14:58:00,5561.7,5564.0,5560.7,5561.65
3347,2024-02-13 14:59:00,5564.75,5564.95,5561.2,5563.6
3348,2024-02-13 15:00:00,5562.05,5564.85,5560.15,5562.05
3349,2024-02-13 15:01:00,5562.0,5564.55,5560.0,5562.3
3350,2024-02-13 15:02:00,5562.5,5565.0,5562.0,5562.15
3351,2024-02-13 15:03:00,5562.35,5565.0,5560.0,5560.15
3352,2024-02-13 15:04:00,5560.1,5563.95,5560.0,5560.0
3353,2024-02-13 15:05:00,5560.5,5563.9,5560.15,5560.15
3354,2024-02-13 15:06:00,5561.2,5563.9,5560.0,5561.2
3355,2024-02-13 15:07:00,5561.5,5564.85,5560.3,5561.0
3356,2024-02-13 15:08:00,5561.25,5564.9,5560.85,5560.95
3357,2024-02-13 15:09:00,5561.25,5564.9,5560.95,5564.9
3358,2024-02-13 15:10:00,5562.3,5564.9,5560.6,5560.6
3359,2024-02-13 15:11:00,5560.7,5561.0,5556.95,5556.95
3360,2024-02-13 15:12:00,5557.7,5560.2,5557.2,5559.1
3361,2024-02-13 15:13:00,5559.05,5560.45,5559.0,5559.95
3362,2024-02-13 15:14:00,5560.0,5561.0,5559.95,5560.3
3363,2024-02-13 15:15:00,5560.35,5561.0,5555.3,5555.3
3364,2024-02-13 15:16:00,5557.95,5560.0,5556.05,5558.9
3365,2024-02-13 15:17:00,5559.45,5560.0,5554.95,5555.45
3366,2024-02-13 15:18:00,5555.4,5555.4,5551.35,5552.25
3367,2024-02-13 15:19:00,5549.75,5553.85,5546.75,5550.0
3368,2024-02-13 15:20:00,5548.85,5550.0,5545.75,5549.6
3369,2024-02-13 15:21:00,5549.8,5549.95,5545.0,5546.95
3370,2024-02-13 15:22:00,5546.55,5554.4,5546.1,5554.4
3371,2024-02-13 15:23:00,5553.65,5563.4,5553.05,5561.4
3372,2024-02-13 15:24:00,5561.15,5565.0,5560.5,5564.0
3373,2024-02-13 15:25:00,5563.9,5566.0,5561.0,5561.0
3374,2024-02-13 15:26:00,5561.95,5564.95,5561.05,5564.85
3375,2024-02-13 15:27:00,5561.35,5565.0,5560.0,5561.9
3376,2024-02-13 15:28:00,5561.85,5564.8,5560.0,5564.0
3377,2024-02-13 15:29:00,5562.4,5570.0,5562.0,5570.0
3378,2024-02-14 09:14:00,5479.95,5479.95,5479.95,5479.95
3379,2024-02-14 09:15:00,5487.25,5487.35,5434.45,5455.0
3380,2024-02-14 09:16:00,5461.65,5470.45,5450.25,5454.7
3381,2024-02-14 09:17:00,5455.25,5456.5,5443.45,5456.25
3382,2024-02-14 09:18:00,5460.0,5475.05,5457.9,5470.2
3383,2024-02-14 09:19:00,5474.15,5479.35,5466.1,5466.1
3384,2024-02-14 09:20:00,5468.1,5468.1,5451.0,5451.0
3385,2024-02-14 09:21:00,5454.1,5454.1,5446.35,5452.0
3386,2024-02-14 09:22:00,5453.3,5457.15,5448.0,5449.75
3387,2024-02-14 09:23:00,5452.4,5462.9,5450.0,5462.9
3388,2024-02-14 09:24:00,5457.05,5477.9,5455.6,5473.35
3389,2024-02-14 09:25:00,5475.0,5476.0,5468.25,5474.4
3390,2024-02-14 09:26:00,5471.6,5475.0,5466.8,5467.85
3391,2024-02-14 09:27:00,5469.0,5469.0,5455.0,5455.2
3392,2024-02-14 09:28:00,5461.6,5463.2,5450.25,5462.4
3393,2024-02-14 09:29:00,5462.75,5463.0,5456.65,5462.9
3394,2024-02-14 09:30:00,5462.0,5462.9,5450.0,5450.0
3395,2024-02-14 09:31:00,5451.8,5452.05,5443.0,5446.95
3396,2024-02-14 09:32:00,5448.95,5448.95,5442.45,5444.0
3397,2024-02-14 09:33:00,5443.0,5444.65,5437.5,5443.3
3398,2024-02-14 09:34:00,5442.9,5446.9,5439.0,5446.9
3399,2024-02-14 09:35:00,5442.8,5457.4,5440.5,5456.0
3400,2024-02-14 09:36:00,5457.35,5459.0,5446.05,5450.4
3401,2024-02-14 09:37:00,5450.25,5457.35,5450.0,5457.1
3402,2024-02-14 09:38:00,5455.55,5461.0,5452.15,5461.0
3403,2024-02-14 09:39:00,5465.45,5469.0,5462.35,5462.35
3404,2024-02-14 09:40:00,5461.0,5463.9,5454.0,5456.9
3405,2024-02-14 09:41:00,5454.4,5456.25,5452.35,5455.25
3406,2024-02-14 09:42:00,5455.1,5455.1,5446.6,5448.35
3407,2024-02-14 09:43:00,5448.15,5450.55,5442.4,5448.05
3408,2024-02-14 09:44:00,5447.95,5450.1,5440.0,5443.25
3409,2024-02-14 09:45:00,5444.95,5449.85,5444.2,5445.0
3410,2024-02-14 09:46:00,5444.65,5455.85,5444.65,5453.7
3411,2024-02-14 09:47:00,5452.05,5454.8,5449.0,5449.0
3412,2024-02-14 09:48:00,5447.35,5450.55,5445.85,5448.35
3413,2024-02-14 09:49:00,5448.4,5450.95,5447.0,5450.6
3414,2024-02-14 09:50:00,5448.05,5452.0,5447.0,5452.0
3415,2024-02-14 09:51:00,5450.0,5462.95,5448.1,5461.9
3416,2024-02-14 09:52:00,5458.8,5461.9,5456.1,5459.0
3417,2024-02-14 09:53:00,5456.65,5463.35,5456.65,5462.8
3418,2024-02-14 09:54:00,5463.0,5467.85,5460.1,5463.7
3419,2024-02-14 09:55:00,5464.55,5465.0,5457.25,5457.25
3420,2024-02-14 09:56:00,5460.15,5460.2,5457.3,5459.45
3421,2024-02-14 09:57:00,5458.0,5460.5,5458.0,5460.0
3422,2024-02-14 09:58:00,5455.55,5458.45,5454.0,5457.65
3423,2024-02-14 09:59:00,5458.65,5458.65,5450.25,5452.55
3424,2024-02-14 10:00:00,5452.6,5455.75,5451.2,5455.75
3425,2024-02-14 10:01:00,5454.25,5457.95,5454.0,5454.9
3426,2024-02-14 10:02:00,5454.55,5465.0,5454.55,5465.0
3427,2024-02-14 10:03:00,5463.4,5465.95,5460.35,5462.6
3428,2024-02-14 10:04:00,5460.1,5462.5,5451.5,5454.35
3429,2024-02-14 10:05:00,5454.4,5454.4,5450.0,5452.0
3430,2024-02-14 10:06:00,5453.1,5456.15,5446.1,5446.1
3431,2024-02-14 10:07:00,5449.75,5451.55,5446.6,5449.9
3432,2024-02-14 10:08:00,5449.45,5449.8,5446.6,5446.6
3433,2024-02-14 10:09:00,5447.95,5451.75,5446.7,5448.75
3434,2024-02-14 10:10:00,5448.85,5451.85,5448.85,5450.0
3435,2024-02-14 10:11:00,5451.9,5451.9,5448.75,5450.0
3436,2024-02-14 10:12:00,5448.8,5451.35,5448.8,5450.0
3437,2024-02-14 10:13:00,5451.8,5451.85,5448.95,5451.25
3438,2024-02-14 10:14:00,5450.75,5452.0,5450.75,5452.0
3439,2024-02-14 10:15:00,5458.85,5459.05,5448.5,5449.0
3440,2024-02-14 10:16:00,5449.8,5450.25,5447.2,5448.2
3441,2024-02-14 10:17:00,5447.75,5458.4,5446.05,5457.9
3442,2024-02-14 10:18:00,5457.85,5458.9,5455.6,5458.9
3443,2024-02-14 10:19:00,5458.75,5458.75,5455.0,5455.0
3444,2024-02-14 10:20:00,5458.0,5458.0,5453.55,5454.1
3445,2024-02-14 10:21:00,5453.55,5462.5,5452.0,5462.5
3446,2024-02-14 10:22:00,5460.1,5463.9,5460.0,5461.5
3447,2024-02-14 10:23:00,5461.9,5468.85,5461.5,5464.3
3448,2024-02-14 10:24:00,5464.35,5467.35,5462.2,5467.0
3449,2024-02-14 10:25:00,5465.65,5472.45,5465.0,5472.35
3450,2024-02-14 10:26:00,5470.1,5472.5,5470.0,5472.35
3451,2024-02-14 10:27:00,5472.0,5472.0,5470.0,5471.0
3452,2024-02-14 10:28:00,5470.6,5471.1,5470.0,5470.65
3453,2024-02-14 10:29:00,5470.85,5472.65,5470.0,5472.65
3454,2024-02-14 10:30:00,5472.5,5474.1,5470.0,5470.1
3455,2024-02-14 10:31:00,5470.0,5477.0,5468.75,5477.0
3456,2024-02-14 10:32:00,5477.6,5482.95,5476.65,5482.95
3457,2024-02-14 10:33:00,5480.25,5482.45,5480.15,5481.25
3458,2024-02-14 10:34:00,5483.0,5485.85,5481.15,5485.6
3459,2024-02-14 10:35:00,5483.1,5486.0,5480.15,5482.0
3460,2024-02-14 10:36:00,5480.15,5482.45,5479.95,5480.15
3461,2024-02-14 10:37:00,5481.5,5482.45,5480.15,5481.5
3462,2024-02-14 10:38:00,5480.15,5481.9,5476.05,5478.3
3463,2024-02-14 10:39:00,5477.75,5481.55,5476.9,5481.0
3464,2024-02-14 10:40:00,5480.0,5481.45,5480.0,5481.45
3465,2024-02-14 10:41:00,5481.0,5481.4,5478.85,5478.85
3466,2024-02-14 10:42:00,5478.2,5480.0,5469.1,5469.1
3467,2024-02-14 10:43:00,5472.4,5475.0,5470.15,5473.65
3468,2024-02-14 10:44:00,5472.8,5476.45,5472.8,5473.9
3469,2024-02-14 10:45:00,5474.95,5474.95,5463.95,5463.95
3470,2024-02-14 10:46:00,5460.7,5469.15,5460.7,5464.55
3471,2024-02-14 10:47:00,5464.9,5467.75,5464.9,5465.0
3472,2024-02-14 10:48:00,5465.45,5466.35,5464.7,5466.0
3473,2024-02-14 10:49:00,5467.5,5470.55,5464.55,5464.55
3474,2024-02-14 10:50:00,5464.2,5466.25,5463.2,5465.9
3475,2024-02-14 10:51:00,5465.95,5469.85,5465.2,5469.85
3476,2024-02-14 10:52:00,5468.65,5477.9,5467.45,5476.3
3477,2024-02-14 10:53:00,5474.9,5479.85,5470.15,5476.95
3478,2024-02-14 10:54:00,5479.55,5481.8,5478.65,5480.0
3479,2024-02-14 10:55:00,5479.0,5482.0,5478.1,5479.15
3480,2024-02-14 10:56:00,5480.25,5485.0,5479.45,5483.55
3481,2024-02-14 10:57:00,5480.15,5483.25,5477.55,5479.85
3482,2024-02-14 10:58:00,5480.35,5481.85,5477.45,5481.35
3483,2024-02-14 10:59:00,5478.25,5481.35,5478.05,5478.25
3484,2024-02-14 11:00:00,5480.75,5481.35,5478.5,5480.0
3485,2024-02-14 11:01:00,5481.0,5481.35,5473.2,5475.0
3486,2024-02-14 11:02:00,5474.1,5475.0,5470.0,5470.05
3487,2024-02-14 11:03:00,5470.1,5474.0,5470.1,5471.4
3488,2024-02-14 11:04:00,5470.95,5472.0,5470.05,5470.05
3489,2024-02-14 11:05:00,5471.0,5472.0,5470.1,5470.2
3490,2024-02-14 11:06:00,5471.95,5472.7,5466.25,5470.0
3491,2024-02-14 11:07:00,5468.2,5477.95,5468.2,5475.0
3492,2024-02-14 11:08:00,5476.45,5480.15,5475.0,5477.75
3493,2024-02-14 11:09:00,5477.65,5477.65,5474.0,5474.15
3494,2024-02-14 11:10:00,5475.25,5476.7,5474.0,5475.0
3495,2024-02-14 11:11:00,5474.85,5476.45,5474.35,5474.35
3496,2024-02-14 11:12:00,5474.0,5477.55,5474.0,5475.25
3497,2024-02-14 11:13:00,5475.1,5475.1,5463.8,5470.0
3498,2024-02-14 11:14:00,5468.45,5468.45,5462.2,5464.35
3499,2024-02-14 11:15:00,5464.25,5476.5,5463.0,5474.05
3500,2024-02-14 11:16:00,5473.5,5480.0,5472.35,5479.95
3501,2024-02-14 11:17:00,5478.6,5478.6,5470.0,5472.05
3502,2024-02-14 11:18:00,5475.0,5479.2,5473.75,5474.8
3503,2024-02-14 11:19:00,5476.05,5478.35,5474.6,5475.05
3504,2024-02-14 11:20:00,5475.0,5475.7,5472.35,5475.05
3505,2024-02-14 11:21:00,5475.15,5476.4,5474.2,5474.2
3506,2024-02-14 11:22:00,5473.75,5476.15,5472.35,5472.35
3507,2024-02-14 11:23:00,5472.4,5473.15,5470.1,5471.25
3508,2024-02-14 11:24:00,5471.0,5474.05,5470.55,5472.8
3509,2024-02-14 11:25:00,5472.6,5474.0,5471.7,5472.5
3510,2024-02-14 11:26:00,5472.45,5474.65,5470.15,5473.0
3511,2024-02-14 11:27:00,5471.15,5473.25,5470.65,5470.75
3512,2024-02-14 11:28:00,5472.0,5473.2,5470.15,5473.0
3513,2024-02-14 11:29:00,5470.55,5473.0,5464.05,5466.0
3514,2024-02-14 11:30:00,5463.4,5475.9,5463.4,5475.9
3515,2024-02-14 11:31:00,5474.85,5475.35,5467.6,5467.65
3516,2024-02-14 11:32:00,5469.65,5471.25,5463.75,5464.25
3517,2024-02-14 11:33:00,5463.15,5467.7,5461.1,5466.0
3518,2024-02-14 11:34:00,5463.95,5464.3,5460.8,5460.8
3519,2024-02-14 11:35:00,5461.85,5463.05,5455.8,5457.1
3520,2024-02-14 11:36:00,5455.55,5457.6,5443.0,5443.0
3521,2024-02-14 11:37:00,5444.6,5449.0,5439.0,5445.8
3522,2024-02-14 11:38:00,5445.7,5452.8,5445.7,5449.85
3523,2024-02-14 11:39:00,5449.5,5450.3,5445.75,5448.0
3524,2024-02-14 11:40:00,5449.55,5451.35,5445.0,5447.0
3525,2024-02-14 11:41:00,5447.35,5449.2,5442.7,5445.15
3526,2024-02-14 11:42:00,5445.4,5445.4,5442.3,5443.7
3527,2024-02-14 11:43:00,5443.1,5446.55,5442.1,5444.85
3528,2024-02-14 11:44:00,5444.95,5450.2,5444.95,5448.55
3529,2024-02-14 11:45:00,5447.0,5449.35,5445.0,5447.0
3530,2024-02-14 11:46:00,5448.0,5449.8,5447.0,5449.0
3531,2024-02-14 11:47:00,5448.1,5450.4,5448.0,5449.35
3532,2024-02-14 11:48:00,5448.75,5449.8,5448.0,5449.45
3533,2024-02-14 11:49:00,5448.0,5451.45,5448.0,5450.25
3534,2024-02-14 11:50:00,5448.05,5450.25,5448.0,5448.0
3535,2024-02-14 11:51:00,5448.5,5449.0,5448.0,5448.55
3536,2024-02-14 11:52:00,5448.0,5449.0,5448.0,5449.0
3537,2024-02-14 11:53:00,5449.05,5449.3,5448.0,5448.0
3538,2024-02-14 11:54:00,5448.15,5452.45,5448.0,5452.4
3539,2024-02-14 11:55:00,5449.55,5454.8,5448.0,5448.0
3540,2024-02-14 11:56:00,5449.5,5450.25,5439.1,5439.1
3541,2024-02-14 11:57:00,5439.2,5441.8,5416.4,5419.95
3542,2024-02-14 11:58:00,5420.2,5423.9,5414.35,5415.95
3543,2024-02-14 11:59:00,5415.55,5418.1,5411.5,5413.35
3544,2024-02-14 12:00:00,5412.0,5412.5,5404.65,5406.55
3545,2024-02-14 12:01:00,5405.2,5418.75,5405.2,5417.2
3546,2024-02-14 12:02:00,5417.55,5419.4,5414.5,5416.0
3547,2024-02-14 12:03:00,5415.15,5423.0,5413.45,5421.35
3548,2024-02-14 12:04:00,5421.3,5423.9,5421.3,5423.0
3549,2024-02-14 12:05:00,5422.0,5429.9,5422.0,5429.45
3550,2024-02-14 12:06:00,5428.1,5435.0,5426.1,5433.8
3551,2024-02-14 12:07:00,5431.0,5434.85,5430.0,5432.1
3552,2024-02-14 12:08:00,5430.0,5435.0,5428.0,5432.1
3553,2024-02-14 12:09:00,5432.05,5435.35,5431.05,5434.95
3554,2024-02-14 12:10:00,5433.8,5444.95,5433.8,5444.95
3555,2024-02-14 12:11:00,5445.0,5448.0,5440.05,5445.05
3556,2024-02-14 12:12:00,5445.0,5448.0,5445.0,5445.95
3557,2024-02-14 12:13:00,5446.95,5449.75,5445.9,5449.0
3558,2024-02-14 12:14:00,5448.95,5450.75,5445.5,5447.2
3559,2024-02-14 12:15:00,5447.6,5452.9,5447.6,5449.85
3560,2024-02-14 12:16:00,5450.0,5453.4,5448.4,5452.0
3561,2024-02-14 12:17:00,5452.05,5452.95,5447.7,5449.9
3562,2024-02-14 12:18:00,5449.6,5450.0,5449.6,5449.95
3563,2024-02-14 12:19:00,5449.65,5449.85,5445.05,5445.6
3564,2024-02-14 12:20:00,5445.65,5448.95,5445.0,5445.75
3565,2024-02-14 12:21:00,5445.8,5447.45,5445.05,5445.05
3566,2024-02-14 12:22:00,5445.1,5446.95,5445.1,5446.85
3567,2024-02-14 12:23:00,5445.0,5446.9,5445.0,5445.05
3568,2024-02-14 12:24:00,5445.9,5446.95,5440.6,5443.65
3569,2024-02-14 12:25:00,5444.0,5447.15,5444.0,5446.1
3570,2024-02-14 12:26:00,5446.05,5452.45,5445.05,5445.5
3571,2024-02-14 12:27:00,5447.0,5448.15,5445.15,5446.4
3572,2024-02-14 12:28:00,5447.2,5452.95,5446.8,5450.65
3573,2024-02-14 12:29:00,5450.55,5454.95,5449.0,5453.3
3574,2024-02-14 12:30:00,5454.0,5454.0,5450.25,5454.0
3575,2024-02-14 12:31:00,5453.95,5458.85,5452.05,5455.55
3576,2024-02-14 12:32:00,5455.5,5461.85,5450.25,5450.3
3577,2024-02-14 12:33:00,5451.15,5453.95,5451.15,5453.3
3578,2024-02-14 12:34:00,5453.55,5456.4,5453.3,5455.2
3579,2024-02-14 12:35:00,5455.25,5456.25,5450.3,5450.3
3580,2024-02-14 12:36:00,5450.6,5452.7,5450.0,5450.8
3581,2024-02-14 12:37:00,5450.65,5451.75,5445.8,5448.95
3582,2024-02-14 12:38:00,5449.2,5450.0,5445.4,5445.4
3583,2024-02-14 12:39:00,5448.8,5450.0,5445.55,5448.7
3584,2024-02-14 12:40:00,5449.05,5449.45,5444.75,5445.1
3585,2024-02-14 12:41:00,5445.65,5447.65,5445.05,5445.4
3586,2024-02-14 12:42:00,5445.35,5446.6,5445.0,5445.45
3587,2024-02-14 12:43:00,5446.55,5446.55,5442.7,5444.3
3588,2024-02-14 12:44:00,5444.45,5446.1,5444.1,5445.0
3589,2024-02-14 12:45:00,5445.5,5446.15,5445.0,5445.0
3590,2024-02-14 12:46:00,5446.1,5446.35,5445.0,5445.0
3591,2024-02-14 12:47:00,5444.95,5445.6,5442.3,5443.85
3592,2024-02-14 12:48:00,5443.9,5446.1,5442.6,5445.0
3593,2024-02-14 12:49:00,5446.2,5446.3,5445.0,5445.9
3594,2024-02-14 12:50:00,5445.0,5445.15,5439.55,5440.55
3595,2024-02-14 12:51:00,5440.45,5442.35,5439.1,5439.55
3596,2024-02-14 12:52:00,5439.45,5441.25,5439.1,5439.45
3597,2024-02-14 12:53:00,5440.9,5442.3,5439.55,5442.0
3598,2024-02-14 12:54:00,5442.45,5443.05,5442.0,5442.2
3599,2024-02-14 12:55:00,5442.6,5444.95,5442.2,5443.1
3600,2024-02-14 12:56:00,5443.0,5445.0,5443.0,5443.0
3601,2024-02-14 12:57:00,5444.85,5445.2,5443.0,5443.0
3602,2024-02-14 12:58:00,5443.05,5444.95,5443.0,5443.0
3603,2024-02-14 12:59:00,5443.1,5444.4,5441.65,5443.0
3604,2024-02-14 13:00:00,5444.0,5447.0,5442.05,5444.5
3605,2024-02-14 13:01:00,5446.0,5447.4,5445.3,5445.3
3606,2024-02-14 13:02:00,5444.0,5445.3,5443.0,5443.05
3607,2024-02-14 13:03:00,5443.8,5445.0,5443.0,5445.0
3608,2024-02-14 13:04:00,5445.4,5445.4,5443.0,5443.0
3609,2024-02-14 13:05:00,5444.2,5445.0,5443.0,5444.35
3610,2024-02-14 13:06:00,5443.0,5444.4,5443.0,5443.0
3611,2024-02-14 13:07:00,5443.6,5444.15,5443.0,5443.0
3612,2024-02-14 13:08:00,5444.35,5444.4,5443.0,5443.4
3613,2024-02-14 13:09:00,5444.2,5444.4,5443.4,5443.7
3614,2024-02-14 13:10:00,5444.4,5445.7,5443.0,5445.0
3615,2024-02-14 13:11:00,5444.0,5445.5,5443.0,5445.2
3616,2024-02-14 13:12:00,5444.6,5446.15,5443.05,5443.8
3617,2024-02-14 13:13:00,5444.1,5447.4,5443.05,5447.2
3618,2024-02-14 13:14:00,5444.35,5447.45,5443.7,5446.05
3619,2024-02-14 13:15:00,5443.8,5445.0,5443.8,5443.85
3620,2024-02-14 13:16:00,5444.05,5446.2,5443.4,5445.0
3621,2024-02-14 13:17:00,5444.0,5448.75,5443.6,5446.1
3622,2024-02-14 13:18:00,5445.3,5447.15,5444.0,5445.25
3623,2024-02-14 13:19:00,5446.9,5447.15,5444.3,5444.55
3624,2024-02-14 13:20:00,5446.35,5446.35,5444.0,5444.0
3625,2024-02-14 13:21:00,5444.05,5448.5,5444.0,5445.65
3626,2024-02-14 13:22:00,5446.75,5448.0,5445.65,5447.5
3627,2024-02-14 13:23:00,5447.45,5448.85,5446.0,5446.25
3628,2024-02-14 13:24:00,5446.0,5448.5,5446.0,5446.75
3629,2024-02-14 13:25:00,5446.7,5450.0,5446.0,5446.85
3630,2024-02-14 13:26:00,5447.65,5449.55,5446.75,5448.05
3631,2024-02-14 13:27:00,5449.95,5449.95,5447.6,5447.95
3632,2024-02-14 13:28:00,5448.05,5448.05,5446.0,5446.0
3633,2024-02-14 13:29:00,5446.55,5453.2,5446.55,5450.6
3634,2024-02-14 13:30:00,5449.7,5451.45,5448.2,5449.5
3635,2024-02-14 13:31:00,5448.75,5449.1,5446.15,5446.15
3636,2024-02-14 13:32:00,5446.0,5446.6,5445.55,5445.55
3637,2024-02-14 13:33:00,5445.75,5448.1,5445.75,5446.0
3638,2024-02-14 13:34:00,5446.4,5446.4,5446.0,5446.0
3639,2024-02-14 13:35:00,5446.05,5447.25,5445.2,5446.1
3640,2024-02-14 13:36:00,5446.7,5448.1,5446.0,5446.0
3641,2024-02-14 13:37:00,5446.7,5450.0,5446.0,5447.1
3642,2024-02-14 13:38:00,5447.05,5448.7,5446.0,5447.35
3643,2024-02-14 13:39:00,5446.15,5450.0,5446.0,5446.9
3644,2024-02-14 13:40:00,5449.95,5450.0,5446.55,5447.35
3645,2024-02-14 13:41:00,5447.3,5449.0,5446.0,5446.3
3646,2024-02-14 13:42:00,5448.6,5451.5,5446.4,5449.55
3647,2024-02-14 13:43:00,5448.95,5450.9,5448.2,5449.55
3648,2024-02-14 13:44:00,5449.05,5450.9,5447.5,5449.3
3649,2024-02-14 13:45:00,5448.9,5450.75,5448.05,5448.1
3650,2024-02-14 13:46:00,5448.05,5450.15,5447.3,5448.3
3651,2024-02-14 13:47:00,5450.0,5457.55,5449.85,5452.75
3652,2024-02-14 13:48:00,5452.65,5458.6,5452.55,5456.85
3653,2024-02-14 13:49:00,5455.75,5458.85,5455.0,5455.0
3654,2024-02-14 13:50:00,5454.75,5455.6,5450.0,5450.0
3655,2024-02-14 13:51:00,5450.55,5450.55,5447.4,5448.05
3656,2024-02-14 13:52:00,5450.5,5450.6,5446.8,5448.35
3657,2024-02-14 13:53:00,5448.25,5449.15,5446.0,5447.25
3658,2024-02-14 13:54:00,5449.55,5450.4,5445.55,5450.4
3659,2024-02-14 13:55:00,5447.75,5450.05,5446.6,5449.0
3660,2024-02-14 13:56:00,5449.1,5450.35,5449.0,5449.0
3661,2024-02-14 13:57:00,5450.0,5450.85,5449.0,5450.85
3662,2024-02-14 13:58:00,5450.3,5450.9,5449.0,5449.55
3663,2024-02-14 13:59:00,5450.0,5450.45,5449.0,5450.3
3664,2024-02-14 14:00:00,5450.35,5450.35,5449.1,5450.0
3665,2024-02-14 14:01:00,5449.5,5455.4,5449.35,5455.4
3666,2024-02-14 14:02:00,5454.1,5457.0,5452.7,5455.0
3667,2024-02-14 14:03:00,5455.8,5460.0,5455.0,5456.75
3668,2024-02-14 14:04:00,5457.45,5458.35,5455.55,5455.7
3669,2024-02-14 14:05:00,5456.0,5460.0,5456.0,5457.0
3670,2024-02-14 14:06:00,5456.0,5460.0,5456.0,5457.4
3671,2024-02-14 14:07:00,5457.35,5461.05,5456.0,5458.55
3672,2024-02-14 14:08:00,5460.05,5463.0,5456.9,5458.55
3673,2024-02-14 14:09:00,5458.6,5462.95,5458.1,5458.55
3674,2024-02-14 14:10:00,5458.6,5462.2,5458.55,5459.2
3675,2024-02-14 14:11:00,5458.85,5460.9,5458.85,5460.9
3676,2024-02-14 14:12:00,5460.0,5462.8,5460.0,5462.5
3677,2024-02-14 14:13:00,5462.6,5468.0,5462.5,5468.0
3678,2024-02-14 14:14:00,5468.35,5473.25,5468.0,5470.05
3679,2024-02-14 14:15:00,5470.0,5473.0,5470.0,5471.3
3680,2024-02-14 14:16:00,5472.75,5472.75,5470.65,5472.0
3681,2024-02-14 14:17:00,5472.1,5476.0,5472.0,5475.1
3682,2024-02-14 14:18:00,5475.45,5475.9,5472.0,5473.9
3683,2024-02-14 14:19:00,5474.0,5474.0,5470.0,5470.65
3684,2024-02-14 14:20:00,5470.1,5470.7,5465.1,5469.85
3685,2024-02-14 14:21:00,5468.55,5470.7,5468.15,5470.0
3686,2024-02-14 14:22:00,5470.05,5473.0,5470.0,5472.8
3687,2024-02-14 14:23:00,5472.5,5479.0,5472.5,5478.95
3688,2024-02-14 14:24:00,5479.0,5480.0,5476.05,5476.6
3689,2024-02-14 14:25:00,5477.05,5478.1,5475.0,5476.1
3690,2024-02-14 14:26:00,5476.0,5476.9,5475.3,5475.35
3691,2024-02-14 14:27:00,5475.2,5476.9,5475.2,5476.0
3692,2024-02-14 14:28:00,5476.55,5476.85,5476.0,5476.0
3693,2024-02-14 14:29:00,5476.5,5478.55,5476.0,5476.55
3694,2024-02-14 14:30:00,5476.35,5477.8,5476.0,5476.25
3695,2024-02-14 14:31:00,5476.0,5476.3,5476.0,5476.0
3696,2024-02-14 14:32:00,5476.35,5478.0,5476.0,5478.0
3697,2024-02-14 14:33:00,5477.3,5481.35,5476.5,5478.55
3698,2024-02-14 14:34:00,5478.8,5481.0,5477.3,5480.75
3699,2024-02-14 14:35:00,5480.7,5481.3,5480.0,5480.05
3700,2024-02-14 14:36:00,5480.4,5483.0,5480.05,5481.0
3701,2024-02-14 14:37:00,5481.6,5484.0,5481.0,5483.0
3702,2024-02-14 14:38:00,5483.8,5485.05,5483.0,5485.0
3703,2024-02-14 14:39:00,5485.05,5485.05,5482.0,5483.0
3704,2024-02-14 14:40:00,5482.0,5483.7,5482.0,5482.3
3705,2024-02-14 14:41:00,5482.0,5482.15,5482.0,5482.0
3706,2024-02-14 14:42:00,5482.05,5482.45,5482.0,5482.0
3707,2024-02-14 14:43:00,5481.6,5481.85,5477.45,5479.75
3708,2024-02-14 14:44:00,5480.0,5480.0,5476.0,5476.0
3709,2024-02-14 14:45:00,5476.3,5480.0,5475.45,5479.0
3710,2024-02-14 14:46:00,5480.05,5484.9,5480.0,5482.0
3711,2024-02-14 14:47:00,5484.35,5484.35,5482.0,5482.0
3712,2024-02-14 14:48:00,5483.0,5485.5,5482.0,5485.25
3713,2024-02-14 14:49:00,5485.35,5487.9,5483.5,5486.3
3714,2024-02-14 14:50:00,5486.9,5486.9,5482.05,5485.0
3715,2024-02-14 14:51:00,5483.95,5484.95,5482.0,5482.9
3716,2024-02-14 14:52:00,5483.15,5484.95,5482.0,5482.25
3717,2024-02-14 14:53:00,5483.2,5484.95,5482.0,5482.55
3718,2024-02-14 14:54:00,5482.45,5483.45,5482.0,5482.0
3719,2024-02-14 14:55:00,5483.35,5483.35,5482.0,5482.0
3720,2024-02-14 14:56:00,5482.05,5484.15,5482.0,5484.1
3721,2024-02-14 14:57:00,5484.15,5484.4,5482.0,5482.0
3722,2024-02-14 14:58:00,5482.1,5486.3,5482.0,5483.5
3723,2024-02-14 14:59:00,5484.05,5489.1,5483.5,5485.9
3724,2024-02-14 15:00:00,5486.0,5491.5,5485.8,5490.0
3725,2024-02-14 15:01:00,5490.95,5492.0,5490.0,5492.0
3726,2024-02-14 15:02:00,5492.45,5493.0,5492.0,5492.35
3727,2024-02-14 15:03:00,5492.3,5493.0,5492.0,5492.7
3728,2024-02-14 15:04:00,5492.9,5493.0,5492.0,5493.0
3729,2024-02-14 15:05:00,5492.0,5495.0,5492.0,5494.3
3730,2024-02-14 15:06:00,5494.45,5495.0,5492.35,5493.85
3731,2024-02-14 15:07:00,5492.05,5504.55,5492.05,5500.05
3732,2024-02-14 15:08:00,5500.9,5505.75,5500.0,5500.0
3733,2024-02-14 15:09:00,5500.2,5503.2,5500.0,5500.4
3734,2024-02-14 15:10:00,5500.35,5502.95,5500.0,5500.0
3735,2024-02-14 15:11:00,5499.95,5501.75,5497.2,5499.4
3736,2024-02-14 15:12:00,5500.0,5505.65,5495.05,5499.7
3737,2024-02-14 15:13:00,5499.35,5507.35,5499.35,5506.5
3738,2024-02-14 15:14:00,5506.05,5508.8,5497.15,5504.5
3739,2024-02-14 15:15:00,5502.35,5506.5,5502.35,5503.75
3740,2024-02-14 15:16:00,5502.65,5510.0,5500.55,5505.8
3741,2024-02-14 15:17:00,5507.5,5509.0,5505.4,5507.75
3742,2024-02-14 15:18:00,5507.8,5509.0,5505.85,5507.75
3743,2024-02-14 15:19:00,5508.05,5509.0,5506.6,5507.1
3744,2024-02-14 15:20:00,5509.0,5510.0,5507.15,5510.0
3745,2024-02-14 15:21:00,5508.9,5510.65,5508.5,5510.65
3746,2024-02-14 15:22:00,5509.35,5511.0,5509.35,5511.0
3747,2024-02-14 15:23:00,5509.65,5512.5,5509.65,5511.05
3748,2024-02-14 15:24:00,5511.4,5512.5,5502.6,5504.2
3749,2024-02-14 15:25:00,5507.8,5515.0,5500.4,5512.0
3750,2024-02-14 15:26:00,5508.15,5511.7,5501.35,5508.75
3751,2024-02-14 15:27:00,5515.0,5516.95,5515.0,5515.05
3752,2024-02-14 15:28:00,5515.0,5517.0,5515.0,5517.0
3753,2024-02-14 15:29:00,5516.0,5517.0,5500.0,5516.75
3754,2024-02-15 09:14:00,5575.55,5575.55,5575.55,5575.55
3755,2024-02-15 09:15:00,5530.0,5557.5,5530.0,5556.6
3756,2024-02-15 09:16:00,5560.3,5573.3,5555.65,5570.05
3757,2024-02-15 09:17:00,5573.25,5582.45,5567.0,5575.0
3758,2024-02-15 09:18:00,5572.35,5580.0,5571.15,5571.95
3759,2024-02-15 09:19:00,5575.7,5589.45,5572.05,5585.0
3760,2024-02-15 09:20:00,5582.05,5590.0,5570.0,5570.0
3761,2024-02-15 09:21:00,5573.1,5578.4,5565.0,5575.0
3762,2024-02-15 09:22:00,5574.95,5574.95,5555.0,5557.15
3763,2024-02-15 09:23:00,5555.0,5564.3,5555.0,5564.3
3764,2024-02-15 09:24:00,5562.0,5573.8,5562.0,5565.95
3765,2024-02-15 09:25:00,5570.75,5570.75,5558.15,5561.65
3766,2024-02-15 09:26:00,5559.45,5564.85,5559.15,5560.05
3767,2024-02-15 09:27:00,5562.85,5566.85,5560.0,5566.85
3768,2024-02-15 09:28:00,5564.55,5567.25,5563.1,5567.25
3769,2024-02-15 09:29:00,5566.0,5566.0,5555.0,5562.75
3770,2024-02-15 09:30:00,5559.45,5566.0,5558.0,5558.0
3771,2024-02-15 09:31:00,5557.95,5560.0,5551.25,5556.8
3772,2024-02-15 09:32:00,5555.75,5564.15,5555.35,5562.15
3773,2024-02-15 09:33:00,5560.9,5561.0,5555.0,5555.0
3774,2024-02-15 09:34:00,5557.3,5557.45,5550.15,5551.0
3775,2024-02-15 09:35:00,5553.8,5556.0,5550.25,5552.0
3776,2024-02-15 09:36:00,5555.8,5557.3,5551.0,5557.3
3777,2024-02-15 09:37:00,5558.85,5561.05,5555.0,5561.05
3778,2024-02-15 09:38:00,5563.0,5566.5,5552.5,5552.5
3779,2024-02-15 09:39:00,5552.6,5553.55,5540.0,5541.75
3780,2024-02-15 09:40:00,5545.0,5549.0,5541.3,5545.35
3781,2024-02-15 09:41:00,5548.4,5549.85,5541.4,5548.4
3782,2024-02-15 09:42:00,5545.05,5546.6,5541.15,5542.0
3783,2024-02-15 09:43:00,5544.75,5547.9,5541.2,5546.85
3784,2024-02-15 09:44:00,5544.6,5555.0,5543.95,5555.0
3785,2024-02-15 09:45:00,5552.55,5560.0,5547.4,5559.0
3786,2024-02-15 09:46:00,5557.05,5559.0,5556.0,5557.7
3787,2024-02-15 09:47:00,5555.0,5555.0,5550.25,5553.2
3788,2024-02-15 09:48:00,5550.55,5574.0,5550.55,5558.15
3789,2024-02-15 09:49:00,5560.0,5567.95,5557.05,5567.8
3790,2024-02-15 09:50:00,5567.85,5567.95,5565.1,5565.1
3791,2024-02-15 09:51:00,5567.6,5570.0,5563.2,5564.9
3792,2024-02-15 09:52:00,5563.6,5566.5,5560.45,5564.5
3793,2024-02-15 09:53:00,5560.0,5563.6,5558.55,5560.4
3794,2024-02-15 09:54:00,5562.55,5563.6,5555.45,5555.45
3795,2024-02-15 09:55:00,5550.6,5553.75,5542.65,5543.65
3796,2024-02-15 09:56:00,5545.0,5548.85,5543.8,5544.05
3797,2024-02-15 09:57:00,5544.1,5546.3,5541.3,5541.3
3798,2024-02-15 09:58:00,5542.0,5546.0,5541.3,5546.0
3799,2024-02-15 09:59:00,5545.25,5545.25,5533.95,5533.95
3800,2024-02-15 10:00:00,5533.55,5539.0,5533.0,5535.2
3801,2024-02-15 10:01:00,5535.15,5539.35,5533.65,5538.1
3802,2024-02-15 10:02:00,5535.0,5544.8,5535.0,5544.55
3803,2024-02-15 10:03:00,5542.2,5550.9,5539.1,5540.0
3804,2024-02-15 10:04:00,5543.6,5546.65,5541.55,5546.65
3805,2024-02-15 10:05:00,5545.0,5550.8,5545.0,5548.6
3806,2024-02-15 10:06:00,5550.8,5560.0,5550.75,5552.45
3807,2024-02-15 10:07:00,5555.55,5559.9,5551.85,5555.95
3808,2024-02-15 10:08:00,5561.95,5561.95,5556.0,5560.0
3809,2024-02-15 10:09:00,5557.9,5560.0,5557.2,5559.95
3810,2024-02-15 10:10:00,5558.0,5558.95,5553.1,5557.95
3811,2024-02-15 10:11:00,5557.9,5564.45,5553.2,5556.2
3812,2024-02-15 10:12:00,5555.8,5557.1,5550.85,5550.85
3813,2024-02-15 10:13:00,5554.45,5555.4,5549.1,5552.9
3814,2024-02-15 10:14:00,5553.1,5564.55,5551.4,5559.95
3815,2024-02-15 10:15:00,5563.25,5566.95,5559.2,5561.95
3816,2024-02-15 10:16:00,5562.4,5566.0,5559.9,5561.1
3817,2024-02-15 10:17:00,5564.95,5566.0,5561.05,5561.05
3818,2024-02-15 10:18:00,5560.95,5564.0,5559.0,5563.0
3819,2024-02-15 10:19:00,5560.2,5563.0,5557.15,5559.0
3820,2024-02-15 10:20:00,5560.65,5560.95,5554.25,5557.35
3821,2024-02-15 10:21:00,5555.7,5560.0,5554.2,5556.2
3822,2024-02-15 10:22:00,5560.0,5560.0,5557.55,5558.05
3823,2024-02-15 10:23:00,5559.95,5560.0,5557.2,5560.0
3824,2024-02-15 10:24:00,5559.95,5560.0,5556.4,5559.0
3825,2024-02-15 10:25:00,5557.4,5567.55,5557.4,5567.55
3826,2024-02-15 10:26:00,5566.35,5569.0,5564.75,5568.0
3827,2024-02-15 10:27:00,5567.0,5569.0,5564.0,5567.0
3828,2024-02-15 10:28:00,5563.6,5566.45,5560.0,5566.45
3829,2024-02-15 10:29:00,5566.4,5567.95,5562.8,5566.0
3830,2024-02-15 10:30:00,5564.65,5566.0,5561.65,5565.1
3831,2024-02-15 10:31:00,5565.05,5570.5,5564.15,5570.5
3832,2024-02-15 10:32:00,5568.1,5570.5,5566.5,5566.5
3833,2024-02-15 10:33:00,5568.0,5568.65,5563.25,5567.9
3834,2024-02-15 10:34:00,5567.75,5567.75,5560.25,5563.85
3835,2024-02-15 10:35:00,5564.0,5567.5,5560.1,5564.85
3836,2024-02-15 10:36:00,5562.65,5565.0,5559.5,5564.95
3837,2024-02-15 10:37:00,5561.0,5565.0,5557.95,5565.0
3838,2024-02-15 10:38:00,5562.15,5568.0,5560.75,5568.0
3839,2024-02-15 10:39:00,5565.3,5568.5,5564.45,5567.6
3840,2024-02-15 10:40:00,5568.3,5570.0,5566.6,5570.0
3841,2024-02-15 10:41:00,5569.0,5570.0,5567.65,5570.0
3842,2024-02-15 10:42:00,5570.6,5570.6,5564.55,5570.55
3843,2024-02-15 10:43:00,5569.0,5570.6,5566.6,5569.4
3844,2024-02-15 10:44:00,5567.85,5569.05,5556.85,5560.45
3845,2024-02-15 10:45:00,5561.0,5561.0,5557.35,5561.0
3846,2024-02-15 10:46:00,5560.95,5561.0,5558.85,5561.0
3847,2024-02-15 10:47:00,5558.05,5561.0,5557.5,5561.0
3848,2024-02-15 10:48:00,5560.0,5561.95,5556.35,5559.35
3849,2024-02-15 10:49:00,5556.25,5559.9,5554.95,5558.6
3850,2024-02-15 10:50:00,5558.55,5559.4,5555.1,5558.45
3851,2024-02-15 10:51:00,5557.1,5559.25,5550.55,5556.4
3852,2024-02-15 10:52:00,5552.75,5558.05,5552.45,5557.15
3853,2024-02-15 10:53:00,5554.2,5556.8,5552.3,5556.0
3854,2024-02-15 10:54:00,5556.2,5556.8,5552.3,5554.0
3855,2024-02-15 10:55:00,5555.9,5557.0,5553.0,5555.55
3856,2024-02-15 10:56:00,5553.0,5555.55,5545.0,5548.35
3857,2024-02-15 10:57:00,5545.75,5550.0,5545.1,5548.75
3858,2024-02-15 10:58:00,5545.6,5552.4,5545.6,5552.35
3859,2024-02-15 10:59:00,5552.4,5554.25,5549.85,5550.6
3860,2024-02-15 11:00:00,5550.65,5560.0,5550.6,5560.0
3861,2024-02-15 11:01:00,5557.95,5560.45,5555.25,5558.35
3862,2024-02-15 11:02:00,5558.4,5559.2,5553.75,5555.05
3863,2024-02-15 11:03:00,5557.8,5559.4,5550.7,5550.7
3864,2024-02-15 11:04:00,5548.9,5555.75,5548.85,5551.45
3865,2024-02-15 11:05:00,5552.2,5558.6,5549.15,5558.15
3866,2024-02-15 11:06:00,5559.0,5560.95,5553.05,5553.05
3867,2024-02-15 11:07:00,5555.95,5559.5,5554.45,5557.15
3868,2024-02-15 11:08:00,5556.75,5558.65,5553.35,5558.25
3869,2024-02-15 11:09:00,5556.9,5558.45,5552.55,5556.7
3870,2024-02-15 11:10:00,5556.6,5558.0,5553.25,5557.2
3871,2024-02-15 11:11:00,5557.4,5558.0,5555.3,5558.0
3872,2024-02-15 11:12:00,5555.05,5558.0,5552.05,5554.65
3873,2024-02-15 11:13:00,5554.3,5557.35,5552.0,5555.0
3874,2024-02-15 11:14:00,5554.95,5557.85,5552.55,5557.55
3875,2024-02-15 11:15:00,5555.0,5557.05,5550.05,5554.2
3876,2024-02-15 11:16:00,5554.3,5554.45,5550.0,5554.0
3877,2024-02-15 11:17:00,5554.05,5554.05,5548.75,5552.95
3878,2024-02-15 11:18:00,5550.35,5554.25,5549.95,5550.2
3879,2024-02-15 11:19:00,5552.45,5554.65,5548.0,5554.45
3880,2024-02-15 11:20:00,5554.4,5557.4,5550.85,5554.0
3881,2024-02-15 11:21:00,5554.1,5556.6,5552.65,5556.6
3882,2024-02-15 11:22:00,5556.65,5557.8,5554.55,5556.8
3883,2024-02-15 11:23:00,5555.85,5557.75,5555.65,5557.7
3884,2024-02-15 11:24:00,5557.75,5557.75,5555.5,5557.65
3885,2024-02-15 11:25:00,5554.65,5557.65,5550.15,5557.4
3886,2024-02-15 11:26:00,5557.7,5557.7,5552.1,5553.2
3887,2024-02-15 11:27:00,5552.25,5553.25,5549.0,5553.25
3888,2024-02-15 11:28:00,5553.15,5554.95,5549.1,5550.4
3889,2024-02-15 11:29:00,5551.6,5552.4,5546.2,5548.4
3890,2024-02-15 11:30:00,5546.6,5552.25,5546.6,5552.2
3891,2024-02-15 11:31:00,5552.15,5552.5,5545.4,5546.55
3892,2024-02-15 11:32:00,5545.4,5545.4,5542.0,5544.75
3893,2024-02-15 11:33:00,5543.0,5549.0,5541.2,5547.75
3894,2024-02-15 11:34:00,5545.05,5549.0,5545.05,5548.95
3895,2024-02-15 11:35:00,5548.4,5550.0,5545.25,5549.35
3896,2024-02-15 11:36:00,5547.75,5550.0,5544.6,5550.0
3897,2024-02-15 11:37:00,5547.45,5550.0,5542.45,5549.95
3898,2024-02-15 11:38:00,5550.0,5551.4,5545.75,5547.05
3899,2024-02-15 11:39:00,5547.45,5549.45,5545.0,5549.45
3900,2024-02-15 11:40:00,5547.45,5550.0,5546.4,5549.45
3901,2024-02-15 11:41:00,5547.95,5549.45,5546.75,5548.4
3902,2024-02-15 11:42:00,5546.5,5550.15,5545.0,5549.95
3903,2024-02-15 11:43:00,5550.0,5550.65,5546.0,5549.95
3904,2024-02-15 11:44:00,5550.0,5550.0,5543.85,5548.4
3905,2024-02-15 11:45:00,5548.45,5551.55,5548.45,5550.2
3906,2024-02-15 11:46:00,5550.0,5551.0,5544.1,5547.2
3907,2024-02-15 11:47:00,5547.9,5554.0,5546.4,5552.9
3908,2024-02-15 11:48:00,5551.95,5553.5,5551.15,5553.3
3909,2024-02-15 11:49:00,5553.55,5553.55,5543.65,5546.8
3910,2024-02-15 11:50:00,5544.35,5547.7,5541.55,5547.2
3911,2024-02-15 11:51:00,5547.1,5547.1,5541.2,5543.9
3912,2024-02-15 11:52:00,5545.45,5546.8,5542.15,5546.0
3913,2024-02-15 11:53:00,5545.95,5548.0,5543.05,5546.75
3914,2024-02-15 11:54:00,5546.8,5549.65,5544.45,5549.05
3915,2024-02-15 11:55:00,5546.85,5554.05,5546.85,5547.2
3916,2024-02-15 11:56:00,5550.0,5552.0,5546.9,5551.3
3917,2024-02-15 11:57:00,5551.55,5553.45,5547.55,5551.1
3918,2024-02-15 11:58:00,5551.15,5551.9,5546.6,5549.9
3919,2024-02-15 11:59:00,5546.45,5549.9,5545.7,5548.2
3920,2024-02-15 12:00:00,5548.15,5548.35,5542.0,5545.0
3921,2024-02-15 12:01:00,5544.9,5545.0,5535.95,5540.9
3922,2024-02-15 12:02:00,5540.85,5541.4,5532.6,5532.6
3923,2024-02-15 12:03:00,5533.25,5542.45,5533.15,5539.1
3924,2024-02-15 12:04:00,5538.65,5544.95,5538.65,5542.7
3925,2024-02-15 12:05:00,5542.95,5544.0,5536.05,5539.9
3926,2024-02-15 12:06:00,5539.95,5539.95,5536.0,5538.45
3927,2024-02-15 12:07:00,5538.5,5542.8,5536.0,5542.8
3928,2024-02-15 12:08:00,5542.9,5543.2,5538.45,5542.0
3929,2024-02-15 12:09:00,5538.65,5542.55,5538.65,5542.05
3930,2024-02-15 12:10:00,5541.95,5542.05,5538.65,5538.65
3931,2024-02-15 12:11:00,5541.7,5543.25,5538.6,5539.55
3932,2024-02-15 12:12:00,5542.9,5542.9,5537.55,5539.65
3933,2024-02-15 12:13:00,5536.9,5544.0,5536.9,5543.25
3934,2024-02-15 12:14:00,5543.35,5544.8,5540.0,5544.45
3935,2024-02-15 12:15:00,5544.65,5544.95,5538.8,5544.95
3936,2024-02-15 12:16:00,5545.0,5546.6,5540.55,5544.25
3937,2024-02-15 12:17:00,5544.15,5546.6,5537.35,5546.0
3938,2024-02-15 12:18:00,5545.8,5546.65,5541.2,5542.7
3939,2024-02-15 12:19:00,5546.15,5546.25,5541.75,5546.0
3940,2024-02-15 12:20:00,5545.95,5549.3,5542.1,5549.15
3941,2024-02-15 12:21:00,5549.1,5549.15,5544.1,5546.9
3942,2024-02-15 12:22:00,5546.85,5546.85,5538.1,5542.95
3943,2024-02-15 12:23:00,5542.15,5547.55,5539.75,5544.95
3944,2024-02-15 12:24:00,5545.0,5550.0,5542.3,5549.15
3945,2024-02-15 12:25:00,5549.8,5550.0,5542.55,5546.1
3946,2024-02-15 12:26:00,5546.65,5546.65,5540.0,5546.0
3947,2024-02-15 12:27:00,5544.45,5547.45,5542.65,5545.05
3948,2024-02-15 12:28:00,5547.3,5548.85,5545.15,5548.75
3949,2024-02-15 12:29:00,5548.7,5548.75,5542.05,5542.15
3950,2024-02-15 12:30:00,5544.9,5547.05,5542.35,5546.55
3951,2024-02-15 12:31:00,5546.25,5546.25,5542.0,5544.45
3952,2024-02-15 12:32:00,5544.0,5545.45,5542.0,5544.85
3953,2024-02-15 12:33:00,5545.5,5545.5,5535.0,5539.85
3954,2024-02-15 12:34:00,5539.2,5540.0,5535.95,5538.0
3955,2024-02-15 12:35:00,5537.95,5543.25,5536.0,5542.35
3956,2024-02-15 12:36:00,5542.1,5545.55,5539.8,5545.35
3957,2024-02-15 12:37:00,5542.35,5545.55,5542.0,5545.55
3958,2024-02-15 12:38:00,5543.65,5548.0,5540.25,5546.75
3959,2024-02-15 12:39:00,5546.6,5548.45,5540.8,5545.2
3960,2024-02-15 12:40:00,5547.3,5548.45,5544.75,5547.95
3961,2024-02-15 12:41:00,5547.9,5549.6,5546.0,5549.6
3962,2024-02-15 12:42:00,5549.45,5550.0,5546.4,5548.75
3963,2024-02-15 12:43:00,5550.0,5550.0,5548.0,5550.0
3964,2024-02-15 12:44:00,5549.0,5549.0,5547.35,5549.0
3965,2024-02-15 12:45:00,5548.95,5549.0,5548.0,5549.0
3966,2024-02-15 12:46:00,5548.95,5549.0,5546.15,5549.0
3967,2024-02-15 12:47:00,5548.95,5549.0,5545.55,5548.6
3968,2024-02-15 12:48:00,5548.65,5551.0,5548.0,5550.45
3969,2024-02-15 12:49:00,5549.4,5550.0,5548.6,5549.9
3970,2024-02-15 12:50:00,5550.0,5550.0,5549.2,5550.0
3971,2024-02-15 12:51:00,5549.25,5559.35,5549.25,5559.35
3972,2024-02-15 12:52:00,5559.3,5561.0,5558.6,5561.0
3973,2024-02-15 12:53:00,5560.95,5561.0,5556.35,5558.4
3974,2024-02-15 12:54:00,5561.0,5561.0,5556.5,5559.55
3975,2024-02-15 12:55:00,5559.25,5561.0,5558.0,5561.0
3976,2024-02-15 12:56:00,5560.95,5561.1,5558.0,5560.0
3977,2024-02-15 12:57:00,5559.7,5560.15,5555.0,5558.9
3978,2024-02-15 12:58:00,5558.85,5558.85,5555.0,5557.9
3979,2024-02-15 12:59:00,5557.8,5558.0,5555.05,5557.0
3980,2024-02-15 13:00:00,5556.05,5558.0,5555.5,5556.0
3981,2024-02-15 13:01:00,5557.95,5557.95,5555.0,5555.6
3982,2024-02-15 13:02:00,5555.8,5557.4,5550.95,5555.9
3983,2024-02-15 13:03:00,5553.05,5556.75,5553.05,5556.05
3984,2024-02-15 13:04:00,5553.45,5555.25,5551.6,5554.2
3985,2024-02-15 13:05:00,5551.1,5555.95,5550.95,5551.4
3986,2024-02-15 13:06:00,5554.1,5554.1,5552.6,5554.0
3987,2024-02-15 13:07:00,5553.0,5554.0,5551.0,5551.0
3988,2024-02-15 13:08:00,5552.0,5553.45,5552.0,5552.65
3989,2024-02-15 13:09:00,5552.0,5554.0,5552.0,5552.0
3990,2024-02-15 13:10:00,5550.95,5551.0,5548.0,5548.0
3991,2024-02-15 13:11:00,5550.0,5550.0,5548.0,5549.95
3992,2024-02-15 13:12:00,5548.0,5550.0,5545.0,5545.45
3993,2024-02-15 13:13:00,5544.75,5550.0,5544.75,5548.65
3994,2024-02-15 13:14:00,5548.6,5553.5,5548.6,5550.0
3995,2024-02-15 13:15:00,5548.6,5550.0,5546.95,5550.0
3996,2024-02-15 13:16:00,5548.9,5552.95,5546.3,5552.95
3997,2024-02-15 13:17:00,5551.0,5551.0,5546.1,5546.2
3998,2024-02-15 13:18:00,5546.25,5552.15,5544.15,5549.95
3999,2024-02-15 13:19:00,5552.7,5553.45,5547.05,5547.5
4000,2024-02-15 13:20:00,5549.9,5558.25,5547.05,5558.25
4001,2024-02-15 13:21:00,5556.65,5557.95,5554.7,5554.8
4002,2024-02-15 13:22:00,5556.95,5557.65,5553.65,5555.8
4003,2024-02-15 13:23:00,5553.9,5560.0,5553.0,5557.6
4004,2024-02-15 13:24:00,5557.55,5557.65,5553.1,5553.6
4005,2024-02-15 13:25:00,5554.3,5556.5,5553.0,5553.05
4006,2024-02-15 13:26:00,5555.0,5556.0,5553.0,5553.5
4007,2024-02-15 13:27:00,5553.55,5555.95,5553.1,5555.9
4008,2024-02-15 13:28:00,5553.15,5555.7,5553.0,5555.45
4009,2024-02-15 13:29:00,5556.75,5560.0,5556.4,5558.9
4010,2024-02-15 13:30:00,5556.55,5560.0,5556.15,5559.15
4011,2024-02-15 13:31:00,5559.0,5559.0,5552.55,5552.55
4012,2024-02-15 13:32:00,5557.05,5557.05,5551.7,5553.4
4013,2024-02-15 13:33:00,5556.25,5557.8,5554.3,5557.05
4014,2024-02-15 13:34:00,5556.85,5559.05,5552.95,5553.7
4015,2024-02-15 13:35:00,5554.1,5557.55,5553.85,5554.2
4016,2024-02-15 13:36:00,5555.5,5556.75,5553.35,5553.35
4017,2024-02-15 13:37:00,5553.8,5556.45,5551.35,5552.65
4018,2024-02-15 13:38:00,5555.45,5556.1,5551.1,5555.6
4019,2024-02-15 13:39:00,5555.55,5558.0,5551.9,5558.0
4020,2024-02-15 13:40:00,5559.9,5561.0,5552.7,5561.0
4021,2024-02-15 13:41:00,5560.8,5561.0,5557.9,5560.0
4022,2024-02-15 13:42:00,5558.7,5560.8,5558.05,5558.75
4023,2024-02-15 13:43:00,5558.7,5561.0,5558.0,5561.0
4024,2024-02-15 13:44:00,5560.95,5561.0,5558.0,5558.0
4025,2024-02-15 13:45:00,5560.0,5561.0,5556.0,5561.0
4026,2024-02-15 13:46:00,5560.55,5561.0,5557.0,5561.0
4027,2024-02-15 13:47:00,5559.8,5561.0,5557.0,5559.3
4028,2024-02-15 13:48:00,5559.2,5561.0,5555.15,5558.85
4029,2024-02-15 13:49:00,5559.95,5560.5,5555.1,5557.95
4030,2024-02-15 13:50:00,5558.0,5558.0,5556.25,5557.1
4031,2024-02-15 13:51:00,5557.05,5558.0,5555.1,5555.1
4032,2024-02-15 13:52:00,5555.05,5558.0,5552.8,5554.2
4033,2024-02-15 13:53:00,5553.0,5557.3,5552.0,5552.0
4034,2024-02-15 13:54:00,5553.95,5555.35,5550.1,5551.3
4035,2024-02-15 13:55:00,5552.8,5555.0,5550.8,5551.0
4036,2024-02-15 13:56:00,5553.95,5555.0,5550.3,5554.95
4037,2024-02-15 13:57:00,5552.1,5558.0,5552.05,5556.9
4038,2024-02-15 13:58:00,5558.0,5558.65,5554.6,5557.4
4039,2024-02-15 13:59:00,5557.3,5557.75,5552.05,5556.25
4040,2024-02-15 14:00:00,5555.7,5557.7,5555.7,5557.1
4041,2024-02-15 14:01:00,5557.85,5559.2,5550.6,5553.05
4042,2024-02-15 14:02:00,5557.05,5557.45,5551.15,5556.45
4043,2024-02-15 14:03:00,5554.55,5557.95,5553.75,5556.85
4044,2024-02-15 14:04:00,5555.1,5558.45,5553.3,5557.05
4045,2024-02-15 14:05:00,5557.1,5559.4,5553.95,5556.0
4046,2024-02-15 14:06:00,5558.1,5558.1,5554.7,5555.0
4047,2024-02-15 14:07:00,5555.25,5559.05,5555.1,5558.45
4048,2024-02-15 14:08:00,5555.75,5557.0,5553.05,5554.75
4049,2024-02-15 14:09:00,5553.2,5555.55,5551.0,5551.05
4050,2024-02-15 14:10:00,5551.0,5552.9,5550.0,5550.0
4051,2024-02-15 14:11:00,5553.2,5554.3,5550.0,5552.0
4052,2024-02-15 14:12:00,5552.5,5554.65,5550.6,5550.6
4053,2024-02-15 14:13:00,5550.55,5552.5,5550.0,5550.0
4054,2024-02-15 14:14:00,5550.05,5552.35,5550.0,5551.4
4055,2024-02-15 14:15:00,5550.0,5550.0,5546.0,5546.0
4056,2024-02-15 14:16:00,5547.35,5552.0,5546.0,5546.35
4057,2024-02-15 14:17:00,5548.05,5550.0,5546.0,5547.2
4058,2024-02-15 14:18:00,5547.25,5549.1,5546.0,5547.6
4059,2024-02-15 14:19:00,5546.0,5549.2,5545.3,5545.3
4060,2024-02-15 14:20:00,5545.35,5550.0,5545.3,5546.95
4061,2024-02-15 14:21:00,5549.4,5550.0,5545.65,5549.25
4062,2024-02-15 14:22:00,5546.7,5549.95,5546.7,5547.15
4063,2024-02-15 14:23:00,5547.7,5549.65,5545.4,5546.5
4064,2024-02-15 14:24:00,5546.75,5546.75,5540.0,5540.0
4065,2024-02-15 14:25:00,5540.05,5542.45,5535.05,5536.0
4066,2024-02-15 14:26:00,5535.25,5541.1,5533.05,5533.05
4067,2024-02-15 14:27:00,5538.0,5538.0,5531.85,5533.6
4068,2024-02-15 14:28:00,5533.2,5535.85,5532.0,5533.55
4069,2024-02-15 14:29:00,5534.95,5536.7,5533.55,5534.25
4070,2024-02-15 14:30:00,5534.3,5545.95,5534.3,5543.0
4071,2024-02-15 14:31:00,5545.45,5545.9,5541.75,5542.2
4072,2024-02-15 14:32:00,5543.4,5546.15,5537.4,5538.75
4073,2024-02-15 14:33:00,5539.1,5540.65,5538.05,5538.9
4074,2024-02-15 14:34:00,5539.75,5539.75,5535.05,5536.4
4075,2024-02-15 14:35:00,5536.65,5539.9,5536.55,5537.45
4076,2024-02-15 14:36:00,5537.5,5540.7,5535.2,5539.15
4077,2024-02-15 14:37:00,5537.0,5543.4,5537.0,5540.8
4078,2024-02-15 14:38:00,5540.75,5545.1,5540.6,5541.8
4079,2024-02-15 14:39:00,5541.9,5546.7,5540.8,5543.6
4080,2024-02-15 14:40:00,5543.05,5543.65,5538.15,5539.8
4081,2024-02-15 14:41:00,5541.5,5541.6,5537.2,5537.25
4082,2024-02-15 14:42:00,5537.15,5541.9,5537.05,5538.05
4083,2024-02-15 14:43:00,5540.0,5542.0,5539.4,5539.55
4084,2024-02-15 14:44:00,5539.6,5539.6,5535.0,5535.0
4085,2024-02-15 14:45:00,5536.75,5536.75,5533.55,5533.8
4086,2024-02-15 14:46:00,5536.35,5536.35,5533.3,5534.7
4087,2024-02-15 14:47:00,5534.45,5536.25,5532.2,5532.2
4088,2024-02-15 14:48:00,5540.2,5540.2,5530.65,5535.55
4089,2024-02-15 14:49:00,5533.45,5538.1,5533.05,5536.85
4090,2024-02-15 14:50:00,5534.95,5536.75,5530.9,5530.9
4091,2024-02-15 14:51:00,5532.6,5536.55,5529.95,5534.25
4092,2024-02-15 14:52:00,5534.05,5537.0,5533.2,5535.95
4093,2024-02-15 14:53:00,5534.0,5536.0,5531.55,5534.1
4094,2024-02-15 14:54:00,5533.15,5534.2,5531.2,5534.1
4095,2024-02-15 14:55:00,5532.8,5532.8,5529.45,5532.05
4096,2024-02-15 14:56:00,5532.1,5532.1,5529.05,5529.05
4097,2024-02-15 14:57:00,5529.5,5529.65,5526.0,5526.05
4098,2024-02-15 14:58:00,5528.05,5531.25,5525.6,5525.6
4099,2024-02-15 14:59:00,5527.85,5527.85,5524.85,5526.3
4100,2024-02-15 15:00:00,5526.95,5530.0,5524.5,5525.2
4101,2024-02-15 15:01:00,5526.0,5528.45,5521.55,5524.55
4102,2024-02-15 15:02:00,5524.25,5524.95,5518.0,5518.0
4103,2024-02-15 15:03:00,5517.0,5517.1,5517.0,5517.05
4104,2024-02-15 15:04:00,5521.7,5521.7,5518.9,5519.9
4105,2024-02-15 15:05:00,5519.8,5521.35,5517.0,5521.35
4106,2024-02-15 15:06:00,5519.65,5520.5,5515.25,5520.25
4107,2024-02-15 15:07:00,5518.55,5520.25,5511.05,5513.7
4108,2024-02-15 15:08:00,5512.35,5519.85,5512.05,5516.8
4109,2024-02-15 15:09:00,5516.75,5518.0,5515.7,5516.85
4110,2024-02-15 15:10:00,5518.45,5518.45,5516.55,5516.65
4111,2024-02-15 15:11:00,5518.0,5518.35,5515.0,5516.1
4112,2024-02-15 15:12:00,5516.3,5521.9,5516.0,5518.45
4113,2024-02-15 15:13:00,5518.4,5520.85,5516.0,5519.05
4114,2024-02-15 15:14:00,5518.85,5521.9,5517.05,5520.05
4115,2024-02-15 15:15:00,5521.85,5527.0,5517.55,5525.5
4116,2024-02-15 15:16:00,5526.5,5526.95,5519.9,5524.75
4117,2024-02-15 15:17:00,5524.3,5528.95,5520.55,5524.95
4118,2024-02-15 15:18:00,5526.15,5526.15,5518.25,5521.15
4119,2024-02-15 15:19:00,5521.2,5529.75,5520.35,5523.0
4120,2024-02-15 15:20:00,5521.0,5527.5,5521.0,5521.3
4121,2024-02-15 15:21:00,5522.5,5528.15,5520.95,5527.75
4122,2024-02-15 15:22:00,5526.95,5529.8,5525.0,5525.85
4123,2024-02-15 15:23:00,5525.65,5529.7,5525.0,5526.5
4124,2024-02-15 15:24:00,5525.85,5529.9,5522.05,5529.85
4125,2024-02-15 15:25:00,5529.95,5529.95,5525.15,5529.2
4126,2024-02-15 15:26:00,5529.15,5529.2,5522.95,5523.5
4127,2024-02-15 15:27:00,5525.15,5527.4,5523.05,5524.35
4128,2024-02-15 15:28:00,5524.2,5529.65,5521.95,5525.05
4129,2024-02-15 15:29:00,5521.45,5529.85,5515.0,5515.0
4130,2024-02-16 09:14:00,5567.0,5567.0,5567.0,5567.0
4131,2024-02-16 09:15:00,5565.0,5565.0,5546.6,5554.0
4132,2024-02-16 09:16:00,5559.95,5572.45,5556.9,5556.95
4133,2024-02-16 09:17:00,5562.0,5567.0,5560.0,5566.0
4134,2024-02-16 09:18:00,5572.0,5577.95,5556.8,5562.05
4135,2024-02-16 09:19:00,5561.65,5561.65,5545.0,5547.75
4136,2024-02-16 09:20:00,5545.0,5550.9,5543.35,5543.35
4137,2024-02-16 09:21:00,5545.0,5545.0,5530.25,5534.15
4138,2024-02-16 09:22:00,5534.75,5535.9,5521.65,5526.1
4139,2024-02-16 09:23:00,5528.15,5537.9,5524.6,5532.85
4140,2024-02-16 09:24:00,5535.0,5539.1,5521.95,5527.35
4141,2024-02-16 09:25:00,5529.75,5533.95,5522.0,5524.35
4142,2024-02-16 09:26:00,5522.0,5529.35,5522.0,5525.0
4143,2024-02-16 09:27:00,5526.75,5526.75,5521.0,5523.0
4144,2024-02-16 09:28:00,5522.95,5526.45,5521.0,5526.0
4145,2024-02-16 09:29:00,5524.95,5532.9,5524.95,5526.75
4146,2024-02-16 09:30:00,5529.6,5529.95,5522.45,5524.85
4147,2024-02-16 09:31:00,5523.6,5524.4,5521.0,5522.8
4148,2024-02-16 09:32:00,5522.9,5525.05,5521.0,5523.35
4149,2024-02-16 09:33:00,5524.5,5524.5,5521.0,5521.8
4150,2024-02-16 09:34:00,5521.0,5521.8,5515.0,5515.0
4151,2024-02-16 09:35:00,5516.9,5519.95,5515.0,5519.5
4152,2024-02-16 09:36:00,5517.0,5525.95,5516.0,5522.5
4153,2024-02-16 09:37:00,5522.05,5524.7,5520.0,5520.0
4154,2024-02-16 09:38:00,5521.6,5522.35,5519.0,5519.0
4155,2024-02-16 09:39:00,5520.5,5523.7,5519.25,5523.7
4156,2024-02-16 09:40:00,5524.45,5533.0,5524.0,5531.0
4157,2024-02-16 09:41:00,5532.65,5533.0,5529.95,5530.15
4158,2024-02-16 09:42:00,5533.0,5534.25,5528.0,5529.6
4159,2024-02-16 09:43:00,5526.75,5528.05,5522.05,5522.2
4160,2024-02-16 09:44:00,5524.5,5524.5,5512.55,5513.15
4161,2024-02-16 09:45:00,5514.75,5515.9,5505.0,5505.0
4162,2024-02-16 09:46:00,5507.85,5515.4,5505.7,5512.0
4163,2024-02-16 09:47:00,5510.0,5510.45,5502.5,5504.5
4164,2024-02-16 09:48:00,5504.0,5513.45,5504.0,5510.0
4165,2024-02-16 09:49:00,5509.0,5510.7,5502.55,5503.0
4166,2024-02-16 09:50:00,5502.55,5504.0,5499.8,5500.85
4167,2024-02-16 09:51:00,5499.35,5509.0,5498.15,5500.2
4168,2024-02-16 09:52:00,5501.05,5506.0,5500.25,5500.25
4169,2024-02-16 09:53:00,5501.0,5504.9,5497.7,5499.95
4170,2024-02-16 09:54:00,5497.8,5506.45,5495.35,5503.0
4171,2024-02-16 09:55:00,5500.1,5509.0,5499.4,5509.0
4172,2024-02-16 09:56:00,5512.55,5514.35,5510.0,5513.0
4173,2024-02-16 09:57:00,5513.55,5521.45,5511.8,5514.6
4174,2024-02-16 09:58:00,5514.7,5515.2,5511.5,5512.3
4175,2024-02-16 09:59:00,5511.65,5514.95,5511.65,5513.05
4176,2024-02-16 10:00:00,5514.9,5519.7,5513.0,5516.8
4177,2024-02-16 10:01:00,5519.5,5521.9,5517.0,5520.7
4178,2024-02-16 10:02:00,5517.25,5520.0,5515.35,5516.3
4179,2024-02-16 10:03:00,5518.95,5519.0,5516.85,5518.25
4180,2024-02-16 10:04:00,5518.0,5518.0,5510.15,5510.15
4181,2024-02-16 10:05:00,5513.0,5514.15,5510.1,5514.15
4182,2024-02-16 10:06:00,5511.65,5515.0,5510.0,5510.0
4183,2024-02-16 10:07:00,5512.7,5513.55,5510.0,5513.5
4184,2024-02-16 10:08:00,5513.55,5515.0,5510.6,5513.75
4185,2024-02-16 10:09:00,5514.1,5515.0,5510.0,5512.95
4186,2024-02-16 10:10:00,5513.55,5514.3,5510.0,5513.8
4187,2024-02-16 10:11:00,5511.0,5512.75,5511.0,5512.75
4188,2024-02-16 10:12:00,5513.4,5514.0,5510.4,5511.1
4189,2024-02-16 10:13:00,5513.55,5513.55,5510.4,5510.4
4190,2024-02-16 10:14:00,5511.3,5514.4,5510.45,5514.2
4191,2024-02-16 10:15:00,5511.55,5520.7,5511.55,5515.4
4192,2024-02-16 10:16:00,5515.0,5515.45,5513.0,5513.75
4193,2024-02-16 10:17:00,5515.2,5518.0,5513.9,5517.8
4194,2024-02-16 10:18:00,5517.85,5524.0,5515.9,5524.0
4195,2024-02-16 10:19:00,5522.1,5528.95,5522.1,5525.0
4196,2024-02-16 10:20:00,5524.6,5525.8,5522.15,5523.15
4197,2024-02-16 10:21:00,5521.9,5523.0,5520.0,5520.1
4198,2024-02-16 10:22:00,5522.0,5526.3,5520.2,5526.3
4199,2024-02-16 10:23:00,5525.95,5530.55,5525.9,5530.55
4200,2024-02-16 10:24:00,5527.15,5527.9,5522.6,5524.0
4201,2024-02-16 10:25:00,5526.0,5526.0,5524.0,5524.0
4202,2024-02-16 10:26:00,5524.1,5526.35,5524.1,5524.5
4203,2024-02-16 10:27:00,5526.85,5526.85,5524.1,5526.7
4204,2024-02-16 10:28:00,5524.35,5527.55,5524.0,5524.0
4205,2024-02-16 10:29:00,5526.6,5529.9,5526.6,5529.9
4206,2024-02-16 10:30:00,5527.9,5528.05,5524.05,5525.05
4207,2024-02-16 10:31:00,5525.0,5528.0,5523.4,5526.25
4208,2024-02-16 10:32:00,5526.6,5528.6,5525.0,5525.0
4209,2024-02-16 10:33:00,5524.05,5527.0,5523.1,5523.1
4210,2024-02-16 10:34:00,5526.05,5526.05,5523.35,5526.05
4211,2024-02-16 10:35:00,5526.0,5527.6,5521.15,5521.2
4212,2024-02-16 10:36:00,5521.45,5524.35,5521.45,5521.5
4213,2024-02-16 10:37:00,5523.0,5523.45,5520.15,5520.15
4214,2024-02-16 10:38:00,5520.0,5520.0,5516.85,5517.05
4215,2024-02-16 10:39:00,5518.9,5519.25,5516.0,5516.5
4216,2024-02-16 10:40:00,5518.7,5521.0,5516.5,5518.85
4217,2024-02-16 10:41:00,5521.0,5521.0,5512.65,5514.0
4218,2024-02-16 10:42:00,5514.2,5520.7,5514.05,5518.0
4219,2024-02-16 10:43:00,5520.05,5524.25,5518.95,5524.15
4220,2024-02-16 10:44:00,5524.6,5526.0,5524.6,5526.0
4221,2024-02-16 10:45:00,5525.95,5525.95,5524.0,5524.3
4222,2024-02-16 10:46:00,5524.5,5534.35,5524.5,5526.75
4223,2024-02-16 10:47:00,5529.9,5531.6,5523.5,5525.05
4224,2024-02-16 10:48:00,5525.0,5528.95,5524.95,5528.8
4225,2024-02-16 10:49:00,5528.85,5530.25,5525.3,5527.5
4226,2024-02-16 10:50:00,5528.65,5528.7,5525.8,5528.0
4227,2024-02-16 10:51:00,5528.05,5529.9,5527.4,5529.85
4228,2024-02-16 10:52:00,5530.0,5532.9,5529.75,5531.0
4229,2024-02-16 10:53:00,5532.9,5535.0,5532.35,5533.05
4230,2024-02-16 10:54:00,5534.85,5534.85,5533.0,5533.1
4231,2024-02-16 10:55:00,5534.8,5538.6,5533.1,5537.85
4232,2024-02-16 10:56:00,5538.55,5538.6,5530.5,5530.5
4233,2024-02-16 10:57:00,5530.05,5532.9,5530.0,5530.1
4234,2024-02-16 10:58:00,5530.0,5532.2,5530.0,5532.05
4235,2024-02-16 10:59:00,5531.45,5536.7,5530.95,5534.4
4236,2024-02-16 11:00:00,5536.7,5538.0,5533.1,5533.9
4237,2024-02-16 11:01:00,5536.35,5536.35,5533.8,5535.75
4238,2024-02-16 11:02:00,5536.0,5543.4,5535.2,5542.9
4239,2024-02-16 11:03:00,5543.0,5543.35,5540.0,5540.0
4240,2024-02-16 11:04:00,5541.0,5541.0,5539.0,5539.9
4241,2024-02-16 11:05:00,5541.0,5541.0,5539.9,5540.95
4242,2024-02-16 11:06:00,5540.85,5540.95,5539.9,5540.9
4243,2024-02-16 11:07:00,5538.0,5543.1,5538.0,5540.0
4244,2024-02-16 11:08:00,5542.0,5542.55,5540.0,5542.15
4245,2024-02-16 11:09:00,5540.85,5543.0,5539.4,5540.25
4246,2024-02-16 11:10:00,5542.15,5542.15,5537.6,5541.5
4247,2024-02-16 11:11:00,5540.0,5540.85,5537.65,5540.85
4248,2024-02-16 11:12:00,5540.8,5542.15,5538.55,5539.95
4249,2024-02-16 11:13:00,5541.0,5541.0,5540.0,5540.85
4250,2024-02-16 11:14:00,5540.75,5543.6,5539.6,5539.6
4251,2024-02-16 11:15:00,5540.55,5540.55,5537.45,5540.0
4252,2024-02-16 11:16:00,5540.2,5540.25,5528.25,5528.25
4253,2024-02-16 11:17:00,5529.0,5533.55,5529.0,5533.55
4254,2024-02-16 11:18:00,5533.65,5536.0,5531.85,5534.55
4255,2024-02-16 11:19:00,5532.3,5532.3,5530.0,5530.0
4256,2024-02-16 11:20:00,5530.95,5534.9,5530.0,5534.9
4257,2024-02-16 11:21:00,5534.55,5534.55,5530.0,5530.0
4258,2024-02-16 11:22:00,5530.05,5532.75,5530.0,5530.05
4259,2024-02-16 11:23:00,5532.35,5532.35,5530.0,5530.0
4260,2024-02-16 11:24:00,5531.3,5531.3,5530.0,5531.2
4261,2024-02-16 11:25:00,5530.0,5531.15,5530.0,5530.95
4262,2024-02-16 11:26:00,5530.0,5540.2,5530.0,5540.0
4263,2024-02-16 11:27:00,5538.4,5540.15,5536.95,5540.0
4264,2024-02-16 11:28:00,5540.05,5540.05,5539.9,5540.0
4265,2024-02-16 11:29:00,5540.05,5540.15,5540.0,5540.0
4266,2024-02-16 11:30:00,5540.15,5543.0,5539.9,5540.05
4267,2024-02-16 11:31:00,5541.0,5543.0,5539.9,5539.9
4268,2024-02-16 11:32:00,5540.0,5542.2,5539.9,5540.05
4269,2024-02-16 11:33:00,5542.05,5542.05,5540.05,5540.05
4270,2024-02-16 11:34:00,5540.2,5542.05,5540.2,5540.4
4271,2024-02-16 11:35:00,5540.95,5541.0,5540.0,5540.0
4272,2024-02-16 11:36:00,5539.9,5540.4,5539.9,5540.4
4273,2024-02-16 11:37:00,5540.1,5542.0,5539.9,5540.0
4274,2024-02-16 11:38:00,5541.6,5545.1,5540.0,5545.0
4275,2024-02-16 11:39:00,5545.1,5547.85,5541.6,5547.85
4276,2024-02-16 11:40:00,5545.0,5545.0,5542.0,5542.7
4277,2024-02-16 11:41:00,5544.0,5544.05,5542.0,5542.0
4278,2024-02-16 11:42:00,5541.3,5542.0,5539.9,5540.0
4279,2024-02-16 11:43:00,5540.35,5545.0,5540.35,5542.0
4280,2024-02-16 11:44:00,5542.85,5543.0,5542.0,5543.0
4281,2024-02-16 11:45:00,5543.95,5545.8,5542.6,5543.05
4282,2024-02-16 11:46:00,5543.0,5545.45,5543.0,5543.45
4283,2024-02-16 11:47:00,5545.65,5545.65,5541.5,5541.55
4284,2024-02-16 11:48:00,5541.6,5541.6,5540.25,5540.25
4285,2024-02-16 11:49:00,5542.4,5545.0,5542.0,5545.0
4286,2024-02-16 11:50:00,5545.25,5545.25,5542.0,5542.0
4287,2024-02-16 11:51:00,5542.55,5542.6,5542.0,5542.0
4288,2024-02-16 11:52:00,5542.5,5543.45,5541.0,5541.0
4289,2024-02-16 11:53:00,5541.45,5543.45,5541.45,5543.45
4290,2024-02-16 11:54:00,5542.85,5542.9,5542.0,5542.25
4291,2024-02-16 11:55:00,5543.45,5543.45,5542.25,5542.25
4292,2024-02-16 11:56:00,5542.3,5542.3,5540.0,5540.05
4293,2024-02-16 11:57:00,5541.0,5541.35,5540.0,5540.0
4294,2024-02-16 11:58:00,5541.0,5542.45,5539.9,5541.0
4295,2024-02-16 11:59:00,5541.45,5541.45,5539.7,5541.15
4296,2024-02-16 12:00:00,5540.55,5541.95,5540.55,5541.0
4297,2024-02-16 12:01:00,5541.05,5543.45,5541.0,5542.0
4298,2024-02-16 12:02:00,5542.0,5542.0,5542.0,5542.0
4299,2024-02-16 12:03:00,5542.05,5542.05,5539.9,5539.9
4300,2024-02-16 12:04:00,5540.0,5540.75,5539.9,5540.55
4301,2024-02-16 12:05:00,5539.9,5540.5,5539.9,5540.0
4302,2024-02-16 12:06:00,5540.05,5540.05,5539.7,5540.0
4303,2024-02-16 12:07:00,5539.9,5540.0,5539.9,5539.9
4304,2024-02-16 12:08:00,5540.0,5540.05,5539.65,5540.0
4305,2024-02-16 12:09:00,5540.1,5542.0,5540.0,5542.0
4306,2024-02-16 12:10:00,5543.0,5547.6,5543.0,5545.05
4307,2024-02-16 12:11:00,5545.2,5547.4,5545.0,5545.1
4308,2024-02-16 12:12:00,5545.0,5545.8,5545.0,5545.05
4309,2024-02-16 12:13:00,5545.65,5545.65,5544.0,5544.0
4310,2024-02-16 12:14:00,5544.15,5545.0,5544.0,5545.0
4311,2024-02-16 12:15:00,5546.0,5546.9,5545.0,5545.0
4312,2024-02-16 12:16:00,5545.05,5545.55,5545.0,5545.0
4313,2024-02-16 12:17:00,5545.05,5545.05,5545.05,5545.05
4314,2024-02-16 12:18:00,5545.0,5545.0,5545.0,5545.0
4315,2024-02-16 12:19:00,5545.05,5545.05,5545.0,5545.0
4316,2024-02-16 12:20:00,5545.05,5545.05,5545.0,5545.0
4317,2024-02-16 12:21:00,5544.6,5544.6,5542.0,5542.0
4318,2024-02-16 12:22:00,5542.6,5542.6,5542.0,5542.0
4319,2024-02-16 12:23:00,5542.1,5542.1,5542.0,5542.0
4320,2024-02-16 12:24:00,5542.05,5542.05,5542.0,5542.0
4321,2024-02-16 12:25:00,5542.0,5542.0,5542.0,5542.0
4322,2024-02-16 12:26:00,5542.05,5542.05,5542.0,5542.0
4323,2024-02-16 12:27:00,5542.05,5545.0,5542.05,5545.0
4324,2024-02-16 12:28:00,5545.25,5548.0,5545.0,5545.9
4325,2024-02-16 12:29:00,5545.5,5547.45,5545.0,5545.0
4326,2024-02-16 12:30:00,5545.05,5546.65,5545.0,5545.9
4327,2024-02-16 12:31:00,5546.0,5546.0,5545.0,5545.0
4328,2024-02-16 12:32:00,5545.4,5545.95,5545.0,5545.0
4329,2024-02-16 12:33:00,5545.05,5550.0,5545.05,5546.35
4330,2024-02-16 12:34:00,5546.95,5547.95,5546.95,5547.0
4331,2024-02-16 12:35:00,5546.95,5547.0,5546.6,5546.9
4332,2024-02-16 12:36:00,5546.85,5546.95,5545.0,5546.0
4333,2024-02-16 12:37:00,5545.0,5546.7,5544.05,5544.2
4334,2024-02-16 12:38:00,5544.05,5544.25,5543.0,5543.0
4335,2024-02-16 12:39:00,5543.8,5545.75,5543.8,5545.55
4336,2024-02-16 12:40:00,5545.6,5545.65,5544.0,5544.05
4337,2024-02-16 12:41:00,5545.0,5545.0,5544.0,5545.0
4338,2024-02-16 12:42:00,5545.05,5545.05,5541.85,5541.85
4339,2024-02-16 12:43:00,5541.1,5541.1,5539.9,5539.9
4340,2024-02-16 12:44:00,5540.0,5540.3,5539.9,5540.2
4341,2024-02-16 12:45:00,5540.25,5540.25,5540.2,5540.25
4342,2024-02-16 12:46:00,5540.2,5540.3,5540.0,5540.0
4343,2024-02-16 12:47:00,5540.0,5540.0,5540.0,5540.0
4344,2024-02-16 12:48:00,5539.9,5540.05,5539.75,5540.0
4345,2024-02-16 12:49:00,5540.05,5540.15,5539.9,5540.1
4346,2024-02-16 12:50:00,5539.9,5540.1,5539.9,5540.05
4347,2024-02-16 12:51:00,5540.0,5540.0,5540.0,5540.0
4348,2024-02-16 12:52:00,5539.9,5540.0,5539.9,5540.0
4349,2024-02-16 12:53:00,5540.05,5540.05,5540.0,5540.0
4350,2024-02-16 12:54:00,5540.05,5544.0,5540.0,5544.0
4351,2024-02-16 12:55:00,5545.0,5546.95,5543.1,5546.0
4352,2024-02-16 12:56:00,5545.95,5545.95,5545.0,5545.0
4353,2024-02-16 12:57:00,5546.0,5546.95,5545.0,5545.3
4354,2024-02-16 12:58:00,5545.0,5545.0,5544.5,5544.5
4355,2024-02-16 12:59:00,5544.55,5544.55,5544.5,5544.5
4356,2024-02-16 13:00:00,5544.55,5544.55,5543.5,5543.5
4357,2024-02-16 13:01:00,5543.9,5543.9,5543.0,5543.0
4358,2024-02-16 13:02:00,5543.05,5543.05,5542.0,5543.0
4359,2024-02-16 13:03:00,5542.0,5542.7,5542.0,5542.3
4360,2024-02-16 13:04:00,5542.2,5542.6,5542.2,5542.5
4361,2024-02-16 13:05:00,5542.0,5542.55,5541.5,5541.5
4362,2024-02-16 13:06:00,5541.0,5542.5,5541.0,5541.0
4363,2024-02-16 13:07:00,5540.9,5540.9,5540.0,5540.0
4364,2024-02-16 13:08:00,5540.4,5540.4,5540.0,5540.0
4365,2024-02-16 13:09:00,5539.95,5540.1,5539.95,5540.05
4366,2024-02-16 13:10:00,5539.95,5540.15,5539.95,5540.0
4367,2024-02-16 13:11:00,5539.95,5539.95,5539.95,5539.95
4368,2024-02-16 13:12:00,5540.0,5540.05,5539.95,5540.05
4369,2024-02-16 13:13:00,5540.1,5540.1,5540.0,5540.0
4370,2024-02-16 13:14:00,5540.05,5541.0,5540.05,5540.65
4371,2024-02-16 13:15:00,5540.7,5542.45,5540.7,5541.5
4372,2024-02-16 13:16:00,5542.4,5542.4,5541.45,5541.5
4373,2024-02-16 13:17:00,5542.05,5542.05,5541.0,5541.0
4374,2024-02-16 13:18:00,5541.05,5541.05,5540.5,5540.5
4375,2024-02-16 13:19:00,5540.1,5540.1,5540.0,5540.0
4376,2024-02-16 13:20:00,5540.05,5540.05,5539.85,5540.05
4377,2024-02-16 13:21:00,5539.75,5540.15,5539.0,5540.15
4378,2024-02-16 13:22:00,5540.05,5540.15,5540.0,5540.05
4379,2024-02-16 13:23:00,5540.1,5541.5,5540.1,5541.0
4380,2024-02-16 13:24:00,5541.25,5542.45,5540.5,5541.35
4381,2024-02-16 13:25:00,5542.0,5543.0,5541.55,5542.5
4382,2024-02-16 13:26:00,5542.2,5545.45,5542.2,5544.9
4383,2024-02-16 13:27:00,5543.45,5546.8,5543.45,5544.0
4384,2024-02-16 13:28:00,5544.8,5544.8,5544.0,5544.05
4385,2024-02-16 13:29:00,5544.0,5544.5,5543.1,5543.85
4386,2024-02-16 13:30:00,5543.0,5543.75,5543.0,5543.4
4387,2024-02-16 13:31:00,5543.0,5543.0,5542.0,5542.0
4388,2024-02-16 13:32:00,5542.05,5542.05,5540.0,5541.25
4389,2024-02-16 13:33:00,5540.0,5542.15,5540.0,5541.0
4390,2024-02-16 13:34:00,5541.85,5541.85,5541.0,5541.0
4391,2024-02-16 13:35:00,5541.5,5542.25,5540.0,5542.1
4392,2024-02-16 13:36:00,5541.5,5541.5,5540.0,5541.15
4393,2024-02-16 13:37:00,5540.05,5540.05,5540.0,5540.0
4394,2024-02-16 13:38:00,5539.95,5540.05,5539.95,5540.05
4395,2024-02-16 13:39:00,5540.0,5540.8,5539.95,5540.55
4396,2024-02-16 13:40:00,5540.6,5540.9,5539.95,5540.0
4397,2024-02-16 13:41:00,5539.95,5540.8,5539.95,5540.6
4398,2024-02-16 13:42:00,5540.5,5540.9,5539.95,5540.85
4399,2024-02-16 13:43:00,5543.9,5543.9,5541.45,5542.0
4400,2024-02-16 13:44:00,5543.95,5545.95,5542.0,5545.7
4401,2024-02-16 13:45:00,5545.0,5545.9,5545.0,5545.0
4402,2024-02-16 13:46:00,5545.05,5545.55,5545.0,5545.0
4403,2024-02-16 13:47:00,5545.05,5545.15,5545.0,5545.0
4404,2024-02-16 13:48:00,5545.05,5545.05,5542.0,5544.1
4405,2024-02-16 13:49:00,5542.0,5546.0,5542.0,5545.0
4406,2024-02-16 13:50:00,5545.05,5545.05,5545.0,5545.05
4407,2024-02-16 13:51:00,5545.0,5545.5,5545.0,5545.2
4408,2024-02-16 13:52:00,5545.1,5547.05,5545.0,5546.05
4409,2024-02-16 13:53:00,5545.95,5546.0,5545.0,5545.0
4410,2024-02-16 13:54:00,5545.95,5547.05,5545.0,5545.0
4411,2024-02-16 13:55:00,5545.55,5545.75,5545.0,5545.65
4412,2024-02-16 13:56:00,5545.7,5546.95,5545.05,5545.8
4413,2024-02-16 13:57:00,5545.65,5545.75,5545.05,5545.65
4414,2024-02-16 13:58:00,5545.85,5547.85,5545.85,5547.75
4415,2024-02-16 13:59:00,5546.4,5547.55,5545.0,5545.0
4416,2024-02-16 14:00:00,5545.15,5545.15,5545.0,5545.0
4417,2024-02-16 14:01:00,5545.05,5545.05,5545.0,5545.0
4418,2024-02-16 14:02:00,5545.05,5549.5,5545.0,5549.5
4419,2024-02-16 14:03:00,5548.1,5551.1,5548.0,5548.6
4420,2024-02-16 14:04:00,5548.0,5549.05,5546.65,5546.95
4421,2024-02-16 14:05:00,5546.9,5547.85,5546.2,5546.2
4422,2024-02-16 14:06:00,5545.7,5546.15,5545.0,5546.05
4423,2024-02-16 14:07:00,5545.15,5547.6,5545.15,5546.7
4424,2024-02-16 14:08:00,5545.4,5557.0,5545.4,5553.05
4425,2024-02-16 14:09:00,5554.85,5554.85,5550.2,5553.55
4426,2024-02-16 14:10:00,5552.0,5554.9,5551.7,5552.95
4427,2024-02-16 14:11:00,5552.5,5556.9,5551.05,5556.0
4428,2024-02-16 14:12:00,5556.85,5560.0,5555.3,5555.3
4429,2024-02-16 14:13:00,5555.2,5575.45,5551.45,5559.0
4430,2024-02-16 14:14:00,5558.8,5558.8,5549.1,5553.1
4431,2024-02-16 14:15:00,5554.55,5555.85,5550.55,5550.95
4432,2024-02-16 14:16:00,5553.6,5554.9,5550.85,5552.85
4433,2024-02-16 14:17:00,5552.9,5555.0,5552.75,5554.95
4434,2024-02-16 14:18:00,5554.0,5555.05,5554.0,5555.0
4435,2024-02-16 14:19:00,5555.05,5560.05,5555.0,5559.0
4436,2024-02-16 14:20:00,5559.05,5559.8,5558.2,5558.95
4437,2024-02-16 14:21:00,5558.2,5561.0,5558.2,5560.35
4438,2024-02-16 14:22:00,5560.0,5560.3,5559.35,5559.35
4439,2024-02-16 14:23:00,5558.95,5560.55,5556.85,5560.0
4440,2024-02-16 14:24:00,5560.05,5560.5,5558.15,5559.95
4441,2024-02-16 14:25:00,5560.0,5560.0,5547.85,5551.75
4442,2024-02-16 14:26:00,5551.05,5554.0,5550.0,5552.95
4443,2024-02-16 14:27:00,5551.55,5556.2,5550.85,5554.95
4444,2024-02-16 14:28:00,5553.3,5558.15,5553.3,5555.0
4445,2024-02-16 14:29:00,5555.15,5562.0,5553.0,5553.0
4446,2024-02-16 14:30:00,5552.5,5562.3,5552.5,5561.4
4447,2024-02-16 14:31:00,5560.0,5561.45,5560.0,5560.05
4448,2024-02-16 14:32:00,5560.5,5560.55,5560.0,5560.0
4449,2024-02-16 14:33:00,5560.05,5560.45,5556.0,5557.9
4450,2024-02-16 14:34:00,5557.65,5557.65,5555.35,5555.65
4451,2024-02-16 14:35:00,5555.7,5558.0,5553.2,5558.0
4452,2024-02-16 14:36:00,5559.8,5561.4,5558.05,5561.35
4453,2024-02-16 14:37:00,5561.3,5565.0,5560.45,5563.65
4454,2024-02-16 14:38:00,5563.55,5566.85,5562.7,5563.6
4455,2024-02-16 14:39:00,5562.75,5569.0,5561.25,5563.75
4456,2024-02-16 14:40:00,5563.7,5565.0,5562.6,5562.6
4457,2024-02-16 14:41:00,5563.55,5569.0,5563.1,5565.65
4458,2024-02-16 14:42:00,5564.0,5568.95,5563.5,5566.7
4459,2024-02-16 14:43:00,5564.65,5566.7,5563.6,5566.0
4460,2024-02-16 14:44:00,5565.95,5566.6,5565.0,5565.05
4461,2024-02-16 14:45:00,5565.0,5567.95,5565.0,5565.5
4462,2024-02-16 14:46:00,5567.0,5567.95,5565.05,5566.95
4463,2024-02-16 14:47:00,5566.3,5567.45,5566.2,5567.45
4464,2024-02-16 14:48:00,5566.3,5567.45,5565.0,5565.05
4465,2024-02-16 14:49:00,5565.0,5567.85,5565.0,5567.8
4466,2024-02-16 14:50:00,5567.85,5570.0,5565.1,5565.6
4467,2024-02-16 14:51:00,5565.75,5569.85,5565.0,5569.85
4468,2024-02-16 14:52:00,5567.1,5569.85,5565.1,5566.5
4469,2024-02-16 14:53:00,5568.5,5574.9,5567.15,5571.4
4470,2024-02-16 14:54:00,5571.2,5572.55,5569.15,5569.95
4471,2024-02-16 14:55:00,5571.0,5577.0,5569.9,5576.05
4472,2024-02-16 14:56:00,5576.15,5585.35,5576.0,5579.0
4473,2024-02-16 14:57:00,5580.4,5585.7,5580.4,5585.6
4474,2024-02-16 14:58:00,5584.3,5593.15,5584.3,5587.65
4475,2024-02-16 14:59:00,5586.1,5591.0,5585.65,5589.15
4476,2024-02-16 15:00:00,5590.9,5594.9,5590.0,5592.0
4477,2024-02-16 15:01:00,5592.9,5594.95,5586.1,5586.15
4478,2024-02-16 15:02:00,5586.2,5591.2,5586.05,5590.0
4479,2024-02-16 15:03:00,5592.0,5594.95,5591.4,5593.05
4480,2024-02-16 15:04:00,5594.0,5594.5,5588.05,5588.8
4481,2024-02-16 15:05:00,5590.85,5590.85,5579.0,5581.2
4482,2024-02-16 15:06:00,5581.3,5586.85,5581.0,5582.65
4483,2024-02-16 15:07:00,5581.75,5582.0,5579.0,5579.1
4484,2024-02-16 15:08:00,5579.0,5583.9,5579.0,5580.75
4485,2024-02-16 15:09:00,5582.65,5582.65,5579.0,5580.0
4486,2024-02-16 15:10:00,5579.0,5580.0,5579.0,5579.1
4487,2024-02-16 15:11:00,5580.05,5583.0,5579.35,5580.0
4488,2024-02-16 15:12:00,5579.45,5582.9,5579.0,5582.85
4489,2024-02-16 15:13:00,5582.75,5582.85,5580.75,5582.8
4490,2024-02-16 15:14:00,5580.8,5585.0,5580.65,5581.2
4491,2024-02-16 15:15:00,5583.7,5583.75,5581.25,5581.9
4492,2024-02-16 15:16:00,5582.4,5582.4,5577.0,5577.0
4493,2024-02-16 15:17:00,5576.0,5577.0,5572.0,5573.8
4494,2024-02-16 15:18:00,5573.75,5580.65,5573.65,5579.4
4495,2024-02-16 15:19:00,5579.2,5579.7,5576.45,5578.75
4496,2024-02-16 15:20:00,5578.05,5578.75,5571.6,5571.6
4497,2024-02-16 15:21:00,5572.0,5577.95,5571.35,5577.9
4498,2024-02-16 15:22:00,5577.95,5580.0,5575.0,5575.0
4499,2024-02-16 15:23:00,5575.1,5577.7,5575.0,5576.7
4500,2024-02-16 15:24:00,5576.65,5578.2,5572.15,5572.55
4501,2024-02-16 15:25:00,5572.5,5574.15,5572.0,5572.6
4502,2024-02-16 15:26:00,5572.65,5574.85,5572.0,5574.65
4503,2024-02-16 15:27:00,5574.0,5574.85,5567.85,5568.1
4504,2024-02-16 15:28:00,5569.95,5572.95,5566.0,5566.0
4505,2024-02-16 15:29:00,5565.2,5574.35,5562.9,5562.9
4506,2024-02-17 12:20:00,5803.6,5803.6,5803.6,5803.6
4507,2024-02-17 12:21:00,5803.6,5803.6,5803.6,5803.6
4508,2024-02-17 12:22:00,5803.6,5803.6,5803.6,5803.6
4509,2024-02-17 12:23:00,5803.6,5803.6,5803.6,5803.6
4510,2024-02-17 12:24:00,5803.6,5803.6,5803.6,5803.6
4511,2024-02-17 12:25:00,5803.6,5803.6,5803.6,5803.6
4512,2024-02-17 12:26:00,5803.6,5803.6,5803.6,5803.6
4513,2024-02-17 12:27:00,5803.6,5803.6,5803.6,5803.6
4514,2024-02-17 12:28:00,5803.6,5803.6,5803.6,5803.6
4515,2024-02-17 12:29:00,5803.6,5803.6,5803.6,5803.6
4516,2024-02-19 09:14:00,5566.0,5566.0,5566.0,5566.0
4517,2024-02-19 09:15:00,5565.0,5565.45,5540.0,5557.95
4518,2024-02-19 09:16:00,5554.1,5570.7,5547.15,5565.8
4519,2024-02-19 09:17:00,5570.0,5570.0,5553.05,5553.75
4520,2024-02-19 09:18:00,5553.4,5556.9,5542.7,5547.9
4521,2024-02-19 09:19:00,5543.75,5549.9,5535.1,5535.1
4522,2024-02-19 09:20:00,5538.85,5543.2,5535.0,5536.1
4523,2024-02-19 09:21:00,5535.0,5540.0,5529.0,5538.15
4524,2024-02-19 09:22:00,5538.1,5547.5,5535.0,5538.45
4525,2024-02-19 09:23:00,5542.15,5545.0,5538.45,5540.1
4526,2024-02-19 09:24:00,5543.25,5546.45,5536.0,5539.1
4527,2024-02-19 09:25:00,5540.45,5543.4,5535.0,5540.0
4528,2024-02-19 09:26:00,5541.1,5548.1,5538.45,5542.0
4529,2024-02-19 09:27:00,5543.35,5550.0,5540.1,5548.55
4530,2024-02-19 09:28:00,5543.4,5546.3,5542.8,5544.55
4531,2024-02-19 09:29:00,5542.8,5544.55,5537.2,5540.6
4532,2024-02-19 09:30:00,5540.8,5540.9,5524.55,5526.65
4533,2024-02-19 09:31:00,5526.0,5536.45,5525.6,5535.5
4534,2024-02-19 09:32:00,5537.0,5537.0,5530.0,5533.0
4535,2024-02-19 09:33:00,5532.95,5533.0,5527.55,5530.9
4536,2024-02-19 09:34:00,5531.0,5538.0,5530.9,5532.2
4537,2024-02-19 09:35:00,5532.0,5536.25,5525.6,5530.35
4538,2024-02-19 09:36:00,5529.4,5531.75,5522.65,5531.75
4539,2024-02-19 09:37:00,5531.7,5533.5,5529.0,5533.0
4540,2024-02-19 09:38:00,5533.8,5535.5,5531.4,5534.7
4541,2024-02-19 09:39:00,5532.15,5537.0,5532.15,5534.2
4542,2024-02-19 09:40:00,5534.15,5539.4,5532.35,5533.45
4543,2024-02-19 09:41:00,5538.35,5539.0,5532.0,5536.05
4544,2024-02-19 09:42:00,5534.05,5537.35,5531.45,5531.45
4545,2024-02-19 09:43:00,5530.85,5533.4,5528.05,5531.0
4546,2024-02-19 09:44:00,5530.0,5530.05,5520.0,5520.05
4547,2024-02-19 09:45:00,5520.0,5521.0,5511.5,5518.2
4548,2024-02-19 09:46:00,5518.6,5522.5,5512.2,5519.7
4549,2024-02-19 09:47:00,5516.55,5522.15,5515.35,5520.0
4550,2024-02-19 09:48:00,5523.05,5523.05,5515.0,5522.0
4551,2024-02-19 09:49:00,5519.2,5527.0,5519.2,5527.0
4552,2024-02-19 09:50:00,5526.85,5526.85,5519.2,5519.2
4553,2024-02-19 09:51:00,5517.0,5520.0,5514.7,5520.0
4554,2024-02-19 09:52:00,5523.45,5525.0,5521.05,5521.05
4555,2024-02-19 09:53:00,5521.0,5524.5,5521.0,5521.0
4556,2024-02-19 09:54:00,5523.55,5524.45,5518.4,5518.4
4557,2024-02-19 09:55:00,5520.15,5521.75,5512.05,5520.7
4558,2024-02-19 09:56:00,5519.15,5521.6,5513.05,5513.05
4559,2024-02-19 09:57:00,5515.0,5517.55,5512.1,5515.9
4560,2024-02-19 09:58:00,5516.75,5521.0,5516.75,5521.0
4561,2024-02-19 09:59:00,5523.6,5524.25,5516.5,5516.5
4562,2024-02-19 10:00:00,5521.2,5523.25,5518.0,5518.0
4563,2024-02-19 10:01:00,5516.1,5519.85,5515.65,5519.0
4564,2024-02-19 10:02:00,5519.7,5522.75,5519.0,5522.75
4565,2024-02-19 10:03:00,5523.95,5523.95,5520.05,5523.0
4566,2024-02-19 10:04:00,5524.5,5527.2,5523.0,5525.0
4567,2024-02-19 10:05:00,5523.0,5524.95,5521.0,5521.0
4568,2024-02-19 10:06:00,5520.0,5525.0,5518.6,5520.2
4569,2024-02-19 10:07:00,5520.1,5525.0,5520.1,5525.0
4570,2024-02-19 10:08:00,5523.85,5527.5,5523.85,5527.0
4571,2024-02-19 10:09:00,5529.0,5533.3,5527.9,5533.15
4572,2024-02-19 10:10:00,5529.6,5530.0,5524.05,5524.9
4573,2024-02-19 10:11:00,5521.25,5527.85,5521.25,5527.85
4574,2024-02-19 10:12:00,5528.1,5528.85,5525.0,5528.35
4575,2024-02-19 10:13:00,5528.1,5528.9,5525.55,5528.55
4576,2024-02-19 10:14:00,5528.65,5531.95,5528.55,5531.95
4577,2024-02-19 10:15:00,5533.0,5536.0,5533.0,5535.75
4578,2024-02-19 10:16:00,5535.65,5535.65,5530.6,5530.8
4579,2024-02-19 10:17:00,5533.5,5536.75,5526.05,5536.35
4580,2024-02-19 10:18:00,5536.3,5536.45,5532.65,5536.25
4581,2024-02-19 10:19:00,5535.0,5536.0,5531.3,5531.3
4582,2024-02-19 10:20:00,5533.6,5536.15,5531.65,5536.0
4583,2024-02-19 10:21:00,5536.35,5540.5,5536.35,5540.5
4584,2024-02-19 10:22:00,5539.0,5540.5,5539.0,5540.5
4585,2024-02-19 10:23:00,5540.0,5544.05,5540.0,5544.05
4586,2024-02-19 10:24:00,5544.0,5544.0,5541.55,5543.9
4587,2024-02-19 10:25:00,5543.95,5555.8,5543.95,5553.95
4588,2024-02-19 10:26:00,5550.2,5554.0,5546.25,5551.85
4589,2024-02-19 10:27:00,5552.0,5552.9,5549.3,5550.0
4590,2024-02-19 10:28:00,5551.45,5551.45,5548.25,5549.9
4591,2024-02-19 10:29:00,5549.85,5549.85,5542.95,5546.1
4592,2024-02-19 10:30:00,5546.0,5549.7,5544.2,5549.0
4593,2024-02-19 10:31:00,5549.9,5549.9,5546.0,5548.4
4594,2024-02-19 10:32:00,5546.0,5548.4,5545.0,5546.5
4595,2024-02-19 10:33:00,5546.3,5548.0,5541.65,5547.0
4596,2024-02-19 10:34:00,5544.5,5549.25,5544.35,5549.25
4597,2024-02-19 10:35:00,5549.0,5549.5,5544.65,5549.5
4598,2024-02-19 10:36:00,5548.95,5549.5,5545.55,5549.4
4599,2024-02-19 10:37:00,5546.6,5552.0,5545.7,5552.0
4600,2024-02-19 10:38:00,5552.15,5553.5,5549.3,5552.85
4601,2024-02-19 10:39:00,5551.0,5552.0,5548.05,5550.5
4602,2024-02-19 10:40:00,5547.05,5547.95,5545.0,5547.8
4603,2024-02-19 10:41:00,5545.0,5549.0,5545.0,5546.0
4604,2024-02-19 10:42:00,5548.65,5549.0,5546.0,5548.85
4605,2024-02-19 10:43:00,5546.15,5552.0,5546.15,5552.0
4606,2024-02-19 10:44:00,5551.4,5553.4,5550.3,5553.4
4607,2024-02-19 10:45:00,5550.35,5555.0,5550.35,5554.55
4608,2024-02-19 10:46:00,5554.85,5554.85,5550.4,5554.05
4609,2024-02-19 10:47:00,5551.15,5554.25,5546.1,5551.2
4610,2024-02-19 10:48:00,5547.85,5550.2,5546.8,5547.05
4611,2024-02-19 10:49:00,5547.1,5550.5,5547.0,5549.95
4612,2024-02-19 10:50:00,5547.3,5549.35,5545.0,5545.0
4613,2024-02-19 10:51:00,5544.15,5545.0,5542.0,5542.0
4614,2024-02-19 10:52:00,5542.5,5544.7,5540.75,5543.3
4615,2024-02-19 10:53:00,5540.55,5543.45,5540.55,5542.85
4616,2024-02-19 10:54:00,5540.6,5544.4,5540.6,5543.8
4617,2024-02-19 10:55:00,5541.5,5543.45,5540.55,5543.45
4618,2024-02-19 10:56:00,5541.6,5545.0,5541.6,5544.85
4619,2024-02-19 10:57:00,5547.4,5551.9,5544.55,5551.5
4620,2024-02-19 10:58:00,5550.0,5554.55,5549.3,5552.95
4621,2024-02-19 10:59:00,5550.55,5554.3,5547.75,5552.1
4622,2024-02-19 11:00:00,5552.3,5554.0,5548.9,5552.35
4623,2024-02-19 11:01:00,5547.2,5549.95,5547.2,5549.95
4624,2024-02-19 11:02:00,5550.3,5550.3,5545.0,5548.45
4625,2024-02-19 11:03:00,5545.4,5549.0,5544.05,5546.95
4626,2024-02-19 11:04:00,5544.0,5548.45,5544.0,5548.4
4627,2024-02-19 11:05:00,5545.45,5549.55,5545.4,5545.4
4628,2024-02-19 11:06:00,5548.1,5548.2,5545.4,5545.55
4629,2024-02-19 11:07:00,5545.5,5548.6,5544.6,5548.45
4630,2024-02-19 11:08:00,5544.8,5548.8,5544.2,5548.5
4631,2024-02-19 11:09:00,5545.05,5549.6,5544.75,5546.4
4632,2024-02-19 11:10:00,5546.1,5549.95,5545.85,5549.6
4633,2024-02-19 11:11:00,5545.9,5549.2,5545.0,5547.6
4634,2024-02-19 11:12:00,5545.7,5549.65,5545.35,5549.4
4635,2024-02-19 11:13:00,5546.6,5551.25,5546.25,5551.25
4636,2024-02-19 11:14:00,5547.35,5554.0,5546.7,5554.0
4637,2024-02-19 11:15:00,5550.9,5555.0,5550.9,5555.0
4638,2024-02-19 11:16:00,5553.0,5556.0,5553.0,5555.9
4639,2024-02-19 11:17:00,5554.1,5558.55,5553.0,5555.0
4640,2024-02-19 11:18:00,5555.3,5556.5,5550.55,5556.4
4641,2024-02-19 11:19:00,5553.65,5556.85,5553.35,5556.2
4642,2024-02-19 11:20:00,5556.0,5556.85,5554.0,5554.0
4643,2024-02-19 11:21:00,5555.55,5556.0,5553.0,5555.8
4644,2024-02-19 11:22:00,5553.05,5555.75,5553.0,5553.0
4645,2024-02-19 11:23:00,5552.0,5553.0,5550.0,5552.75
4646,2024-02-19 11:24:00,5551.6,5553.0,5550.55,5552.2
4647,2024-02-19 11:25:00,5553.0,5553.0,5551.0,5551.0
4648,2024-02-19 11:26:00,5552.9,5555.5,5550.55,5551.55
4649,2024-02-19 11:27:00,5553.05,5553.85,5548.05,5552.35
4650,2024-02-19 11:28:00,5549.25,5553.65,5548.45,5553.0
4651,2024-02-19 11:29:00,5551.7,5554.05,5550.25,5553.85
4652,2024-02-19 11:30:00,5551.25,5554.9,5550.95,5551.55
4653,2024-02-19 11:31:00,5551.1,5554.6,5548.6,5552.7
4654,2024-02-19 11:32:00,5550.1,5553.0,5548.75,5551.5
4655,2024-02-19 11:33:00,5548.8,5552.85,5548.8,5552.8
4656,2024-02-19 11:34:00,5550.7,5552.95,5550.0,5550.0
4657,2024-02-19 11:35:00,5551.9,5553.0,5549.95,5553.0
4658,2024-02-19 11:36:00,5553.7,5557.25,5551.55,5555.05
4659,2024-02-19 11:37:00,5552.55,5555.2,5551.6,5553.4
4660,2024-02-19 11:38:00,5552.3,5556.0,5552.05,5553.25
4661,2024-02-19 11:39:00,5555.95,5556.0,5551.6,5556.0
4662,2024-02-19 11:40:00,5553.55,5556.7,5553.55,5554.15
4663,2024-02-19 11:41:00,5557.1,5557.1,5553.8,5556.8
4664,2024-02-19 11:42:00,5555.2,5558.0,5555.2,5558.0
4665,2024-02-19 11:43:00,5557.4,5564.75,5557.05,5561.0
4666,2024-02-19 11:44:00,5562.4,5565.0,5558.5,5565.0
4667,2024-02-19 11:45:00,5563.55,5565.0,5562.0,5562.3
4668,2024-02-19 11:46:00,5564.8,5564.8,5558.0,5561.0
4669,2024-02-19 11:47:00,5563.35,5563.35,5559.05,5560.4
4670,2024-02-19 11:48:00,5560.0,5562.25,5559.5,5561.85
4671,2024-02-19 11:49:00,5560.0,5562.4,5560.0,5560.0
4672,2024-02-19 11:50:00,5558.45,5560.0,5557.0,5557.0
4673,2024-02-19 11:51:00,5558.5,5564.8,5557.6,5564.7
4674,2024-02-19 11:52:00,5561.55,5567.5,5561.5,5564.0
4675,2024-02-19 11:53:00,5562.95,5567.65,5562.05,5567.65
4676,2024-02-19 11:54:00,5566.65,5566.9,5562.3,5565.0
4677,2024-02-19 11:55:00,5561.75,5566.7,5561.1,5564.85
4678,2024-02-19 11:56:00,5561.95,5566.7,5561.95,5563.55
4679,2024-02-19 11:57:00,5566.4,5566.6,5563.55,5566.6
4680,2024-02-19 11:58:00,5563.65,5567.95,5563.55,5567.95
4681,2024-02-19 11:59:00,5568.0,5568.0,5565.0,5565.0
4682,2024-02-19 12:00:00,5566.45,5568.0,5565.0,5566.25
4683,2024-02-19 12:01:00,5568.0,5568.0,5565.05,5565.8
4684,2024-02-19 12:02:00,5563.0,5565.45,5560.1,5562.9
4685,2024-02-19 12:03:00,5561.9,5564.7,5561.0,5563.15
4686,2024-02-19 12:04:00,5561.0,5563.0,5560.25,5561.0
4687,2024-02-19 12:05:00,5562.65,5562.65,5560.25,5561.5
4688,2024-02-19 12:06:00,5561.0,5564.0,5561.0,5564.0
4689,2024-02-19 12:07:00,5562.8,5568.0,5562.8,5566.0
4690,2024-02-19 12:08:00,5565.0,5565.0,5562.5,5564.7
4691,2024-02-19 12:09:00,5561.95,5563.25,5560.35,5563.1
4692,2024-02-19 12:10:00,5561.85,5563.1,5560.25,5562.5
4693,2024-02-19 12:11:00,5561.85,5565.0,5561.3,5565.0
4694,2024-02-19 12:12:00,5565.05,5567.75,5563.15,5567.25
4695,2024-02-19 12:13:00,5564.1,5567.15,5562.95,5565.0
4696,2024-02-19 12:14:00,5564.3,5564.95,5560.25,5563.0
4697,2024-02-19 12:15:00,5560.65,5564.1,5560.65,5560.65
4698,2024-02-19 12:16:00,5561.4,5564.2,5560.65,5563.95
4699,2024-02-19 12:17:00,5560.7,5563.8,5560.4,5560.4
4700,2024-02-19 12:18:00,5560.9,5560.9,5558.0,5558.9
4701,2024-02-19 12:19:00,5559.5,5561.3,5558.0,5561.3
4702,2024-02-19 12:20:00,5558.0,5561.6,5558.0,5559.35
4703,2024-02-19 12:21:00,5558.0,5560.35,5557.0,5560.35
4704,2024-02-19 12:22:00,5557.05,5560.3,5557.0,5557.2
4705,2024-02-19 12:23:00,5556.25,5559.5,5556.0,5556.75
4706,2024-02-19 12:24:00,5556.0,5558.7,5555.55,5555.6
4707,2024-02-19 12:25:00,5555.65,5564.2,5555.65,5564.2
4708,2024-02-19 12:26:00,5563.75,5564.85,5559.0,5559.0
4709,2024-02-19 12:27:00,5561.3,5562.2,5557.8,5560.65
4710,2024-02-19 12:28:00,5562.15,5563.0,5560.0,5561.5
4711,2024-02-19 12:29:00,5561.45,5563.25,5560.15,5563.25
4712,2024-02-19 12:30:00,5563.8,5565.0,5560.15,5564.3
4713,2024-02-19 12:31:00,5560.5,5564.95,5560.3,5561.3
4714,2024-02-19 12:32:00,5564.2,5565.9,5560.95,5562.3
4715,2024-02-19 12:33:00,5563.9,5564.85,5561.05,5564.2
4716,2024-02-19 12:34:00,5561.2,5564.0,5560.2,5561.1
4717,2024-02-19 12:35:00,5563.6,5563.6,5559.0,5559.45
4718,2024-02-19 12:36:00,5558.0,5559.45,5555.05,5557.6
4719,2024-02-19 12:37:00,5556.0,5564.35,5555.05,5563.7
4720,2024-02-19 12:38:00,5561.25,5563.6,5560.05,5563.55
4721,2024-02-19 12:39:00,5561.55,5562.8,5555.05,5555.05
4722,2024-02-19 12:40:00,5556.25,5559.65,5555.0,5558.3
4723,2024-02-19 12:41:00,5555.05,5558.3,5555.0,5558.3
4724,2024-02-19 12:42:00,5556.75,5563.45,5555.45,5559.0
4725,2024-02-19 12:43:00,5560.1,5562.95,5559.0,5559.2
4726,2024-02-19 12:44:00,5561.45,5561.45,5555.1,5559.35
4727,2024-02-19 12:45:00,5556.05,5559.95,5555.0,5555.0
4728,2024-02-19 12:46:00,5556.3,5556.3,5551.05,5553.65
4729,2024-02-19 12:47:00,5551.0,5554.1,5549.15,5553.7
4730,2024-02-19 12:48:00,5549.6,5553.55,5549.0,5549.0
4731,2024-02-19 12:49:00,5548.0,5550.35,5545.0,5549.95
4732,2024-02-19 12:50:00,5549.8,5552.25,5545.9,5549.85
4733,2024-02-19 12:51:00,5548.3,5552.05,5547.5,5551.05
4734,2024-02-19 12:52:00,5547.5,5548.6,5547.0,5548.6
4735,2024-02-19 12:53:00,5547.0,5548.55,5545.5,5547.15
4736,2024-02-19 12:54:00,5547.0,5548.6,5547.0,5547.7
4737,2024-02-19 12:55:00,5547.0,5548.2,5545.7,5546.05
4738,2024-02-19 12:56:00,5548.0,5549.4,5546.0,5549.4
4739,2024-02-19 12:57:00,5548.7,5548.7,5542.6,5544.05
4740,2024-02-19 12:58:00,5542.65,5546.3,5535.9,5536.65
4741,2024-02-19 12:59:00,5535.0,5537.0,5532.7,5532.7
4742,2024-02-19 13:00:00,5531.25,5536.05,5530.0,5534.65
4743,2024-02-19 13:01:00,5534.6,5534.6,5527.2,5528.05
4744,2024-02-19 13:02:00,5527.55,5531.95,5525.2,5531.95
4745,2024-02-19 13:03:00,5530.35,5532.95,5528.35,5528.35
4746,2024-02-19 13:04:00,5528.0,5531.2,5527.2,5528.0
4747,2024-02-19 13:05:00,5528.3,5530.95,5528.0,5528.5
4748,2024-02-19 13:06:00,5528.0,5528.9,5525.0,5525.1
4749,2024-02-19 13:07:00,5525.05,5532.65,5525.05,5530.5
4750,2024-02-19 13:08:00,5528.9,5530.45,5526.0,5528.5
4751,2024-02-19 13:09:00,5529.7,5530.65,5525.6,5530.6
4752,2024-02-19 13:10:00,5529.0,5531.85,5528.0,5531.85
4753,2024-02-19 13:11:00,5529.05,5531.25,5527.0,5531.25
4754,2024-02-19 13:12:00,5530.15,5530.4,5526.05,5527.4
4755,2024-02-19 13:13:00,5526.35,5530.0,5526.3,5530.0
4756,2024-02-19 13:14:00,5530.75,5534.1,5529.45,5534.1
4757,2024-02-19 13:15:00,5535.4,5535.4,5530.15,5535.35
4758,2024-02-19 13:16:00,5532.1,5535.15,5530.0,5531.05
4759,2024-02-19 13:17:00,5531.0,5533.45,5531.0,5531.0
4760,2024-02-19 13:18:00,5530.0,5530.4,5522.7,5525.1
4761,2024-02-19 13:19:00,5523.85,5528.95,5522.75,5523.0
4762,2024-02-19 13:20:00,5524.45,5527.05,5522.55,5523.05
4763,2024-02-19 13:21:00,5523.1,5527.45,5523.0,5527.45
4764,2024-02-19 13:22:00,5525.0,5527.45,5525.0,5525.0
4765,2024-02-19 13:23:00,5525.95,5527.2,5523.25,5524.1
4766,2024-02-19 13:24:00,5523.25,5525.75,5523.2,5525.0
4767,2024-02-19 13:25:00,5523.2,5524.65,5522.2,5523.0
4768,2024-02-19 13:26:00,5522.2,5525.45,5522.0,5524.45
4769,2024-02-19 13:27:00,5523.15,5524.9,5521.6,5521.85
4770,2024-02-19 13:28:00,5521.75,5523.95,5521.05,5521.05
4771,2024-02-19 13:29:00,5523.45,5526.95,5521.05,5526.85
4772,2024-02-19 13:30:00,5526.9,5530.4,5523.8,5529.35
4773,2024-02-19 13:31:00,5526.8,5528.95,5526.15,5526.15
4774,2024-02-19 13:32:00,5525.0,5525.65,5522.1,5525.4
4775,2024-02-19 13:33:00,5525.35,5525.8,5522.0,5525.8
4776,2024-02-19 13:34:00,5524.15,5528.7,5522.7,5522.7
4777,2024-02-19 13:35:00,5524.75,5524.75,5522.0,5522.9
4778,2024-02-19 13:36:00,5521.65,5522.55,5520.0,5520.45
4779,2024-02-19 13:37:00,5520.5,5520.5,5516.15,5518.65
4780,2024-02-19 13:38:00,5517.05,5519.95,5516.6,5517.05
4781,2024-02-19 13:39:00,5517.0,5519.7,5517.0,5519.7
4782,2024-02-19 13:40:00,5519.65,5520.95,5517.1,5520.0
4783,2024-02-19 13:41:00,5520.05,5525.8,5520.0,5524.0
4784,2024-02-19 13:42:00,5524.2,5524.2,5520.8,5521.7
4785,2024-02-19 13:43:00,5520.95,5524.25,5520.4,5520.4
4786,2024-02-19 13:44:00,5520.1,5524.35,5520.1,5524.35
4787,2024-02-19 13:45:00,5520.9,5527.95,5520.9,5525.05
4788,2024-02-19 13:46:00,5526.95,5526.95,5522.0,5522.0
4789,2024-02-19 13:47:00,5523.1,5524.0,5522.0,5524.0
4790,2024-02-19 13:48:00,5522.0,5525.8,5522.0,5525.8
4791,2024-02-19 13:49:00,5525.9,5528.0,5523.0,5528.0
4792,2024-02-19 13:50:00,5529.2,5529.2,5525.0,5527.0
4793,2024-02-19 13:51:00,5528.95,5530.0,5527.0,5530.0
4794,2024-02-19 13:52:00,5529.0,5531.95,5525.0,5525.75
4795,2024-02-19 13:53:00,5525.8,5527.75,5525.75,5525.8
4796,2024-02-19 13:54:00,5525.75,5527.2,5525.2,5525.2
4797,2024-02-19 13:55:00,5526.4,5526.4,5525.0,5525.0
4798,2024-02-19 13:56:00,5524.95,5525.0,5523.0,5523.05
4799,2024-02-19 13:57:00,5523.0,5525.0,5521.0,5524.9
4800,2024-02-19 13:58:00,5524.45,5524.45,5520.2,5523.15
4801,2024-02-19 13:59:00,5521.0,5523.55,5520.1,5520.2
4802,2024-02-19 14:00:00,5522.75,5524.3,5520.1,5524.25
4803,2024-02-19 14:01:00,5521.8,5524.4,5520.55,5523.8
4804,2024-02-19 14:02:00,5522.45,5523.95,5522.45,5522.65
4805,2024-02-19 14:03:00,5523.95,5523.95,5522.65,5523.5
4806,2024-02-19 14:04:00,5523.95,5523.95,5523.0,5523.0
4807,2024-02-19 14:05:00,5522.65,5525.9,5522.2,5524.0
4808,2024-02-19 14:06:00,5522.6,5525.0,5522.2,5522.25
4809,2024-02-19 14:07:00,5523.05,5524.55,5520.05,5524.55
4810,2024-02-19 14:08:00,5524.6,5525.65,5521.05,5524.65
4811,2024-02-19 14:09:00,5524.4,5525.0,5521.7,5521.7
4812,2024-02-19 14:10:00,5523.95,5524.35,5520.25,5522.8
4813,2024-02-19 14:11:00,5521.15,5525.0,5520.25,5523.75
4814,2024-02-19 14:12:00,5521.05,5524.75,5520.75,5524.25
4815,2024-02-19 14:13:00,5523.15,5526.9,5521.0,5524.05
4816,2024-02-19 14:14:00,5524.0,5524.0,5520.2,5520.8
4817,2024-02-19 14:15:00,5521.95,5523.0,5520.25,5520.25
4818,2024-02-19 14:16:00,5523.0,5523.0,5520.0,5520.05
4819,2024-02-19 14:17:00,5520.0,5522.15,5517.1,5519.95
4820,2024-02-19 14:18:00,5517.1,5523.25,5517.1,5519.3
4821,2024-02-19 14:19:00,5519.0,5522.8,5518.5,5522.5
4822,2024-02-19 14:20:00,5519.05,5527.25,5519.05,5525.9
4823,2024-02-19 14:21:00,5524.0,5526.0,5521.0,5521.0
4824,2024-02-19 14:22:00,5522.0,5524.55,5521.0,5523.9
4825,2024-02-19 14:23:00,5526.7,5526.95,5523.35,5525.0
4826,2024-02-19 14:24:00,5523.8,5526.0,5523.3,5523.9
4827,2024-02-19 14:25:00,5525.0,5531.55,5523.6,5531.55
4828,2024-02-19 14:26:00,5531.95,5531.95,5525.55,5526.8
4829,2024-02-19 14:27:00,5530.0,5530.0,5525.9,5529.2
4830,2024-02-19 14:28:00,5526.1,5528.45,5525.0,5525.0
4831,2024-02-19 14:29:00,5526.9,5526.9,5525.0,5526.1
4832,2024-02-19 14:30:00,5527.05,5527.8,5525.9,5525.9
4833,2024-02-19 14:31:00,5525.95,5526.0,5523.0,5523.0
4834,2024-02-19 14:32:00,5522.9,5525.0,5522.0,5525.0
4835,2024-02-19 14:33:00,5524.95,5524.95,5521.6,5522.65
4836,2024-02-19 14:34:00,5522.55,5525.0,5522.0,5525.0
4837,2024-02-19 14:35:00,5522.05,5523.25,5522.0,5523.25
4838,2024-02-19 14:36:00,5522.7,5524.9,5519.15,5520.1
4839,2024-02-19 14:37:00,5520.25,5520.25,5516.0,5516.0
4840,2024-02-19 14:38:00,5515.95,5518.25,5509.9,5513.9
4841,2024-02-19 14:39:00,5512.1,5518.4,5512.0,5516.35
4842,2024-02-19 14:40:00,5514.05,5516.0,5511.15,5515.5
4843,2024-02-19 14:41:00,5512.35,5516.25,5512.05,5513.5
4844,2024-02-19 14:42:00,5513.8,5520.35,5513.4,5520.1
4845,2024-02-19 14:43:00,5518.3,5521.85,5515.05,5517.4
4846,2024-02-19 14:44:00,5515.1,5517.4,5515.0,5515.05
4847,2024-02-19 14:45:00,5517.1,5519.6,5515.05,5517.1
4848,2024-02-19 14:46:00,5516.7,5520.35,5516.4,5517.0
4849,2024-02-19 14:47:00,5519.25,5520.4,5516.9,5520.1
4850,2024-02-19 14:48:00,5518.05,5521.2,5517.0,5519.75
4851,2024-02-19 14:49:00,5518.0,5520.85,5517.0,5519.75
4852,2024-02-19 14:50:00,5517.15,5520.45,5516.0,5518.8
4853,2024-02-19 14:51:00,5517.3,5520.5,5515.05,5520.45
4854,2024-02-19 14:52:00,5516.75,5520.5,5516.75,5520.5
4855,2024-02-19 14:53:00,5520.0,5520.45,5516.8,5520.45
4856,2024-02-19 14:54:00,5517.25,5520.0,5516.75,5519.9
4857,2024-02-19 14:55:00,5519.85,5520.0,5516.8,5519.2
4858,2024-02-19 14:56:00,5516.3,5516.95,5513.35,5513.8
4859,2024-02-19 14:57:00,5513.1,5515.45,5513.1,5513.9
4860,2024-02-19 14:58:00,5513.1,5515.0,5513.1,5515.0
4861,2024-02-19 14:59:00,5513.1,5514.7,5513.1,5514.7
4862,2024-02-19 15:00:00,5514.75,5515.05,5512.0,5512.65
4863,2024-02-19 15:01:00,5511.65,5516.95,5511.65,5515.9
4864,2024-02-19 15:02:00,5516.9,5516.9,5514.2,5515.25
4865,2024-02-19 15:03:00,5515.0,5516.1,5514.15,5515.7
4866,2024-02-19 15:04:00,5515.0,5516.4,5514.0,5516.4
4867,2024-02-19 15:05:00,5514.15,5517.0,5514.1,5515.95
4868,2024-02-19 15:06:00,5515.5,5517.0,5511.0,5513.05
4869,2024-02-19 15:07:00,5513.15,5515.05,5511.0,5515.05
4870,2024-02-19 15:08:00,5514.05,5515.0,5513.9,5514.5
4871,2024-02-19 15:09:00,5514.6,5514.95,5510.0,5510.05
4872,2024-02-19 15:10:00,5514.0,5515.0,5511.0,5514.95
4873,2024-02-19 15:11:00,5513.7,5515.0,5512.85,5514.6
4874,2024-02-19 15:12:00,5514.55,5515.0,5513.3,5514.45
4875,2024-02-19 15:13:00,5514.3,5514.85,5514.0,5514.45
4876,2024-02-19 15:14:00,5513.85,5515.9,5512.6,5515.0
4877,2024-02-19 15:15:00,5515.85,5515.9,5514.25,5515.6
4878,2024-02-19 15:16:00,5515.7,5515.9,5515.0,5515.05
4879,2024-02-19 15:17:00,5515.25,5515.9,5515.0,5515.6
4880,2024-02-19 15:18:00,5515.7,5515.7,5511.0,5511.2
4881,2024-02-19 15:19:00,5512.0,5512.5,5510.15,5511.25
4882,2024-02-19 15:20:00,5511.0,5515.7,5510.0,5512.1
4883,2024-02-19 15:21:00,5513.45,5515.0,5512.2,5514.95
4884,2024-02-19 15:22:00,5513.2,5515.9,5513.05,5513.05
4885,2024-02-19 15:23:00,5513.8,5514.3,5513.05,5513.35
4886,2024-02-19 15:24:00,5513.3,5515.9,5513.25,5513.75
4887,2024-02-19 15:25:00,5514.85,5515.9,5513.0,5514.4
4888,2024-02-19 15:26:00,5514.15,5515.0,5513.85,5515.0
4889,2024-02-19 15:27:00,5515.85,5515.85,5515.0,5515.1
4890,2024-02-19 15:28:00,5515.15,5515.5,5513.85,5515.5
4891,2024-02-19 15:29:00,5515.0,5518.0,5515.0,5518.0
4892,2024-02-20 09:14:00,5528.9,5528.9,5528.9,5528.9
4893,2024-02-20 09:15:00,5527.6,5539.35,5516.1,5532.85
4894,2024-02-20 09:16:00,5526.85,5532.1,5520.0,5531.65
4895,2024-02-20 09:17:00,5528.05,5534.95,5526.0,5530.15
4896,2024-02-20 09:18:00,5526.25,5535.0,5526.15,5532.0
4897,2024-02-20 09:19:00,5534.0,5540.3,5530.8,5536.85
4898,2024-02-20 09:20:00,5539.0,5539.0,5530.0,5530.7
4899,2024-02-20 09:21:00,5530.85,5533.9,5520.5,5533.9
4900,2024-02-20 09:22:00,5538.95,5546.95,5538.95,5546.95
4901,2024-02-20 09:23:00,5547.2,5551.95,5544.95,5550.05
4902,2024-02-20 09:24:00,5550.0,5553.85,5545.2,5552.0
4903,2024-02-20 09:25:00,5551.2,5556.0,5547.5,5550.0
4904,2024-02-20 09:26:00,5551.2,5563.35,5551.2,5559.9
4905,2024-02-20 09:27:00,5555.5,5560.0,5553.8,5555.25
4906,2024-02-20 09:28:00,5555.5,5561.0,5555.5,5561.0
4907,2024-02-20 09:29:00,5562.0,5565.65,5560.0,5564.0
4908,2024-02-20 09:30:00,5562.0,5563.9,5560.1,5561.95
4909,2024-02-20 09:31:00,5563.0,5566.75,5560.0,5565.95
4910,2024-02-20 09:32:00,5565.0,5584.45,5564.15,5581.3
4911,2024-02-20 09:33:00,5581.4,5589.95,5581.4,5589.0
4912,2024-02-20 09:34:00,5589.5,5590.0,5575.25,5576.05
4913,2024-02-20 09:35:00,5576.15,5580.7,5575.25,5580.2
4914,2024-02-20 09:36:00,5580.95,5582.0,5576.05,5579.75
4915,2024-02-20 09:37:00,5579.9,5581.95,5579.0,5580.6
4916,2024-02-20 09:38:00,5575.3,5580.5,5575.05,5578.9
4917,2024-02-20 09:39:00,5580.6,5583.9,5578.45,5580.0
4918,2024-02-20 09:40:00,5578.3,5587.95,5578.3,5587.0
4919,2024-02-20 09:41:00,5584.2,5589.7,5584.2,5586.0
4920,2024-02-20 09:42:00,5585.0,5589.65,5579.95,5579.95
4921,2024-02-20 09:43:00,5581.05,5583.0,5575.95,5580.7
4922,2024-02-20 09:44:00,5581.0,5581.0,5575.05,5575.15
4923,2024-02-20 09:45:00,5577.25,5577.25,5565.05,5570.0
4924,2024-02-20 09:46:00,5571.65,5573.95,5570.0,5571.35
4925,2024-02-20 09:47:00,5572.5,5573.6,5562.15,5564.9
4926,2024-02-20 09:48:00,5562.15,5564.9,5556.85,5558.0
4927,2024-02-20 09:49:00,5556.65,5557.95,5542.5,5545.0
4928,2024-02-20 09:50:00,5542.7,5544.55,5535.0,5536.95
4929,2024-02-20 09:51:00,5539.4,5543.65,5536.95,5543.55
4930,2024-02-20 09:52:00,5543.05,5544.0,5538.05,5540.05
4931,2024-02-20 09:53:00,5541.8,5546.6,5540.0,5540.9
4932,2024-02-20 09:54:00,5543.9,5549.9,5540.0,5543.1
4933,2024-02-20 09:55:00,5543.05,5544.3,5540.4,5541.85
4934,2024-02-20 09:56:00,5541.1,5549.9,5541.0,5549.6
4935,2024-02-20 09:57:00,5545.65,5549.6,5545.5,5548.0
4936,2024-02-20 09:58:00,5547.0,5549.0,5547.0,5548.65
4937,2024-02-20 09:59:00,5549.0,5551.0,5543.0,5546.15
4938,2024-02-20 10:00:00,5544.0,5544.0,5541.1,5543.5
4939,2024-02-20 10:01:00,5542.5,5544.0,5540.65,5541.85
4940,2024-02-20 10:02:00,5543.8,5549.0,5543.8,5548.35
4941,2024-02-20 10:03:00,5544.75,5546.1,5540.4,5544.05
4942,2024-02-20 10:04:00,5544.0,5552.65,5543.65,5546.75
4943,2024-02-20 10:05:00,5546.35,5546.35,5540.45,5544.15
4944,2024-02-20 10:06:00,5546.1,5548.5,5543.45,5544.2
4945,2024-02-20 10:07:00,5543.5,5545.0,5543.25,5543.55
4946,2024-02-20 10:08:00,5543.1,5545.8,5543.1,5545.1
4947,2024-02-20 10:09:00,5543.3,5548.5,5540.0,5540.05
4948,2024-02-20 10:10:00,5542.0,5542.4,5533.0,5533.0
4949,2024-02-20 10:11:00,5530.3,5534.05,5525.6,5533.0
4950,2024-02-20 10:12:00,5530.0,5534.95,5526.45,5530.7
4951,2024-02-20 10:13:00,5530.55,5533.5,5530.0,5533.5
4952,2024-02-20 10:14:00,5533.3,5537.8,5530.5,5537.0
4953,2024-02-20 10:15:00,5540.15,5547.0,5537.8,5545.2
4954,2024-02-20 10:16:00,5545.75,5545.75,5530.0,5530.0
4955,2024-02-20 10:17:00,5528.5,5531.75,5523.05,5526.95
4956,2024-02-20 10:18:00,5527.25,5528.05,5522.15,5523.3
4957,2024-02-20 10:19:00,5525.3,5528.0,5523.85,5525.6
4958,2024-02-20 10:20:00,5526.2,5529.65,5521.4,5524.45
4959,2024-02-20 10:21:00,5523.25,5528.2,5522.0,5526.95
4960,2024-02-20 10:22:00,5526.05,5526.95,5520.05,5520.2
4961,2024-02-20 10:23:00,5522.0,5526.45,5521.4,5521.4
4962,2024-02-20 10:24:00,5522.3,5525.1,5522.3,5523.0
4963,2024-02-20 10:25:00,5524.8,5527.35,5524.8,5527.35
4964,2024-02-20 10:26:00,5527.2,5528.45,5524.0,5524.05
4965,2024-02-20 10:27:00,5524.1,5524.1,5521.4,5521.4
4966,2024-02-20 10:28:00,5521.9,5526.65,5521.0,5522.2
4967,2024-02-20 10:29:00,5521.4,5523.2,5517.05,5522.05
4968,2024-02-20 10:30:00,5522.0,5522.0,5518.55,5521.5
4969,2024-02-20 10:31:00,5520.25,5525.6,5520.25,5525.6
4970,2024-02-20 10:32:00,5523.15,5528.85,5523.0,5528.85
4971,2024-02-20 10:33:00,5527.5,5527.55,5524.85,5525.1
4972,2024-02-20 10:34:00,5525.3,5528.0,5522.35,5522.35
4973,2024-02-20 10:35:00,5522.1,5524.35,5521.05,5521.05
4974,2024-02-20 10:36:00,5521.0,5523.9,5516.8,5517.8
4975,2024-02-20 10:37:00,5518.35,5520.4,5516.55,5516.55
4976,2024-02-20 10:38:00,5517.5,5523.3,5516.1,5520.6
4977,2024-02-20 10:39:00,5520.0,5527.4,5520.0,5521.95
4978,2024-02-20 10:40:00,5523.2,5526.9,5522.0,5526.85
4979,2024-02-20 10:41:00,5523.9,5526.1,5520.0,5521.25
4980,2024-02-20 10:42:00,5522.4,5522.4,5517.45,5518.45
4981,2024-02-20 10:43:00,5518.0,5519.1,5518.0,5519.1
4982,2024-02-20 10:44:00,5517.0,5518.9,5516.1,5516.1
4983,2024-02-20 10:45:00,5516.0,5517.0,5513.0,5515.0
4984,2024-02-20 10:46:00,5515.7,5518.35,5514.45,5516.8
4985,2024-02-20 10:47:00,5517.55,5520.0,5514.9,5515.0
4986,2024-02-20 10:48:00,5515.7,5518.05,5514.45,5515.0
4987,2024-02-20 10:49:00,5518.15,5518.15,5515.75,5516.45
4988,2024-02-20 10:50:00,5516.5,5519.4,5516.5,5517.8
4989,2024-02-20 10:51:00,5517.7,5520.3,5511.3,5512.05
4990,2024-02-20 10:52:00,5513.1,5513.1,5509.0,5512.0
4991,2024-02-20 10:53:00,5510.0,5510.0,5507.5,5509.0
4992,2024-02-20 10:54:00,5508.0,5510.65,5507.45,5508.85
4993,2024-02-20 10:55:00,5510.95,5511.95,5506.05,5507.5
4994,2024-02-20 10:56:00,5508.0,5514.8,5507.5,5514.8
4995,2024-02-20 10:57:00,5515.0,5518.95,5513.0,5515.0
4996,2024-02-20 10:58:00,5516.05,5518.85,5513.0,5517.95
4997,2024-02-20 10:59:00,5516.0,5516.25,5513.0,5515.0
4998,2024-02-20 11:00:00,5515.2,5517.5,5513.0,5515.35
4999,2024-02-20 11:01:00,5517.7,5517.7,5513.0,5513.0
5000,2024-02-20 11:02:00,5513.3,5513.8,5513.0,5513.8
5001,2024-02-20 11:03:00,5513.5,5515.4,5512.05,5513.1
5002,2024-02-20 11:04:00,5513.25,5515.0,5513.0,5513.45
5003,2024-02-20 11:05:00,5513.0,5514.1,5512.1,5514.1
5004,2024-02-20 11:06:00,5513.25,5515.0,5513.0,5513.0
5005,2024-02-20 11:07:00,5513.1,5513.1,5513.0,5513.0
5006,2024-02-20 11:08:00,5514.55,5514.55,5513.0,5513.05
5007,2024-02-20 11:09:00,5513.25,5514.6,5513.0,5513.7
5008,2024-02-20 11:10:00,5513.55,5514.8,5512.0,5512.0
5009,2024-02-20 11:11:00,5512.55,5513.3,5512.0,5513.0
5010,2024-02-20 11:12:00,5513.25,5513.25,5513.0,5513.0
5011,2024-02-20 11:13:00,5514.0,5514.0,5513.0,5513.0
5012,2024-02-20 11:14:00,5513.25,5513.25,5513.0,5513.0
5013,2024-02-20 11:15:00,5513.1,5513.1,5513.0,5513.0
5014,2024-02-20 11:16:00,5513.05,5513.5,5513.0,5513.05
5015,2024-02-20 11:17:00,5513.25,5517.45,5513.0,5513.0
5016,2024-02-20 11:18:00,5513.55,5516.75,5513.05,5516.75
5017,2024-02-20 11:19:00,5515.2,5521.2,5514.65,5521.2
5018,2024-02-20 11:20:00,5521.0,5525.0,5520.15,5522.15
5019,2024-02-20 11:21:00,5522.0,5522.95,5517.25,5519.05
5020,2024-02-20 11:22:00,5520.0,5521.2,5518.25,5519.9
5021,2024-02-20 11:23:00,5519.95,5519.95,5517.8,5518.0
5022,2024-02-20 11:24:00,5517.0,5519.25,5514.65,5516.25
5023,2024-02-20 11:25:00,5516.5,5519.0,5514.1,5518.05
5024,2024-02-20 11:26:00,5518.0,5520.15,5518.0,5518.0
5025,2024-02-20 11:27:00,5517.85,5520.9,5512.2,5512.2
5026,2024-02-20 11:28:00,5511.0,5511.15,5506.05,5506.05
5027,2024-02-20 11:29:00,5506.0,5508.0,5505.0,5505.0
5028,2024-02-20 11:30:00,5504.6,5506.1,5502.15,5506.1
5029,2024-02-20 11:31:00,5502.85,5512.9,5502.85,5512.9
5030,2024-02-20 11:32:00,5511.0,5517.0,5510.0,5511.0
5031,2024-02-20 11:33:00,5513.2,5513.2,5511.0,5511.6
5032,2024-02-20 11:34:00,5511.5,5517.0,5511.35,5514.3
5033,2024-02-20 11:35:00,5515.55,5516.85,5514.3,5516.55
5034,2024-02-20 11:36:00,5516.3,5517.9,5515.0,5515.0
5035,2024-02-20 11:37:00,5515.6,5517.0,5515.0,5517.0
5036,2024-02-20 11:38:00,5515.05,5516.05,5514.95,5515.0
5037,2024-02-20 11:39:00,5514.95,5515.0,5514.0,5514.0
5038,2024-02-20 11:40:00,5513.4,5513.4,5512.3,5512.5
5039,2024-02-20 11:41:00,5513.25,5514.0,5512.5,5513.1
5040,2024-02-20 11:42:00,5512.9,5515.75,5512.0,5515.75
5041,2024-02-20 11:43:00,5512.9,5517.0,5512.0,5517.0
5042,2024-02-20 11:44:00,5516.05,5521.6,5515.2,5516.1
5043,2024-02-20 11:45:00,5515.7,5517.3,5512.55,5517.3
5044,2024-02-20 11:46:00,5515.7,5517.6,5514.9,5517.6
5045,2024-02-20 11:47:00,5515.6,5518.0,5515.6,5516.0
5046,2024-02-20 11:48:00,5518.0,5518.0,5516.0,5516.0
5047,2024-02-20 11:49:00,5516.05,5516.25,5516.0,5516.0
5048,2024-02-20 11:50:00,5515.0,5515.25,5514.0,5514.0
5049,2024-02-20 11:51:00,5514.1,5515.2,5514.0,5514.0
5050,2024-02-20 11:52:00,5514.15,5515.65,5514.05,5514.1
5051,2024-02-20 11:53:00,5514.3,5515.0,5514.0,5514.05
5052,2024-02-20 11:54:00,5514.5,5516.0,5514.05,5514.05
5053,2024-02-20 11:55:00,5514.5,5516.0,5514.05,5514.05
5054,2024-02-20 11:56:00,5514.15,5516.0,5514.05,5514.5
5055,2024-02-20 11:57:00,5514.65,5521.45,5514.5,5519.15
5056,2024-02-20 11:58:00,5519.1,5523.8,5519.1,5523.8
5057,2024-02-20 11:59:00,5524.2,5524.95,5519.1,5520.1
5058,2024-02-20 12:00:00,5521.7,5523.0,5518.3,5519.75
5059,2024-02-20 12:01:00,5521.8,5525.0,5520.1,5523.9
5060,2024-02-20 12:02:00,5525.0,5533.0,5523.95,5527.9
5061,2024-02-20 12:03:00,5528.7,5530.5,5527.0,5527.5
5062,2024-02-20 12:04:00,5530.25,5531.7,5527.0,5527.45
5063,2024-02-20 12:05:00,5527.25,5529.55,5524.0,5524.0
5064,2024-02-20 12:06:00,5524.6,5525.1,5520.0,5521.75
5065,2024-02-20 12:07:00,5521.4,5523.75,5517.7,5520.3
5066,2024-02-20 12:08:00,5521.3,5522.15,5517.0,5517.7
5067,2024-02-20 12:09:00,5518.85,5521.45,5517.0,5517.1
5068,2024-02-20 12:10:00,5519.9,5520.45,5517.0,5518.4
5069,2024-02-20 12:11:00,5517.0,5517.95,5515.0,5516.05
5070,2024-02-20 12:12:00,5516.3,5516.3,5514.0,5515.45
5071,2024-02-20 12:13:00,5515.9,5517.35,5514.0,5517.35
5072,2024-02-20 12:14:00,5515.8,5517.35,5514.1,5514.5
5073,2024-02-20 12:15:00,5514.0,5514.5,5514.0,5514.15
5074,2024-02-20 12:16:00,5514.05,5514.5,5514.0,5514.0
5075,2024-02-20 12:17:00,5514.15,5515.25,5513.0,5513.0
5076,2024-02-20 12:18:00,5517.0,5517.0,5512.0,5512.9
5077,2024-02-20 12:19:00,5513.0,5518.4,5512.9,5515.0
5078,2024-02-20 12:20:00,5515.2,5520.95,5515.2,5519.45
5079,2024-02-20 12:21:00,5520.2,5524.45,5519.45,5522.3
5080,2024-02-20 12:22:00,5522.1,5527.2,5522.05,5523.0
5081,2024-02-20 12:23:00,5522.1,5526.0,5522.1,5524.05
5082,2024-02-20 12:24:00,5524.0,5525.95,5524.0,5524.55
5083,2024-02-20 12:25:00,5524.45,5524.5,5524.0,5524.0
5084,2024-02-20 12:26:00,5523.9,5524.45,5523.0,5523.55
5085,2024-02-20 12:27:00,5524.45,5524.45,5521.0,5521.0
5086,2024-02-20 12:28:00,5521.45,5521.45,5517.0,5519.8
5087,2024-02-20 12:29:00,5518.65,5524.7,5517.65,5519.15
5088,2024-02-20 12:30:00,5517.15,5526.0,5517.05,5522.95
5089,2024-02-20 12:31:00,5528.2,5528.2,5521.0,5521.15
5090,2024-02-20 12:32:00,5521.0,5522.25,5518.7,5519.6
5091,2024-02-20 12:33:00,5518.65,5523.3,5518.65,5521.2
5092,2024-02-20 12:34:00,5520.6,5523.0,5518.15,5518.65
5093,2024-02-20 12:35:00,5519.4,5519.4,5517.0,5517.0
5094,2024-02-20 12:36:00,5519.0,5520.85,5517.2,5518.05
5095,2024-02-20 12:37:00,5518.0,5518.05,5515.0,5515.0
5096,2024-02-20 12:38:00,5515.5,5515.5,5513.0,5513.0
5097,2024-02-20 12:39:00,5513.05,5518.4,5513.0,5518.4
5098,2024-02-20 12:40:00,5517.3,5519.95,5517.0,5519.95
5099,2024-02-20 12:41:00,5522.5,5522.5,5517.0,5519.0
5100,2024-02-20 12:42:00,5519.1,5520.3,5519.0,5519.0
5101,2024-02-20 12:43:00,5519.1,5521.45,5519.0,5519.95
5102,2024-02-20 12:44:00,5519.0,5524.0,5519.0,5522.5
5103,2024-02-20 12:45:00,5524.0,5525.45,5522.5,5522.5
5104,2024-02-20 12:46:00,5522.95,5522.95,5519.0,5519.2
5105,2024-02-20 12:47:00,5519.0,5523.15,5519.0,5519.55
5106,2024-02-20 12:48:00,5520.25,5522.45,5519.6,5520.05
5107,2024-02-20 12:49:00,5520.6,5523.9,5513.5,5513.5
5108,2024-02-20 12:50:00,5512.45,5514.6,5511.0,5511.05
5109,2024-02-20 12:51:00,5511.0,5511.4,5504.0,5504.9
5110,2024-02-20 12:52:00,5503.05,5506.55,5502.05,5502.1
5111,2024-02-20 12:53:00,5502.75,5503.5,5501.15,5501.15
5112,2024-02-20 12:54:00,5501.65,5505.9,5500.25,5502.6
5113,2024-02-20 12:55:00,5501.2,5513.95,5501.2,5513.95
5114,2024-02-20 12:56:00,5511.5,5515.0,5510.05,5513.95
5115,2024-02-20 12:57:00,5514.45,5514.45,5509.5,5511.25
5116,2024-02-20 12:58:00,5510.75,5513.75,5508.9,5511.0
5117,2024-02-20 12:59:00,5507.0,5510.45,5507.0,5510.0
5118,2024-02-20 13:00:00,5510.2,5510.95,5510.0,5510.0
5119,2024-02-20 13:01:00,5510.05,5514.15,5510.0,5512.15
5120,2024-02-20 13:02:00,5514.05,5514.95,5512.0,5514.05
5121,2024-02-20 13:03:00,5514.0,5514.45,5512.0,5514.0
5122,2024-02-20 13:04:00,5514.05,5514.95,5508.85,5512.0
5123,2024-02-20 13:05:00,5512.35,5512.35,5510.0,5510.1
5124,2024-02-20 13:06:00,5511.75,5518.0,5511.75,5516.5
5125,2024-02-20 13:07:00,5515.8,5516.45,5515.05,5516.0
5126,2024-02-20 13:08:00,5516.1,5516.25,5516.0,5516.1
5127,2024-02-20 13:09:00,5516.0,5516.95,5515.9,5516.0
5128,2024-02-20 13:10:00,5516.05,5517.95,5516.0,5516.0
5129,2024-02-20 13:11:00,5516.1,5516.95,5515.95,5515.95
5130,2024-02-20 13:12:00,5516.0,5518.85,5516.0,5516.0
5131,2024-02-20 13:13:00,5516.15,5519.7,5516.0,5516.5
5132,2024-02-20 13:14:00,5516.4,5516.4,5512.05,5515.0
5133,2024-02-20 13:15:00,5516.95,5516.95,5511.7,5516.0
5134,2024-02-20 13:16:00,5516.05,5516.45,5516.0,5516.05
5135,2024-02-20 13:17:00,5516.25,5516.45,5516.0,5516.0
5136,2024-02-20 13:18:00,5516.05,5516.45,5516.0,5516.0
5137,2024-02-20 13:19:00,5516.45,5517.75,5514.55,5516.05
5138,2024-02-20 13:20:00,5518.8,5518.95,5516.0,5517.2
5139,2024-02-20 13:21:00,5517.1,5517.2,5516.0,5516.0
5140,2024-02-20 13:22:00,5517.15,5523.0,5516.0,5520.0
5141,2024-02-20 13:23:00,5519.6,5521.2,5517.8,5519.0
5142,2024-02-20 13:24:00,5518.6,5521.65,5517.9,5519.9
5143,2024-02-20 13:25:00,5518.3,5520.95,5518.25,5519.5
5144,2024-02-20 13:26:00,5519.55,5521.0,5517.7,5518.3
5145,2024-02-20 13:27:00,5517.55,5520.95,5517.45,5517.95
5146,2024-02-20 13:28:00,5517.7,5524.0,5517.7,5521.0
5147,2024-02-20 13:29:00,5520.35,5520.6,5517.0,5517.0
5148,2024-02-20 13:30:00,5517.75,5519.8,5516.0,5516.0
5149,2024-02-20 13:31:00,5516.35,5520.0,5516.0,5518.25
5150,2024-02-20 13:32:00,5517.15,5520.45,5516.0,5517.6
5151,2024-02-20 13:33:00,5517.55,5518.95,5516.0,5516.05
5152,2024-02-20 13:34:00,5516.75,5520.1,5516.0,5516.75
5153,2024-02-20 13:35:00,5517.6,5519.4,5516.0,5516.0
5154,2024-02-20 13:36:00,5516.5,5520.0,5516.0,5516.6
5155,2024-02-20 13:37:00,5518.25,5519.05,5516.0,5516.5
5156,2024-02-20 13:38:00,5519.45,5519.45,5514.6,5515.1
5157,2024-02-20 13:39:00,5514.7,5516.2,5512.85,5514.65
5158,2024-02-20 13:40:00,5514.8,5515.0,5512.65,5514.65
5159,2024-02-20 13:41:00,5514.6,5518.2,5514.15,5514.7
5160,2024-02-20 13:42:00,5514.65,5518.55,5514.6,5514.8
5161,2024-02-20 13:43:00,5514.75,5517.85,5514.75,5516.0
5162,2024-02-20 13:44:00,5518.9,5518.9,5516.0,5516.05
5163,2024-02-20 13:45:00,5517.5,5517.8,5516.0,5516.0
5164,2024-02-20 13:46:00,5516.4,5517.6,5515.95,5516.0
5165,2024-02-20 13:47:00,5517.1,5520.0,5516.0,5516.95
5166,2024-02-20 13:48:00,5517.7,5519.65,5516.0,5516.3
5167,2024-02-20 13:49:00,5516.0,5517.55,5516.0,5516.0
5168,2024-02-20 13:50:00,5515.9,5520.0,5515.9,5516.0
5169,2024-02-20 13:51:00,5516.4,5518.85,5516.0,5517.45
5170,2024-02-20 13:52:00,5516.05,5518.2,5516.0,5516.0
5171,2024-02-20 13:53:00,5516.6,5518.95,5515.9,5516.0
5172,2024-02-20 13:54:00,5516.15,5517.8,5516.0,5516.0
5173,2024-02-20 13:55:00,5516.15,5518.0,5516.0,5516.0
5174,2024-02-20 13:56:00,5518.35,5518.35,5516.0,5516.1
5175,2024-02-20 13:57:00,5516.05,5518.0,5516.0,5516.1
5176,2024-02-20 13:58:00,5516.05,5518.7,5516.0,5517.25
5177,2024-02-20 13:59:00,5519.0,5519.0,5516.0,5516.0
5178,2024-02-20 14:00:00,5516.25,5516.45,5515.0,5516.0
5179,2024-02-20 14:01:00,5515.7,5516.0,5485.0,5485.0
5180,2024-02-20 14:02:00,5485.95,5486.9,5481.45,5483.0
5181,2024-02-20 14:03:00,5484.0,5487.2,5482.3,5485.55
5182,2024-02-20 14:04:00,5488.0,5495.3,5487.1,5495.0
5183,2024-02-20 14:05:00,5495.35,5498.0,5495.0,5495.0
5184,2024-02-20 14:06:00,5495.05,5497.95,5490.0,5497.95
5185,2024-02-20 14:07:00,5498.0,5500.0,5495.0,5496.0
5186,2024-02-20 14:08:00,5499.7,5500.6,5494.65,5497.7
5187,2024-02-20 14:09:00,5496.0,5500.0,5495.05,5497.65
5188,2024-02-20 14:10:00,5497.25,5499.95,5495.0,5497.9
5189,2024-02-20 14:11:00,5497.15,5498.0,5495.0,5495.0
5190,2024-02-20 14:12:00,5495.1,5495.1,5486.2,5487.05
5191,2024-02-20 14:13:00,5488.7,5488.7,5484.5,5485.55
5192,2024-02-20 14:14:00,5484.3,5501.95,5483.1,5500.0
5193,2024-02-20 14:15:00,5500.45,5500.45,5500.0,5500.0
5194,2024-02-20 14:16:00,5500.5,5500.5,5494.0,5496.3
5195,2024-02-20 14:17:00,5494.35,5494.95,5491.05,5492.15
5196,2024-02-20 14:18:00,5500.0,5506.45,5498.25,5506.45
5197,2024-02-20 14:19:00,5500.6,5502.35,5498.25,5502.35
5198,2024-02-20 14:20:00,5499.35,5502.85,5497.6,5499.1
5199,2024-02-20 14:21:00,5499.6,5501.45,5497.6,5498.0
5200,2024-02-20 14:22:00,5500.25,5501.9,5497.6,5498.85
5201,2024-02-20 14:23:00,5499.55,5501.9,5498.8,5499.7
5202,2024-02-20 14:24:00,5501.55,5503.65,5498.45,5501.45
5203,2024-02-20 14:25:00,5501.55,5503.0,5498.0,5501.15
5204,2024-02-20 14:26:00,5500.0,5502.0,5498.0,5499.0
5205,2024-02-20 14:27:00,5500.2,5504.95,5499.6,5502.3
5206,2024-02-20 14:28:00,5502.2,5507.0,5501.05,5505.0
5207,2024-02-20 14:29:00,5505.8,5505.8,5502.35,5502.5
5208,2024-02-20 14:30:00,5502.55,5504.45,5502.45,5503.0
5209,2024-02-20 14:31:00,5503.35,5507.75,5502.45,5507.75
5210,2024-02-20 14:32:00,5505.65,5508.7,5505.0,5505.4
5211,2024-02-20 14:33:00,5505.1,5508.9,5505.1,5505.7
5212,2024-02-20 14:34:00,5507.3,5509.95,5505.3,5507.15
5213,2024-02-20 14:35:00,5508.5,5508.5,5506.0,5506.0
5214,2024-02-20 14:36:00,5507.15,5508.55,5506.0,5507.75
5215,2024-02-20 14:37:00,5507.8,5508.9,5507.75,5508.3
5216,2024-02-20 14:38:00,5507.75,5509.0,5507.65,5508.0
5217,2024-02-20 14:39:00,5507.95,5507.95,5507.6,5507.75
5218,2024-02-20 14:40:00,5507.85,5510.0,5505.1,5505.1
5219,2024-02-20 14:41:00,5506.8,5510.0,5506.8,5509.0
5220,2024-02-20 14:42:00,5509.2,5510.0,5509.0,5509.0
5221,2024-02-20 14:43:00,5509.05,5510.95,5509.0,5509.0
5222,2024-02-20 14:44:00,5509.9,5511.85,5509.8,5511.0
5223,2024-02-20 14:45:00,5510.0,5510.25,5509.0,5509.0
5224,2024-02-20 14:46:00,5509.5,5509.5,5509.0,5509.0
5225,2024-02-20 14:47:00,5509.2,5513.7,5509.0,5511.0
5226,2024-02-20 14:48:00,5511.35,5512.5,5509.05,5510.0
5227,2024-02-20 14:49:00,5510.05,5511.0,5506.6,5506.6
5228,2024-02-20 14:50:00,5512.0,5512.0,5498.2,5500.65
5229,2024-02-20 14:51:00,5502.1,5502.1,5498.0,5498.0
5230,2024-02-20 14:52:00,5498.55,5503.0,5497.8,5500.0
5231,2024-02-20 14:53:00,5501.1,5507.55,5500.0,5504.6
5232,2024-02-20 14:54:00,5504.2,5508.0,5504.0,5507.0
5233,2024-02-20 14:55:00,5507.5,5508.45,5506.0,5507.0
5234,2024-02-20 14:56:00,5507.5,5507.5,5502.0,5502.0
5235,2024-02-20 14:57:00,5503.75,5505.05,5497.25,5498.85
5236,2024-02-20 14:58:00,5498.65,5502.9,5497.0,5497.0
5237,2024-02-20 14:59:00,5498.55,5499.1,5497.0,5497.0
5238,2024-02-20 15:00:00,5497.5,5512.25,5497.45,5508.3
5239,2024-02-20 15:01:00,5505.95,5505.95,5496.0,5497.25
5240,2024-02-20 15:02:00,5496.35,5497.25,5490.0,5490.0
5241,2024-02-20 15:03:00,5491.0,5492.75,5486.15,5487.4
5242,2024-02-20 15:04:00,5486.05,5489.9,5485.15,5489.05
5243,2024-02-20 15:05:00,5490.85,5495.05,5490.85,5495.0
5244,2024-02-20 15:06:00,5495.05,5495.9,5494.9,5495.0
5245,2024-02-20 15:07:00,5495.25,5499.9,5494.9,5497.0
5246,2024-02-20 15:08:00,5496.95,5499.0,5492.0,5495.0
5247,2024-02-20 15:09:00,5496.0,5502.5,5495.0,5499.55
5248,2024-02-20 15:10:00,5499.05,5501.25,5497.8,5500.0
5249,2024-02-20 15:11:00,5500.15,5501.0,5499.05,5499.1
5250,2024-02-20 15:12:00,5499.45,5500.6,5498.1,5500.3
5251,2024-02-20 15:13:00,5500.2,5500.2,5499.15,5499.5
5252,2024-02-20 15:14:00,5499.3,5501.0,5499.0,5499.0
5253,2024-02-20 15:15:00,5499.05,5499.05,5496.1,5497.1
5254,2024-02-20 15:16:00,5497.15,5505.0,5497.0,5502.1
5255,2024-02-20 15:17:00,5502.15,5509.9,5500.05,5505.45
5256,2024-02-20 15:18:00,5505.2,5508.25,5505.0,5505.2
5257,2024-02-20 15:19:00,5505.05,5506.95,5505.0,5505.05
5258,2024-02-20 15:20:00,5505.4,5510.0,5504.9,5507.55
5259,2024-02-20 15:21:00,5507.05,5508.6,5503.6,5505.5
5260,2024-02-20 15:22:00,5504.15,5510.95,5503.95,5510.1
5261,2024-02-20 15:23:00,5510.0,5510.4,5510.0,5510.0
5262,2024-02-20 15:24:00,5510.65,5513.95,5510.0,5510.1
5263,2024-02-20 15:25:00,5510.15,5513.95,5508.8,5510.0
5264,2024-02-20 15:26:00,5511.0,5512.5,5508.6,5508.75
5265,2024-02-20 15:27:00,5511.25,5516.9,5508.0,5515.0
5266,2024-02-20 15:28:00,5515.45,5517.7,5505.0,5515.0
5267,2024-02-20 15:29:00,5509.85,5515.8,5509.85,5514.0
5268,2024-02-21 09:15:00,5499.9,5514.0,5488.15,5498.55
5269,2024-02-21 09:16:00,5497.2,5514.95,5492.0,5514.95
5270,2024-02-21 09:17:00,5512.45,5516.1,5490.05,5492.0
5271,2024-02-21 09:18:00,5494.9,5507.0,5494.9,5506.9
5272,2024-02-21 09:19:00,5507.0,5511.15,5503.55,5509.4
5273,2024-02-21 09:20:00,5504.4,5504.4,5491.95,5494.6
5274,2024-02-21 09:21:00,5490.0,5494.0,5483.0,5489.15
5275,2024-02-21 09:22:00,5487.8,5492.85,5486.0,5488.0
5276,2024-02-21 09:23:00,5490.0,5493.95,5488.1,5492.95
5277,2024-02-21 09:24:00,5493.25,5500.0,5490.0,5498.0
5278,2024-02-21 09:25:00,5500.0,5503.8,5496.3,5496.3
5279,2024-02-21 09:26:00,5496.45,5500.35,5496.45,5498.25
5280,2024-02-21 09:27:00,5496.65,5499.35,5490.1,5493.4
5281,2024-02-21 09:28:00,5493.9,5494.8,5485.7,5489.6
5282,2024-02-21 09:29:00,5486.95,5490.4,5485.8,5489.0
5283,2024-02-21 09:30:00,5489.85,5495.0,5487.05,5493.85
5284,2024-02-21 09:31:00,5493.45,5498.35,5490.05,5496.05
5285,2024-02-21 09:32:00,5494.85,5498.0,5491.25,5497.2
5286,2024-02-21 09:33:00,5495.0,5497.7,5490.0,5493.6
5287,2024-02-21 09:34:00,5490.2,5493.5,5486.75,5488.05
5288,2024-02-21 09:35:00,5486.1,5493.0,5486.1,5490.5
5289,2024-02-21 09:36:00,5490.05,5495.8,5490.05,5491.0
5290,2024-02-21 09:37:00,5493.95,5497.0,5491.0,5493.5
5291,2024-02-21 09:38:00,5493.75,5502.7,5493.75,5499.1
5292,2024-02-21 09:39:00,5501.05,5501.8,5493.5,5495.0
5293,2024-02-21 09:40:00,5498.5,5498.5,5490.1,5495.3
5294,2024-02-21 09:41:00,5492.0,5495.25,5486.05,5488.7
5295,2024-02-21 09:42:00,5486.0,5490.5,5484.9,5486.4
5296,2024-02-21 09:43:00,5488.05,5490.45,5484.55,5485.25
5297,2024-02-21 09:44:00,5486.0,5489.95,5486.0,5489.9
5298,2024-02-21 09:45:00,5489.95,5493.55,5489.9,5490.95
5299,2024-02-21 09:46:00,5491.0,5493.25,5488.25,5490.1
5300,2024-02-21 09:47:00,5491.5,5495.0,5487.05,5490.15
5301,2024-02-21 09:48:00,5490.0,5492.1,5488.95,5489.05
5302,2024-02-21 09:49:00,5492.8,5492.95,5486.0,5492.95
5303,2024-02-21 09:50:00,5492.9,5500.0,5491.8,5499.0
5304,2024-02-21 09:51:00,5499.8,5504.0,5499.05,5502.15
5305,2024-02-21 09:52:00,5504.0,5506.0,5502.1,5506.0
5306,2024-02-21 09:53:00,5507.95,5507.95,5504.05,5505.0
5307,2024-02-21 09:54:00,5505.05,5507.95,5504.55,5505.65
5308,2024-02-21 09:55:00,5506.0,5506.95,5500.65,5501.45
5309,2024-02-21 09:56:00,5500.0,5500.15,5491.7,5494.95
5310,2024-02-21 09:57:00,5495.2,5500.0,5495.2,5497.65
5311,2024-02-21 09:58:00,5497.7,5499.9,5495.2,5498.2
5312,2024-02-21 09:59:00,5496.0,5503.45,5495.95,5503.45
5313,2024-02-21 10:00:00,5504.0,5505.0,5500.7,5500.95
5314,2024-02-21 10:01:00,5503.35,5504.85,5500.95,5504.85
5315,2024-02-21 10:02:00,5504.95,5505.0,5498.5,5501.75
5316,2024-02-21 10:03:00,5500.0,5504.45,5498.0,5502.2
5317,2024-02-21 10:04:00,5500.95,5504.2,5499.85,5500.2
5318,2024-02-21 10:05:00,5500.0,5502.7,5497.7,5502.7
5319,2024-02-21 10:06:00,5500.55,5505.0,5497.25,5505.0
5320,2024-02-21 10:07:00,5504.0,5505.0,5500.0,5503.1
5321,2024-02-21 10:08:00,5502.25,5505.0,5501.4,5505.0
5322,2024-02-21 10:09:00,5502.15,5504.7,5499.0,5504.35
5323,2024-02-21 10:10:00,5502.1,5507.85,5502.1,5507.0
5324,2024-02-21 10:11:00,5507.75,5507.85,5502.6,5502.6
5325,2024-02-21 10:12:00,5502.65,5505.55,5500.0,5501.9
5326,2024-02-21 10:13:00,5500.0,5503.15,5497.7,5503.0
5327,2024-02-21 10:14:00,5500.3,5506.75,5500.0,5506.75
5328,2024-02-21 10:15:00,5506.0,5509.2,5506.0,5509.2
5329,2024-02-21 10:16:00,5508.0,5508.85,5503.55,5508.85
5330,2024-02-21 10:17:00,5507.95,5509.5,5504.95,5508.0
5331,2024-02-21 10:18:00,5507.9,5507.9,5503.05,5503.2
5332,2024-02-21 10:19:00,5503.05,5503.25,5500.0,5500.25
5333,2024-02-21 10:20:00,5500.15,5502.15,5495.4,5495.4
5334,2024-02-21 10:21:00,5496.0,5504.25,5496.0,5500.8
5335,2024-02-21 10:22:00,5503.15,5505.0,5500.75,5502.8
5336,2024-02-21 10:23:00,5505.0,5506.3,5495.2,5497.55
5337,2024-02-21 10:24:00,5500.0,5500.0,5489.9,5490.0
5338,2024-02-21 10:25:00,5489.9,5491.95,5487.05,5490.0
5339,2024-02-21 10:26:00,5488.55,5493.4,5488.55,5490.0
5340,2024-02-21 10:27:00,5489.95,5492.05,5489.0,5491.7
5341,2024-02-21 10:28:00,5491.6,5491.7,5488.05,5488.05
5342,2024-02-21 10:29:00,5490.05,5494.85,5488.05,5494.85
5343,2024-02-21 10:30:00,5493.7,5494.9,5490.0,5490.35
5344,2024-02-21 10:31:00,5492.55,5493.9,5490.05,5490.05
5345,2024-02-21 10:32:00,5492.55,5493.75,5490.05,5490.6
5346,2024-02-21 10:33:00,5492.7,5493.0,5490.65,5492.9
5347,2024-02-21 10:34:00,5490.65,5494.9,5490.0,5494.2
5348,2024-02-21 10:35:00,5494.25,5494.95,5490.0,5494.65
5349,2024-02-21 10:36:00,5494.25,5495.0,5490.9,5490.9
5350,2024-02-21 10:37:00,5493.9,5494.35,5491.85,5494.25
5351,2024-02-21 10:38:00,5492.45,5494.25,5488.45,5488.45
5352,2024-02-21 10:39:00,5490.7,5492.2,5488.6,5488.6
5353,2024-02-21 10:40:00,5489.05,5489.05,5475.8,5477.0
5354,2024-02-21 10:41:00,5476.05,5480.95,5476.05,5480.95
5355,2024-02-21 10:42:00,5485.45,5491.3,5482.1,5490.3
5356,2024-02-21 10:43:00,5488.1,5490.0,5484.8,5484.8
5357,2024-02-21 10:44:00,5485.8,5487.8,5484.35,5484.4
5358,2024-02-21 10:45:00,5484.0,5487.65,5482.7,5483.35
5359,2024-02-21 10:46:00,5487.1,5487.25,5484.2,5484.65
5360,2024-02-21 10:47:00,5484.35,5486.8,5484.2,5485.85
5361,2024-02-21 10:48:00,5485.8,5491.0,5483.6,5490.0
5362,2024-02-21 10:49:00,5491.0,5492.0,5490.0,5490.0
5363,2024-02-21 10:50:00,5487.5,5489.6,5481.65,5481.65
5364,2024-02-21 10:51:00,5484.1,5484.1,5476.0,5478.0
5365,2024-02-21 10:52:00,5476.9,5480.25,5475.0,5480.25
5366,2024-02-21 10:53:00,5480.7,5482.4,5475.7,5480.75
5367,2024-02-21 10:54:00,5480.95,5485.45,5480.95,5485.35
5368,2024-02-21 10:55:00,5485.0,5488.4,5483.35,5485.0
5369,2024-02-21 10:56:00,5486.0,5488.85,5485.05,5487.55
5370,2024-02-21 10:57:00,5485.65,5487.55,5485.0,5485.0
5371,2024-02-21 10:58:00,5486.45,5487.2,5482.5,5485.0
5372,2024-02-21 10:59:00,5485.1,5486.95,5481.9,5484.05
5373,2024-02-21 11:00:00,5485.15,5486.85,5482.35,5483.1
5374,2024-02-21 11:01:00,5483.2,5487.0,5483.2,5487.0
5375,2024-02-21 11:02:00,5487.55,5489.9,5475.25,5478.2
5376,2024-02-21 11:03:00,5480.9,5483.05,5477.55,5481.4
5377,2024-02-21 11:04:00,5479.95,5484.55,5477.45,5481.05
5378,2024-02-21 11:05:00,5481.0,5489.0,5478.1,5486.4
5379,2024-02-21 11:06:00,5487.0,5489.9,5485.0,5486.0
5380,2024-02-21 11:07:00,5489.0,5489.7,5485.5,5485.6
5381,2024-02-21 11:08:00,5486.0,5489.0,5485.0,5485.3
5382,2024-02-21 11:09:00,5488.85,5488.85,5485.0,5486.95
5383,2024-02-21 11:10:00,5485.0,5487.8,5485.0,5485.0
5384,2024-02-21 11:11:00,5485.75,5486.0,5485.0,5485.0
5385,2024-02-21 11:12:00,5485.65,5487.25,5485.0,5485.0
5386,2024-02-21 11:13:00,5486.2,5487.25,5485.0,5486.25
5387,2024-02-21 11:14:00,5485.05,5486.0,5485.0,5485.05
5388,2024-02-21 11:15:00,5485.0,5486.0,5485.0,5485.0
5389,2024-02-21 11:16:00,5486.0,5486.0,5481.0,5482.15
5390,2024-02-21 11:17:00,5485.15,5485.3,5480.0,5484.55
5391,2024-02-21 11:18:00,5482.25,5484.9,5478.0,5482.15
5392,2024-02-21 11:19:00,5483.85,5485.75,5479.8,5483.7
5393,2024-02-21 11:20:00,5483.55,5484.75,5478.35,5483.85
5394,2024-02-21 11:21:00,5480.9,5485.0,5479.65,5481.15
5395,2024-02-21 11:22:00,5481.1,5481.1,5465.0,5468.65
5396,2024-02-21 11:23:00,5468.55,5468.65,5450.0,5450.1
5397,2024-02-21 11:24:00,5452.25,5452.25,5439.7,5441.45
5398,2024-02-21 11:25:00,5441.0,5446.1,5432.2,5444.3
5399,2024-02-21 11:26:00,5447.85,5455.0,5440.05,5453.0
5400,2024-02-21 11:27:00,5454.0,5461.1,5453.95,5460.0
5401,2024-02-21 11:28:00,5460.1,5475.0,5460.0,5470.5
5402,2024-02-21 11:29:00,5472.5,5477.0,5470.5,5470.9
5403,2024-02-21 11:30:00,5470.55,5472.35,5462.25,5462.25
5404,2024-02-21 11:31:00,5460.9,5468.0,5460.25,5463.1
5405,2024-02-21 11:32:00,5462.45,5464.7,5456.55,5456.55
5406,2024-02-21 11:33:00,5455.25,5460.1,5453.15,5453.2
5407,2024-02-21 11:34:00,5455.2,5457.9,5450.0,5450.0
5408,2024-02-21 11:35:00,5452.05,5452.75,5443.6,5445.1
5409,2024-02-21 11:36:00,5445.15,5453.7,5445.0,5453.7
5410,2024-02-21 11:37:00,5452.0,5458.05,5450.05,5457.7
5411,2024-02-21 11:38:00,5458.0,5458.0,5451.9,5452.2
5412,2024-02-21 11:39:00,5456.2,5456.8,5451.0,5453.9
5413,2024-02-21 11:40:00,5454.35,5454.9,5446.05,5448.05
5414,2024-02-21 11:41:00,5449.35,5454.2,5448.05,5448.05
5415,2024-02-21 11:42:00,5450.1,5452.85,5447.25,5448.3
5416,2024-02-21 11:43:00,5448.7,5453.6,5447.0,5449.8
5417,2024-02-21 11:44:00,5450.8,5452.25,5445.15,5445.35
5418,2024-02-21 11:45:00,5445.5,5448.8,5440.05,5442.95
5419,2024-02-21 11:46:00,5441.0,5444.35,5440.05,5441.25
5420,2024-02-21 11:47:00,5443.4,5446.25,5439.6,5443.5
5421,2024-02-21 11:48:00,5443.45,5445.85,5441.45,5445.4
5422,2024-02-21 11:49:00,5443.7,5445.6,5438.0,5438.0
5423,2024-02-21 11:50:00,5439.2,5442.4,5438.0,5440.15
5424,2024-02-21 11:51:00,5438.0,5441.3,5435.0,5435.0
5425,2024-02-21 11:52:00,5435.05,5439.25,5432.05,5432.05
5426,2024-02-21 11:53:00,5435.2,5436.4,5430.05,5434.3
5427,2024-02-21 11:54:00,5432.9,5439.5,5430.0,5432.65
5428,2024-02-21 11:55:00,5434.8,5437.0,5430.0,5430.05
5429,2024-02-21 11:56:00,5430.1,5435.95,5430.05,5431.05
5430,2024-02-21 11:57:00,5433.5,5435.05,5431.0,5434.7
5431,2024-02-21 11:58:00,5433.05,5434.95,5430.1,5433.8
5432,2024-02-21 11:59:00,5431.25,5435.15,5430.45,5435.1
5433,2024-02-21 12:00:00,5435.15,5437.0,5431.1,5431.1
5434,2024-02-21 12:01:00,5434.1,5435.3,5431.0,5435.3
5435,2024-02-21 12:02:00,5433.95,5436.35,5431.0,5433.05
5436,2024-02-21 12:03:00,5434.95,5435.1,5430.15,5433.0
5437,2024-02-21 12:04:00,5435.45,5437.8,5433.0,5435.0
5438,2024-02-21 12:05:00,5434.55,5438.0,5434.0,5438.0
5439,2024-02-21 12:06:00,5439.6,5444.6,5435.2,5437.4
5440,2024-02-21 12:07:00,5436.9,5439.45,5434.0,5435.0
5441,2024-02-21 12:08:00,5435.05,5438.75,5434.0,5438.05
5442,2024-02-21 12:09:00,5439.85,5441.2,5435.75,5440.0
5443,2024-02-21 12:10:00,5439.6,5444.55,5438.75,5440.7
5444,2024-02-21 12:11:00,5442.0,5442.5,5438.0,5440.4
5445,2024-02-21 12:12:00,5442.5,5442.7,5436.05,5438.45
5446,2024-02-21 12:13:00,5438.5,5440.95,5435.15,5438.6
5447,2024-02-21 12:14:00,5441.0,5441.0,5436.65,5439.05
5448,2024-02-21 12:15:00,5439.5,5445.0,5437.6,5440.4
5449,2024-02-21 12:16:00,5441.95,5442.8,5438.0,5441.5
5450,2024-02-21 12:17:00,5439.95,5443.1,5436.25,5440.05
5451,2024-02-21 12:18:00,5440.0,5442.95,5436.1,5442.65
5452,2024-02-21 12:19:00,5443.25,5443.25,5438.5,5441.5
5453,2024-02-21 12:20:00,5441.55,5443.05,5437.7,5439.05
5454,2024-02-21 12:21:00,5440.8,5442.95,5439.0,5439.9
5455,2024-02-21 12:22:00,5440.75,5442.8,5439.1,5440.05
5456,2024-02-21 12:23:00,5440.1,5442.2,5439.05,5441.0
5457,2024-02-21 12:24:00,5440.0,5442.85,5439.05,5439.05
5458,2024-02-21 12:25:00,5441.75,5442.45,5439.0,5439.9
5459,2024-02-21 12:26:00,5440.8,5441.75,5437.55,5437.55
5460,2024-02-21 12:27:00,5437.6,5439.05,5435.4,5438.75
5461,2024-02-21 12:28:00,5439.15,5439.5,5435.0,5435.0
5462,2024-02-21 12:29:00,5436.9,5437.75,5434.0,5435.0
5463,2024-02-21 12:30:00,5436.25,5437.95,5435.0,5435.1
5464,2024-02-21 12:31:00,5437.3,5438.15,5434.0,5434.0
5465,2024-02-21 12:32:00,5434.1,5438.1,5434.0,5437.25
5466,2024-02-21 12:33:00,5435.7,5437.9,5434.0,5435.7
5467,2024-02-21 12:34:00,5435.4,5436.7,5434.1,5434.15
5468,2024-02-21 12:35:00,5436.45,5437.45,5433.25,5435.35
5469,2024-02-21 12:36:00,5435.0,5440.45,5434.0,5436.35
5470,2024-02-21 12:37:00,5437.0,5438.8,5434.1,5435.25
5471,2024-02-21 12:38:00,5435.7,5437.65,5434.0,5434.1
5472,2024-02-21 12:39:00,5435.9,5437.8,5434.1,5434.15
5473,2024-02-21 12:40:00,5434.7,5437.4,5434.0,5437.2
5474,2024-02-21 12:41:00,5436.45,5436.5,5434.1,5434.15
5475,2024-02-21 12:42:00,5434.1,5436.5,5434.0,5435.0
5476,2024-02-21 12:43:00,5435.1,5436.3,5434.0,5435.0
5477,2024-02-21 12:44:00,5434.15,5434.45,5434.0,5434.05
5478,2024-02-21 12:45:00,5434.2,5435.1,5433.0,5434.8
5479,2024-02-21 12:46:00,5434.05,5436.2,5434.0,5435.0
5480,2024-02-21 12:47:00,5435.05,5438.2,5434.0,5437.55
5481,2024-02-21 12:48:00,5435.35,5438.05,5434.0,5434.75
5482,2024-02-21 12:49:00,5436.6,5437.35,5434.0,5435.2
5483,2024-02-21 12:50:00,5436.35,5439.75,5436.35,5437.45
5484,2024-02-21 12:51:00,5439.3,5442.8,5438.7,5439.05
5485,2024-02-21 12:52:00,5438.0,5446.6,5434.3,5446.3
5486,2024-02-21 12:53:00,5446.35,5448.0,5443.6,5447.1
5487,2024-02-21 12:54:00,5447.6,5450.0,5443.1,5448.05
5488,2024-02-21 12:55:00,5448.0,5449.9,5445.0,5446.9
5489,2024-02-21 12:56:00,5447.55,5449.0,5444.55,5445.95
5490,2024-02-21 12:57:00,5446.1,5448.85,5445.85,5446.45
5491,2024-02-21 12:58:00,5447.75,5448.95,5443.4,5446.05
5492,2024-02-21 12:59:00,5446.6,5449.6,5445.35,5449.6
5493,2024-02-21 13:00:00,5447.3,5449.45,5445.75,5446.6
5494,2024-02-21 13:01:00,5447.0,5449.55,5442.7,5446.1
5495,2024-02-21 13:02:00,5447.35,5447.35,5442.05,5446.05
5496,2024-02-21 13:03:00,5446.35,5447.0,5441.85,5445.8
5497,2024-02-21 13:04:00,5446.7,5446.95,5441.6,5445.5
5498,2024-02-21 13:05:00,5445.65,5446.8,5444.6,5445.9
5499,2024-02-21 13:06:00,5446.75,5447.0,5441.85,5445.4
5500,2024-02-21 13:07:00,5446.0,5446.0,5440.8,5445.25
5501,2024-02-21 13:08:00,5442.15,5446.25,5442.05,5445.35
5502,2024-02-21 13:09:00,5445.25,5445.5,5439.8,5439.85
5503,2024-02-21 13:10:00,5441.4,5441.65,5436.05,5437.0
5504,2024-02-21 13:11:00,5437.05,5437.6,5434.25,5434.85
5505,2024-02-21 13:12:00,5436.95,5437.15,5434.0,5434.35
5506,2024-02-21 13:13:00,5437.2,5438.55,5434.35,5437.0
5507,2024-02-21 13:14:00,5436.75,5437.95,5435.0,5436.05
5508,2024-02-21 13:15:00,5437.65,5437.8,5434.35,5435.4
5509,2024-02-21 13:16:00,5436.3,5437.1,5434.0,5434.6
5510,2024-02-21 13:17:00,5434.45,5439.25,5434.0,5437.55
5511,2024-02-21 13:18:00,5438.3,5439.35,5434.15,5436.3
5512,2024-02-21 13:19:00,5439.15,5439.15,5433.0,5434.55
5513,2024-02-21 13:20:00,5436.85,5437.6,5434.0,5436.05
5514,2024-02-21 13:21:00,5436.15,5438.9,5434.55,5435.1
5515,2024-02-21 13:22:00,5436.4,5439.05,5432.1,5434.8
5516,2024-02-21 13:23:00,5435.3,5437.75,5435.3,5436.0
5517,2024-02-21 13:24:00,5437.1,5437.95,5435.5,5435.55
5518,2024-02-21 13:25:00,5437.5,5439.8,5435.0,5438.0
5519,2024-02-21 13:26:00,5439.65,5439.85,5435.0,5436.9
5520,2024-02-21 13:27:00,5437.05,5440.7,5436.75,5440.0
5521,2024-02-21 13:28:00,5441.55,5441.55,5440.0,5440.65
5522,2024-02-21 13:29:00,5442.55,5442.55,5440.05,5441.0
5523,2024-02-21 13:30:00,5441.45,5445.85,5441.45,5445.0
5524,2024-02-21 13:31:00,5445.8,5446.8,5445.0,5445.0
5525,2024-02-21 13:32:00,5446.95,5449.6,5446.0,5447.0
5526,2024-02-21 13:33:00,5448.15,5456.95,5447.45,5453.1
5527,2024-02-21 13:34:00,5455.8,5458.0,5451.85,5455.0
5528,2024-02-21 13:35:00,5455.1,5455.1,5451.25,5455.1
5529,2024-02-21 13:36:00,5454.1,5455.7,5452.55,5452.55
5530,2024-02-21 13:37:00,5453.2,5454.75,5451.05,5453.35
5531,2024-02-21 13:38:00,5453.3,5454.0,5451.2,5451.7
5532,2024-02-21 13:39:00,5453.0,5455.0,5450.25,5454.15
5533,2024-02-21 13:40:00,5453.15,5460.95,5453.15,5458.0
5534,2024-02-21 13:41:00,5456.3,5459.05,5453.05,5456.95
5535,2024-02-21 13:42:00,5456.0,5456.95,5453.0,5456.85
5536,2024-02-21 13:43:00,5454.7,5457.7,5454.7,5455.1
5537,2024-02-21 13:44:00,5453.15,5456.85,5453.0,5453.15
5538,2024-02-21 13:45:00,5453.2,5455.95,5453.0,5454.1
5539,2024-02-21 13:46:00,5453.65,5454.75,5451.55,5452.25
5540,2024-02-21 13:47:00,5451.65,5451.65,5449.0,5449.0
5541,2024-02-21 13:48:00,5449.4,5450.0,5449.0,5449.0
5542,2024-02-21 13:49:00,5450.0,5450.6,5449.0,5450.0
5543,2024-02-21 13:50:00,5450.05,5453.05,5450.0,5452.0
5544,2024-02-21 13:51:00,5452.35,5454.2,5452.0,5452.95
5545,2024-02-21 13:52:00,5452.0,5456.9,5450.05,5454.0
5546,2024-02-21 13:53:00,5452.55,5452.55,5450.0,5450.05
5547,2024-02-21 13:54:00,5450.3,5452.05,5450.0,5452.0
5548,2024-02-21 13:55:00,5452.1,5453.65,5451.0,5453.0
5549,2024-02-21 13:56:00,5453.95,5458.0,5453.0,5456.1
5550,2024-02-21 13:57:00,5456.15,5459.8,5456.1,5459.0
5551,2024-02-21 13:58:00,5459.3,5460.05,5459.0,5459.15
5552,2024-02-21 13:59:00,5459.5,5460.85,5459.0,5459.05
5553,2024-02-21 14:00:00,5459.35,5460.3,5459.0,5459.05
5554,2024-02-21 14:01:00,5459.9,5461.25,5453.0,5453.0
5555,2024-02-21 14:02:00,5454.5,5454.65,5446.05,5446.85
5556,2024-02-21 14:03:00,5446.0,5447.35,5442.0,5446.05
5557,2024-02-21 14:04:00,5446.0,5451.55,5444.75,5448.95
5558,2024-02-21 14:05:00,5453.8,5453.8,5445.1,5446.3
5559,2024-02-21 14:06:00,5447.3,5451.45,5446.25,5447.0
5560,2024-02-21 14:07:00,5447.25,5450.1,5446.45,5448.1
5561,2024-02-21 14:08:00,5447.9,5449.5,5445.5,5445.5
5562,2024-02-21 14:09:00,5445.75,5447.7,5445.45,5446.15
5563,2024-02-21 14:10:00,5446.2,5448.95,5445.5,5446.2
5564,2024-02-21 14:11:00,5446.0,5448.25,5442.3,5442.8
5565,2024-02-21 14:12:00,5442.85,5445.9,5441.95,5442.0
5566,2024-02-21 14:13:00,5442.25,5444.0,5441.9,5442.0
5567,2024-02-21 14:14:00,5443.45,5443.95,5442.0,5442.0
5568,2024-02-21 14:15:00,5443.6,5445.65,5442.0,5442.85
5569,2024-02-21 14:16:00,5445.0,5448.5,5442.2,5445.05
5570,2024-02-21 14:17:00,5447.95,5453.0,5444.9,5450.45
5571,2024-02-21 14:18:00,5450.85,5452.4,5446.0,5446.0
5572,2024-02-21 14:19:00,5450.45,5450.8,5446.3,5446.75
5573,2024-02-21 14:20:00,5446.7,5449.05,5446.7,5447.0
5574,2024-02-21 14:21:00,5447.85,5448.25,5447.0,5447.0
5575,2024-02-21 14:22:00,5448.65,5448.65,5446.0,5446.0
5576,2024-02-21 14:23:00,5445.0,5445.0,5441.0,5442.0
5577,2024-02-21 14:24:00,5442.05,5445.0,5442.0,5442.25
5578,2024-02-21 14:25:00,5442.3,5443.45,5442.0,5442.0
5579,2024-02-21 14:26:00,5443.55,5443.55,5434.45,5436.95
5580,2024-02-21 14:27:00,5437.3,5441.0,5437.05,5440.85
5581,2024-02-21 14:28:00,5441.05,5446.9,5440.0,5445.1
5582,2024-02-21 14:29:00,5446.1,5446.1,5440.6,5444.5
5583,2024-02-21 14:30:00,5444.7,5444.75,5441.0,5441.0
5584,2024-02-21 14:31:00,5441.15,5444.95,5441.0,5443.7
5585,2024-02-21 14:32:00,5443.3,5446.45,5443.3,5445.0
5586,2024-02-21 14:33:00,5446.2,5447.4,5445.0,5446.05
5587,2024-02-21 14:34:00,5447.2,5451.4,5445.45,5450.0
5588,2024-02-21 14:35:00,5450.75,5453.7,5442.3,5442.3
5589,2024-02-21 14:36:00,5442.1,5443.05,5439.0,5439.3
5590,2024-02-21 14:37:00,5439.95,5447.1,5437.0,5445.05
5591,2024-02-21 14:38:00,5445.3,5446.45,5440.3,5440.3
5592,2024-02-21 14:39:00,5442.75,5445.8,5435.0,5435.05
5593,2024-02-21 14:40:00,5434.5,5436.35,5430.0,5431.55
5594,2024-02-21 14:41:00,5431.5,5438.65,5431.05,5436.5
5595,2024-02-21 14:42:00,5436.95,5437.25,5430.0,5430.05
5596,2024-02-21 14:43:00,5430.85,5438.1,5430.85,5433.8
5597,2024-02-21 14:44:00,5432.05,5437.85,5431.0,5435.05
5598,2024-02-21 14:45:00,5432.3,5434.85,5431.75,5434.7
5599,2024-02-21 14:46:00,5433.95,5436.35,5432.55,5435.05
5600,2024-02-21 14:47:00,5436.1,5436.1,5425.0,5432.45
5601,2024-02-21 14:48:00,5430.45,5434.0,5429.1,5429.1
5602,2024-02-21 14:49:00,5429.15,5432.65,5429.1,5429.9
5603,2024-02-21 14:50:00,5429.55,5435.0,5429.1,5432.15
5604,2024-02-21 14:51:00,5429.65,5435.0,5429.65,5431.75
5605,2024-02-21 14:52:00,5434.05,5434.05,5429.95,5432.35
5606,2024-02-21 14:53:00,5430.05,5433.85,5427.6,5427.6
5607,2024-02-21 14:54:00,5426.0,5429.8,5423.1,5424.95
5608,2024-02-21 14:55:00,5424.9,5427.5,5422.4,5422.6
5609,2024-02-21 14:56:00,5425.0,5425.1,5416.0,5416.0
5610,2024-02-21 14:57:00,5418.2,5418.2,5416.0,5417.2
5611,2024-02-21 14:58:00,5417.55,5420.0,5415.0,5416.3
5612,2024-02-21 14:59:00,5416.55,5420.4,5410.05,5420.4
5613,2024-02-21 15:00:00,5420.0,5423.6,5415.05,5415.05
5614,2024-02-21 15:01:00,5415.0,5416.1,5408.1,5408.2
5615,2024-02-21 15:02:00,5408.15,5408.9,5407.15,5407.15
5616,2024-02-21 15:03:00,5407.5,5410.0,5407.45,5409.35
5617,2024-02-21 15:04:00,5409.45,5410.0,5408.0,5409.3
5618,2024-02-21 15:05:00,5409.9,5412.0,5408.2,5409.95
5619,2024-02-21 15:06:00,5410.0,5413.95,5408.6,5413.4
5620,2024-02-21 15:07:00,5413.5,5413.65,5410.0,5412.25
5621,2024-02-21 15:08:00,5411.1,5414.95,5411.05,5412.05
5622,2024-02-21 15:09:00,5411.95,5424.3,5411.95,5422.65
5623,2024-02-21 15:10:00,5420.0,5424.55,5415.8,5417.55
5624,2024-02-21 15:11:00,5418.8,5420.0,5416.95,5418.05
5625,2024-02-21 15:12:00,5419.15,5420.0,5415.15,5416.55
5626,2024-02-21 15:13:00,5417.0,5420.0,5417.0,5419.95
5627,2024-02-21 15:14:00,5419.7,5424.35,5419.65,5421.85
5628,2024-02-21 15:15:00,5422.0,5424.55,5421.1,5424.15
5629,2024-02-21 15:16:00,5423.7,5429.0,5420.05,5424.05
5630,2024-02-21 15:17:00,5425.0,5425.0,5420.0,5421.05
5631,2024-02-21 15:18:00,5421.0,5425.55,5421.0,5423.0
5632,2024-02-21 15:19:00,5421.7,5424.1,5420.1,5422.0
5633,2024-02-21 15:20:00,5423.25,5429.0,5422.6,5426.9
5634,2024-02-21 15:21:00,5429.0,5429.0,5425.55,5426.45
5635,2024-02-21 15:22:00,5425.9,5428.0,5425.9,5427.3
5636,2024-02-21 15:23:00,5427.0,5435.55,5426.9,5434.3
5637,2024-02-21 15:24:00,5434.25,5435.75,5428.95,5428.95
5638,2024-02-21 15:25:00,5430.0,5430.0,5426.65,5428.05
5639,2024-02-21 15:26:00,5428.0,5428.3,5423.45,5423.45
5640,2024-02-21 15:27:00,5423.35,5423.5,5418.0,5419.5
5641,2024-02-21 15:28:00,5420.0,5420.35,5418.0,5418.6
5642,2024-02-21 15:29:00,5418.35,5418.35,5415.15,5418.0
5643,2024-02-22 09:15:00,5484.8,5489.65,5458.75,5474.25
5644,2024-02-22 09:16:00,5474.5,5489.15,5462.05,5485.0
5645,2024-02-22 09:17:00,5484.9,5490.25,5478.3,5487.2
5646,2024-02-22 09:18:00,5486.0,5488.25,5473.95,5485.1
5647,2024-02-22 09:19:00,5488.8,5493.0,5481.0,5488.85
5648,2024-02-22 09:20:00,5487.25,5491.0,5482.0,5488.0
5649,2024-02-22 09:21:00,5490.0,5506.3,5490.0,5499.3
5650,2024-02-22 09:22:00,5499.05,5501.8,5495.0,5501.75
5651,2024-02-22 09:23:00,5498.35,5504.95,5492.4,5492.4
5652,2024-02-22 09:24:00,5495.0,5503.55,5493.2,5494.95
5653,2024-02-22 09:25:00,5493.0,5499.0,5488.7,5499.0
5654,2024-02-22 09:26:00,5498.4,5501.85,5494.1,5501.0
5655,2024-02-22 09:27:00,5497.25,5501.95,5494.75,5496.15
5656,2024-02-22 09:28:00,5496.05,5501.1,5490.3,5494.9
5657,2024-02-22 09:29:00,5495.1,5495.2,5481.05,5489.25
5658,2024-02-22 09:30:00,5485.6,5491.85,5483.0,5483.2
5659,2024-02-22 09:31:00,5484.6,5487.05,5481.05,5484.9
5660,2024-02-22 09:32:00,5482.15,5486.1,5473.5,5475.0
5661,2024-02-22 09:33:00,5476.7,5477.25,5464.8,5466.9
5662,2024-02-22 09:34:00,5470.0,5470.0,5451.2,5451.2
5663,2024-02-22 09:35:00,5451.9,5459.4,5450.0,5455.0
5664,2024-02-22 09:36:00,5455.15,5459.0,5451.05,5454.4
5665,2024-02-22 09:37:00,5454.35,5466.0,5454.35,5465.9
5666,2024-02-22 09:38:00,5463.4,5474.7,5463.4,5468.1
5667,2024-02-22 09:39:00,5467.85,5475.95,5467.25,5474.5
5668,2024-02-22 09:40:00,5474.4,5478.85,5470.55,5470.55
5669,2024-02-22 09:41:00,5470.35,5474.45,5470.35,5472.9
5670,2024-02-22 09:42:00,5470.35,5487.95,5470.35,5479.6
5671,2024-02-22 09:43:00,5482.8,5493.95,5480.15,5492.9
5672,2024-02-22 09:44:00,5491.7,5494.25,5487.6,5490.05
5673,2024-02-22 09:45:00,5484.45,5489.45,5481.9,5484.1
5674,2024-02-22 09:46:00,5488.0,5490.0,5482.55,5485.1
5675,2024-02-22 09:47:00,5488.85,5488.85,5481.0,5484.25
5676,2024-02-22 09:48:00,5481.05,5484.0,5475.1,5483.8
5677,2024-02-22 09:49:00,5480.0,5482.25,5474.05,5476.0
5678,2024-02-22 09:50:00,5476.3,5476.3,5472.0,5474.0
5679,2024-02-22 09:51:00,5470.0,5470.0,5460.45,5464.7
5680,2024-02-22 09:52:00,5461.3,5467.8,5461.0,5463.95
5681,2024-02-22 09:53:00,5464.9,5465.5,5453.0,5462.2
5682,2024-02-22 09:54:00,5462.0,5464.8,5457.0,5457.0
5683,2024-02-22 09:55:00,5455.45,5459.85,5454.45,5457.6
5684,2024-02-22 09:56:00,5459.35,5464.85,5457.0,5461.25
5685,2024-02-22 09:57:00,5461.0,5463.95,5455.0,5455.05
5686,2024-02-22 09:58:00,5456.85,5456.95,5451.0,5451.0
5687,2024-02-22 09:59:00,5451.05,5453.65,5431.15,5435.05
5688,2024-02-22 10:00:00,5435.0,5439.65,5425.0,5439.45
5689,2024-02-22 10:01:00,5439.5,5442.25,5425.0,5429.3
5690,2024-02-22 10:02:00,5429.35,5435.4,5427.1,5430.0
5691,2024-02-22 10:03:00,5430.1,5433.85,5426.0,5426.25
5692,2024-02-22 10:04:00,5428.65,5434.6,5426.6,5427.1
5693,2024-02-22 10:05:00,5428.35,5430.2,5421.1,5421.1
5694,2024-02-22 10:06:00,5422.0,5428.25,5416.05,5424.5
5695,2024-02-22 10:07:00,5427.5,5428.75,5420.35,5425.95
5696,2024-02-22 10:08:00,5425.3,5444.3,5425.3,5436.65
5697,2024-02-22 10:09:00,5436.0,5439.15,5433.1,5436.1
5698,2024-02-22 10:10:00,5434.1,5439.75,5430.6,5434.7
5699,2024-02-22 10:11:00,5431.9,5436.1,5430.05,5430.25
5700,2024-02-22 10:12:00,5431.35,5444.25,5431.3,5440.45
5701,2024-02-22 10:13:00,5439.45,5447.95,5439.45,5443.55
5702,2024-02-22 10:14:00,5444.95,5445.8,5442.35,5443.0
5703,2024-02-22 10:15:00,5440.1,5444.4,5433.05,5439.65
5704,2024-02-22 10:16:00,5440.6,5443.05,5434.4,5439.05
5705,2024-02-22 10:17:00,5439.5,5444.35,5437.55,5439.95
5706,2024-02-22 10:18:00,5442.4,5449.0,5437.55,5442.4
5707,2024-02-22 10:19:00,5441.65,5448.05,5441.0,5446.3
5708,2024-02-22 10:20:00,5446.8,5448.8,5444.8,5445.0
5709,2024-02-22 10:21:00,5446.5,5449.25,5445.0,5446.1
5710,2024-02-22 10:22:00,5449.4,5449.95,5445.0,5447.0
5711,2024-02-22 10:23:00,5445.0,5446.6,5437.9,5444.0
5712,2024-02-22 10:24:00,5443.6,5447.2,5441.05,5442.85
5713,2024-02-22 10:25:00,5445.95,5446.2,5440.75,5445.05
5714,2024-02-22 10:26:00,5446.0,5448.0,5442.0,5442.3
5715,2024-02-22 10:27:00,5445.8,5446.7,5441.6,5444.85
5716,2024-02-22 10:28:00,5444.95,5447.25,5441.25,5446.6
5717,2024-02-22 10:29:00,5446.8,5448.8,5442.05,5447.2
5718,2024-02-22 10:30:00,5448.8,5450.0,5443.05,5444.0
5719,2024-02-22 10:31:00,5445.0,5448.65,5441.2,5441.2
5720,2024-02-22 10:32:00,5440.8,5444.9,5438.85,5440.35
5721,2024-02-22 10:33:00,5440.4,5441.85,5435.0,5435.0
5722,2024-02-22 10:34:00,5438.05,5438.05,5433.15,5433.15
5723,2024-02-22 10:35:00,5433.4,5436.25,5427.7,5434.6
5724,2024-02-22 10:36:00,5434.45,5434.45,5424.05,5429.85
5725,2024-02-22 10:37:00,5429.6,5443.0,5429.25,5434.45
5726,2024-02-22 10:38:00,5435.0,5438.1,5429.05,5429.1
5727,2024-02-22 10:39:00,5432.65,5432.65,5429.15,5429.15
5728,2024-02-22 10:40:00,5431.85,5439.8,5426.05,5434.2
5729,2024-02-22 10:41:00,5434.55,5436.35,5431.0,5435.9
5730,2024-02-22 10:42:00,5432.7,5441.15,5432.45,5441.15
5731,2024-02-22 10:43:00,5434.6,5438.05,5431.0,5435.2
5732,2024-02-22 10:44:00,5432.75,5437.5,5432.05,5433.65
5733,2024-02-22 10:45:00,5432.4,5435.0,5425.15,5425.15
5734,2024-02-22 10:46:00,5425.0,5427.05,5420.0,5420.0
5735,2024-02-22 10:47:00,5416.1,5425.45,5416.1,5424.9
5736,2024-02-22 10:48:00,5425.85,5425.85,5421.0,5423.0
5737,2024-02-22 10:49:00,5425.75,5425.75,5421.65,5421.65
5738,2024-02-22 10:50:00,5423.0,5425.65,5421.05,5425.5
5739,2024-02-22 10:51:00,5425.0,5425.0,5418.05,5420.0
5740,2024-02-22 10:52:00,5422.65,5423.95,5418.1,5421.9
5741,2024-02-22 10:53:00,5422.0,5423.5,5418.15,5419.0
5742,2024-02-22 10:54:00,5421.15,5422.2,5418.1,5420.0
5743,2024-02-22 10:55:00,5422.2,5423.9,5420.0,5420.2
5744,2024-02-22 10:56:00,5420.0,5423.1,5419.0,5419.35
5745,2024-02-22 10:57:00,5419.0,5419.55,5411.0,5414.3
5746,2024-02-22 10:58:00,5413.45,5418.9,5412.05,5415.15
5747,2024-02-22 10:59:00,5415.05,5420.0,5415.05,5420.0
5748,2024-02-22 11:00:00,5418.0,5426.0,5418.0,5426.0
5749,2024-02-22 11:01:00,5428.45,5428.45,5425.0,5426.6
5750,2024-02-22 11:02:00,5428.0,5428.0,5425.0,5425.15
5751,2024-02-22 11:03:00,5427.5,5427.55,5424.05,5425.05
5752,2024-02-22 11:04:00,5427.55,5427.55,5425.0,5425.0
5753,2024-02-22 11:05:00,5426.7,5427.55,5424.6,5426.1
5754,2024-02-22 11:06:00,5429.2,5430.0,5425.95,5425.95
5755,2024-02-22 11:07:00,5426.25,5431.7,5426.25,5428.6
5756,2024-02-22 11:08:00,5431.3,5435.0,5428.55,5429.35
5757,2024-02-22 11:09:00,5432.25,5433.85,5428.4,5430.1
5758,2024-02-22 11:10:00,5428.8,5433.0,5426.25,5427.4
5759,2024-02-22 11:11:00,5430.7,5431.0,5426.05,5428.25
5760,2024-02-22 11:12:00,5428.3,5431.9,5428.0,5431.9
5761,2024-02-22 11:13:00,5429.9,5434.0,5429.75,5431.05
5762,2024-02-22 11:14:00,5433.7,5434.05,5429.0,5429.05
5763,2024-02-22 11:15:00,5432.65,5432.65,5429.05,5430.05
5764,2024-02-22 11:16:00,5432.0,5433.0,5429.0,5430.4
5765,2024-02-22 11:17:00,5430.35,5433.0,5430.15,5430.2
5766,2024-02-22 11:18:00,5433.0,5433.0,5430.15,5430.2
5767,2024-02-22 11:19:00,5430.85,5431.0,5430.0,5430.0
5768,2024-02-22 11:20:00,5430.05,5432.15,5429.0,5429.0
5769,2024-02-22 11:21:00,5429.65,5432.05,5429.0,5429.0
5770,2024-02-22 11:22:00,5430.0,5432.0,5430.0,5430.0
5771,2024-02-22 11:23:00,5431.95,5434.75,5430.0,5432.75
5772,2024-02-22 11:24:00,5434.3,5435.35,5432.75,5434.0
5773,2024-02-22 11:25:00,5435.35,5435.55,5434.0,5434.0
5774,2024-02-22 11:26:00,5433.65,5434.1,5431.05,5433.0
5775,2024-02-22 11:27:00,5434.0,5434.0,5431.0,5433.0
5776,2024-02-22 11:28:00,5433.95,5433.95,5430.05,5430.05
5777,2024-02-22 11:29:00,5430.9,5434.05,5430.05,5432.15
5778,2024-02-22 11:30:00,5434.3,5434.3,5432.2,5432.5
5779,2024-02-22 11:31:00,5432.45,5433.95,5430.75,5430.9
5780,2024-02-22 11:32:00,5431.6,5433.95,5430.05,5433.95
5781,2024-02-22 11:33:00,5432.0,5438.0,5432.0,5435.55
5782,2024-02-22 11:34:00,5437.05,5439.0,5432.1,5432.1
5783,2024-02-22 11:35:00,5431.05,5434.85,5431.05,5432.35
5784,2024-02-22 11:36:00,5434.8,5435.0,5432.4,5433.1
5785,2024-02-22 11:37:00,5435.0,5435.0,5433.1,5433.1
5786,2024-02-22 11:38:00,5435.0,5437.35,5433.1,5435.35
5787,2024-02-22 11:39:00,5433.05,5435.0,5432.15,5434.95
5788,2024-02-22 11:40:00,5432.6,5435.0,5429.65,5430.0
5789,2024-02-22 11:41:00,5429.6,5430.0,5425.0,5428.05
5790,2024-02-22 11:42:00,5429.4,5429.5,5425.15,5426.85
5791,2024-02-22 11:43:00,5429.7,5430.0,5425.25,5429.75
5792,2024-02-22 11:44:00,5430.0,5441.0,5427.5,5441.0
5793,2024-02-22 11:45:00,5441.2,5448.85,5441.15,5446.0
5794,2024-02-22 11:46:00,5445.55,5447.7,5442.35,5446.25
5795,2024-02-22 11:47:00,5444.1,5445.55,5435.1,5439.3
5796,2024-02-22 11:48:00,5436.5,5442.8,5436.5,5439.25
5797,2024-02-22 11:49:00,5439.3,5443.4,5439.1,5439.9
5798,2024-02-22 11:50:00,5439.8,5445.35,5439.8,5442.15
5799,2024-02-22 11:51:00,5444.6,5444.6,5439.15,5443.1
5800,2024-02-22 11:52:00,5439.75,5443.2,5439.75,5439.9
5801,2024-02-22 11:53:00,5442.95,5443.95,5440.7,5440.75
5802,2024-02-22 11:54:00,5442.0,5444.2,5440.7,5440.85
5803,2024-02-22 11:55:00,5444.2,5444.45,5440.85,5442.05
5804,2024-02-22 11:56:00,5441.0,5444.0,5441.0,5444.0
5805,2024-02-22 11:57:00,5444.55,5445.5,5442.05,5445.5
5806,2024-02-22 11:58:00,5445.0,5445.85,5441.2,5442.65
5807,2024-02-22 11:59:00,5442.85,5445.9,5442.85,5443.0
5808,2024-02-22 12:00:00,5445.0,5445.0,5441.05,5441.05
5809,2024-02-22 12:01:00,5444.95,5449.0,5441.55,5445.4
5810,2024-02-22 12:02:00,5448.5,5448.5,5442.45,5443.95
5811,2024-02-22 12:03:00,5446.7,5447.15,5442.95,5444.1
5812,2024-02-22 12:04:00,5446.75,5446.75,5441.7,5444.7
5813,2024-02-22 12:05:00,5442.8,5445.7,5441.45,5443.0
5814,2024-02-22 12:06:00,5442.0,5444.25,5440.9,5443.5
5815,2024-02-22 12:07:00,5440.9,5443.2,5439.1,5443.0
5816,2024-02-22 12:08:00,5442.95,5442.95,5426.3,5428.55
5817,2024-02-22 12:09:00,5428.4,5428.5,5422.15,5425.0
5818,2024-02-22 12:10:00,5424.95,5428.2,5422.6,5427.95
5819,2024-02-22 12:11:00,5425.25,5430.0,5425.25,5429.45
5820,2024-02-22 12:12:00,5427.0,5429.6,5425.5,5429.1
5821,2024-02-22 12:13:00,5429.2,5429.45,5422.15,5423.05
5822,2024-02-22 12:14:00,5426.05,5426.05,5422.0,5425.0
5823,2024-02-22 12:15:00,5421.2,5424.6,5416.95,5420.95
5824,2024-02-22 12:16:00,5420.9,5424.35,5420.7,5420.7
5825,2024-02-22 12:17:00,5424.1,5424.1,5412.65,5415.0
5826,2024-02-22 12:18:00,5412.7,5416.0,5411.05,5414.9
5827,2024-02-22 12:19:00,5412.55,5415.0,5411.05,5413.95
5828,2024-02-22 12:20:00,5412.05,5416.45,5411.1,5416.0
5829,2024-02-22 12:21:00,5418.65,5420.65,5413.0,5418.45
5830,2024-02-22 12:22:00,5415.35,5420.4,5415.0,5415.35
5831,2024-02-22 12:23:00,5415.3,5417.65,5413.0,5415.0
5832,2024-02-22 12:24:00,5416.65,5420.65,5415.0,5416.75
5833,2024-02-22 12:25:00,5418.0,5421.55,5415.1,5415.1
5834,2024-02-22 12:26:00,5415.0,5418.65,5415.0,5418.65
5835,2024-02-22 12:27:00,5417.7,5418.85,5415.0,5415.35
5836,2024-02-22 12:28:00,5418.7,5420.0,5415.3,5417.2
5837,2024-02-22 12:29:00,5416.55,5420.95,5415.6,5420.15
5838,2024-02-22 12:30:00,5417.75,5419.9,5416.35,5419.75
5839,2024-02-22 12:31:00,5417.05,5419.75,5415.0,5419.5
5840,2024-02-22 12:32:00,5415.75,5419.85,5415.05,5415.05
5841,2024-02-22 12:33:00,5417.95,5421.45,5415.0,5416.05
5842,2024-02-22 12:34:00,5416.15,5420.25,5415.0,5419.85
5843,2024-02-22 12:35:00,5416.4,5420.0,5415.0,5418.65
5844,2024-02-22 12:36:00,5419.45,5419.45,5415.05,5417.75
5845,2024-02-22 12:37:00,5417.7,5420.35,5415.5,5417.5
5846,2024-02-22 12:38:00,5417.55,5423.05,5417.55,5419.0
5847,2024-02-22 12:39:00,5420.5,5421.8,5415.35,5419.05
5848,2024-02-22 12:40:00,5417.0,5420.15,5416.55,5420.15
5849,2024-02-22 12:41:00,5420.05,5421.55,5417.9,5419.0
5850,2024-02-22 12:42:00,5420.75,5421.9,5419.0,5421.6
5851,2024-02-22 12:43:00,5420.0,5423.05,5420.0,5422.1
5852,2024-02-22 12:44:00,5423.7,5429.5,5421.4,5425.8
5853,2024-02-22 12:45:00,5425.5,5429.0,5425.0,5426.0
5854,2024-02-22 12:46:00,5427.1,5428.0,5424.0,5427.5
5855,2024-02-22 12:47:00,5427.55,5428.0,5423.0,5425.0
5856,2024-02-22 12:48:00,5424.05,5426.85,5422.0,5426.45
5857,2024-02-22 12:49:00,5424.9,5426.9,5423.0,5426.9
5858,2024-02-22 12:50:00,5425.15,5425.15,5423.0,5424.8
5859,2024-02-22 12:51:00,5423.15,5425.95,5423.05,5425.95
5860,2024-02-22 12:52:00,5424.6,5425.95,5422.75,5425.9
5861,2024-02-22 12:53:00,5423.05,5425.85,5422.05,5423.8
5862,2024-02-22 12:54:00,5423.0,5423.8,5422.05,5423.8
5863,2024-02-22 12:55:00,5422.05,5423.8,5422.05,5423.75
5864,2024-02-22 12:56:00,5423.0,5423.8,5421.05,5422.45
5865,2024-02-22 12:57:00,5421.5,5423.3,5420.05,5420.4
5866,2024-02-22 12:58:00,5421.9,5423.3,5420.55,5423.05
5867,2024-02-22 12:59:00,5423.2,5423.25,5418.0,5422.0
5868,2024-02-22 13:00:00,5421.85,5421.85,5412.0,5417.3
5869,2024-02-22 13:01:00,5417.9,5418.0,5414.6,5414.6
5870,2024-02-22 13:02:00,5415.75,5416.75,5412.05,5415.7
5871,2024-02-22 13:03:00,5414.1,5416.45,5410.95,5415.5
5872,2024-02-22 13:04:00,5412.7,5415.45,5410.8,5412.2
5873,2024-02-22 13:05:00,5414.9,5414.9,5406.9,5412.3
5874,2024-02-22 13:06:00,5414.0,5414.0,5408.25,5412.55
5875,2024-02-22 13:07:00,5411.1,5412.55,5409.4,5412.5
5876,2024-02-22 13:08:00,5411.95,5412.5,5409.95,5412.5
5877,2024-02-22 13:09:00,5412.85,5414.55,5410.35,5412.6
5878,2024-02-22 13:10:00,5412.05,5416.0,5411.0,5416.0
5879,2024-02-22 13:11:00,5415.55,5417.8,5415.0,5417.8
5880,2024-02-22 13:12:00,5418.3,5421.85,5417.0,5421.0
5881,2024-02-22 13:13:00,5422.25,5422.25,5415.55,5420.3
5882,2024-02-22 13:14:00,5420.0,5425.7,5420.0,5425.0
5883,2024-02-22 13:15:00,5425.75,5427.0,5421.55,5425.0
5884,2024-02-22 13:16:00,5425.95,5425.95,5421.05,5423.05
5885,2024-02-22 13:17:00,5425.25,5425.8,5423.0,5423.0
5886,2024-02-22 13:18:00,5425.3,5425.95,5423.0,5425.55
5887,2024-02-22 13:19:00,5423.3,5426.85,5423.05,5426.75
5888,2024-02-22 13:20:00,5425.0,5426.35,5423.0,5425.6
5889,2024-02-22 13:21:00,5426.8,5426.95,5425.0,5425.0
5890,2024-02-22 13:22:00,5426.85,5426.9,5425.0,5426.9
5891,2024-02-22 13:23:00,5425.0,5427.0,5424.05,5425.0
5892,2024-02-22 13:24:00,5426.9,5427.0,5425.0,5427.0
5893,2024-02-22 13:25:00,5425.25,5427.45,5424.95,5425.2
5894,2024-02-22 13:26:00,5427.0,5427.4,5423.15,5426.8
5895,2024-02-22 13:27:00,5424.5,5426.95,5424.5,5425.05
5896,2024-02-22 13:28:00,5425.0,5426.5,5425.0,5425.95
5897,2024-02-22 13:29:00,5425.0,5426.0,5424.0,5424.0
5898,2024-02-22 13:30:00,5423.6,5426.0,5423.55,5425.0
5899,2024-02-22 13:31:00,5425.05,5426.0,5421.35,5421.7
5900,2024-02-22 13:32:00,5420.55,5424.45,5420.55,5423.9
5901,2024-02-22 13:33:00,5421.6,5423.75,5419.05,5419.1
5902,2024-02-22 13:34:00,5419.0,5421.85,5417.0,5421.1
5903,2024-02-22 13:35:00,5420.0,5422.7,5420.0,5420.0
5904,2024-02-22 13:36:00,5418.75,5425.3,5418.0,5423.0
5905,2024-02-22 13:37:00,5424.0,5425.4,5421.15,5424.0
5906,2024-02-22 13:38:00,5424.05,5426.05,5423.85,5423.85
5907,2024-02-22 13:39:00,5422.0,5425.3,5422.0,5422.65
5908,2024-02-22 13:40:00,5423.05,5426.1,5423.0,5425.85
5909,2024-02-22 13:41:00,5423.05,5426.5,5423.05,5426.35
5910,2024-02-22 13:42:00,5426.45,5430.5,5425.0,5427.0
5911,2024-02-22 13:43:00,5426.95,5429.7,5425.0,5427.85
5912,2024-02-22 13:44:00,5426.15,5430.0,5426.0,5429.75
5913,2024-02-22 13:45:00,5429.95,5433.9,5427.3,5428.3
5914,2024-02-22 13:46:00,5429.0,5432.85,5428.45,5430.0
5915,2024-02-22 13:47:00,5429.7,5432.0,5428.0,5429.15
5916,2024-02-22 13:48:00,5430.65,5432.85,5429.15,5430.6
5917,2024-02-22 13:49:00,5430.7,5434.9,5430.55,5434.85
5918,2024-02-22 13:50:00,5434.75,5435.95,5432.0,5433.0
5919,2024-02-22 13:51:00,5432.9,5433.0,5428.0,5428.9
5920,2024-02-22 13:52:00,5429.35,5430.0,5426.3,5430.0
5921,2024-02-22 13:53:00,5429.05,5433.1,5429.05,5430.4
5922,2024-02-22 13:54:00,5432.75,5434.0,5430.55,5433.35
5923,2024-02-22 13:55:00,5432.05,5433.4,5427.5,5432.4
5924,2024-02-22 13:56:00,5432.35,5432.4,5427.6,5430.0
5925,2024-02-22 13:57:00,5428.55,5433.15,5427.95,5433.15
5926,2024-02-22 13:58:00,5433.3,5433.4,5429.55,5433.4
5927,2024-02-22 13:59:00,5433.3,5434.9,5429.65,5430.95
5928,2024-02-22 14:00:00,5431.7,5432.0,5429.8,5429.95
5929,2024-02-22 14:01:00,5429.55,5432.0,5428.75,5431.9
5930,2024-02-22 14:02:00,5431.85,5432.0,5430.0,5431.2
5931,2024-02-22 14:03:00,5431.25,5433.0,5428.0,5428.1
5932,2024-02-22 14:04:00,5429.65,5431.85,5428.15,5429.0
5933,2024-02-22 14:05:00,5429.1,5433.0,5429.0,5432.0
5934,2024-02-22 14:06:00,5431.9,5432.95,5429.0,5432.0
5935,2024-02-22 14:07:00,5431.9,5436.9,5430.15,5433.95
5936,2024-02-22 14:08:00,5434.9,5436.7,5433.55,5436.7
5937,2024-02-22 14:09:00,5436.0,5443.55,5435.0,5440.85
5938,2024-02-22 14:10:00,5440.05,5449.5,5440.05,5447.8
5939,2024-02-22 14:11:00,5447.0,5450.0,5443.05,5447.5
5940,2024-02-22 14:12:00,5445.05,5447.75,5445.0,5447.0
5941,2024-02-22 14:13:00,5445.6,5448.45,5445.0,5445.0
5942,2024-02-22 14:14:00,5445.95,5449.8,5445.0,5446.0
5943,2024-02-22 14:15:00,5445.0,5450.0,5444.0,5448.6
5944,2024-02-22 14:16:00,5447.5,5449.95,5445.0,5449.95
5945,2024-02-22 14:17:00,5449.0,5451.0,5447.25,5451.0
5946,2024-02-22 14:18:00,5450.0,5455.0,5450.0,5454.8
5947,2024-02-22 14:19:00,5452.6,5455.0,5444.8,5446.0
5948,2024-02-22 14:20:00,5446.05,5446.85,5440.4,5442.1
5949,2024-02-22 14:21:00,5442.05,5448.0,5442.05,5447.95
5950,2024-02-22 14:22:00,5448.25,5450.0,5443.45,5448.95
5951,2024-02-22 14:23:00,5448.85,5452.35,5442.8,5452.35
5952,2024-02-22 14:24:00,5450.95,5454.6,5447.1,5453.75
5953,2024-02-22 14:25:00,5453.8,5454.65,5451.2,5454.6
5954,2024-02-22 14:26:00,5452.0,5454.6,5450.45,5453.55
5955,2024-02-22 14:27:00,5452.65,5455.0,5450.5,5455.0
5956,2024-02-22 14:28:00,5454.9,5458.1,5454.05,5456.15
5957,2024-02-22 14:29:00,5455.05,5456.2,5452.65,5455.75
5958,2024-02-22 14:30:00,5453.25,5455.95,5451.8,5455.0
5959,2024-02-22 14:31:00,5452.8,5455.0,5452.6,5453.45
5960,2024-02-22 14:32:00,5453.5,5454.9,5452.6,5452.7
5961,2024-02-22 14:33:00,5452.85,5454.5,5452.1,5452.65
5962,2024-02-22 14:34:00,5452.6,5454.5,5452.6,5454.45
5963,2024-02-22 14:35:00,5452.65,5454.9,5452.65,5454.1
5964,2024-02-22 14:36:00,5452.65,5456.2,5452.65,5455.55
5965,2024-02-22 14:37:00,5455.65,5459.0,5455.65,5458.85
5966,2024-02-22 14:38:00,5457.35,5463.0,5456.0,5458.45
5967,2024-02-22 14:39:00,5460.0,5463.3,5458.45,5459.4
5968,2024-02-22 14:40:00,5461.8,5462.0,5458.2,5458.85
5969,2024-02-22 14:41:00,5461.25,5461.5,5455.8,5456.1
5970,2024-02-22 14:42:00,5457.45,5460.95,5455.65,5460.95
5971,2024-02-22 14:43:00,5461.0,5461.0,5455.55,5455.65
5972,2024-02-22 14:44:00,5458.2,5458.2,5455.65,5456.85
5973,2024-02-22 14:45:00,5457.0,5460.0,5455.7,5458.1
5974,2024-02-22 14:46:00,5457.3,5462.6,5457.0,5459.9
5975,2024-02-22 14:47:00,5460.0,5460.0,5455.65,5459.0
5976,2024-02-22 14:48:00,5457.0,5459.0,5455.3,5455.3
5977,2024-02-22 14:49:00,5458.9,5464.55,5458.2,5464.25
5978,2024-02-22 14:50:00,5464.15,5470.0,5463.3,5470.0
5979,2024-02-22 14:51:00,5472.0,5483.0,5472.0,5483.0
5980,2024-02-22 14:52:00,5482.5,5484.7,5478.0,5481.0
5981,2024-02-22 14:53:00,5480.95,5482.0,5478.0,5479.55
5982,2024-02-22 14:54:00,5481.0,5481.0,5478.0,5478.05
5983,2024-02-22 14:55:00,5479.05,5480.0,5474.3,5477.5
5984,2024-02-22 14:56:00,5477.65,5480.0,5473.55,5477.6
5985,2024-02-22 14:57:00,5477.5,5477.6,5473.0,5475.0
5986,2024-02-22 14:58:00,5477.0,5479.95,5476.95,5479.5
5987,2024-02-22 14:59:00,5478.15,5484.9,5478.0,5484.9
5988,2024-02-22 15:00:00,5481.7,5487.0,5481.45,5485.5
5989,2024-02-22 15:01:00,5483.45,5485.2,5478.0,5482.35
5990,2024-02-22 15:02:00,5482.4,5484.75,5482.3,5483.95
5991,2024-02-22 15:03:00,5484.0,5490.0,5483.95,5489.9
5992,2024-02-22 15:04:00,5489.85,5489.85,5484.6,5484.7
5993,2024-02-22 15:05:00,5483.5,5485.0,5483.35,5484.4
5994,2024-02-22 15:06:00,5484.55,5484.9,5483.0,5483.45
5995,2024-02-22 15:07:00,5481.45,5484.2,5480.75,5480.95
5996,2024-02-22 15:08:00,5481.0,5482.0,5480.6,5481.75
5997,2024-02-22 15:09:00,5481.9,5483.0,5480.65,5482.8
5998,2024-02-22 15:10:00,5482.95,5484.2,5482.8,5483.0
5999,2024-02-22 15:11:00,5484.0,5485.95,5483.0,5485.3
6000,2024-02-22 15:12:00,5485.35,5488.35,5484.4,5485.8
6001,2024-02-22 15:13:00,5486.4,5487.8,5486.0,5486.0
6002,2024-02-22 15:14:00,5486.05,5487.6,5485.95,5487.0
6003,2024-02-22 15:15:00,5486.95,5487.6,5484.95,5487.3
6004,2024-02-22 15:16:00,5487.4,5487.85,5486.05,5487.35
6005,2024-02-22 15:17:00,5487.15,5489.45,5486.2,5486.95
6006,2024-02-22 15:18:00,5486.75,5486.75,5483.1,5483.6
6007,2024-02-22 15:19:00,5483.55,5489.75,5483.45,5489.4
6008,2024-02-22 15:20:00,5489.25,5491.3,5489.25,5490.05
6009,2024-02-22 15:21:00,5490.2,5491.95,5489.65,5491.4
6010,2024-02-22 15:22:00,5491.9,5491.95,5489.4,5489.8
6011,2024-02-22 15:23:00,5489.9,5491.95,5489.85,5491.7
6012,2024-02-22 15:24:00,5491.75,5494.0,5491.7,5493.35
6013,2024-02-22 15:25:00,5493.45,5493.45,5490.75,5490.75
6014,2024-02-22 15:26:00,5490.7,5491.0,5490.0,5490.75
6015,2024-02-22 15:27:00,5490.6,5490.85,5481.45,5484.85
6016,2024-02-22 15:28:00,5481.45,5485.6,5480.0,5480.65
6017,2024-02-22 15:29:00,5487.95,5487.95,5479.1,5483.5
6018,2024-02-23 09:14:00,5546.0,5546.0,5546.0,5546.0
6019,2024-02-23 09:15:00,5530.0,5549.95,5529.65,5536.9
6020,2024-02-23 09:16:00,5532.4,5543.35,5529.0,5538.95
6021,2024-02-23 09:17:00,5538.75,5539.0,5521.0,5526.85
6022,2024-02-23 09:18:00,5523.0,5534.85,5521.1,5530.25
6023,2024-02-23 09:19:00,5527.05,5539.05,5521.7,5535.0
6024,2024-02-23 09:20:00,5535.75,5535.8,5525.2,5527.0
6025,2024-02-23 09:21:00,5534.2,5534.8,5529.15,5534.8
6026,2024-02-23 09:22:00,5533.8,5534.85,5525.95,5530.5
6027,2024-02-23 09:23:00,5530.4,5530.4,5525.0,5527.45
6028,2024-02-23 09:24:00,5525.0,5526.95,5520.0,5523.5
6029,2024-02-23 09:25:00,5520.0,5521.1,5516.15,5519.9
6030,2024-02-23 09:26:00,5520.0,5524.4,5517.0,5523.25
6031,2024-02-23 09:27:00,5525.15,5530.1,5521.85,5523.25
6032,2024-02-23 09:28:00,5522.25,5526.25,5522.1,5522.3
6033,2024-02-23 09:29:00,5525.55,5526.8,5520.0,5520.05
6034,2024-02-23 09:30:00,5525.0,5534.0,5522.8,5534.0
6035,2024-02-23 09:31:00,5534.45,5537.95,5532.15,5536.95
6036,2024-02-23 09:32:00,5533.9,5537.15,5532.05,5534.15
6037,2024-02-23 09:33:00,5537.0,5540.0,5534.0,5534.0
6038,2024-02-23 09:34:00,5535.55,5536.95,5532.05,5536.95
6039,2024-02-23 09:35:00,5534.1,5538.0,5534.05,5536.85
6040,2024-02-23 09:36:00,5534.15,5544.4,5534.15,5543.0
6041,2024-02-23 09:37:00,5541.95,5545.0,5541.95,5544.7
6042,2024-02-23 09:38:00,5544.95,5546.45,5541.0,5541.0
6043,2024-02-23 09:39:00,5543.35,5544.8,5540.2,5544.0
6044,2024-02-23 09:40:00,5542.05,5547.0,5541.05,5541.4
6045,2024-02-23 09:41:00,5540.05,5545.0,5537.35,5543.0
6046,2024-02-23 09:42:00,5540.25,5542.95,5537.0,5540.95
6047,2024-02-23 09:43:00,5540.0,5540.8,5537.25,5539.9
6048,2024-02-23 09:44:00,5537.45,5540.0,5534.0,5535.9
6049,2024-02-23 09:45:00,5536.4,5542.0,5534.7,5542.0
6050,2024-02-23 09:46:00,5542.9,5544.0,5539.3,5539.75
6051,2024-02-23 09:47:00,5543.3,5544.0,5539.95,5539.95
6052,2024-02-23 09:48:00,5540.05,5542.35,5537.05,5539.65
6053,2024-02-23 09:49:00,5538.2,5540.9,5537.1,5537.15
6054,2024-02-23 09:50:00,5540.0,5540.0,5532.05,5532.05
6055,2024-02-23 09:51:00,5532.0,5535.65,5522.85,5526.3
6056,2024-02-23 09:52:00,5525.7,5528.4,5522.45,5525.0
6057,2024-02-23 09:53:00,5522.75,5526.15,5522.75,5525.0
6058,2024-02-23 09:54:00,5522.35,5524.6,5521.0,5522.6
6059,2024-02-23 09:55:00,5524.6,5530.05,5523.5,5525.6
6060,2024-02-23 09:56:00,5527.4,5528.1,5524.35,5525.6
6061,2024-02-23 09:57:00,5527.4,5527.4,5525.6,5527.0
6062,2024-02-23 09:58:00,5526.4,5526.4,5520.0,5520.0
6063,2024-02-23 09:59:00,5521.0,5522.15,5518.0,5519.05
6064,2024-02-23 10:00:00,5519.0,5523.95,5515.65,5523.95
6065,2024-02-23 10:01:00,5524.05,5524.65,5521.0,5524.0
6066,2024-02-23 10:02:00,5521.85,5525.0,5518.55,5521.45
6067,2024-02-23 10:03:00,5520.0,5521.9,5518.0,5521.9
6068,2024-02-23 10:04:00,5521.25,5528.45,5521.25,5528.45
6069,2024-02-23 10:05:00,5528.95,5529.9,5523.05,5529.0
6070,2024-02-23 10:06:00,5528.0,5530.0,5526.5,5526.5
6071,2024-02-23 10:07:00,5529.0,5530.0,5526.65,5529.85
6072,2024-02-23 10:08:00,5530.0,5530.0,5525.4,5529.4
6073,2024-02-23 10:09:00,5526.25,5529.6,5525.8,5529.6
6074,2024-02-23 10:10:00,5527.2,5530.0,5527.2,5530.0
6075,2024-02-23 10:11:00,5529.0,5531.0,5527.55,5530.0
6076,2024-02-23 10:12:00,5528.35,5530.0,5527.2,5528.65
6077,2024-02-23 10:13:00,5528.6,5530.0,5526.1,5526.4
6078,2024-02-23 10:14:00,5528.85,5530.0,5526.35,5529.0
6079,2024-02-23 10:15:00,5529.75,5529.9,5526.0,5528.85
6080,2024-02-23 10:16:00,5526.05,5529.05,5525.3,5525.9
6081,2024-02-23 10:17:00,5528.75,5528.75,5523.7,5525.0
6082,2024-02-23 10:18:00,5527.15,5528.0,5525.0,5525.0
6083,2024-02-23 10:19:00,5524.4,5528.0,5524.4,5525.05
6084,2024-02-23 10:20:00,5525.0,5527.85,5523.65,5526.5
6085,2024-02-23 10:21:00,5525.0,5527.5,5525.0,5527.5
6086,2024-02-23 10:22:00,5527.45,5527.45,5525.0,5526.6
6087,2024-02-23 10:23:00,5527.5,5527.5,5522.6,5523.45
6088,2024-02-23 10:24:00,5523.5,5525.8,5522.0,5522.45
6089,2024-02-23 10:25:00,5524.65,5525.15,5522.0,5524.4
6090,2024-02-23 10:26:00,5524.95,5527.4,5521.4,5524.45
6091,2024-02-23 10:27:00,5524.3,5524.3,5520.0,5520.25
6092,2024-02-23 10:28:00,5520.1,5523.9,5520.1,5523.7
6093,2024-02-23 10:29:00,5521.1,5524.95,5521.05,5523.5
6094,2024-02-23 10:30:00,5522.45,5524.95,5521.4,5521.55
6095,2024-02-23 10:31:00,5521.5,5524.0,5521.5,5521.5
6096,2024-02-23 10:32:00,5523.7,5523.95,5516.05,5518.45
6097,2024-02-23 10:33:00,5515.3,5517.65,5515.05,5517.35
6098,2024-02-23 10:34:00,5518.0,5522.95,5517.0,5521.5
6099,2024-02-23 10:35:00,5522.9,5523.0,5518.0,5522.65
6100,2024-02-23 10:36:00,5522.75,5522.75,5517.05,5519.8
6101,2024-02-23 10:37:00,5519.65,5520.75,5516.15,5516.15
6102,2024-02-23 10:38:00,5515.2,5515.2,5511.0,5512.0
6103,2024-02-23 10:39:00,5511.05,5512.0,5510.0,5512.0
6104,2024-02-23 10:40:00,5510.2,5513.2,5510.05,5513.2
6105,2024-02-23 10:41:00,5511.1,5515.65,5511.0,5513.95
6106,2024-02-23 10:42:00,5514.2,5518.05,5514.0,5518.05
6107,2024-02-23 10:43:00,5518.0,5522.9,5516.05,5521.9
6108,2024-02-23 10:44:00,5521.1,5521.45,5518.65,5519.15
6109,2024-02-23 10:45:00,5520.65,5523.0,5520.65,5521.5
6110,2024-02-23 10:46:00,5522.95,5525.0,5521.6,5524.5
6111,2024-02-23 10:47:00,5525.0,5526.0,5523.1,5524.95
6112,2024-02-23 10:48:00,5525.0,5526.0,5523.65,5524.15
6113,2024-02-23 10:49:00,5524.1,5525.1,5524.0,5525.1
6114,2024-02-23 10:50:00,5524.25,5525.1,5523.0,5523.0
6115,2024-02-23 10:51:00,5522.05,5523.7,5522.0,5523.5
6116,2024-02-23 10:52:00,5523.0,5523.3,5521.5,5521.5
6117,2024-02-23 10:53:00,5521.0,5523.3,5520.75,5521.0
6118,2024-02-23 10:54:00,5523.3,5523.35,5520.75,5520.75
6119,2024-02-23 10:55:00,5520.2,5523.35,5520.0,5520.95
6120,2024-02-23 10:56:00,5523.9,5525.0,5521.9,5522.3
6121,2024-02-23 10:57:00,5523.95,5523.95,5522.1,5522.1
6122,2024-02-23 10:58:00,5522.0,5522.15,5519.85,5520.3
6123,2024-02-23 10:59:00,5520.35,5525.0,5520.35,5525.0
6124,2024-02-23 11:00:00,5521.95,5525.6,5521.95,5525.6
6125,2024-02-23 11:01:00,5522.0,5524.3,5520.4,5521.3
6126,2024-02-23 11:02:00,5523.35,5524.95,5521.5,5521.85
6127,2024-02-23 11:03:00,5523.35,5525.75,5521.85,5523.7
6128,2024-02-23 11:04:00,5521.35,5525.0,5521.35,5524.45
6129,2024-02-23 11:05:00,5525.0,5526.35,5522.6,5524.95
6130,2024-02-23 11:06:00,5525.0,5525.4,5523.0,5523.0
6131,2024-02-23 11:07:00,5522.0,5525.35,5520.95,5523.55
6132,2024-02-23 11:08:00,5524.0,5525.0,5521.15,5523.15
6133,2024-02-23 11:09:00,5524.2,5526.0,5522.15,5525.0
6134,2024-02-23 11:10:00,5524.75,5527.95,5523.05,5525.0
6135,2024-02-23 11:11:00,5524.3,5524.55,5521.0,5522.3
6136,2024-02-23 11:12:00,5519.65,5525.0,5519.55,5525.0
6137,2024-02-23 11:13:00,5523.0,5525.0,5523.0,5523.05
6138,2024-02-23 11:14:00,5522.0,5525.0,5522.0,5525.0
6139,2024-02-23 11:15:00,5527.0,5528.95,5524.55,5528.25
6140,2024-02-23 11:16:00,5526.15,5528.45,5524.0,5525.95
6141,2024-02-23 11:17:00,5528.0,5528.35,5526.25,5528.35
6142,2024-02-23 11:18:00,5528.85,5534.9,5528.4,5532.95
6143,2024-02-23 11:19:00,5530.1,5535.0,5530.1,5533.05
6144,2024-02-23 11:20:00,5534.9,5535.95,5532.65,5534.95
6145,2024-02-23 11:21:00,5533.25,5534.5,5531.05,5531.05
6146,2024-02-23 11:22:00,5533.0,5533.0,5529.15,5530.7
6147,2024-02-23 11:23:00,5530.9,5535.0,5530.9,5532.6
6148,2024-02-23 11:24:00,5534.7,5535.0,5533.3,5534.25
6149,2024-02-23 11:25:00,5533.5,5534.8,5530.0,5532.7
6150,2024-02-23 11:26:00,5530.1,5532.2,5530.0,5532.2
6151,2024-02-23 11:27:00,5530.55,5532.0,5530.0,5532.0
6152,2024-02-23 11:28:00,5531.05,5531.95,5531.05,5531.75
6153,2024-02-23 11:29:00,5531.5,5535.2,5530.45,5530.45
6154,2024-02-23 11:30:00,5531.4,5534.15,5531.4,5534.1
6155,2024-02-23 11:31:00,5531.55,5535.4,5531.55,5535.0
6156,2024-02-23 11:32:00,5534.45,5535.35,5532.15,5532.2
6157,2024-02-23 11:33:00,5532.45,5534.65,5532.45,5534.6
6158,2024-02-23 11:34:00,5532.9,5534.0,5532.9,5533.15
6159,2024-02-23 11:35:00,5533.95,5536.0,5533.15,5536.0
6160,2024-02-23 11:36:00,5537.0,5537.95,5533.9,5535.9
6161,2024-02-23 11:37:00,5535.6,5536.45,5533.5,5533.8
6162,2024-02-23 11:38:00,5534.95,5536.05,5534.1,5535.95
6163,2024-02-23 11:39:00,5535.1,5536.0,5535.1,5535.95
6164,2024-02-23 11:40:00,5536.0,5537.75,5535.95,5536.0
6165,2024-02-23 11:41:00,5535.55,5536.0,5533.9,5536.0
6166,2024-02-23 11:42:00,5535.0,5535.7,5532.2,5532.6
6167,2024-02-23 11:43:00,5532.2,5533.0,5528.65,5530.4
6168,2024-02-23 11:44:00,5530.0,5531.95,5529.35,5529.5
6169,2024-02-23 11:45:00,5532.2,5533.0,5529.6,5533.0
6170,2024-02-23 11:46:00,5530.15,5533.0,5529.85,5532.95
6171,2024-02-23 11:47:00,5532.85,5532.85,5530.2,5530.2
6172,2024-02-23 11:48:00,5531.75,5533.0,5530.2,5533.0
6173,2024-02-23 11:49:00,5530.7,5532.95,5530.6,5532.9
6174,2024-02-23 11:50:00,5532.35,5533.0,5531.2,5532.2
6175,2024-02-23 11:51:00,5532.9,5532.9,5530.4,5531.95
6176,2024-02-23 11:52:00,5531.1,5531.95,5525.5,5527.8
6177,2024-02-23 11:53:00,5525.75,5527.45,5524.0,5525.0
6178,2024-02-23 11:54:00,5524.5,5528.3,5522.25,5527.0
6179,2024-02-23 11:55:00,5526.05,5528.8,5526.05,5528.8
6180,2024-02-23 11:56:00,5526.5,5529.95,5526.5,5527.1
6181,2024-02-23 11:57:00,5528.65,5529.9,5528.1,5528.1
6182,2024-02-23 11:58:00,5528.95,5529.85,5527.7,5527.75
6183,2024-02-23 11:59:00,5528.95,5531.05,5527.05,5529.45
6184,2024-02-23 12:00:00,5528.75,5531.9,5527.85,5530.0
6185,2024-02-23 12:01:00,5528.6,5528.95,5525.0,5527.25
6186,2024-02-23 12:02:00,5527.0,5527.0,5525.0,5525.0
6187,2024-02-23 12:03:00,5525.25,5525.85,5525.0,5525.25
6188,2024-02-23 12:04:00,5525.15,5528.0,5525.15,5528.0
6189,2024-02-23 12:05:00,5525.2,5527.95,5525.2,5526.1
6190,2024-02-23 12:06:00,5528.0,5530.0,5525.8,5530.0
6191,2024-02-23 12:07:00,5528.0,5531.15,5527.1,5530.25
6192,2024-02-23 12:08:00,5527.7,5530.4,5527.7,5530.0
6193,2024-02-23 12:09:00,5529.15,5530.35,5529.15,5530.35
6194,2024-02-23 12:10:00,5529.15,5529.7,5525.6,5526.75
6195,2024-02-23 12:11:00,5527.0,5529.65,5526.0,5526.05
6196,2024-02-23 12:12:00,5529.0,5529.0,5525.4,5526.95
6197,2024-02-23 12:13:00,5525.4,5527.0,5525.4,5526.95
6198,2024-02-23 12:14:00,5526.6,5526.95,5525.0,5525.05
6199,2024-02-23 12:15:00,5526.75,5527.0,5525.0,5525.95
6200,2024-02-23 12:16:00,5526.0,5526.0,5525.0,5525.95
6201,2024-02-23 12:17:00,5525.9,5527.0,5525.0,5526.45
6202,2024-02-23 12:18:00,5526.85,5526.95,5525.1,5526.95
6203,2024-02-23 12:19:00,5526.0,5527.0,5526.0,5527.0
6204,2024-02-23 12:20:00,5526.0,5527.0,5525.0,5527.0
6205,2024-02-23 12:21:00,5525.05,5525.05,5520.05,5524.05
6206,2024-02-23 12:22:00,5522.25,5522.3,5520.0,5520.05
6207,2024-02-23 12:23:00,5520.0,5521.2,5515.25,5520.0
6208,2024-02-23 12:24:00,5521.2,5524.15,5520.0,5524.15
6209,2024-02-23 12:25:00,5520.1,5522.45,5520.0,5521.9
6210,2024-02-23 12:26:00,5522.9,5523.6,5521.35,5523.4
6211,2024-02-23 12:27:00,5521.35,5523.45,5521.25,5521.7
6212,2024-02-23 12:28:00,5522.0,5523.45,5522.0,5523.45
6213,2024-02-23 12:29:00,5522.45,5527.45,5522.45,5527.45
6214,2024-02-23 12:30:00,5529.35,5529.65,5525.7,5528.0
6215,2024-02-23 12:31:00,5526.95,5528.0,5526.15,5527.1
6216,2024-02-23 12:32:00,5527.15,5527.15,5525.0,5526.45
6217,2024-02-23 12:33:00,5528.0,5530.0,5526.5,5530.0
6218,2024-02-23 12:34:00,5528.85,5533.0,5528.85,5533.0
6219,2024-02-23 12:35:00,5534.3,5534.3,5529.9,5530.5
6220,2024-02-23 12:36:00,5530.4,5531.0,5530.0,5531.0
6221,2024-02-23 12:37:00,5530.65,5534.0,5530.65,5532.05
6222,2024-02-23 12:38:00,5534.0,5534.2,5530.35,5530.35
6223,2024-02-23 12:39:00,5533.0,5534.7,5530.15,5531.25
6224,2024-02-23 12:40:00,5533.05,5533.55,5526.45,5528.7
6225,2024-02-23 12:41:00,5531.65,5531.95,5528.7,5531.95
6226,2024-02-23 12:42:00,5531.1,5533.45,5531.05,5531.85
6227,2024-02-23 12:43:00,5531.8,5533.0,5528.9,5531.75
6228,2024-02-23 12:44:00,5532.3,5535.0,5532.3,5535.0
6229,2024-02-23 12:45:00,5534.7,5535.0,5534.7,5534.8
6230,2024-02-23 12:46:00,5534.85,5535.5,5534.8,5535.5
6231,2024-02-23 12:47:00,5535.4,5536.0,5535.35,5535.95
6232,2024-02-23 12:48:00,5536.0,5536.0,5535.1,5535.5
6233,2024-02-23 12:49:00,5535.1,5535.1,5533.7,5534.45
6234,2024-02-23 12:50:00,5534.75,5534.75,5532.45,5534.25
6235,2024-02-23 12:51:00,5533.35,5536.0,5529.05,5534.05
6236,2024-02-23 12:52:00,5535.95,5535.95,5531.45,5535.65
6237,2024-02-23 12:53:00,5535.9,5536.0,5532.95,5532.95
6238,2024-02-23 12:54:00,5533.05,5536.0,5531.65,5535.55
6239,2024-02-23 12:55:00,5535.5,5539.0,5535.45,5537.7
6240,2024-02-23 12:56:00,5536.15,5536.6,5533.85,5536.0
6241,2024-02-23 12:57:00,5535.65,5536.0,5532.05,5536.0
6242,2024-02-23 12:58:00,5534.15,5535.95,5532.45,5532.45
6243,2024-02-23 12:59:00,5534.15,5534.95,5532.0,5532.45
6244,2024-02-23 13:00:00,5530.3,5533.4,5527.6,5532.55
6245,2024-02-23 13:01:00,5532.6,5533.0,5529.85,5529.9
6246,2024-02-23 13:02:00,5530.15,5536.0,5529.1,5531.2
6247,2024-02-23 13:03:00,5529.05,5533.2,5529.05,5533.2
6248,2024-02-23 13:04:00,5530.1,5533.0,5530.1,5533.0
6249,2024-02-23 13:05:00,5530.7,5533.0,5527.45,5530.0
6250,2024-02-23 13:06:00,5528.2,5532.0,5526.05,5528.95
6251,2024-02-23 13:07:00,5531.95,5531.95,5528.95,5531.95
6252,2024-02-23 13:08:00,5532.9,5533.0,5532.0,5533.0
6253,2024-02-23 13:09:00,5532.0,5533.95,5532.0,5533.0
6254,2024-02-23 13:10:00,5533.05,5537.0,5533.0,5537.0
6255,2024-02-23 13:11:00,5536.1,5537.3,5535.0,5536.9
6256,2024-02-23 13:12:00,5535.25,5536.95,5535.2,5536.7
6257,2024-02-23 13:13:00,5535.0,5537.0,5535.0,5535.45
6258,2024-02-23 13:14:00,5536.85,5536.9,5535.25,5535.25
6259,2024-02-23 13:15:00,5536.0,5536.0,5535.6,5535.8
6260,2024-02-23 13:16:00,5535.85,5535.95,5535.0,5535.85
6261,2024-02-23 13:17:00,5536.0,5536.45,5535.0,5535.4
6262,2024-02-23 13:18:00,5536.0,5536.5,5535.15,5535.7
6263,2024-02-23 13:19:00,5535.35,5536.45,5535.0,5536.45
6264,2024-02-23 13:20:00,5536.5,5536.5,5535.0,5536.05
6265,2024-02-23 13:21:00,5535.0,5536.5,5535.0,5536.5
6266,2024-02-23 13:22:00,5536.35,5538.45,5535.0,5537.2
6267,2024-02-23 13:23:00,5537.15,5539.6,5537.15,5539.6
6268,2024-02-23 13:24:00,5539.3,5539.6,5536.1,5538.0
6269,2024-02-23 13:25:00,5539.55,5539.6,5535.05,5536.0
6270,2024-02-23 13:26:00,5535.9,5538.4,5535.05,5535.75
6271,2024-02-23 13:27:00,5535.15,5536.4,5535.0,5535.0
6272,2024-02-23 13:28:00,5535.05,5538.25,5535.0,5538.0
6273,2024-02-23 13:29:00,5536.7,5539.6,5535.55,5539.45
6274,2024-02-23 13:30:00,5539.6,5539.6,5537.0,5537.75
6275,2024-02-23 13:31:00,5537.55,5539.6,5535.0,5537.5
6276,2024-02-23 13:32:00,5539.5,5545.3,5539.5,5544.75
6277,2024-02-23 13:33:00,5545.3,5545.3,5540.0,5543.0
6278,2024-02-23 13:34:00,5541.5,5542.9,5540.05,5541.2
6279,2024-02-23 13:35:00,5540.65,5541.2,5540.35,5541.2
6280,2024-02-23 13:36:00,5541.15,5542.9,5541.1,5542.55
6281,2024-02-23 13:37:00,5542.5,5542.7,5540.05,5542.25
6282,2024-02-23 13:38:00,5542.1,5544.0,5540.05,5540.05
6283,2024-02-23 13:39:00,5540.1,5542.0,5539.5,5542.0
6284,2024-02-23 13:40:00,5540.35,5541.0,5540.1,5541.0
6285,2024-02-23 13:41:00,5540.75,5541.0,5540.6,5540.95
6286,2024-02-23 13:42:00,5541.0,5541.0,5536.1,5538.8
6287,2024-02-23 13:43:00,5535.15,5540.5,5535.15,5535.7
6288,2024-02-23 13:44:00,5536.6,5540.5,5536.6,5540.45
6289,2024-02-23 13:45:00,5540.3,5540.5,5539.7,5540.25
6290,2024-02-23 13:46:00,5539.85,5540.5,5537.65,5540.5
6291,2024-02-23 13:47:00,5540.0,5540.0,5537.2,5538.85
6292,2024-02-23 13:48:00,5538.4,5540.0,5536.6,5539.05
6293,2024-02-23 13:49:00,5539.0,5540.0,5537.05,5540.0
6294,2024-02-23 13:50:00,5538.35,5540.5,5538.35,5540.5
6295,2024-02-23 13:51:00,5540.45,5540.45,5539.25,5539.45
6296,2024-02-23 13:52:00,5539.4,5539.9,5536.0,5539.35
6297,2024-02-23 13:53:00,5539.5,5539.5,5538.1,5539.0
6298,2024-02-23 13:54:00,5538.8,5539.0,5536.75,5538.85
6299,2024-02-23 13:55:00,5538.95,5539.0,5536.0,5537.75
6300,2024-02-23 13:56:00,5537.0,5539.0,5537.0,5537.25
6301,2024-02-23 13:57:00,5537.2,5538.55,5537.0,5537.95
6302,2024-02-23 13:58:00,5538.55,5538.95,5537.5,5538.0
6303,2024-02-23 13:59:00,5538.15,5539.0,5537.5,5538.95
6304,2024-02-23 14:00:00,5537.5,5538.7,5535.0,5536.7
6305,2024-02-23 14:01:00,5535.2,5539.0,5535.2,5537.9
6306,2024-02-23 14:02:00,5537.3,5537.9,5535.2,5536.6
6307,2024-02-23 14:03:00,5537.9,5537.9,5535.25,5537.9
6308,2024-02-23 14:04:00,5535.7,5539.0,5535.7,5538.0
6309,2024-02-23 14:05:00,5537.9,5544.75,5537.8,5544.75
6310,2024-02-23 14:06:00,5545.0,5547.0,5540.0,5546.0
6311,2024-02-23 14:07:00,5545.95,5547.1,5545.0,5546.25
6312,2024-02-23 14:08:00,5545.95,5548.0,5545.0,5546.05
6313,2024-02-23 14:09:00,5547.0,5547.0,5545.0,5545.0
6314,2024-02-23 14:10:00,5546.5,5548.0,5545.1,5545.1
6315,2024-02-23 14:11:00,5545.5,5548.0,5545.0,5546.75
6316,2024-02-23 14:12:00,5545.05,5548.7,5545.0,5545.95
6317,2024-02-23 14:13:00,5545.55,5548.7,5545.55,5548.0
6318,2024-02-23 14:14:00,5546.0,5548.0,5546.0,5548.0
6319,2024-02-23 14:15:00,5547.0,5547.95,5541.25,5546.9
6320,2024-02-23 14:16:00,5546.85,5548.4,5543.9,5544.85
6321,2024-02-23 14:17:00,5547.3,5547.4,5542.45,5544.9
6322,2024-02-23 14:18:00,5545.0,5546.0,5542.15,5545.0
6323,2024-02-23 14:19:00,5543.3,5545.0,5541.7,5543.95
6324,2024-02-23 14:20:00,5543.85,5546.8,5543.7,5546.75
6325,2024-02-23 14:21:00,5546.8,5548.5,5545.0,5547.0
6326,2024-02-23 14:22:00,5545.95,5548.45,5545.65,5548.45
6327,2024-02-23 14:23:00,5547.1,5550.0,5547.05,5549.65
6328,2024-02-23 14:24:00,5550.0,5550.0,5547.0,5549.75
6329,2024-02-23 14:25:00,5547.15,5549.5,5546.55,5547.7
6330,2024-02-23 14:26:00,5547.9,5553.0,5546.85,5551.4
6331,2024-02-23 14:27:00,5548.2,5551.4,5548.1,5550.0
6332,2024-02-23 14:28:00,5549.35,5550.0,5548.2,5549.9
6333,2024-02-23 14:29:00,5548.1,5551.15,5547.5,5548.85
6334,2024-02-23 14:30:00,5547.5,5549.75,5546.9,5546.9
6335,2024-02-23 14:31:00,5545.4,5546.9,5545.15,5546.85
6336,2024-02-23 14:32:00,5546.8,5548.25,5545.0,5546.8
6337,2024-02-23 14:33:00,5546.4,5546.4,5545.0,5545.2
6338,2024-02-23 14:34:00,5545.0,5547.7,5545.0,5545.05
6339,2024-02-23 14:35:00,5546.0,5548.85,5545.3,5548.1
6340,2024-02-23 14:36:00,5545.6,5550.0,5545.0,5546.1
6341,2024-02-23 14:37:00,5546.75,5549.2,5545.0,5547.65
6342,2024-02-23 14:38:00,5546.95,5548.25,5545.75,5545.75
6343,2024-02-23 14:39:00,5546.7,5548.0,5545.85,5548.0
6344,2024-02-23 14:40:00,5546.5,5550.0,5546.5,5549.9
6345,2024-02-23 14:41:00,5549.15,5549.6,5546.25,5549.6
6346,2024-02-23 14:42:00,5548.05,5548.35,5545.3,5546.35
6347,2024-02-23 14:43:00,5545.3,5549.45,5545.0,5547.65
6348,2024-02-23 14:44:00,5546.85,5547.65,5545.45,5546.25
6349,2024-02-23 14:45:00,5546.5,5547.35,5545.05,5546.45
6350,2024-02-23 14:46:00,5545.2,5547.35,5545.1,5545.1
6351,2024-02-23 14:47:00,5546.0,5547.3,5545.0,5546.3
6352,2024-02-23 14:48:00,5545.4,5546.95,5545.0,5546.95
6353,2024-02-23 14:49:00,5546.0,5546.75,5545.0,5545.2
6354,2024-02-23 14:50:00,5545.5,5547.3,5545.0,5546.7
6355,2024-02-23 14:51:00,5545.35,5546.5,5545.0,5545.1
6356,2024-02-23 14:52:00,5545.0,5546.25,5544.5,5546.25
6357,2024-02-23 14:53:00,5545.65,5546.4,5545.0,5545.0
6358,2024-02-23 14:54:00,5545.7,5547.45,5545.0,5547.4
6359,2024-02-23 14:55:00,5546.8,5547.25,5545.0,5546.95
6360,2024-02-23 14:56:00,5545.05,5546.85,5545.0,5546.8
6361,2024-02-23 14:57:00,5545.65,5545.95,5545.0,5545.65
6362,2024-02-23 14:58:00,5545.55,5547.5,5544.9,5546.55
6363,2024-02-23 14:59:00,5544.25,5547.95,5544.25,5546.05
6364,2024-02-23 15:00:00,5547.9,5547.95,5541.05,5542.95
6365,2024-02-23 15:01:00,5541.3,5542.9,5536.8,5537.45
6366,2024-02-23 15:02:00,5537.75,5546.5,5536.4,5543.05
6367,2024-02-23 15:03:00,5543.5,5547.2,5543.25,5546.0
6368,2024-02-23 15:04:00,5546.2,5546.2,5537.85,5540.3
6369,2024-02-23 15:05:00,5542.95,5545.2,5539.05,5539.35
6370,2024-02-23 15:06:00,5543.25,5546.15,5539.0,5545.15
6371,2024-02-23 15:07:00,5545.0,5546.55,5540.5,5546.05
6372,2024-02-23 15:08:00,5542.7,5545.9,5542.7,5545.65
6373,2024-02-23 15:09:00,5545.6,5547.6,5545.0,5545.1
6374,2024-02-23 15:10:00,5547.25,5547.25,5542.5,5543.35
6375,2024-02-23 15:11:00,5543.0,5547.8,5538.05,5547.8
6376,2024-02-23 15:12:00,5545.0,5547.75,5538.05,5539.65
6377,2024-02-23 15:13:00,5540.85,5541.05,5535.85,5540.0
6378,2024-02-23 15:14:00,5539.85,5542.95,5535.0,5539.95
6379,2024-02-23 15:15:00,5539.9,5544.9,5536.15,5540.0
6380,2024-02-23 15:16:00,5540.05,5545.0,5540.0,5543.1
6381,2024-02-23 15:17:00,5544.95,5545.0,5535.0,5535.55
6382,2024-02-23 15:18:00,5535.5,5535.55,5528.2,5531.9
6383,2024-02-23 15:19:00,5534.9,5545.1,5533.75,5542.05
6384,2024-02-23 15:20:00,5540.1,5545.6,5539.55,5539.65
6385,2024-02-23 15:21:00,5540.9,5540.9,5533.0,5536.35
6386,2024-02-23 15:22:00,5534.1,5536.35,5531.75,5532.95
6387,2024-02-23 15:23:00,5532.5,5534.5,5532.0,5534.0
6388,2024-02-23 15:24:00,5535.45,5546.0,5535.0,5545.8
6389,2024-02-23 15:25:00,5546.85,5546.85,5545.0,5545.0
6390,2024-02-23 15:26:00,5545.15,5545.15,5540.2,5543.1
6391,2024-02-23 15:27:00,5538.2,5545.8,5538.2,5545.0
6392,2024-02-23 15:28:00,5545.75,5545.75,5538.0,5543.2
6393,2024-02-23 15:29:00,5538.0,5543.25,5535.0,5539.95
6394,2024-02-24 09:42:00,5568.0,5568.0,5568.0,5568.0
6395,2024-02-24 09:43:00,5568.0,5568.0,5568.0,5568.0
6396,2024-02-24 09:44:00,5568.0,5568.0,5568.0,5568.0
6397,2024-02-24 09:45:00,5568.0,5568.0,5568.0,5568.0
6398,2024-02-24 09:46:00,5568.0,5568.0,5568.0,5568.0
6399,2024-02-24 09:47:00,5568.0,5568.0,5568.0,5568.0
6400,2024-02-24 09:48:00,5568.0,5568.0,5568.0,5568.0
6401,2024-02-24 09:49:00,5568.0,5568.0,5568.0,5568.0
6402,2024-02-24 09:50:00,5568.0,5568.0,5568.0,5568.0
6403,2024-02-24 09:51:00,5568.0,5568.0,5568.0,5568.0
6404,2024-02-24 09:52:00,5568.0,5568.0,5568.0,5568.0
6405,2024-02-24 09:53:00,5568.0,5568.0,5568.0,5568.0
6406,2024-02-24 09:54:00,5568.0,5568.0,5568.0,5568.0
6407,2024-02-24 09:55:00,5568.0,5568.0,5568.0,5568.0
6408,2024-02-24 09:56:00,5568.0,5568.0,5568.0,5568.0
6409,2024-02-24 09:57:00,5568.0,5568.0,5568.0,5568.0
6410,2024-02-24 09:58:00,5568.0,5568.0,5568.0,5568.0
6411,2024-02-24 09:59:00,5568.0,5568.0,5568.0,5568.0
6412,2024-02-24 10:00:37,5568.0,5568.0,5568.0,5568.0
6413,2024-02-24 11:30:00,5625.0,5625.0,5625.0,5625.0
6414,2024-02-24 11:31:00,5625.0,5625.0,5625.0,5625.0
6415,2024-02-24 11:32:00,5625.0,5625.0,5625.0,5625.0
6416,2024-02-24 11:33:00,5625.0,5625.0,5625.0,5625.0
6417,2024-02-24 11:34:00,5625.0,5625.0,5625.0,5625.0
6418,2024-02-24 11:35:00,5625.0,5625.0,5625.0,5625.0
6419,2024-02-24 11:36:00,5625.0,5625.0,5625.0,5625.0
6420,2024-02-24 11:37:00,5625.0,5625.0,5625.0,5625.0
6421,2024-02-24 11:38:00,5625.0,5625.0,5625.0,5625.0
6422,2024-02-24 11:39:00,5453.0,5453.0,5453.0,5453.0
6423,2024-02-24 11:40:00,5453.0,5453.0,5453.0,5453.0
6424,2024-02-24 11:41:00,5453.0,5453.0,5453.0,5453.0
6425,2024-02-24 11:42:00,5453.0,5453.0,5453.0,5453.0
6426,2024-02-24 11:43:00,5453.0,5453.0,5453.0,5453.0
6427,2024-02-24 11:44:00,5453.0,5453.0,5453.0,5453.0
6428,2024-02-24 11:45:00,5453.0,5453.0,5453.0,5453.0
6429,2024-02-24 11:46:00,5453.0,5453.0,5453.0,5453.0
6430,2024-02-24 11:47:00,5453.0,5453.0,5453.0,5453.0
6431,2024-02-24 11:48:00,5453.0,5453.0,5453.0,5453.0
6432,2024-02-24 11:49:00,5453.0,5453.0,5453.0,5453.0
6433,2024-02-24 11:50:00,5453.0,5453.0,5453.0,5453.0
6434,2024-02-24 11:51:00,5453.0,5453.0,5453.0,5453.0
6435,2024-02-24 11:52:00,5625.0,5625.0,5625.0,5625.0
6436,2024-02-24 11:53:00,5625.0,5625.0,5625.0,5625.0
6437,2024-02-24 11:54:00,5625.0,5625.0,5625.0,5625.0
6438,2024-02-24 11:55:00,5625.0,5625.0,5625.0,5625.0
6439,2024-02-24 11:56:00,5625.0,5625.0,5625.0,5625.0
6440,2024-02-24 11:57:00,5625.0,5625.0,5625.0,5625.0
6441,2024-02-24 11:58:00,5625.0,5625.0,5625.0,5625.0
6442,2024-02-24 11:59:00,5625.0,5625.0,5625.0,5625.0
6443,2024-02-24 12:00:00,5625.0,5625.0,5625.0,5625.0
6444,2024-02-24 12:01:00,5625.0,5625.0,5625.0,5625.0
6445,2024-02-24 12:02:00,5625.0,5625.0,5625.0,5625.0
6446,2024-02-24 12:03:00,5625.0,5625.0,5625.0,5625.0
6447,2024-02-24 12:04:00,5625.0,5625.0,5625.0,5625.0
6448,2024-02-24 12:05:00,5625.0,5625.0,5625.0,5625.0
6449,2024-02-24 12:06:00,5625.0,5625.0,5625.0,5625.0
6450,2024-02-24 12:07:00,5625.0,5625.0,5625.0,5625.0
6451,2024-02-24 12:08:00,5625.0,5625.0,5625.0,5625.0
6452,2024-02-24 12:09:00,5625.0,5625.0,5625.0,5625.0
6453,2024-02-24 12:10:00,5625.0,5625.0,5625.0,5625.0
6454,2024-02-24 12:11:00,5512.5,5512.5,5512.5,5512.5
6455,2024-02-24 12:12:00,5512.5,5512.5,5512.5,5512.5
6456,2024-02-24 12:13:00,5512.5,5512.5,5512.5,5512.5
6457,2024-02-24 12:14:00,5542.65,5542.65,5542.65,5542.65
6458,2024-02-24 12:15:00,5542.65,5542.65,5542.65,5542.65
6459,2024-02-24 12:16:00,5542.65,5542.65,5542.65,5542.65
6460,2024-02-24 12:17:00,5542.65,5542.65,5542.65,5542.65
6461,2024-02-24 12:18:00,5542.65,5542.65,5542.65,5542.65
6462,2024-02-24 12:19:00,5542.65,5542.65,5542.65,5542.65
6463,2024-02-24 12:20:00,5542.65,5542.65,5542.65,5542.65
6464,2024-02-24 12:21:00,5542.65,5542.65,5542.65,5542.65
6465,2024-02-24 12:22:00,5453.0,5453.0,5453.0,5453.0
6466,2024-02-24 12:23:00,5453.0,5453.0,5453.0,5453.0
6467,2024-02-24 12:24:00,5453.0,5453.0,5453.0,5453.0
6468,2024-02-24 12:25:00,5453.0,5453.0,5453.0,5453.0
6469,2024-02-24 12:26:00,5453.0,5453.0,5453.0,5453.0
6470,2024-02-24 12:27:00,5453.0,5453.0,5453.0,5453.0
6471,2024-02-24 12:28:00,5453.0,5453.0,5453.0,5453.0
6472,2024-02-24 12:29:00,5453.0,5453.0,5453.0,5453.0
6473,2024-02-24 12:30:00,5453.0,5453.0,5453.0,5453.0
6474,2024-02-24 12:31:00,5453.0,5453.0,5453.0,5453.0
6475,2024-02-24 12:32:00,5453.0,5453.0,5453.0,5453.0
6476,2024-02-24 12:33:00,5453.0,5453.0,5453.0,5453.0
6477,2024-02-24 12:34:00,5453.0,5453.0,5453.0,5453.0
6478,2024-02-24 12:35:00,5453.0,5453.0,5453.0,5453.0
6479,2024-02-24 12:36:00,5453.0,5453.0,5453.0,5453.0
6480,2024-02-24 12:37:00,5453.0,5453.0,5453.0,5453.0
6481,2024-02-24 12:38:00,5453.0,5453.0,5453.0,5453.0
6482,2024-02-24 12:39:00,5453.0,5453.0,5453.0,5453.0
6483,2024-02-24 12:40:00,5453.0,5453.0,5453.0,5453.0
6484,2024-02-24 12:41:00,5453.0,5453.0,5453.0,5453.0
6485,2024-02-24 12:42:00,5453.0,5453.0,5453.0,5453.0
6486,2024-02-24 12:43:00,5453.0,5453.0,5453.0,5453.0
6487,2024-02-24 12:44:00,5453.0,5453.0,5453.0,5453.0
6488,2024-02-24 12:45:00,5453.0,5453.0,5453.0,5453.0
6489,2024-02-24 12:46:00,5453.0,5453.0,5453.0,5453.0
6490,2024-02-24 12:47:00,5453.0,5453.0,5453.0,5453.0
6491,2024-02-24 12:48:00,5453.0,5453.0,5453.0,5453.0
6492,2024-02-24 12:49:00,5453.0,5453.0,5453.0,5453.0
6493,2024-02-24 12:50:00,5453.0,5453.0,5453.0,5453.0
6494,2024-02-24 12:51:00,5453.0,5453.0,5453.0,5453.0
6495,2024-02-24 12:52:00,5453.0,5453.0,5453.0,5453.0
6496,2024-02-24 12:53:00,5453.0,5453.0,5453.0,5453.0
6497,2024-02-24 12:54:00,5453.0,5453.0,5453.0,5453.0
6498,2024-02-24 12:55:00,5453.0,5453.0,5453.0,5453.0
6499,2024-02-24 12:56:00,5453.0,5453.0,5453.0,5453.0
6500,2024-02-24 12:57:00,5453.0,5453.0,5453.0,5453.0
6501,2024-02-24 12:58:00,5453.0,5453.0,5453.0,5453.0
6502,2024-02-24 12:59:00,5453.0,5453.0,5453.0,5453.0
6503,2024-02-24 13:00:00,5453.0,5453.0,5453.0,5453.0
6504,2024-02-24 13:01:00,5453.0,5453.0,5453.0,5453.0
6505,2024-02-24 13:02:00,5453.0,5453.0,5453.0,5453.0
6506,2024-02-24 13:03:00,5453.0,5453.0,5453.0,5453.0
6507,2024-02-24 13:04:00,5453.0,5453.0,5453.0,5453.0
6508,2024-02-24 13:05:00,5453.0,5453.0,5453.0,5453.0
6509,2024-02-24 13:06:00,5453.0,5453.0,5453.0,5453.0
6510,2024-02-24 13:07:00,5453.0,5453.0,5453.0,5453.0
6511,2024-02-24 13:08:00,5453.0,5453.0,5453.0,5453.0
6512,2024-02-24 13:09:00,5453.0,5453.0,5453.0,5453.0
6513,2024-02-24 13:10:00,5453.0,5453.0,5453.0,5453.0
6514,2024-02-24 13:11:00,5453.0,5453.0,5453.0,5453.0
6515,2024-02-24 13:12:00,5453.0,5453.0,5453.0,5453.0
6516,2024-02-24 13:13:00,5453.0,5453.0,5453.0,5453.0
6517,2024-02-24 13:14:00,5453.0,5453.0,5453.0,5453.0
6518,2024-02-24 13:15:00,5453.0,5453.0,5453.0,5453.0
6519,2024-02-24 13:16:00,5453.0,5453.0,5453.0,5453.0
6520,2024-02-24 13:17:00,5453.0,5453.0,5453.0,5453.0
6521,2024-02-24 13:18:03,5453.0,5453.0,5453.0,5453.0
6522,2024-02-24 13:19:00,5453.0,5453.0,5453.0,5453.0
6523,2024-02-24 13:20:00,5453.0,5453.0,5453.0,5453.0
6524,2024-02-24 13:21:00,5453.0,5453.0,5453.0,5453.0
6525,2024-02-24 13:22:00,5453.0,5453.0,5453.0,5453.0
6526,2024-02-24 13:23:00,5453.0,5453.0,5453.0,5453.0
6527,2024-02-24 13:24:00,5453.0,5453.0,5453.0,5453.0
6528,2024-02-24 13:25:00,5453.0,5453.0,5453.0,5453.0
6529,2024-02-24 13:26:02,5453.0,5453.0,5453.0,5453.0
6530,2024-02-24 13:27:00,5453.0,5453.0,5453.0,5453.0
6531,2024-02-24 13:28:00,5453.0,5453.0,5453.0,5453.0
6532,2024-02-26 09:15:00,5533.75,5533.75,5491.55,5495.05
6533,2024-02-26 09:16:00,5500.0,5500.0,5490.1,5490.1
6534,2024-02-26 09:17:00,5490.05,5496.65,5482.65,5485.2
6535,2024-02-26 09:18:00,5484.05,5488.0,5474.55,5488.0
6536,2024-02-26 09:19:00,5492.5,5499.0,5489.45,5497.45
6537,2024-02-26 09:20:00,5496.2,5497.0,5490.35,5495.9
6538,2024-02-26 09:21:00,5493.25,5497.9,5490.0,5497.3
6539,2024-02-26 09:22:00,5497.2,5499.7,5494.05,5496.95
6540,2024-02-26 09:23:00,5499.0,5499.9,5491.15,5493.75
6541,2024-02-26 09:24:00,5491.0,5497.45,5488.6,5497.45
6542,2024-02-26 09:25:00,5495.05,5497.0,5495.0,5495.05
6543,2024-02-26 09:26:00,5497.95,5497.95,5486.05,5491.05
6544,2024-02-26 09:27:00,5491.6,5491.6,5481.0,5485.65
6545,2024-02-26 09:28:00,5485.85,5488.0,5480.0,5488.0
6546,2024-02-26 09:29:00,5485.05,5492.4,5485.05,5490.65
6547,2024-02-26 09:30:00,5487.15,5492.35,5487.15,5488.05
6548,2024-02-26 09:31:00,5488.5,5494.0,5486.25,5493.9
6549,2024-02-26 09:32:00,5493.3,5496.0,5487.1,5493.0
6550,2024-02-26 09:33:00,5492.35,5495.05,5488.2,5491.5
6551,2024-02-26 09:34:00,5492.0,5493.7,5491.3,5491.3
6552,2024-02-26 09:35:00,5493.95,5498.2,5491.0,5492.6
6553,2024-02-26 09:36:00,5490.45,5496.0,5490.45,5496.0
6554,2024-02-26 09:37:00,5495.35,5495.9,5492.0,5495.6
6555,2024-02-26 09:38:00,5495.85,5498.45,5491.2,5498.45
6556,2024-02-26 09:39:00,5495.35,5498.0,5493.4,5498.0
6557,2024-02-26 09:40:00,5498.85,5498.9,5495.95,5498.0
6558,2024-02-26 09:41:00,5497.75,5499.0,5496.05,5497.2
6559,2024-02-26 09:42:00,5498.3,5498.3,5496.05,5496.05
6560,2024-02-26 09:43:00,5498.3,5500.0,5495.15,5499.65
6561,2024-02-26 09:44:00,5496.6,5499.6,5496.6,5497.25
6562,2024-02-26 09:45:00,5498.9,5499.0,5498.0,5498.35
6563,2024-02-26 09:46:00,5499.0,5499.6,5496.45,5498.5
6564,2024-02-26 09:47:00,5497.1,5499.6,5497.0,5499.45
6565,2024-02-26 09:48:00,5499.6,5499.6,5494.0,5494.0
6566,2024-02-26 09:49:00,5496.75,5497.15,5486.75,5486.75
6567,2024-02-26 09:50:00,5485.0,5488.3,5481.0,5483.25
6568,2024-02-26 09:51:00,5483.3,5486.8,5480.0,5483.4
6569,2024-02-26 09:52:00,5483.95,5484.75,5475.1,5477.9
6570,2024-02-26 09:53:00,5477.65,5480.95,5469.35,5480.95
6571,2024-02-26 09:54:00,5480.0,5484.75,5475.55,5484.75
6572,2024-02-26 09:55:00,5481.6,5484.95,5475.0,5478.85
6573,2024-02-26 09:56:00,5479.25,5483.4,5475.05,5476.7
6574,2024-02-26 09:57:00,5480.9,5483.9,5479.15,5480.15
6575,2024-02-26 09:58:00,5486.75,5486.75,5480.5,5486.75
6576,2024-02-26 09:59:00,5483.15,5486.65,5481.9,5481.9
6577,2024-02-26 10:00:00,5481.75,5486.4,5480.15,5486.4
6578,2024-02-26 10:01:00,5486.0,5486.35,5480.25,5482.65
6579,2024-02-26 10:02:00,5484.65,5484.65,5480.0,5483.2
6580,2024-02-26 10:03:00,5480.0,5482.45,5477.85,5480.35
6581,2024-02-26 10:04:00,5478.8,5482.75,5477.55,5480.1
6582,2024-02-26 10:05:00,5481.55,5487.45,5478.25,5487.45
6583,2024-02-26 10:06:00,5485.45,5492.95,5484.1,5492.95
6584,2024-02-26 10:07:00,5493.9,5498.5,5488.55,5498.5
6585,2024-02-26 10:08:00,5496.4,5499.25,5490.05,5495.45
6586,2024-02-26 10:09:00,5495.4,5495.4,5488.6,5488.6
6587,2024-02-26 10:10:00,5491.85,5491.9,5488.55,5491.9
6588,2024-02-26 10:11:00,5489.35,5491.8,5488.6,5491.8
6589,2024-02-26 10:12:00,5491.9,5491.9,5489.35,5491.9
6590,2024-02-26 10:13:00,5489.45,5491.9,5489.45,5491.9
6591,2024-02-26 10:14:00,5492.95,5497.6,5492.95,5497.6
6592,2024-02-26 10:15:00,5496.55,5497.6,5492.1,5492.75
6593,2024-02-26 10:16:00,5495.55,5495.8,5490.1,5494.65
6594,2024-02-26 10:17:00,5494.6,5494.6,5490.0,5492.0
6595,2024-02-26 10:18:00,5490.3,5492.0,5490.0,5492.0
6596,2024-02-26 10:19:00,5490.5,5493.25,5490.0,5492.35
6597,2024-02-26 10:20:00,5490.0,5492.95,5489.7,5489.7
6598,2024-02-26 10:21:00,5493.3,5494.0,5487.5,5494.0
6599,2024-02-26 10:22:00,5491.4,5495.9,5491.4,5495.9
6600,2024-02-26 10:23:00,5494.95,5496.4,5494.95,5496.35
6601,2024-02-26 10:24:00,5495.0,5495.0,5492.5,5494.95
6602,2024-02-26 10:25:00,5494.7,5494.9,5491.2,5493.75
6603,2024-02-26 10:26:00,5490.85,5494.0,5490.85,5492.0
6604,2024-02-26 10:27:00,5491.0,5491.0,5491.0,5491.0
6605,2024-02-26 10:28:00,5490.0,5490.0,5487.7,5487.7
6606,2024-02-26 10:29:00,5489.05,5489.7,5481.25,5481.25
6607,2024-02-26 10:30:00,5481.0,5486.8,5481.0,5483.1
6608,2024-02-26 10:31:00,5484.55,5485.0,5481.4,5485.0
6609,2024-02-26 10:32:00,5485.85,5486.95,5483.15,5485.65
6610,2024-02-26 10:33:00,5487.2,5487.2,5485.65,5486.4
6611,2024-02-26 10:34:00,5482.65,5486.0,5482.65,5486.0
6612,2024-02-26 10:35:00,5486.75,5486.85,5483.0,5483.0
6613,2024-02-26 10:36:00,5483.4,5483.4,5478.6,5480.55
6614,2024-02-26 10:37:00,5482.45,5485.85,5480.25,5483.65
6615,2024-02-26 10:38:00,5483.05,5484.4,5483.05,5484.4
6616,2024-02-26 10:39:00,5482.7,5483.15,5478.05,5479.9
6617,2024-02-26 10:40:00,5479.0,5479.75,5477.0,5479.0
6618,2024-02-26 10:41:00,5478.75,5478.95,5473.0,5473.0
6619,2024-02-26 10:42:00,5474.6,5476.35,5473.15,5475.15
6620,2024-02-26 10:43:00,5474.0,5475.1,5474.0,5475.05
6621,2024-02-26 10:44:00,5472.9,5474.25,5461.0,5463.7
6622,2024-02-26 10:45:00,5464.45,5479.55,5460.0,5479.0
6623,2024-02-26 10:46:00,5477.2,5482.45,5477.2,5482.4
6624,2024-02-26 10:47:00,5479.45,5479.85,5478.15,5479.0
6625,2024-02-26 10:48:00,5479.85,5481.95,5477.85,5481.95
6626,2024-02-26 10:49:00,5479.35,5481.9,5479.2,5479.65
6627,2024-02-26 10:50:00,5481.1,5481.5,5479.65,5481.35
6628,2024-02-26 10:51:00,5480.05,5481.35,5479.2,5479.2
6629,2024-02-26 10:52:00,5480.0,5480.0,5479.0,5479.2
6630,2024-02-26 10:53:00,5480.0,5482.0,5479.2,5482.0
6631,2024-02-26 10:54:00,5480.2,5480.2,5479.05,5479.05
6632,2024-02-26 10:55:00,5480.0,5482.0,5479.4,5482.0
6633,2024-02-26 10:56:00,5480.0,5482.0,5479.0,5479.45
6634,2024-02-26 10:57:00,5479.0,5479.95,5477.2,5479.0
6635,2024-02-26 10:58:00,5476.05,5479.1,5476.05,5479.1
6636,2024-02-26 10:59:00,5478.45,5479.1,5477.05,5479.1
6637,2024-02-26 11:00:00,5479.05,5479.1,5476.05,5476.6
6638,2024-02-26 11:01:00,5478.75,5479.15,5476.05,5477.65
6639,2024-02-26 11:02:00,5479.0,5480.0,5477.05,5478.9
6640,2024-02-26 11:03:00,5478.75,5479.35,5478.75,5479.1
6641,2024-02-26 11:04:00,5479.2,5480.0,5478.25,5480.0
6642,2024-02-26 11:05:00,5479.0,5480.0,5479.0,5480.0
6643,2024-02-26 11:06:00,5479.45,5479.45,5475.55,5479.1
6644,2024-02-26 11:07:00,5479.0,5480.0,5478.2,5478.85
6645,2024-02-26 11:08:00,5480.0,5480.0,5462.2,5462.3
6646,2024-02-26 11:09:00,5462.0,5463.55,5458.0,5460.15
6647,2024-02-26 11:10:00,5458.0,5459.8,5455.05,5455.05
6648,2024-02-26 11:11:00,5456.35,5462.55,5455.0,5461.05
6649,2024-02-26 11:12:00,5462.0,5463.3,5452.55,5453.15
6650,2024-02-26 11:13:00,5456.9,5456.9,5451.0,5451.0
6651,2024-02-26 11:14:00,5452.25,5452.25,5447.35,5450.0
6652,2024-02-26 11:15:00,5450.7,5450.7,5444.05,5446.6
6653,2024-02-26 11:16:00,5447.05,5450.55,5444.8,5450.55
6654,2024-02-26 11:17:00,5450.0,5451.75,5448.55,5451.75
6655,2024-02-26 11:18:00,5453.9,5457.25,5452.1,5456.65
6656,2024-02-26 11:19:00,5455.15,5456.6,5450.0,5450.0
6657,2024-02-26 11:20:00,5446.0,5452.15,5445.3,5451.2
6658,2024-02-26 11:21:00,5450.0,5455.55,5445.0,5455.55
6659,2024-02-26 11:22:00,5456.65,5457.35,5455.0,5455.6
6660,2024-02-26 11:23:00,5457.25,5457.25,5457.0,5457.25
6661,2024-02-26 11:24:00,5457.0,5459.95,5457.0,5458.0
6662,2024-02-26 11:25:00,5459.65,5459.65,5458.0,5458.0
6663,2024-02-26 11:26:00,5459.3,5459.3,5458.0,5459.2
6664,2024-02-26 11:27:00,5458.0,5458.35,5456.0,5457.8
6665,2024-02-26 11:28:00,5457.7,5459.1,5456.75,5459.05
6666,2024-02-26 11:29:00,5456.2,5459.05,5456.0,5456.0
6667,2024-02-26 11:30:00,5457.9,5457.9,5455.1,5455.15
6668,2024-02-26 11:31:00,5455.1,5455.45,5454.5,5454.5
6669,2024-02-26 11:32:00,5454.2,5454.9,5454.2,5454.9
6670,2024-02-26 11:33:00,5455.1,5455.1,5453.85,5455.0
6671,2024-02-26 11:34:00,5454.05,5455.0,5453.85,5455.0
6672,2024-02-26 11:35:00,5454.25,5456.05,5454.1,5456.05
6673,2024-02-26 11:36:00,5456.7,5456.95,5453.25,5453.25
6674,2024-02-26 11:37:00,5453.0,5453.45,5452.25,5452.25
6675,2024-02-26 11:38:00,5453.15,5455.35,5452.25,5453.25
6676,2024-02-26 11:39:00,5452.25,5454.3,5452.25,5454.25
6677,2024-02-26 11:40:00,5452.25,5452.5,5451.85,5451.9
6678,2024-02-26 11:41:00,5451.95,5451.95,5450.0,5450.0
6679,2024-02-26 11:42:00,5450.2,5450.2,5448.85,5448.9
6680,2024-02-26 11:43:00,5448.85,5450.05,5447.35,5449.95
6681,2024-02-26 11:44:00,5450.05,5456.8,5450.0,5455.45
6682,2024-02-26 11:45:00,5454.35,5458.9,5454.35,5456.35
6683,2024-02-26 11:46:00,5456.15,5457.5,5456.15,5456.85
6684,2024-02-26 11:47:00,5459.05,5465.95,5457.9,5464.6
6685,2024-02-26 11:48:00,5465.1,5465.1,5459.0,5459.45
6686,2024-02-26 11:49:00,5459.5,5462.1,5458.2,5459.3
6687,2024-02-26 11:50:00,5461.7,5461.7,5459.25,5461.65
6688,2024-02-26 11:51:00,5460.0,5463.0,5460.0,5460.0
6689,2024-02-26 11:52:00,5460.5,5465.0,5457.8,5464.0
6690,2024-02-26 11:53:00,5465.55,5468.0,5464.2,5464.2
6691,2024-02-26 11:54:00,5464.15,5467.4,5463.0,5463.0
6692,2024-02-26 11:55:00,5463.75,5463.75,5462.0,5462.0
6693,2024-02-26 11:56:00,5462.65,5462.65,5462.0,5462.0
6694,2024-02-26 11:57:00,5462.05,5463.65,5462.0,5462.05
6695,2024-02-26 11:58:00,5463.65,5463.65,5461.0,5461.8
6696,2024-02-26 11:59:00,5462.75,5465.95,5461.85,5465.4
6697,2024-02-26 12:00:00,5465.05,5467.0,5463.05,5463.05
6698,2024-02-26 12:01:00,5463.0,5466.65,5463.0,5466.65
6699,2024-02-26 12:02:00,5467.4,5475.0,5466.7,5471.9
6700,2024-02-26 12:03:00,5474.4,5475.0,5472.45,5473.65
6701,2024-02-26 12:04:00,5474.95,5474.95,5469.05,5470.35
6702,2024-02-26 12:05:00,5471.55,5471.85,5469.0,5471.65
6703,2024-02-26 12:06:00,5469.35,5473.25,5468.15,5470.95
6704,2024-02-26 12:07:00,5470.9,5470.9,5469.3,5470.0
6705,2024-02-26 12:08:00,5470.9,5472.45,5468.75,5468.75
6706,2024-02-26 12:09:00,5472.0,5472.0,5467.1,5467.15
6707,2024-02-26 12:10:00,5468.0,5468.95,5466.05,5468.95
6708,2024-02-26 12:11:00,5467.15,5472.0,5467.0,5469.0
6709,2024-02-26 12:12:00,5472.0,5472.0,5467.05,5467.7
6710,2024-02-26 12:13:00,5470.65,5471.05,5466.05,5466.05
6711,2024-02-26 12:14:00,5469.1,5470.6,5466.05,5469.05
6712,2024-02-26 12:15:00,5466.1,5468.95,5466.05,5468.15
6713,2024-02-26 12:16:00,5466.55,5473.0,5466.55,5469.45
6714,2024-02-26 12:17:00,5470.85,5472.05,5470.0,5470.0
6715,2024-02-26 12:18:00,5472.4,5472.4,5469.45,5469.45
6716,2024-02-26 12:19:00,5470.0,5470.0,5469.45,5469.65
6717,2024-02-26 12:20:00,5469.45,5478.7,5469.45,5472.45
6718,2024-02-26 12:21:00,5472.25,5472.8,5470.0,5471.35
6719,2024-02-26 12:22:00,5472.8,5475.95,5471.35,5473.9
6720,2024-02-26 12:23:00,5466.6,5467.4,5463.0,5464.25
6721,2024-02-26 12:24:00,5464.2,5467.25,5463.0,5463.0
6722,2024-02-26 12:25:00,5465.3,5467.0,5463.0,5467.0
6723,2024-02-26 12:26:00,5466.55,5469.35,5463.0,5465.6
6724,2024-02-26 12:27:00,5463.3,5467.35,5463.3,5465.3
6725,2024-02-26 12:28:00,5465.5,5465.95,5463.0,5463.15
6726,2024-02-26 12:29:00,5463.0,5466.8,5462.0,5462.05
6727,2024-02-26 12:30:00,5462.0,5464.85,5462.0,5462.0
6728,2024-02-26 12:31:00,5462.15,5463.95,5462.0,5463.0
6729,2024-02-26 12:32:00,5462.15,5465.1,5462.0,5463.05
6730,2024-02-26 12:33:00,5462.0,5465.55,5462.0,5462.0
6731,2024-02-26 12:34:00,5463.2,5463.2,5462.0,5462.55
6732,2024-02-26 12:35:00,5462.0,5464.3,5462.0,5463.0
6733,2024-02-26 12:36:00,5464.1,5464.1,5463.0,5464.1
6734,2024-02-26 12:37:00,5463.9,5464.35,5463.9,5464.15
6735,2024-02-26 12:38:00,5464.1,5464.15,5462.0,5462.0
6736,2024-02-26 12:39:00,5462.6,5462.6,5462.0,5462.05
6737,2024-02-26 12:40:00,5462.0,5462.05,5462.0,5462.0
6738,2024-02-26 12:41:00,5462.05,5462.05,5456.1,5456.5
6739,2024-02-26 12:42:00,5456.0,5459.2,5455.2,5456.05
6740,2024-02-26 12:43:00,5456.0,5457.2,5455.0,5455.05
6741,2024-02-26 12:44:00,5455.0,5456.9,5455.0,5456.85
6742,2024-02-26 12:45:00,5455.05,5458.1,5455.0,5455.1
6743,2024-02-26 12:46:00,5455.05,5457.85,5455.05,5457.75
6744,2024-02-26 12:47:00,5456.35,5459.55,5456.35,5457.4
6745,2024-02-26 12:48:00,5457.35,5460.0,5457.35,5459.9
6746,2024-02-26 12:49:00,5458.05,5459.75,5457.35,5459.25
6747,2024-02-26 12:50:00,5459.3,5459.35,5457.85,5458.45
6748,2024-02-26 12:51:00,5457.65,5458.45,5457.55,5457.65
6749,2024-02-26 12:52:00,5457.75,5457.75,5455.7,5455.7
6750,2024-02-26 12:53:00,5455.4,5459.65,5455.05,5455.05
6751,2024-02-26 12:54:00,5457.85,5457.85,5455.0,5455.0
6752,2024-02-26 12:55:00,5456.1,5456.1,5455.0,5455.45
6753,2024-02-26 12:56:00,5455.0,5455.15,5452.15,5455.15
6754,2024-02-26 12:57:00,5455.0,5455.15,5452.65,5455.0
6755,2024-02-26 12:58:00,5454.45,5455.0,5454.0,5454.25
6756,2024-02-26 12:59:00,5454.0,5462.95,5454.0,5462.95
6757,2024-02-26 13:00:00,5461.35,5464.45,5460.0,5460.25
6758,2024-02-26 13:01:00,5460.0,5461.15,5460.0,5460.05
6759,2024-02-26 13:02:00,5460.35,5461.15,5459.1,5460.55
6760,2024-02-26 13:03:00,5458.8,5459.75,5458.65,5458.65
6761,2024-02-26 13:04:00,5459.15,5464.3,5458.45,5462.0
6762,2024-02-26 13:05:00,5464.15,5464.15,5458.45,5458.65
6763,2024-02-26 13:06:00,5459.3,5463.85,5458.8,5460.15
6764,2024-02-26 13:07:00,5459.55,5462.25,5458.8,5460.2
6765,2024-02-26 13:08:00,5460.8,5460.8,5459.0,5460.0
6766,2024-02-26 13:09:00,5459.0,5463.65,5458.45,5458.45
6767,2024-02-26 13:10:00,5459.05,5464.4,5458.7,5462.4
6768,2024-02-26 13:11:00,5461.15,5464.1,5459.9,5461.35
6769,2024-02-26 13:12:00,5459.6,5464.55,5459.0,5459.05
6770,2024-02-26 13:13:00,5459.0,5463.5,5458.65,5462.45
6771,2024-02-26 13:14:00,5460.05,5461.85,5458.6,5458.7
6772,2024-02-26 13:15:00,5458.65,5461.0,5457.1,5461.0
6773,2024-02-26 13:16:00,5458.4,5461.0,5458.25,5459.85
6774,2024-02-26 13:17:00,5459.6,5460.55,5458.15,5460.5
6775,2024-02-26 13:18:00,5458.5,5461.45,5458.5,5458.55
6776,2024-02-26 13:19:00,5458.5,5463.2,5458.5,5462.55
6777,2024-02-26 13:20:00,5460.15,5462.55,5460.15,5460.35
6778,2024-02-26 13:21:00,5460.2,5462.3,5458.6,5460.95
6779,2024-02-26 13:22:00,5459.4,5459.4,5458.0,5458.05
6780,2024-02-26 13:23:00,5457.65,5458.95,5457.65,5458.5
6781,2024-02-26 13:24:00,5458.95,5460.2,5458.5,5458.95
6782,2024-02-26 13:25:00,5459.0,5459.7,5457.65,5459.7
6783,2024-02-26 13:26:00,5457.65,5459.75,5457.25,5458.0
6784,2024-02-26 13:27:00,5457.65,5460.2,5457.65,5460.0
6785,2024-02-26 13:28:00,5460.3,5460.3,5457.2,5458.0
6786,2024-02-26 13:29:00,5457.6,5458.9,5457.15,5458.75
6787,2024-02-26 13:30:00,5458.2,5461.55,5458.0,5459.4
6788,2024-02-26 13:31:00,5460.0,5460.0,5457.9,5458.6
6789,2024-02-26 13:32:00,5457.65,5460.25,5457.15,5458.0
6790,2024-02-26 13:33:00,5457.55,5459.1,5457.1,5458.55
6791,2024-02-26 13:34:00,5457.85,5459.8,5457.85,5458.75
6792,2024-02-26 13:35:00,5457.15,5459.8,5457.15,5459.3
6793,2024-02-26 13:36:00,5458.85,5459.3,5458.85,5459.3
6794,2024-02-26 13:37:00,5458.85,5459.7,5457.15,5459.7
6795,2024-02-26 13:38:00,5459.8,5462.8,5457.6,5458.55
6796,2024-02-26 13:39:00,5460.7,5460.9,5458.0,5460.9
6797,2024-02-26 13:40:00,5459.35,5461.5,5458.0,5458.5
6798,2024-02-26 13:41:00,5458.1,5460.4,5458.0,5459.2
6799,2024-02-26 13:42:00,5458.05,5460.55,5457.7,5460.5
6800,2024-02-26 13:43:00,5458.05,5460.05,5458.05,5458.1
6801,2024-02-26 13:44:00,5459.1,5460.35,5458.1,5458.8
6802,2024-02-26 13:45:00,5458.55,5459.8,5458.55,5459.8
6803,2024-02-26 13:46:00,5459.5,5462.85,5459.5,5462.85
6804,2024-02-26 13:47:00,5462.2,5465.25,5462.2,5465.25
6805,2024-02-26 13:48:00,5465.0,5465.0,5461.55,5461.55
6806,2024-02-26 13:49:00,5461.35,5469.45,5460.1,5468.35
6807,2024-02-26 13:50:00,5465.4,5468.5,5465.4,5467.35
6808,2024-02-26 13:51:00,5468.6,5468.6,5465.05,5465.1
6809,2024-02-26 13:52:00,5466.0,5466.5,5462.7,5463.1
6810,2024-02-26 13:53:00,5463.05,5469.9,5461.05,5467.2
6811,2024-02-26 13:54:00,5464.8,5467.2,5461.95,5465.0
6812,2024-02-26 13:55:00,5464.15,5466.5,5461.95,5463.2
6813,2024-02-26 13:56:00,5463.05,5465.7,5462.0,5463.0
6814,2024-02-26 13:57:00,5464.3,5466.65,5458.65,5458.65
6815,2024-02-26 13:58:00,5460.0,5462.5,5458.75,5459.25
6816,2024-02-26 13:59:00,5460.8,5465.0,5458.85,5463.25
6817,2024-02-26 14:00:00,5461.95,5465.9,5460.8,5463.0
6818,2024-02-26 14:01:00,5463.85,5465.45,5462.05,5462.3
6819,2024-02-26 14:02:00,5464.2,5465.45,5462.3,5464.05
6820,2024-02-26 14:03:00,5465.0,5471.8,5464.6,5471.25
6821,2024-02-26 14:04:00,5469.15,5471.25,5465.0,5466.1
6822,2024-02-26 14:05:00,5466.05,5470.6,5464.8,5466.65
6823,2024-02-26 14:06:00,5466.55,5470.0,5466.55,5468.75
6824,2024-02-26 14:07:00,5468.25,5471.0,5467.55,5469.0
6825,2024-02-26 14:08:00,5470.0,5471.0,5468.2,5470.0
6826,2024-02-26 14:09:00,5467.9,5472.65,5467.7,5468.0
6827,2024-02-26 14:10:00,5470.65,5470.65,5466.65,5467.65
6828,2024-02-26 14:11:00,5468.6,5470.9,5466.65,5466.65
6829,2024-02-26 14:12:00,5469.2,5471.0,5466.75,5471.0
6830,2024-02-26 14:13:00,5469.6,5469.6,5466.95,5467.25
6831,2024-02-26 14:14:00,5467.45,5471.95,5467.45,5468.5
6832,2024-02-26 14:15:00,5468.05,5469.55,5467.2,5467.2
6833,2024-02-26 14:16:00,5466.8,5469.5,5466.05,5466.7
6834,2024-02-26 14:17:00,5468.25,5469.7,5466.7,5469.7
6835,2024-02-26 14:18:00,5467.6,5469.7,5467.6,5468.7
6836,2024-02-26 14:19:00,5468.25,5469.25,5467.1,5467.1
6837,2024-02-26 14:20:00,5468.7,5470.45,5467.1,5468.65
6838,2024-02-26 14:21:00,5467.5,5470.85,5467.5,5467.9
6839,2024-02-26 14:22:00,5467.85,5472.0,5467.0,5467.0
6840,2024-02-26 14:23:00,5468.0,5472.7,5467.05,5472.5
6841,2024-02-26 14:24:00,5469.75,5476.45,5469.0,5472.5
6842,2024-02-26 14:25:00,5470.55,5476.0,5470.45,5476.0
6843,2024-02-26 14:26:00,5473.05,5475.2,5468.0,5468.0
6844,2024-02-26 14:27:00,5467.75,5472.3,5465.35,5469.95
6845,2024-02-26 14:28:00,5467.95,5469.85,5465.65,5468.9
6846,2024-02-26 14:29:00,5466.7,5468.8,5465.65,5467.0
6847,2024-02-26 14:30:00,5467.8,5469.85,5466.65,5469.1
6848,2024-02-26 14:31:00,5466.8,5469.05,5466.8,5467.35
6849,2024-02-26 14:32:00,5468.0,5468.0,5467.2,5467.2
6850,2024-02-26 14:33:00,5467.3,5467.6,5467.2,5467.2
6851,2024-02-26 14:34:00,5468.55,5468.55,5467.2,5467.2
6852,2024-02-26 14:35:00,5467.1,5468.55,5467.1,5467.1
6853,2024-02-26 14:36:00,5467.0,5469.4,5465.05,5466.35
6854,2024-02-26 14:37:00,5466.1,5469.8,5465.7,5469.7
6855,2024-02-26 14:38:00,5466.25,5469.8,5466.15,5466.55
6856,2024-02-26 14:39:00,5466.15,5467.7,5465.3,5466.65
6857,2024-02-26 14:40:00,5467.7,5469.4,5465.0,5466.65
6858,2024-02-26 14:41:00,5466.05,5468.95,5465.65,5466.15
6859,2024-02-26 14:42:00,5466.65,5468.95,5466.4,5466.65
6860,2024-02-26 14:43:00,5467.35,5468.9,5466.35,5467.55
6861,2024-02-26 14:44:00,5467.45,5468.9,5466.65,5467.45
6862,2024-02-26 14:45:00,5466.75,5468.3,5465.0,5466.65
6863,2024-02-26 14:46:00,5466.45,5468.8,5466.05,5466.3
6864,2024-02-26 14:47:00,5466.2,5468.9,5465.0,5466.65
6865,2024-02-26 14:48:00,5466.55,5468.0,5463.65,5463.65
6866,2024-02-26 14:49:00,5462.0,5465.0,5460.0,5461.4
6867,2024-02-26 14:50:00,5460.0,5462.8,5460.0,5460.0
6868,2024-02-26 14:51:00,5460.3,5467.4,5460.0,5465.4
6869,2024-02-26 14:52:00,5465.0,5465.4,5465.0,5465.15
6870,2024-02-26 14:53:00,5465.0,5467.4,5465.0,5467.4
6871,2024-02-26 14:54:00,5465.0,5467.4,5465.0,5465.05
6872,2024-02-26 14:55:00,5465.0,5467.45,5463.05,5465.95
6873,2024-02-26 14:56:00,5465.0,5466.6,5465.0,5465.0
6874,2024-02-26 14:57:00,5466.8,5467.0,5465.0,5465.1
6875,2024-02-26 14:58:00,5465.0,5466.45,5465.0,5466.0
6876,2024-02-26 14:59:00,5465.25,5466.6,5460.0,5464.8
6877,2024-02-26 15:00:00,5465.1,5465.1,5458.1,5459.0
6878,2024-02-26 15:01:00,5458.1,5463.55,5458.1,5463.55
6879,2024-02-26 15:02:00,5460.55,5464.9,5460.55,5464.3
6880,2024-02-26 15:03:00,5464.25,5465.4,5462.3,5464.65
6881,2024-02-26 15:04:00,5464.35,5464.6,5460.15,5463.95
6882,2024-02-26 15:05:00,5463.9,5463.9,5458.9,5461.1
6883,2024-02-26 15:06:00,5460.65,5461.1,5458.75,5459.8
6884,2024-02-26 15:07:00,5460.0,5460.0,5458.1,5459.4
6885,2024-02-26 15:08:00,5459.05,5462.9,5458.25,5462.9
6886,2024-02-26 15:09:00,5462.8,5466.3,5461.45,5466.3
6887,2024-02-26 15:10:00,5466.35,5466.35,5461.0,5463.45
6888,2024-02-26 15:11:00,5463.4,5463.45,5460.05,5463.45
6889,2024-02-26 15:12:00,5463.35,5465.0,5463.3,5463.85
6890,2024-02-26 15:13:00,5463.75,5465.3,5462.65,5465.05
6891,2024-02-26 15:14:00,5465.0,5465.25,5465.0,5465.05
6892,2024-02-26 15:15:00,5465.1,5465.25,5464.7,5465.1
6893,2024-02-26 15:16:00,5465.15,5469.3,5465.1,5469.3
6894,2024-02-26 15:17:00,5469.0,5469.3,5466.2,5469.15
6895,2024-02-26 15:18:00,5469.0,5469.15,5468.9,5469.05
6896,2024-02-26 15:19:00,5469.0,5469.05,5466.2,5469.0
6897,2024-02-26 15:20:00,5469.05,5469.45,5469.0,5469.05
6898,2024-02-26 15:21:00,5469.1,5469.2,5468.0,5468.2
6899,2024-02-26 15:22:00,5468.05,5468.15,5465.0,5465.0
6900,2024-02-26 15:23:00,5465.5,5465.55,5465.05,5465.3
6901,2024-02-26 15:24:00,5465.25,5469.0,5465.25,5468.95
6902,2024-02-26 15:25:00,5467.7,5469.4,5465.0,5465.7
6903,2024-02-26 15:26:00,5465.0,5470.3,5465.0,5465.0
6904,2024-02-26 15:27:00,5465.05,5465.05,5465.0,5465.0
6905,2024-02-26 15:28:00,5465.05,5465.05,5465.0,5465.0
6906,2024-02-26 15:29:00,5465.05,5465.05,5465.0,5465.0
6907,2024-02-27 09:14:00,5465.0,5465.0,5465.0,5465.0
6908,2024-02-27 09:15:00,5465.9,5489.9,5465.9,5489.9
6909,2024-02-27 09:16:00,5491.4,5497.25,5475.0,5478.05
6910,2024-02-27 09:17:00,5480.95,5497.25,5476.1,5494.9
6911,2024-02-27 09:18:00,5499.9,5499.9,5491.6,5492.05
6912,2024-02-27 09:19:00,5491.55,5496.6,5490.7,5496.0
6913,2024-02-27 09:20:00,5496.45,5498.95,5493.0,5498.95
6914,2024-02-27 09:21:00,5498.9,5498.95,5483.7,5486.9
6915,2024-02-27 09:22:00,5487.75,5500.0,5487.5,5495.7
6916,2024-02-27 09:23:00,5499.0,5503.4,5495.1,5499.25
6917,2024-02-27 09:24:00,5499.3,5508.1,5497.9,5505.75
6918,2024-02-27 09:25:00,5503.0,5507.4,5501.35,5505.65
6919,2024-02-27 09:26:00,5506.0,5506.85,5501.6,5502.15
6920,2024-02-27 09:27:00,5502.25,5507.0,5502.25,5504.45
6921,2024-02-27 09:28:00,5506.0,5507.6,5490.5,5491.0
6922,2024-02-27 09:29:00,5495.65,5495.8,5490.8,5492.0
6923,2024-02-27 09:30:00,5491.0,5491.0,5484.1,5489.35
6924,2024-02-27 09:31:00,5489.15,5490.1,5483.65,5483.95
6925,2024-02-27 09:32:00,5482.0,5489.15,5482.0,5485.3
6926,2024-02-27 09:33:00,5481.75,5488.0,5481.45,5486.65
6927,2024-02-27 09:34:00,5486.75,5486.8,5477.7,5480.75
6928,2024-02-27 09:35:00,5478.0,5480.7,5471.4,5473.5
6929,2024-02-27 09:36:00,5473.45,5473.5,5466.95,5466.95
6930,2024-02-27 09:37:00,5467.1,5470.0,5467.0,5470.0
6931,2024-02-27 09:38:00,5465.0,5474.95,5465.0,5472.3
6932,2024-02-27 09:39:00,5470.9,5474.05,5468.25,5468.25
6933,2024-02-27 09:40:00,5470.7,5470.7,5467.05,5470.0
6934,2024-02-27 09:41:00,5468.5,5470.0,5467.05,5467.05
6935,2024-02-27 09:42:00,5468.15,5469.7,5466.25,5467.1
6936,2024-02-27 09:43:00,5469.5,5469.5,5463.0,5463.55
6937,2024-02-27 09:44:00,5463.5,5468.15,5461.0,5464.65
6938,2024-02-27 09:45:00,5464.8,5470.0,5464.8,5469.0
6939,2024-02-27 09:46:00,5470.0,5472.25,5466.0,5468.5
6940,2024-02-27 09:47:00,5466.65,5471.05,5466.55,5469.9
6941,2024-02-27 09:48:00,5469.85,5469.9,5467.05,5468.9
6942,2024-02-27 09:49:00,5469.9,5469.9,5469.0,5469.8
6943,2024-02-27 09:50:00,5470.0,5475.0,5467.1,5470.0
6944,2024-02-27 09:51:00,5469.0,5469.95,5466.05,5467.0
6945,2024-02-27 09:52:00,5466.75,5469.7,5466.0,5467.55
6946,2024-02-27 09:53:00,5466.5,5467.9,5465.0,5467.6
6947,2024-02-27 09:54:00,5467.9,5469.8,5466.15,5469.8
6948,2024-02-27 09:55:00,5469.4,5469.8,5463.05,5465.0
6949,2024-02-27 09:56:00,5463.15,5466.7,5463.15,5466.7
6950,2024-02-27 09:57:00,5464.6,5467.95,5464.4,5465.95
6951,2024-02-27 09:58:00,5467.95,5467.95,5465.95,5467.95
6952,2024-02-27 09:59:00,5466.05,5468.7,5466.05,5468.0
6953,2024-02-27 10:00:00,5470.0,5473.35,5468.0,5468.0
6954,2024-02-27 10:01:00,5469.95,5469.95,5466.1,5468.7
6955,2024-02-27 10:02:00,5468.75,5468.75,5466.35,5468.75
6956,2024-02-27 10:03:00,5466.6,5469.3,5466.6,5469.0
6957,2024-02-27 10:04:00,5465.75,5466.6,5465.1,5465.2
6958,2024-02-27 10:05:00,5467.55,5467.55,5465.2,5467.15
6959,2024-02-27 10:06:00,5465.0,5465.0,5462.5,5462.8
6960,2024-02-27 10:07:00,5462.35,5463.65,5452.0,5457.05
6961,2024-02-27 10:08:00,5459.0,5459.0,5456.0,5458.9
6962,2024-02-27 10:09:00,5457.05,5458.9,5454.9,5455.0
6963,2024-02-27 10:10:00,5454.6,5457.45,5452.95,5457.45
6964,2024-02-27 10:11:00,5454.4,5457.45,5452.0,5455.4
6965,2024-02-27 10:12:00,5453.0,5454.85,5448.05,5452.0
6966,2024-02-27 10:13:00,5454.35,5454.7,5452.0,5454.7
6967,2024-02-27 10:14:00,5452.45,5460.0,5452.45,5460.0
6968,2024-02-27 10:15:00,5458.0,5467.0,5458.0,5465.7
6969,2024-02-27 10:16:00,5462.85,5466.4,5462.85,5465.35
6970,2024-02-27 10:17:00,5462.85,5467.0,5462.85,5465.1
6971,2024-02-27 10:18:00,5466.95,5466.95,5465.1,5465.15
6972,2024-02-27 10:19:00,5466.95,5467.0,5465.15,5465.15
6973,2024-02-27 10:20:00,5467.0,5467.0,5465.2,5466.55
6974,2024-02-27 10:21:00,5465.5,5466.5,5458.95,5459.0
6975,2024-02-27 10:22:00,5459.1,5462.95,5459.1,5460.15
6976,2024-02-27 10:23:00,5459.6,5460.15,5456.2,5458.0
6977,2024-02-27 10:24:00,5457.9,5458.2,5455.0,5455.0
6978,2024-02-27 10:25:00,5456.95,5460.0,5452.0,5458.4
6979,2024-02-27 10:26:00,5458.45,5460.0,5455.0,5457.35
6980,2024-02-27 10:27:00,5457.2,5460.0,5457.0,5457.0
6981,2024-02-27 10:28:00,5455.75,5458.45,5454.95,5457.8
6982,2024-02-27 10:29:00,5457.3,5457.75,5454.0,5454.0
6983,2024-02-27 10:30:00,5455.25,5455.25,5448.0,5448.95
6984,2024-02-27 10:31:00,5449.9,5449.9,5446.1,5447.15
6985,2024-02-27 10:32:00,5446.9,5448.0,5444.0,5445.0
6986,2024-02-27 10:33:00,5446.9,5450.55,5445.0,5448.5
6987,2024-02-27 10:34:00,5448.4,5450.0,5448.4,5448.65
6988,2024-02-27 10:35:00,5448.6,5452.45,5448.6,5451.3
6989,2024-02-27 10:36:00,5451.4,5454.3,5451.4,5453.05
6990,2024-02-27 10:37:00,5454.4,5457.4,5450.1,5450.1
6991,2024-02-27 10:38:00,5453.9,5455.75,5451.4,5455.75
6992,2024-02-27 10:39:00,5454.65,5458.8,5454.65,5457.15
6993,2024-02-27 10:40:00,5457.8,5458.6,5453.65,5453.65
6994,2024-02-27 10:41:00,5453.55,5453.55,5450.4,5451.5
6995,2024-02-27 10:42:00,5451.1,5451.95,5449.0,5449.45
6996,2024-02-27 10:43:00,5450.0,5450.0,5449.0,5449.5
6997,2024-02-27 10:44:00,5449.7,5450.0,5449.5,5449.6
6998,2024-02-27 10:45:00,5449.8,5450.0,5449.7,5450.0
6999,2024-02-27 10:46:00,5449.7,5450.0,5446.0,5447.25
7000,2024-02-27 10:47:00,5447.3,5449.8,5447.3,5449.3
7001,2024-02-27 10:48:00,5449.0,5454.0,5449.0,5451.05
7002,2024-02-27 10:49:00,5453.8,5455.55,5451.05,5452.6
7003,2024-02-27 10:50:00,5456.05,5458.35,5452.6,5455.0
7004,2024-02-27 10:51:00,5455.65,5457.65,5455.0,5456.7
7005,2024-02-27 10:52:00,5455.8,5458.8,5455.65,5455.65
7006,2024-02-27 10:53:00,5455.0,5455.65,5455.0,5455.0
7007,2024-02-27 10:54:00,5455.2,5456.75,5455.0,5455.0
7008,2024-02-27 10:55:00,5455.1,5455.1,5449.55,5449.55
7009,2024-02-27 10:56:00,5450.0,5450.0,5446.65,5448.15
7010,2024-02-27 10:57:00,5448.4,5452.35,5448.4,5449.7
7011,2024-02-27 10:58:00,5452.45,5454.7,5450.1,5450.1
7012,2024-02-27 10:59:00,5450.25,5457.75,5450.25,5454.0
7013,2024-02-27 11:00:00,5455.0,5457.85,5454.65,5457.65
7014,2024-02-27 11:01:00,5454.95,5457.95,5454.95,5455.0
7015,2024-02-27 11:02:00,5456.3,5461.1,5455.0,5460.95
7016,2024-02-27 11:03:00,5461.0,5461.45,5455.1,5455.85
7017,2024-02-27 11:04:00,5455.65,5457.1,5455.0,5455.0
7018,2024-02-27 11:05:00,5455.1,5459.75,5454.65,5458.0
7019,2024-02-27 11:06:00,5457.0,5457.45,5454.05,5455.0
7020,2024-02-27 11:07:00,5455.4,5456.95,5453.55,5454.45
7021,2024-02-27 11:08:00,5453.55,5456.95,5453.55,5454.7
7022,2024-02-27 11:09:00,5455.7,5456.95,5455.0,5455.0
7023,2024-02-27 11:10:00,5455.1,5458.0,5454.95,5454.95
7024,2024-02-27 11:11:00,5455.0,5456.5,5454.85,5455.0
7025,2024-02-27 11:12:00,5453.05,5455.0,5448.05,5450.0
7026,2024-02-27 11:13:00,5450.5,5452.9,5446.7,5447.1
7027,2024-02-27 11:14:00,5447.0,5450.0,5447.0,5448.0
7028,2024-02-27 11:15:00,5449.85,5450.0,5448.0,5448.95
7029,2024-02-27 11:16:00,5448.9,5450.0,5446.55,5446.7
7030,2024-02-27 11:17:00,5446.45,5450.0,5446.0,5446.55
7031,2024-02-27 11:18:00,5449.15,5449.85,5446.55,5446.7
7032,2024-02-27 11:19:00,5448.15,5449.2,5446.0,5446.0
7033,2024-02-27 11:20:00,5446.8,5448.15,5446.25,5446.9
7034,2024-02-27 11:21:00,5448.15,5448.15,5446.5,5446.7
7035,2024-02-27 11:22:00,5446.65,5448.15,5446.45,5446.7
7036,2024-02-27 11:23:00,5448.15,5450.0,5446.8,5448.7
7037,2024-02-27 11:24:00,5448.8,5450.0,5448.75,5450.0
7038,2024-02-27 11:25:00,5449.4,5454.6,5448.8,5453.9
7039,2024-02-27 11:26:00,5454.5,5454.55,5449.0,5449.7
7040,2024-02-27 11:27:00,5449.0,5449.35,5448.9,5448.9
7041,2024-02-27 11:28:00,5449.0,5450.0,5449.0,5450.0
7042,2024-02-27 11:29:00,5449.55,5450.0,5445.9,5447.5
7043,2024-02-27 11:30:00,5447.7,5454.2,5447.7,5451.35
7044,2024-02-27 11:31:00,5451.25,5453.9,5451.2,5453.9
7045,2024-02-27 11:32:00,5453.45,5454.9,5450.0,5451.05
7046,2024-02-27 11:33:00,5450.65,5452.6,5450.0,5450.0
7047,2024-02-27 11:34:00,5450.05,5453.7,5449.8,5450.0
7048,2024-02-27 11:35:00,5449.9,5452.9,5449.8,5452.75
7049,2024-02-27 11:36:00,5449.95,5453.85,5449.95,5451.0
7050,2024-02-27 11:37:00,5451.35,5456.45,5451.35,5454.9
7051,2024-02-27 11:38:00,5455.0,5455.0,5451.25,5453.0
7052,2024-02-27 11:39:00,5452.9,5455.0,5451.8,5453.2
7053,2024-02-27 11:40:00,5455.0,5455.0,5451.75,5454.95
7054,2024-02-27 11:41:00,5452.15,5455.0,5452.15,5454.7
7055,2024-02-27 11:42:00,5452.75,5454.05,5450.0,5453.55
7056,2024-02-27 11:43:00,5454.0,5454.0,5450.1,5451.1
7057,2024-02-27 11:44:00,5452.95,5454.05,5451.0,5451.75
7058,2024-02-27 11:45:00,5452.0,5453.7,5450.0,5450.0
7059,2024-02-27 11:46:00,5450.05,5451.85,5449.9,5449.95
7060,2024-02-27 11:47:00,5451.2,5451.9,5450.0,5450.05
7061,2024-02-27 11:48:00,5450.3,5451.05,5450.0,5450.0
7062,2024-02-27 11:49:00,5450.05,5453.45,5450.05,5450.95
7063,2024-02-27 11:50:00,5452.15,5453.45,5450.9,5450.9
7064,2024-02-27 11:51:00,5451.0,5451.0,5449.4,5449.4
7065,2024-02-27 11:52:00,5450.35,5450.75,5449.9,5449.9
7066,2024-02-27 11:53:00,5451.4,5451.7,5449.9,5450.0
7067,2024-02-27 11:54:00,5451.85,5451.85,5450.0,5450.0
7068,2024-02-27 11:55:00,5450.05,5450.15,5449.7,5449.7
7069,2024-02-27 11:56:00,5451.55,5451.8,5449.6,5450.0
7070,2024-02-27 11:57:00,5452.05,5452.05,5449.6,5449.9
7071,2024-02-27 11:58:00,5450.95,5452.9,5449.9,5450.0
7072,2024-02-27 11:59:00,5451.0,5452.3,5450.0,5450.0
7073,2024-02-27 12:00:00,5450.05,5452.3,5450.0,5452.25
7074,2024-02-27 12:01:00,5452.1,5453.0,5450.0,5450.0
7075,2024-02-27 12:02:00,5452.25,5452.35,5449.9,5452.2
7076,2024-02-27 12:03:00,5450.0,5452.25,5449.9,5449.9
7077,2024-02-27 12:04:00,5449.95,5451.95,5449.9,5450.0
7078,2024-02-27 12:05:00,5450.7,5451.8,5449.8,5449.8
7079,2024-02-27 12:06:00,5449.85,5451.0,5449.7,5449.9
7080,2024-02-27 12:07:00,5451.7,5451.95,5449.8,5450.0
7081,2024-02-27 12:08:00,5449.9,5452.5,5449.2,5452.45
7082,2024-02-27 12:09:00,5450.0,5452.25,5446.7,5447.05
7083,2024-02-27 12:10:00,5450.0,5450.0,5431.5,5431.5
7084,2024-02-27 12:11:00,5433.2,5435.3,5428.0,5428.1
7085,2024-02-27 12:12:00,5429.05,5429.95,5424.6,5424.6
7086,2024-02-27 12:13:00,5425.95,5426.0,5422.55,5425.0
7087,2024-02-27 12:14:00,5425.7,5430.6,5425.3,5427.0
7088,2024-02-27 12:15:00,5428.0,5432.6,5426.0,5427.3
7089,2024-02-27 12:16:00,5428.5,5430.0,5427.0,5430.0
7090,2024-02-27 12:17:00,5427.0,5430.6,5426.25,5429.95
7091,2024-02-27 12:18:00,5429.9,5430.85,5427.7,5428.25
7092,2024-02-27 12:19:00,5430.0,5430.0,5428.25,5429.05
7093,2024-02-27 12:20:00,5429.45,5432.95,5429.1,5432.95
7094,2024-02-27 12:21:00,5432.55,5432.7,5431.0,5431.35
7095,2024-02-27 12:22:00,5431.5,5433.0,5431.0,5431.0
7096,2024-02-27 12:23:00,5431.1,5434.75,5431.0,5432.55
7097,2024-02-27 12:24:00,5434.7,5437.2,5432.55,5437.2
7098,2024-02-27 12:25:00,5437.0,5439.6,5436.9,5439.0
7099,2024-02-27 12:26:00,5439.25,5441.85,5439.0,5441.85
7100,2024-02-27 12:27:00,5441.4,5445.0,5441.4,5443.85
7101,2024-02-27 12:28:00,5444.95,5444.95,5443.0,5443.5
7102,2024-02-27 12:29:00,5444.4,5444.4,5443.0,5443.25
7103,2024-02-27 12:30:00,5443.2,5444.0,5443.05,5443.25
7104,2024-02-27 12:31:00,5443.15,5444.9,5443.0,5443.5
7105,2024-02-27 12:32:00,5443.95,5445.0,5443.45,5444.6
7106,2024-02-27 12:33:00,5445.7,5445.7,5444.6,5444.75
7107,2024-02-27 12:34:00,5444.8,5446.0,5444.65,5445.15
7108,2024-02-27 12:35:00,5445.4,5446.0,5445.0,5445.15
7109,2024-02-27 12:36:00,5447.1,5447.35,5445.1,5445.75
7110,2024-02-27 12:37:00,5446.1,5447.9,5445.7,5446.6
7111,2024-02-27 12:38:00,5446.85,5446.85,5445.0,5445.05
7112,2024-02-27 12:39:00,5445.0,5447.4,5444.9,5445.15
7113,2024-02-27 12:40:00,5445.2,5451.0,5445.0,5449.2
7114,2024-02-27 12:41:00,5448.6,5450.0,5448.6,5448.9
7115,2024-02-27 12:42:00,5449.05,5449.05,5445.0,5445.35
7116,2024-02-27 12:43:00,5445.25,5448.0,5445.25,5446.2
7117,2024-02-27 12:44:00,5446.25,5451.0,5446.25,5449.45
7118,2024-02-27 12:45:00,5449.25,5451.95,5448.1,5448.1
7119,2024-02-27 12:46:00,5448.25,5450.0,5446.05,5446.15
7120,2024-02-27 12:47:00,5446.3,5450.0,5446.3,5448.95
7121,2024-02-27 12:48:00,5449.2,5449.2,5445.85,5446.3
7122,2024-02-27 12:49:00,5446.35,5448.5,5445.2,5446.95
7123,2024-02-27 12:50:00,5447.65,5449.0,5446.75,5446.8
7124,2024-02-27 12:51:00,5447.1,5449.0,5447.0,5447.25
7125,2024-02-27 12:52:00,5447.15,5449.65,5446.0,5446.0
7126,2024-02-27 12:53:00,5445.8,5445.8,5444.7,5445.0
7127,2024-02-27 12:54:00,5444.9,5447.4,5444.8,5446.85
7128,2024-02-27 12:55:00,5447.0,5447.0,5445.0,5446.05
7129,2024-02-27 12:56:00,5445.35,5447.25,5443.65,5444.8
7130,2024-02-27 12:57:00,5443.65,5445.4,5443.65,5445.05
7131,2024-02-27 12:58:00,5445.15,5446.65,5445.0,5446.0
7132,2024-02-27 12:59:00,5446.1,5446.15,5444.65,5445.0
7133,2024-02-27 13:00:00,5445.15,5447.3,5444.75,5445.05
7134,2024-02-27 13:01:00,5445.5,5447.0,5444.75,5444.85
7135,2024-02-27 13:02:00,5444.75,5446.9,5444.65,5444.65
7136,2024-02-27 13:03:00,5444.75,5446.3,5444.65,5445.2
7137,2024-02-27 13:04:00,5444.95,5445.5,5444.7,5445.05
7138,2024-02-27 13:05:00,5444.95,5445.55,5444.7,5444.85
7139,2024-02-27 13:06:00,5445.05,5446.0,5444.8,5444.8
7140,2024-02-27 13:07:00,5444.9,5444.9,5435.0,5435.0
7141,2024-02-27 13:08:00,5435.2,5435.2,5430.0,5430.65
7142,2024-02-27 13:09:00,5430.25,5435.0,5430.25,5433.15
7143,2024-02-27 13:10:00,5433.05,5434.75,5433.05,5434.0
7144,2024-02-27 13:11:00,5434.1,5436.6,5434.0,5436.6
7145,2024-02-27 13:12:00,5437.2,5438.0,5435.0,5435.05
7146,2024-02-27 13:13:00,5435.65,5437.4,5434.7,5434.7
7147,2024-02-27 13:14:00,5434.95,5436.15,5434.65,5434.65
7148,2024-02-27 13:15:00,5434.75,5435.7,5434.5,5434.7
7149,2024-02-27 13:16:00,5435.1,5437.4,5434.7,5435.35
7150,2024-02-27 13:17:00,5436.0,5440.0,5435.5,5436.25
7151,2024-02-27 13:18:00,5437.1,5440.0,5435.9,5436.45
7152,2024-02-27 13:19:00,5436.65,5436.9,5435.0,5436.9
7153,2024-02-27 13:20:00,5436.55,5436.55,5435.0,5435.0
7154,2024-02-27 13:21:00,5435.5,5436.35,5435.0,5435.45
7155,2024-02-27 13:22:00,5435.9,5435.9,5435.0,5435.05
7156,2024-02-27 13:23:00,5435.1,5435.1,5435.0,5435.05
7157,2024-02-27 13:24:00,5435.0,5435.05,5435.0,5435.0
7158,2024-02-27 13:25:00,5435.05,5435.6,5435.0,5435.05
7159,2024-02-27 13:26:00,5435.1,5435.85,5435.0,5435.05
7160,2024-02-27 13:27:00,5435.0,5435.15,5435.0,5435.15
7161,2024-02-27 13:28:00,5435.2,5437.25,5435.0,5435.15
7162,2024-02-27 13:29:00,5435.0,5435.2,5435.0,5435.15
7163,2024-02-27 13:30:00,5435.1,5435.15,5434.7,5434.7
7164,2024-02-27 13:31:00,5434.8,5435.1,5434.7,5434.9
7165,2024-02-27 13:32:00,5434.95,5435.05,5434.7,5434.9
7166,2024-02-27 13:33:00,5435.0,5435.0,5434.7,5434.95
7167,2024-02-27 13:34:00,5435.0,5437.45,5434.9,5435.0
7168,2024-02-27 13:35:00,5434.95,5435.4,5434.9,5434.9
7169,2024-02-27 13:36:00,5434.75,5435.0,5430.65,5430.65
7170,2024-02-27 13:37:00,5430.25,5430.95,5429.55,5429.55
7171,2024-02-27 13:38:00,5430.25,5430.85,5429.55,5429.95
7172,2024-02-27 13:39:00,5430.85,5431.2,5429.55,5430.35
7173,2024-02-27 13:40:00,5430.1,5430.35,5427.1,5427.45
7174,2024-02-27 13:41:00,5427.8,5429.3,5425.55,5425.55
7175,2024-02-27 13:42:00,5425.7,5425.75,5423.0,5423.1
7176,2024-02-27 13:43:00,5424.05,5424.9,5421.5,5421.5
7177,2024-02-27 13:44:00,5421.4,5421.5,5415.5,5416.75
7178,2024-02-27 13:45:00,5417.8,5419.45,5415.05,5417.0
7179,2024-02-27 13:46:00,5417.45,5418.0,5416.5,5417.25
7180,2024-02-27 13:47:00,5417.7,5418.0,5415.0,5415.0
7181,2024-02-27 13:48:00,5416.35,5416.35,5412.1,5412.4
7182,2024-02-27 13:49:00,5412.45,5414.95,5411.0,5412.4
7183,2024-02-27 13:50:00,5414.85,5414.95,5412.0,5414.95
7184,2024-02-27 13:51:00,5415.6,5416.35,5412.95,5415.75
7185,2024-02-27 13:52:00,5416.1,5416.1,5413.2,5413.2
7186,2024-02-27 13:53:00,5414.15,5415.0,5413.3,5415.0
7187,2024-02-27 13:54:00,5413.75,5415.0,5412.15,5414.85
7188,2024-02-27 13:55:00,5415.0,5415.0,5409.0,5409.9
7189,2024-02-27 13:56:00,5409.0,5409.65,5407.2,5407.45
7190,2024-02-27 13:57:00,5407.2,5407.45,5405.0,5405.5
7191,2024-02-27 13:58:00,5406.65,5411.35,5406.3,5407.0
7192,2024-02-27 13:59:00,5406.85,5408.0,5404.85,5405.0
7193,2024-02-27 14:00:00,5404.85,5406.45,5404.6,5405.0
7194,2024-02-27 14:01:00,5404.95,5411.15,5404.75,5411.15
7195,2024-02-27 14:02:00,5410.65,5417.95,5408.95,5417.65
7196,2024-02-27 14:03:00,5417.85,5420.0,5417.65,5417.85
7197,2024-02-27 14:04:00,5417.95,5419.4,5417.75,5418.2
7198,2024-02-27 14:05:00,5418.1,5418.2,5417.7,5417.8
7199,2024-02-27 14:06:00,5417.75,5419.75,5417.7,5417.75
7200,2024-02-27 14:07:00,5418.0,5420.05,5415.9,5415.95
7201,2024-02-27 14:08:00,5417.75,5417.75,5405.0,5405.0
7202,2024-02-27 14:09:00,5404.0,5405.0,5402.6,5404.15
7203,2024-02-27 14:10:00,5404.05,5406.7,5403.8,5404.95
7204,2024-02-27 14:11:00,5404.55,5406.6,5402.75,5405.7
7205,2024-02-27 14:12:00,5405.9,5410.05,5401.0,5403.65
7206,2024-02-27 14:13:00,5404.05,5413.75,5402.1,5413.0
7207,2024-02-27 14:14:00,5413.3,5416.0,5411.0,5415.0
7208,2024-02-27 14:15:00,5415.55,5421.8,5415.0,5418.05
7209,2024-02-27 14:16:00,5419.0,5421.4,5418.1,5420.85
7210,2024-02-27 14:17:00,5419.4,5423.05,5417.1,5422.35
7211,2024-02-27 14:18:00,5421.65,5428.0,5421.45,5424.5
7212,2024-02-27 14:19:00,5424.4,5429.25,5424.4,5426.0
7213,2024-02-27 14:20:00,5427.75,5435.1,5427.75,5430.05
7214,2024-02-27 14:21:00,5430.65,5432.5,5430.0,5430.2
7215,2024-02-27 14:22:00,5431.45,5433.0,5430.05,5430.05
7216,2024-02-27 14:23:00,5430.9,5433.8,5430.05,5433.0
7217,2024-02-27 14:24:00,5433.6,5433.75,5430.8,5432.85
7218,2024-02-27 14:25:00,5431.85,5432.35,5430.0,5430.0
7219,2024-02-27 14:26:00,5430.55,5432.45,5430.0,5430.8
7220,2024-02-27 14:27:00,5430.9,5432.0,5430.0,5430.05
7221,2024-02-27 14:28:00,5431.05,5431.9,5422.1,5422.1
7222,2024-02-27 14:29:00,5424.65,5424.75,5420.15,5423.75
7223,2024-02-27 14:30:00,5423.8,5425.0,5420.15,5420.2
7224,2024-02-27 14:31:00,5420.65,5423.95,5420.0,5420.0
7225,2024-02-27 14:32:00,5422.35,5422.75,5420.0,5420.0
7226,2024-02-27 14:33:00,5422.3,5428.8,5421.2,5428.5
7227,2024-02-27 14:34:00,5428.55,5431.0,5425.9,5427.05
7228,2024-02-27 14:35:00,5429.6,5432.35,5426.5,5429.45
7229,2024-02-27 14:36:00,5429.5,5432.25,5425.95,5426.6
7230,2024-02-27 14:37:00,5426.5,5432.85,5425.9,5432.85
7231,2024-02-27 14:38:00,5432.8,5434.25,5430.35,5433.8
7232,2024-02-27 14:39:00,5432.7,5432.7,5425.65,5425.65
7233,2024-02-27 14:40:00,5428.0,5433.3,5426.35,5430.1
7234,2024-02-27 14:41:00,5429.8,5433.25,5427.2,5430.45
7235,2024-02-27 14:42:00,5431.65,5432.95,5427.0,5431.6
7236,2024-02-27 14:43:00,5432.95,5432.95,5428.55,5429.1
7237,2024-02-27 14:44:00,5432.2,5433.0,5427.1,5429.9
7238,2024-02-27 14:45:00,5431.9,5434.4,5430.0,5432.35
7239,2024-02-27 14:46:00,5432.85,5433.0,5430.0,5432.7
7240,2024-02-27 14:47:00,5433.0,5433.7,5430.0,5432.35
7241,2024-02-27 14:48:00,5431.2,5434.2,5429.65,5432.85
7242,2024-02-27 14:49:00,5432.95,5434.4,5430.0,5430.8
7243,2024-02-27 14:50:00,5432.4,5434.4,5429.65,5434.25
7244,2024-02-27 14:51:00,5434.45,5434.45,5429.65,5430.75
7245,2024-02-27 14:52:00,5431.7,5434.0,5430.0,5430.1
7246,2024-02-27 14:53:00,5432.7,5435.0,5429.65,5434.7
7247,2024-02-27 14:54:00,5431.9,5434.85,5430.1,5431.4
7248,2024-02-27 14:55:00,5431.05,5433.2,5430.0,5430.4
7249,2024-02-27 14:56:00,5432.95,5440.1,5432.95,5437.6
7250,2024-02-27 14:57:00,5436.65,5440.0,5434.05,5437.35
7251,2024-02-27 14:58:00,5439.65,5440.0,5436.1,5436.25
7252,2024-02-27 14:59:00,5436.2,5440.0,5435.0,5436.55
7253,2024-02-27 15:00:00,5438.1,5446.45,5438.0,5442.05
7254,2024-02-27 15:01:00,5443.7,5446.5,5440.55,5442.0
7255,2024-02-27 15:02:00,5441.1,5444.05,5439.0,5441.35
7256,2024-02-27 15:03:00,5440.0,5443.95,5440.0,5440.6
7257,2024-02-27 15:04:00,5440.3,5443.5,5440.0,5440.35
7258,2024-02-27 15:05:00,5440.5,5443.75,5440.0,5442.9
7259,2024-02-27 15:06:00,5442.35,5444.1,5440.55,5440.9
7260,2024-02-27 15:07:00,5443.65,5445.65,5440.3,5443.75
7261,2024-02-27 15:08:00,5442.7,5445.85,5440.8,5442.15
7262,2024-02-27 15:09:00,5442.65,5447.6,5440.05,5442.6
7263,2024-02-27 15:10:00,5443.05,5447.85,5442.95,5445.55
7264,2024-02-27 15:11:00,5446.9,5449.0,5445.35,5446.05
7265,2024-02-27 15:12:00,5446.6,5448.95,5444.4,5446.05
7266,2024-02-27 15:13:00,5446.55,5448.85,5445.0,5446.85
7267,2024-02-27 15:14:00,5449.0,5449.0,5445.0,5445.1
7268,2024-02-27 15:15:00,5447.95,5448.75,5439.0,5440.0
7269,2024-02-27 15:16:00,5443.05,5445.1,5439.6,5440.25
7270,2024-02-27 15:17:00,5443.8,5443.8,5440.0,5441.45
7271,2024-02-27 15:18:00,5442.15,5445.3,5440.0,5443.2
7272,2024-02-27 15:19:00,5442.2,5445.65,5441.0,5441.0
7273,2024-02-27 15:20:00,5441.25,5445.0,5440.35,5444.5
7274,2024-02-27 15:21:00,5444.65,5444.95,5441.1,5442.75
7275,2024-02-27 15:22:00,5442.05,5444.3,5442.05,5443.7
7276,2024-02-27 15:23:00,5443.8,5444.0,5443.6,5443.7
7277,2024-02-27 15:24:00,5443.85,5445.85,5441.1,5443.15
7278,2024-02-27 15:25:00,5442.9,5444.8,5440.0,5440.05
7279,2024-02-27 15:26:00,5441.25,5443.1,5435.6,5438.45
7280,2024-02-27 15:27:00,5439.0,5440.0,5432.1,5437.4
7281,2024-02-27 15:28:00,5437.45,5445.0,5430.5,5436.0
7282,2024-02-27 15:29:00,5438.25,5440.0,5435.0,5435.0
7283,2024-02-28 09:14:00,5449.0,5449.0,5449.0,5449.0
7284,2024-02-28 09:15:00,5449.9,5466.0,5441.45,5446.25
7285,2024-02-28 09:16:00,5445.95,5450.95,5440.0,5448.6
7286,2024-02-28 09:17:00,5444.95,5455.25,5443.45,5455.25
7287,2024-02-28 09:18:00,5452.35,5455.9,5446.45,5446.45
7288,2024-02-28 09:19:00,5449.9,5450.55,5443.0,5443.0
7289,2024-02-28 09:20:00,5442.05,5442.05,5435.75,5438.2
7290,2024-02-28 09:21:00,5440.45,5441.2,5430.05,5434.2
7291,2024-02-28 09:22:00,5430.1,5435.0,5430.1,5435.0
7292,2024-02-28 09:23:00,5431.85,5431.85,5427.9,5428.0
7293,2024-02-28 09:24:00,5427.0,5428.0,5422.3,5427.95
7294,2024-02-28 09:25:00,5428.0,5431.0,5426.75,5428.9
7295,2024-02-28 09:26:00,5428.65,5428.65,5420.0,5421.65
7296,2024-02-28 09:27:00,5424.9,5424.9,5412.75,5414.9
7297,2024-02-28 09:28:00,5412.7,5416.6,5407.05,5410.55
7298,2024-02-28 09:29:00,5412.5,5413.3,5408.75,5411.9
7299,2024-02-28 09:30:00,5410.0,5411.15,5404.0,5404.05
7300,2024-02-28 09:31:00,5405.0,5407.0,5404.0,5407.0
7301,2024-02-28 09:32:00,5405.55,5412.1,5405.55,5411.0
7302,2024-02-28 09:33:00,5412.0,5418.0,5407.1,5415.0
7303,2024-02-28 09:34:00,5413.05,5415.55,5412.95,5414.55
7304,2024-02-28 09:35:00,5412.9,5418.0,5412.9,5417.95
7305,2024-02-28 09:36:00,5417.9,5417.9,5414.0,5416.95
7306,2024-02-28 09:37:00,5416.9,5420.0,5416.35,5420.0
7307,2024-02-28 09:38:00,5419.45,5420.0,5418.3,5419.8
7308,2024-02-28 09:39:00,5416.75,5416.75,5412.15,5412.45
7309,2024-02-28 09:40:00,5414.8,5415.1,5410.3,5410.3
7310,2024-02-28 09:41:00,5413.35,5413.95,5408.0,5409.4
7311,2024-02-28 09:42:00,5410.3,5410.3,5406.9,5407.15
7312,2024-02-28 09:43:00,5408.0,5414.35,5406.0,5414.1
7313,2024-02-28 09:44:00,5412.2,5414.1,5409.0,5409.0
7314,2024-02-28 09:45:00,5410.25,5413.75,5408.8,5413.5
7315,2024-02-28 09:46:00,5413.0,5413.5,5410.0,5412.0
7316,2024-02-28 09:47:00,5409.0,5410.9,5408.0,5410.85
7317,2024-02-28 09:48:00,5411.9,5413.5,5407.1,5413.35
7318,2024-02-28 09:49:00,5410.9,5413.5,5410.9,5413.5
7319,2024-02-28 09:50:00,5411.1,5413.5,5410.0,5410.0
7320,2024-02-28 09:51:00,5413.0,5416.0,5410.0,5415.0
7321,2024-02-28 09:52:00,5418.7,5419.55,5414.6,5418.6
7322,2024-02-28 09:53:00,5416.35,5418.6,5414.0,5415.1
7323,2024-02-28 09:54:00,5412.7,5413.45,5411.0,5412.0
7324,2024-02-28 09:55:00,5410.8,5412.0,5408.7,5408.7
7325,2024-02-28 09:56:00,5410.7,5411.9,5407.0,5408.0
7326,2024-02-28 09:57:00,5407.15,5410.0,5406.0,5410.0
7327,2024-02-28 09:58:00,5410.7,5413.5,5410.7,5412.35
7328,2024-02-28 09:59:00,5412.9,5415.35,5412.0,5412.0
7329,2024-02-28 10:00:00,5410.7,5410.7,5410.0,5410.7
7330,2024-02-28 10:01:00,5410.2,5418.6,5410.2,5418.6
7331,2024-02-28 10:02:00,5416.25,5425.9,5414.2,5425.9
7332,2024-02-28 10:03:00,5422.05,5426.25,5422.05,5426.0
7333,2024-02-28 10:04:00,5432.0,5435.9,5429.4,5432.95
7334,2024-02-28 10:05:00,5433.55,5439.95,5429.55,5439.95
7335,2024-02-28 10:06:00,5438.05,5445.0,5437.55,5440.7
7336,2024-02-28 10:07:00,5440.75,5444.9,5439.05,5440.65
7337,2024-02-28 10:08:00,5443.1,5443.15,5437.95,5437.95
7338,2024-02-28 10:09:00,5441.0,5441.0,5430.3,5433.2
7339,2024-02-28 10:10:00,5436.75,5440.45,5433.7,5440.0
7340,2024-02-28 10:11:00,5438.4,5441.45,5436.0,5438.75
7341,2024-02-28 10:12:00,5436.0,5436.0,5431.25,5436.0
7342,2024-02-28 10:13:00,5437.85,5439.2,5435.0,5435.0
7343,2024-02-28 10:14:00,5435.4,5435.4,5428.35,5432.05
7344,2024-02-28 10:15:00,5432.65,5440.0,5432.65,5440.0
7345,2024-02-28 10:16:00,5440.95,5444.0,5437.75,5441.45
7346,2024-02-28 10:17:00,5437.75,5440.85,5432.1,5435.15
7347,2024-02-28 10:18:00,5432.5,5439.75,5432.5,5438.5
7348,2024-02-28 10:19:00,5440.0,5441.8,5438.0,5440.0
7349,2024-02-28 10:20:00,5439.95,5439.95,5434.8,5435.0
7350,2024-02-28 10:21:00,5438.5,5438.6,5436.55,5437.85
7351,2024-02-28 10:22:00,5440.0,5441.5,5434.4,5434.65
7352,2024-02-28 10:23:00,5437.15,5437.35,5434.0,5436.85
7353,2024-02-28 10:24:00,5434.0,5435.65,5428.3,5429.35
7354,2024-02-28 10:25:00,5432.3,5435.75,5429.65,5435.0
7355,2024-02-28 10:26:00,5439.0,5439.9,5436.95,5439.9
7356,2024-02-28 10:27:00,5437.35,5441.5,5437.35,5440.8
7357,2024-02-28 10:28:00,5442.0,5443.45,5434.6,5435.0
7358,2024-02-28 10:29:00,5436.65,5441.0,5436.55,5437.45
7359,2024-02-28 10:30:00,5440.6,5440.6,5435.0,5435.0
7360,2024-02-28 10:31:00,5435.1,5440.0,5435.1,5435.7
7361,2024-02-28 10:32:00,5439.35,5439.35,5436.0,5436.0
7362,2024-02-28 10:33:00,5437.05,5439.7,5435.55,5436.95
7363,2024-02-28 10:34:00,5439.0,5442.65,5438.0,5439.5
7364,2024-02-28 10:35:00,5441.9,5445.0,5440.95,5445.0
7365,2024-02-28 10:36:00,5444.0,5449.0,5444.0,5448.95
7366,2024-02-28 10:37:00,5448.9,5448.9,5445.0,5445.0
7367,2024-02-28 10:38:00,5443.35,5444.95,5436.35,5436.35
7368,2024-02-28 10:39:00,5438.55,5441.45,5437.0,5437.9
7369,2024-02-28 10:40:00,5436.0,5437.9,5434.1,5435.5
7370,2024-02-28 10:41:00,5434.35,5439.95,5434.35,5439.95
7371,2024-02-28 10:42:00,5437.55,5442.7,5437.55,5442.7
7372,2024-02-28 10:43:00,5445.0,5447.15,5443.05,5445.05
7373,2024-02-28 10:44:00,5445.0,5445.8,5443.85,5445.0
7374,2024-02-28 10:45:00,5444.95,5447.45,5444.4,5445.1
7375,2024-02-28 10:46:00,5446.0,5446.0,5440.0,5441.25
7376,2024-02-28 10:47:00,5441.2,5444.55,5434.0,5442.8
7377,2024-02-28 10:48:00,5442.1,5446.0,5441.6,5443.15
7378,2024-02-28 10:49:00,5446.0,5446.0,5440.6,5443.1
7379,2024-02-28 10:50:00,5441.1,5443.0,5439.1,5439.2
7380,2024-02-28 10:51:00,5439.1,5439.8,5439.1,5439.1
7381,2024-02-28 10:52:00,5434.3,5434.3,5427.55,5430.0
7382,2024-02-28 10:53:00,5429.1,5431.45,5427.2,5429.1
7383,2024-02-28 10:54:00,5429.3,5433.5,5428.05,5433.5
7384,2024-02-28 10:55:00,5429.1,5436.9,5429.0,5436.9
7385,2024-02-28 10:56:00,5436.0,5436.0,5429.8,5429.85
7386,2024-02-28 10:57:00,5429.35,5432.4,5429.1,5430.05
7387,2024-02-28 10:58:00,5430.0,5432.2,5429.0,5430.0
7388,2024-02-28 10:59:00,5429.1,5432.35,5429.1,5429.1
7389,2024-02-28 11:00:00,5430.0,5432.95,5429.1,5431.95
7390,2024-02-28 11:01:00,5430.2,5435.55,5429.9,5432.8
7391,2024-02-28 11:02:00,5432.0,5432.8,5431.1,5431.35
7392,2024-02-28 11:03:00,5431.3,5434.45,5430.0,5431.7
7393,2024-02-28 11:04:00,5431.55,5435.95,5430.0,5431.0
7394,2024-02-28 11:05:00,5430.0,5434.7,5430.0,5434.7
7395,2024-02-28 11:06:00,5434.6,5439.0,5426.1,5430.25
7396,2024-02-28 11:07:00,5433.9,5434.9,5430.0,5433.3
7397,2024-02-28 11:08:00,5430.7,5432.4,5430.0,5430.0
7398,2024-02-28 11:09:00,5431.45,5431.45,5430.0,5430.1
7399,2024-02-28 11:10:00,5432.5,5432.5,5430.0,5430.0
7400,2024-02-28 11:11:00,5430.05,5433.15,5430.0,5433.15
7401,2024-02-28 11:12:00,5431.0,5434.85,5431.0,5434.7
7402,2024-02-28 11:13:00,5431.9,5436.5,5431.9,5436.5
7403,2024-02-28 11:14:00,5435.05,5435.1,5431.55,5432.0
7404,2024-02-28 11:15:00,5434.5,5434.55,5431.0,5431.25
7405,2024-02-28 11:16:00,5433.0,5433.8,5431.0,5433.4
7406,2024-02-28 11:17:00,5431.1,5434.1,5431.05,5432.05
7407,2024-02-28 11:18:00,5433.0,5433.8,5432.05,5433.8
7408,2024-02-28 11:19:00,5432.05,5435.0,5432.05,5432.35
7409,2024-02-28 11:20:00,5434.0,5434.25,5431.0,5431.05
7410,2024-02-28 11:21:00,5431.2,5433.7,5431.0,5431.05
7411,2024-02-28 11:22:00,5431.25,5433.1,5431.25,5431.55
7412,2024-02-28 11:23:00,5433.05,5436.2,5432.1,5432.9
7413,2024-02-28 11:24:00,5435.65,5435.95,5431.55,5431.55
7414,2024-02-28 11:25:00,5433.5,5433.5,5431.5,5431.5
7415,2024-02-28 11:26:00,5433.55,5434.1,5431.55,5431.55
7416,2024-02-28 11:27:00,5431.25,5435.35,5431.25,5432.15
7417,2024-02-28 11:28:00,5431.65,5432.6,5431.25,5431.25
7418,2024-02-28 11:29:00,5433.4,5433.4,5431.0,5431.0
7419,2024-02-28 11:30:00,5432.6,5432.6,5430.0,5430.0
7420,2024-02-28 11:31:00,5430.1,5431.8,5430.0,5430.9
7421,2024-02-28 11:32:00,5430.1,5430.5,5429.5,5430.0
7422,2024-02-28 11:33:00,5431.95,5432.0,5429.85,5430.0
7423,2024-02-28 11:34:00,5431.15,5431.55,5430.0,5430.0
7424,2024-02-28 11:35:00,5429.1,5431.55,5429.1,5430.0
7425,2024-02-28 11:36:00,5431.85,5431.85,5430.0,5431.35
7426,2024-02-28 11:37:00,5430.0,5430.95,5430.0,5430.0
7427,2024-02-28 11:38:00,5430.45,5430.95,5430.0,5430.0
7428,2024-02-28 11:39:00,5429.95,5431.0,5429.95,5430.0
7429,2024-02-28 11:40:00,5430.15,5430.75,5429.95,5430.0
7430,2024-02-28 11:41:00,5430.95,5430.95,5430.0,5430.0
7431,2024-02-28 11:42:00,5429.1,5430.8,5429.1,5430.4
7432,2024-02-28 11:43:00,5430.5,5430.5,5429.1,5430.0
7433,2024-02-28 11:44:00,5429.1,5429.35,5415.4,5415.85
7434,2024-02-28 11:45:00,5415.9,5415.9,5410.1,5411.85
7435,2024-02-28 11:46:00,5411.45,5411.45,5405.0,5405.0
7436,2024-02-28 11:47:00,5406.55,5410.95,5405.15,5406.5
7437,2024-02-28 11:48:00,5406.05,5411.8,5405.5,5411.45
7438,2024-02-28 11:49:00,5410.05,5411.3,5410.0,5411.0
7439,2024-02-28 11:50:00,5410.0,5419.95,5410.0,5419.1
7440,2024-02-28 11:51:00,5419.0,5425.45,5419.0,5420.45
7441,2024-02-28 11:52:00,5420.0,5421.55,5410.0,5410.95
7442,2024-02-28 11:53:00,5410.85,5412.5,5410.0,5412.45
7443,2024-02-28 11:54:00,5411.0,5421.5,5410.0,5417.0
7444,2024-02-28 11:55:00,5417.6,5422.0,5417.6,5421.25
7445,2024-02-28 11:56:00,5420.35,5423.55,5420.35,5422.0
7446,2024-02-28 11:57:00,5421.95,5421.95,5417.7,5417.7
7447,2024-02-28 11:58:00,5417.65,5419.05,5416.55,5416.55
7448,2024-02-28 11:59:00,5416.0,5418.9,5415.95,5418.85
7449,2024-02-28 12:00:00,5418.9,5418.9,5416.45,5416.9
7450,2024-02-28 12:01:00,5417.1,5418.55,5415.2,5416.25
7451,2024-02-28 12:02:00,5418.85,5419.75,5415.0,5415.0
7452,2024-02-28 12:03:00,5416.2,5418.3,5413.9,5414.15
7453,2024-02-28 12:04:00,5414.25,5416.15,5413.0,5414.25
7454,2024-02-28 12:05:00,5413.0,5414.95,5410.75,5410.75
7455,2024-02-28 12:06:00,5410.7,5412.7,5410.5,5410.5
7456,2024-02-28 12:07:00,5413.6,5413.85,5410.0,5411.4
7457,2024-02-28 12:08:00,5412.0,5416.0,5412.0,5415.0
7458,2024-02-28 12:09:00,5416.1,5417.25,5415.0,5415.0
7459,2024-02-28 12:10:00,5416.0,5431.0,5415.0,5430.0
7460,2024-02-28 12:11:00,5430.05,5431.0,5430.0,5430.95
7461,2024-02-28 12:12:00,5432.1,5432.1,5424.55,5428.9
7462,2024-02-28 12:13:00,5429.7,5432.9,5429.7,5430.0
7463,2024-02-28 12:14:00,5431.7,5432.2,5425.0,5427.4
7464,2024-02-28 12:15:00,5426.4,5431.0,5426.4,5430.0
7465,2024-02-28 12:16:00,5430.85,5432.5,5430.0,5430.0
7466,2024-02-28 12:17:00,5431.25,5431.9,5430.0,5431.3
7467,2024-02-28 12:18:00,5428.2,5433.0,5427.6,5428.0
7468,2024-02-28 12:19:00,5429.45,5429.95,5421.2,5427.6
7469,2024-02-28 12:20:00,5427.55,5431.1,5426.55,5427.85
7470,2024-02-28 12:21:00,5429.95,5429.95,5428.0,5428.1
7471,2024-02-28 12:22:00,5428.85,5428.85,5427.65,5427.7
7472,2024-02-28 12:23:00,5427.65,5428.85,5427.65,5427.65
7473,2024-02-28 12:24:00,5427.6,5430.75,5427.4,5428.4
7474,2024-02-28 12:25:00,5428.15,5430.45,5427.3,5427.3
7475,2024-02-28 12:26:00,5430.1,5431.8,5424.2,5424.2
7476,2024-02-28 12:27:00,5424.7,5431.4,5424.65,5430.0
7477,2024-02-28 12:28:00,5431.95,5432.4,5430.0,5430.25
7478,2024-02-28 12:29:00,5430.05,5433.0,5430.05,5430.1
7479,2024-02-28 12:30:00,5430.15,5432.95,5430.0,5430.0
7480,2024-02-28 12:31:00,5430.05,5435.0,5430.0,5432.0
7481,2024-02-28 12:32:00,5431.55,5434.95,5431.55,5433.95
7482,2024-02-28 12:33:00,5432.3,5434.95,5432.05,5432.05
7483,2024-02-28 12:34:00,5432.1,5435.0,5430.0,5430.0
7484,2024-02-28 12:35:00,5432.9,5432.9,5430.0,5430.0
7485,2024-02-28 12:36:00,5431.0,5433.05,5430.0,5430.05
7486,2024-02-28 12:37:00,5432.6,5432.6,5430.0,5430.0
7487,2024-02-28 12:38:00,5432.45,5432.45,5429.65,5430.0
7488,2024-02-28 12:39:00,5430.25,5432.0,5429.65,5430.2
7489,2024-02-28 12:40:00,5429.95,5431.95,5429.45,5429.45
7490,2024-02-28 12:41:00,5430.45,5431.25,5429.45,5430.05
7491,2024-02-28 12:42:00,5431.25,5432.3,5430.05,5430.05
7492,2024-02-28 12:43:00,5433.25,5433.25,5430.0,5430.0
7493,2024-02-28 12:44:00,5430.5,5432.25,5428.75,5428.75
7494,2024-02-28 12:45:00,5429.5,5430.0,5427.75,5427.75
7495,2024-02-28 12:46:00,5428.35,5429.0,5415.0,5415.0
7496,2024-02-28 12:47:00,5415.8,5416.8,5411.4,5411.4
7497,2024-02-28 12:48:00,5413.05,5416.8,5411.05,5413.2
7498,2024-02-28 12:49:00,5415.0,5417.65,5412.4,5415.0
7499,2024-02-28 12:50:00,5415.55,5415.65,5412.15,5413.55
7500,2024-02-28 12:51:00,5413.5,5416.15,5413.5,5415.0
7501,2024-02-28 12:52:00,5415.25,5415.8,5413.0,5413.0
7502,2024-02-28 12:53:00,5413.05,5415.95,5413.0,5413.35
7503,2024-02-28 12:54:00,5413.2,5415.8,5413.0,5413.0
7504,2024-02-28 12:55:00,5413.8,5414.05,5413.0,5413.0
7505,2024-02-28 12:56:00,5413.9,5413.9,5412.0,5412.0
7506,2024-02-28 12:57:00,5412.8,5412.8,5410.0,5410.0
7507,2024-02-28 12:58:00,5410.05,5411.15,5406.0,5407.0
7508,2024-02-28 12:59:00,5407.5,5408.25,5395.0,5403.6
7509,2024-02-28 13:00:00,5401.65,5407.95,5400.0,5400.0
7510,2024-02-28 13:01:00,5399.0,5404.7,5397.5,5403.05
7511,2024-02-28 13:02:00,5405.4,5405.4,5401.5,5403.85
7512,2024-02-28 13:03:00,5403.35,5404.65,5401.2,5403.5
7513,2024-02-28 13:04:00,5404.3,5404.9,5401.7,5403.0
7514,2024-02-28 13:05:00,5403.1,5403.1,5401.4,5402.35
7515,2024-02-28 13:06:00,5402.95,5402.95,5396.4,5396.4
7516,2024-02-28 13:07:00,5399.0,5399.0,5394.7,5394.7
7517,2024-02-28 13:08:00,5394.95,5395.05,5390.1,5390.45
7518,2024-02-28 13:09:00,5392.0,5395.0,5390.0,5395.0
7519,2024-02-28 13:10:00,5397.9,5398.75,5393.9,5395.4
7520,2024-02-28 13:11:00,5395.45,5397.95,5390.0,5390.0
7521,2024-02-28 13:12:00,5392.2,5394.85,5388.0,5393.25
7522,2024-02-28 13:13:00,5390.85,5393.15,5388.0,5388.85
7523,2024-02-28 13:14:00,5388.8,5390.5,5384.0,5384.0
7524,2024-02-28 13:15:00,5385.0,5392.95,5383.35,5390.0
7525,2024-02-28 13:16:00,5389.0,5397.15,5387.25,5396.3
7526,2024-02-28 13:17:00,5395.5,5405.4,5395.5,5403.0
7527,2024-02-28 13:18:00,5405.4,5410.45,5403.0,5410.45
7528,2024-02-28 13:19:00,5409.95,5410.1,5407.0,5409.15
7529,2024-02-28 13:20:00,5409.0,5412.0,5404.65,5412.0
7530,2024-02-28 13:21:00,5411.95,5411.95,5403.8,5408.9
7531,2024-02-28 13:22:00,5409.0,5411.15,5404.95,5408.0
7532,2024-02-28 13:23:00,5407.95,5409.0,5403.15,5407.4
7533,2024-02-28 13:24:00,5409.0,5410.2,5406.0,5406.4
7534,2024-02-28 13:25:00,5406.35,5409.85,5406.0,5408.55
7535,2024-02-28 13:26:00,5409.2,5409.45,5406.1,5408.75
7536,2024-02-28 13:27:00,5407.7,5410.0,5407.7,5409.95
7537,2024-02-28 13:28:00,5409.3,5410.0,5407.85,5408.8
7538,2024-02-28 13:29:00,5409.15,5409.2,5407.85,5408.95
7539,2024-02-28 13:30:00,5408.9,5408.9,5407.7,5408.4
7540,2024-02-28 13:31:00,5408.65,5412.0,5408.0,5410.0
7541,2024-02-28 13:32:00,5409.95,5416.95,5408.85,5415.0
7542,2024-02-28 13:33:00,5414.95,5415.0,5412.65,5412.65
7543,2024-02-28 13:34:00,5414.6,5414.6,5410.05,5410.05
7544,2024-02-28 13:35:00,5410.5,5414.55,5408.5,5408.5
7545,2024-02-28 13:36:00,5410.75,5410.75,5404.65,5404.8
7546,2024-02-28 13:37:00,5404.75,5404.75,5400.0,5400.0
7547,2024-02-28 13:38:00,5401.95,5402.7,5400.0,5400.0
7548,2024-02-28 13:39:00,5400.85,5401.7,5400.0,5400.9
7549,2024-02-28 13:40:00,5403.75,5403.75,5400.0,5400.0
7550,2024-02-28 13:41:00,5400.4,5401.7,5400.0,5400.05
7551,2024-02-28 13:42:00,5400.45,5406.6,5400.35,5402.95
7552,2024-02-28 13:43:00,5403.35,5404.1,5401.0,5402.05
7553,2024-02-28 13:44:00,5402.45,5405.35,5400.0,5403.0
7554,2024-02-28 13:45:00,5400.7,5405.45,5400.7,5405.0
7555,2024-02-28 13:46:00,5405.6,5406.7,5405.0,5405.0
7556,2024-02-28 13:47:00,5405.1,5406.5,5404.95,5405.0
7557,2024-02-28 13:48:00,5405.2,5406.05,5400.1,5401.55
7558,2024-02-28 13:49:00,5403.6,5403.6,5401.05,5402.2
7559,2024-02-28 13:50:00,5402.45,5406.8,5402.2,5405.0
7560,2024-02-28 13:51:00,5406.15,5406.2,5405.0,5405.0
7561,2024-02-28 13:52:00,5405.05,5406.0,5405.0,5405.0
7562,2024-02-28 13:53:00,5405.1,5406.85,5405.0,5405.2
7563,2024-02-28 13:54:00,5406.0,5408.8,5405.8,5405.8
7564,2024-02-28 13:55:00,5405.3,5409.75,5405.3,5408.7
7565,2024-02-28 13:56:00,5407.2,5409.8,5406.0,5408.1
7566,2024-02-28 13:57:00,5408.05,5409.8,5405.2,5405.25
7567,2024-02-28 13:58:00,5405.55,5408.5,5405.1,5405.4
7568,2024-02-28 13:59:00,5405.5,5408.65,5405.5,5405.95
7569,2024-02-28 14:00:00,5405.7,5409.0,5405.0,5405.7
7570,2024-02-28 14:01:00,5408.9,5409.0,5405.1,5407.55
7571,2024-02-28 14:02:00,5407.6,5409.0,5406.05,5406.85
7572,2024-02-28 14:03:00,5408.5,5408.9,5405.5,5406.1
7573,2024-02-28 14:04:00,5405.6,5408.55,5405.1,5407.0
7574,2024-02-28 14:05:00,5405.6,5413.65,5405.4,5411.95
7575,2024-02-28 14:06:00,5410.0,5413.0,5410.0,5412.1
7576,2024-02-28 14:07:00,5410.0,5416.0,5410.0,5411.8
7577,2024-02-28 14:08:00,5411.75,5413.55,5410.0,5410.95
7578,2024-02-28 14:09:00,5410.0,5414.1,5410.0,5414.1
7579,2024-02-28 14:10:00,5410.25,5413.05,5410.0,5410.0
7580,2024-02-28 14:11:00,5412.1,5414.5,5409.1,5412.0
7581,2024-02-28 14:12:00,5410.35,5414.95,5410.05,5411.5
7582,2024-02-28 14:13:00,5410.85,5413.95,5410.0,5410.55
7583,2024-02-28 14:14:00,5410.6,5415.45,5410.0,5413.15
7584,2024-02-28 14:15:00,5412.0,5413.1,5410.0,5410.75
7585,2024-02-28 14:16:00,5410.7,5412.0,5410.0,5411.8
7586,2024-02-28 14:17:00,5411.5,5411.6,5409.1,5409.2
7587,2024-02-28 14:18:00,5409.15,5410.85,5407.7,5409.2
7588,2024-02-28 14:19:00,5409.75,5411.65,5408.5,5410.0
7589,2024-02-28 14:20:00,5410.9,5412.05,5408.45,5408.45
7590,2024-02-28 14:21:00,5409.85,5415.05,5409.0,5410.95
7591,2024-02-28 14:22:00,5412.0,5412.0,5410.0,5410.0
7592,2024-02-28 14:23:00,5412.3,5412.7,5409.05,5410.0
7593,2024-02-28 14:24:00,5409.95,5412.45,5409.75,5410.0
7594,2024-02-28 14:25:00,5409.0,5410.85,5409.0,5410.8
7595,2024-02-28 14:26:00,5410.4,5412.5,5409.1,5410.85
7596,2024-02-28 14:27:00,5410.8,5413.4,5410.0,5410.05
7597,2024-02-28 14:28:00,5410.1,5414.8,5410.1,5412.45
7598,2024-02-28 14:29:00,5412.4,5414.65,5411.35,5411.35
7599,2024-02-28 14:30:00,5414.45,5416.45,5412.1,5413.65
7600,2024-02-28 14:31:00,5413.6,5417.3,5412.65,5413.65
7601,2024-02-28 14:32:00,5412.8,5413.6,5408.0,5408.05
7602,2024-02-28 14:33:00,5411.1,5411.9,5408.0,5408.0
7603,2024-02-28 14:34:00,5408.55,5410.1,5408.2,5409.25
7604,2024-02-28 14:35:00,5409.9,5414.95,5408.8,5414.9
7605,2024-02-28 14:36:00,5415.0,5417.55,5413.0,5415.65
7606,2024-02-28 14:37:00,5415.7,5425.0,5415.65,5421.4
7607,2024-02-28 14:38:00,5421.75,5421.75,5416.5,5416.7
7608,2024-02-28 14:39:00,5416.6,5419.55,5415.65,5416.5
7609,2024-02-28 14:40:00,5416.45,5419.7,5415.35,5418.55
7610,2024-02-28 14:41:00,5418.45,5418.95,5412.05,5412.2
7611,2024-02-28 14:42:00,5412.1,5417.05,5412.05,5413.15
7612,2024-02-28 14:43:00,5412.9,5415.85,5410.0,5413.1
7613,2024-02-28 14:44:00,5413.05,5414.05,5407.9,5410.0
7614,2024-02-28 14:45:00,5411.55,5414.1,5410.0,5412.0
7615,2024-02-28 14:46:00,5410.55,5412.8,5410.0,5410.6
7616,2024-02-28 14:47:00,5410.65,5414.65,5410.55,5414.5
7617,2024-02-28 14:48:00,5414.45,5417.9,5411.55,5414.15
7618,2024-02-28 14:49:00,5416.95,5416.95,5411.05,5413.05
7619,2024-02-28 14:50:00,5412.95,5414.95,5410.55,5410.55
7620,2024-02-28 14:51:00,5412.45,5415.0,5411.65,5412.05
7621,2024-02-28 14:52:00,5412.1,5415.0,5412.1,5412.6
7622,2024-02-28 14:53:00,5414.0,5414.55,5412.2,5412.2
7623,2024-02-28 14:54:00,5412.05,5417.85,5412.0,5415.0
7624,2024-02-28 14:55:00,5415.9,5417.25,5415.0,5415.0
7625,2024-02-28 14:56:00,5415.85,5416.7,5413.45,5415.0
7626,2024-02-28 14:57:00,5415.85,5416.65,5415.0,5415.0
7627,2024-02-28 14:58:00,5415.6,5416.4,5415.0,5415.0
7628,2024-02-28 14:59:00,5416.7,5417.0,5415.0,5415.75
7629,2024-02-28 15:00:00,5419.45,5421.45,5416.4,5420.9
7630,2024-02-28 15:01:00,5421.0,5422.95,5420.0,5421.15
7631,2024-02-28 15:02:00,5422.1,5422.15,5421.15,5421.4
7632,2024-02-28 15:03:00,5421.0,5421.5,5419.0,5419.0
7633,2024-02-28 15:04:00,5418.4,5420.0,5417.15,5417.15
7634,2024-02-28 15:05:00,5417.45,5420.0,5417.45,5418.95
7635,2024-02-28 15:06:00,5419.7,5419.7,5415.0,5416.55
7636,2024-02-28 15:07:00,5416.85,5418.0,5415.05,5417.95
7637,2024-02-28 15:08:00,5418.0,5418.0,5415.0,5415.1
7638,2024-02-28 15:09:00,5415.05,5419.85,5415.0,5417.3
7639,2024-02-28 15:10:00,5417.25,5417.55,5415.0,5415.9
7640,2024-02-28 15:11:00,5416.35,5416.8,5415.0,5415.05
7641,2024-02-28 15:12:00,5415.35,5415.4,5415.0,5415.05
7642,2024-02-28 15:13:00,5415.0,5415.95,5415.0,5415.15
7643,2024-02-28 15:14:00,5415.0,5415.15,5412.8,5415.0
7644,2024-02-28 15:15:00,5415.05,5417.35,5409.3,5414.3
7645,2024-02-28 15:16:00,5412.95,5417.45,5408.05,5417.25
7646,2024-02-28 15:17:00,5418.3,5419.65,5412.3,5415.0
7647,2024-02-28 15:18:00,5415.45,5417.85,5415.0,5415.0
7648,2024-02-28 15:19:00,5415.75,5416.85,5414.85,5415.4
7649,2024-02-28 15:20:00,5415.0,5416.85,5415.0,5415.0
7650,2024-02-28 15:21:00,5415.65,5418.0,5411.2,5411.2
7651,2024-02-28 15:22:00,5414.6,5415.0,5401.55,5402.95
7652,2024-02-28 15:23:00,5402.4,5403.0,5397.15,5401.05
7653,2024-02-28 15:24:00,5401.6,5403.55,5396.9,5403.15
7654,2024-02-28 15:25:00,5402.9,5402.9,5395.1,5401.3
7655,2024-02-28 15:26:00,5401.7,5401.7,5390.15,5390.15
7656,2024-02-28 15:27:00,5392.35,5398.95,5387.0,5388.1
7657,2024-02-28 15:28:00,5387.0,5390.0,5382.0,5385.3
7658,2024-02-28 15:29:00,5387.85,5387.85,5380.0,5386.0
7659,2024-02-29 09:14:00,5412.0,5412.0,5412.0,5412.0
7660,2024-02-29 09:15:00,5422.4,5422.4,5348.8,5371.15
7661,2024-02-29 09:16:00,5373.05,5386.75,5363.9,5381.2
7662,2024-02-29 09:17:00,5372.55,5385.0,5360.0,5368.45
7663,2024-02-29 09:18:00,5363.05,5367.05,5344.05,5351.45
7664,2024-02-29 09:19:00,5351.5,5359.9,5347.75,5359.9
7665,2024-02-29 09:20:00,5356.05,5359.85,5351.7,5359.85
7666,2024-02-29 09:21:00,5360.0,5364.8,5355.0,5355.0
7667,2024-02-29 09:22:00,5355.15,5357.85,5343.05,5345.85
7668,2024-02-29 09:23:00,5349.95,5361.75,5346.6,5357.5
7669,2024-02-29 09:24:00,5360.05,5363.0,5358.35,5361.0
7670,2024-02-29 09:25:00,5359.0,5367.55,5357.65,5365.0
7671,2024-02-29 09:26:00,5365.15,5376.0,5364.95,5374.8
7672,2024-02-29 09:27:00,5374.35,5379.8,5372.95,5373.95
7673,2024-02-29 09:28:00,5376.8,5378.45,5372.35,5374.05
7674,2024-02-29 09:29:00,5376.85,5378.4,5374.0,5374.9
7675,2024-02-29 09:30:00,5374.0,5382.0,5374.0,5382.0
7676,2024-02-29 09:31:00,5381.1,5383.9,5372.95,5378.0
7677,2024-02-29 09:32:00,5376.9,5389.45,5376.9,5382.7
7678,2024-02-29 09:33:00,5382.9,5386.2,5381.8,5386.0
7679,2024-02-29 09:34:00,5383.3,5389.1,5382.15,5383.5
7680,2024-02-29 09:35:00,5385.2,5388.0,5382.85,5385.0
7681,2024-02-29 09:36:00,5385.9,5386.65,5384.1,5386.6
7682,2024-02-29 09:37:00,5388.0,5390.0,5385.95,5385.95
7683,2024-02-29 09:38:00,5386.1,5392.0,5386.1,5390.3
7684,2024-02-29 09:39:00,5388.3,5393.0,5387.55,5390.7
7685,2024-02-29 09:40:00,5390.55,5393.0,5386.55,5391.05
7686,2024-02-29 09:41:00,5390.3,5390.4,5382.25,5382.25
7687,2024-02-29 09:42:00,5381.2,5389.35,5381.2,5383.0
7688,2024-02-29 09:43:00,5382.85,5387.85,5382.75,5385.65
7689,2024-02-29 09:44:00,5387.55,5387.55,5381.3,5384.25
7690,2024-02-29 09:45:00,5384.2,5386.25,5381.45,5386.25
7691,2024-02-29 09:46:00,5387.35,5390.95,5385.55,5390.1
7692,2024-02-29 09:47:00,5390.2,5390.4,5387.55,5388.4
7693,2024-02-29 09:48:00,5388.75,5391.25,5387.65,5390.75
7694,2024-02-29 09:49:00,5391.25,5391.85,5380.95,5380.95
7695,2024-02-29 09:50:00,5380.85,5380.9,5373.05,5377.3
7696,2024-02-29 09:51:00,5380.2,5381.95,5377.55,5377.6
7697,2024-02-29 09:52:00,5377.55,5378.85,5374.55,5376.15
7698,2024-02-29 09:53:00,5376.3,5379.2,5373.3,5374.15
7699,2024-02-29 09:54:00,5374.3,5377.75,5373.65,5377.15
7700,2024-02-29 09:55:00,5377.6,5381.25,5373.5,5377.55
7701,2024-02-29 09:56:00,5379.15,5388.85,5379.15,5383.9
7702,2024-02-29 09:57:00,5380.05,5382.6,5375.5,5378.6
7703,2024-02-29 09:58:00,5375.9,5382.95,5375.7,5380.0
7704,2024-02-29 09:59:00,5381.85,5390.45,5380.0,5380.0
7705,2024-02-29 10:00:00,5383.1,5384.95,5374.2,5374.2
7706,2024-02-29 10:01:00,5373.55,5378.1,5373.5,5374.6
7707,2024-02-29 10:02:00,5376.8,5376.8,5374.1,5376.7
7708,2024-02-29 10:03:00,5373.5,5382.2,5373.5,5377.55
7709,2024-02-29 10:04:00,5375.45,5380.2,5373.0,5373.1
7710,2024-02-29 10:05:00,5374.8,5379.5,5370.9,5370.9
7711,2024-02-29 10:06:00,5372.4,5372.4,5363.25,5369.6
7712,2024-02-29 10:07:00,5369.75,5372.85,5364.1,5366.2
7713,2024-02-29 10:08:00,5365.5,5366.15,5355.05,5364.05
7714,2024-02-29 10:09:00,5363.05,5364.7,5357.1,5358.95
7715,2024-02-29 10:10:00,5357.0,5357.0,5348.0,5348.0
7716,2024-02-29 10:11:00,5350.0,5350.0,5340.0,5341.25
7717,2024-02-29 10:12:00,5340.0,5342.35,5336.7,5340.0
7718,2024-02-29 10:13:00,5341.85,5350.35,5340.0,5350.0
7719,2024-02-29 10:14:00,5350.05,5351.9,5345.0,5345.0
7720,2024-02-29 10:15:00,5346.3,5351.8,5344.9,5350.0
7721,2024-02-29 10:16:00,5351.6,5351.6,5343.3,5347.8
7722,2024-02-29 10:17:00,5347.85,5350.55,5344.55,5344.75
7723,2024-02-29 10:18:00,5345.0,5346.5,5340.35,5341.2
7724,2024-02-29 10:19:00,5344.7,5344.85,5340.0,5341.6
7725,2024-02-29 10:20:00,5342.45,5344.9,5342.15,5342.15
7726,2024-02-29 10:21:00,5342.0,5344.95,5340.35,5344.95
7727,2024-02-29 10:22:00,5341.3,5344.3,5340.0,5341.9
7728,2024-02-29 10:23:00,5342.05,5344.3,5341.75,5342.35
7729,2024-02-29 10:24:00,5344.1,5345.0,5341.0,5342.4
7730,2024-02-29 10:25:00,5342.35,5345.0,5340.5,5344.0
7731,2024-02-29 10:26:00,5341.1,5344.0,5340.0,5340.45
7732,2024-02-29 10:27:00,5341.2,5343.35,5340.0,5343.0
7733,2024-02-29 10:28:00,5340.65,5343.0,5335.05,5336.0
7734,2024-02-29 10:29:00,5335.05,5337.65,5331.55,5331.55
7735,2024-02-29 10:30:00,5332.0,5335.1,5325.25,5327.5
7736,2024-02-29 10:31:00,5327.6,5330.2,5322.9,5325.0
7737,2024-02-29 10:32:00,5326.0,5337.0,5326.0,5333.95
7738,2024-02-29 10:33:00,5333.5,5335.0,5329.05,5329.05
7739,2024-02-29 10:34:00,5329.0,5330.0,5322.0,5324.55
7740,2024-02-29 10:35:00,5324.65,5324.95,5315.0,5315.35
7741,2024-02-29 10:36:00,5315.4,5321.05,5313.1,5321.05
7742,2024-02-29 10:37:00,5316.85,5323.0,5311.1,5311.4
7743,2024-02-29 10:38:00,5313.65,5318.2,5312.0,5313.65
7744,2024-02-29 10:39:00,5317.45,5317.45,5311.15,5314.55
7745,2024-02-29 10:40:00,5314.5,5314.5,5311.0,5311.1
7746,2024-02-29 10:41:00,5311.0,5315.0,5310.2,5314.0
7747,2024-02-29 10:42:00,5314.8,5315.8,5312.0,5312.0
7748,2024-02-29 10:43:00,5313.8,5314.1,5308.05,5312.85
7749,2024-02-29 10:44:00,5312.0,5313.0,5308.0,5309.9
7750,2024-02-29 10:45:00,5310.15,5310.15,5303.0,5305.0
7751,2024-02-29 10:46:00,5303.0,5305.5,5298.05,5298.1
7752,2024-02-29 10:47:00,5299.0,5303.85,5295.75,5302.1
7753,2024-02-29 10:48:00,5300.3,5306.35,5300.0,5300.65
7754,2024-02-29 10:49:00,5300.55,5303.1,5295.05,5299.6
7755,2024-02-29 10:50:00,5296.0,5299.85,5291.1,5292.65
7756,2024-02-29 10:51:00,5292.05,5295.8,5290.0,5293.25
7757,2024-02-29 10:52:00,5293.75,5294.95,5291.0,5291.0
7758,2024-02-29 10:53:00,5293.25,5294.05,5288.8,5293.1
7759,2024-02-29 10:54:00,5291.4,5293.1,5286.35,5286.35
7760,2024-02-29 10:55:00,5289.4,5289.95,5286.0,5288.95
7761,2024-02-29 10:56:00,5289.0,5290.0,5287.55,5290.0
7762,2024-02-29 10:57:00,5289.95,5300.1,5288.85,5300.0
7763,2024-02-29 10:58:00,5297.6,5300.0,5291.6,5294.75
7764,2024-02-29 10:59:00,5291.4,5296.1,5290.0,5294.75
7765,2024-02-29 11:00:00,5297.05,5297.05,5293.05,5293.05
7766,2024-02-29 11:01:00,5293.0,5302.1,5292.55,5298.15
7767,2024-02-29 11:02:00,5299.6,5302.75,5295.4,5298.0
7768,2024-02-29 11:03:00,5300.0,5303.3,5298.1,5300.3
7769,2024-02-29 11:04:00,5300.6,5302.55,5298.15,5302.55
7770,2024-02-29 11:05:00,5299.95,5302.5,5297.0,5297.0
7771,2024-02-29 11:06:00,5297.75,5297.75,5293.15,5295.0
7772,2024-02-29 11:07:00,5294.75,5299.95,5294.75,5296.95
7773,2024-02-29 11:08:00,5296.85,5298.5,5296.55,5298.0
7774,2024-02-29 11:09:00,5297.95,5298.0,5297.2,5298.0
7775,2024-02-29 11:10:00,5299.35,5303.95,5297.2,5299.5
7776,2024-02-29 11:11:00,5300.0,5301.9,5298.05,5300.0
7777,2024-02-29 11:12:00,5298.15,5303.9,5298.15,5301.35
7778,2024-02-29 11:13:00,5300.05,5303.4,5300.0,5303.4
7779,2024-02-29 11:14:00,5304.0,5317.0,5304.0,5315.0
7780,2024-02-29 11:15:00,5315.9,5325.85,5314.55,5315.35
7781,2024-02-29 11:16:00,5316.95,5321.65,5309.1,5314.25
7782,2024-02-29 11:17:00,5314.8,5315.5,5311.65,5312.0
7783,2024-02-29 11:18:00,5312.2,5316.5,5311.7,5311.85
7784,2024-02-29 11:19:00,5311.0,5315.0,5310.0,5311.05
7785,2024-02-29 11:20:00,5310.0,5312.8,5309.75,5310.0
7786,2024-02-29 11:21:00,5309.75,5313.8,5309.75,5311.9
7787,2024-02-29 11:22:00,5311.85,5318.45,5306.05,5310.05
7788,2024-02-29 11:23:00,5308.4,5310.45,5308.4,5310.0
7789,2024-02-29 11:24:00,5310.4,5310.4,5307.2,5308.35
7790,2024-02-29 11:25:00,5308.25,5311.95,5308.25,5309.55
7791,2024-02-29 11:26:00,5309.6,5310.9,5308.6,5310.5
7792,2024-02-29 11:27:00,5308.7,5314.0,5308.7,5309.05
7793,2024-02-29 11:28:00,5309.0,5311.6,5304.0,5305.7
7794,2024-02-29 11:29:00,5304.0,5309.85,5304.0,5307.9
7795,2024-02-29 11:30:00,5309.45,5311.0,5307.35,5308.65
7796,2024-02-29 11:31:00,5308.0,5311.8,5308.0,5310.05
7797,2024-02-29 11:32:00,5308.75,5314.95,5308.75,5313.25
7798,2024-02-29 11:33:00,5313.15,5313.15,5305.0,5306.5
7799,2024-02-29 11:34:00,5305.0,5308.2,5305.0,5305.15
7800,2024-02-29 11:35:00,5307.05,5307.05,5304.0,5305.05
7801,2024-02-29 11:36:00,5307.0,5307.3,5305.0,5305.2
7802,2024-02-29 11:37:00,5305.0,5309.3,5303.0,5306.45
7803,2024-02-29 11:38:00,5307.35,5310.9,5306.65,5307.15
7804,2024-02-29 11:39:00,5309.15,5311.5,5307.2,5309.7
7805,2024-02-29 11:40:00,5308.0,5308.55,5305.0,5305.5
7806,2024-02-29 11:41:00,5305.4,5307.35,5305.0,5305.05
7807,2024-02-29 11:42:00,5305.0,5305.0,5298.05,5300.8
7808,2024-02-29 11:43:00,5300.5,5307.6,5300.5,5303.0
7809,2024-02-29 11:44:00,5304.55,5305.0,5302.0,5304.8
7810,2024-02-29 11:45:00,5303.05,5304.15,5302.0,5302.0
7811,2024-02-29 11:46:00,5302.05,5305.1,5302.0,5305.1
7812,2024-02-29 11:47:00,5305.0,5307.05,5305.0,5306.85
7813,2024-02-29 11:48:00,5305.0,5306.85,5305.0,5305.55
7814,2024-02-29 11:49:00,5306.05,5308.1,5305.0,5307.5
7815,2024-02-29 11:50:00,5305.05,5308.85,5305.05,5306.95
7816,2024-02-29 11:51:00,5306.9,5310.0,5305.05,5306.5
7817,2024-02-29 11:52:00,5306.0,5309.45,5305.0,5308.25
7818,2024-02-29 11:53:00,5307.9,5308.95,5307.0,5308.95
7819,2024-02-29 11:54:00,5307.0,5308.95,5305.0,5307.5
7820,2024-02-29 11:55:00,5307.55,5309.0,5305.0,5305.85
7821,2024-02-29 11:56:00,5306.1,5308.4,5305.9,5306.25
7822,2024-02-29 11:57:00,5306.15,5309.35,5305.9,5307.15
7823,2024-02-29 11:58:00,5307.75,5308.25,5305.55,5306.9
7824,2024-02-29 11:59:00,5306.0,5306.9,5305.05,5305.05
7825,2024-02-29 12:00:00,5306.0,5306.75,5305.1,5306.05
7826,2024-02-29 12:01:00,5306.25,5306.25,5305.05,5305.35
7827,2024-02-29 12:02:00,5305.1,5305.35,5305.0,5305.0
7828,2024-02-29 12:03:00,5305.05,5309.0,5305.0,5307.0
7829,2024-02-29 12:04:00,5307.95,5309.0,5305.5,5307.95
7830,2024-02-29 12:05:00,5305.85,5307.75,5305.8,5307.75
7831,2024-02-29 12:06:00,5306.85,5309.0,5306.85,5307.65
7832,2024-02-29 12:07:00,5307.9,5312.95,5307.5,5312.4
7833,2024-02-29 12:08:00,5310.7,5313.4,5310.7,5312.15
7834,2024-02-29 12:09:00,5311.4,5311.4,5305.0,5306.95
7835,2024-02-29 12:10:00,5307.0,5309.4,5306.95,5307.8
7836,2024-02-29 12:11:00,5307.1,5308.75,5307.0,5308.15
7837,2024-02-29 12:12:00,5307.9,5311.05,5307.9,5309.95
7838,2024-02-29 12:13:00,5308.9,5309.25,5307.9,5307.95
7839,2024-02-29 12:14:00,5307.9,5308.45,5307.0,5307.0
7840,2024-02-29 12:15:00,5306.0,5312.55,5306.0,5306.8
7841,2024-02-29 12:16:00,5306.75,5310.5,5306.45,5307.85
7842,2024-02-29 12:17:00,5306.45,5307.85,5305.0,5305.1
7843,2024-02-29 12:18:00,5305.15,5309.0,5305.0,5305.0
7844,2024-02-29 12:19:00,5306.8,5306.85,5305.05,5306.3
7845,2024-02-29 12:20:00,5306.05,5309.95,5305.25,5306.0
7846,2024-02-29 12:21:00,5305.05,5309.55,5305.0,5307.35
7847,2024-02-29 12:22:00,5306.0,5306.95,5305.15,5306.0
7848,2024-02-29 12:23:00,5306.25,5308.5,5306.0,5306.2
7849,2024-02-29 12:24:00,5306.0,5306.4,5305.0,5305.05
7850,2024-02-29 12:25:00,5305.0,5305.05,5305.0,5305.0
7851,2024-02-29 12:26:00,5305.05,5307.75,5305.0,5306.0
7852,2024-02-29 12:27:00,5306.5,5306.9,5305.1,5305.1
7853,2024-02-29 12:28:00,5305.0,5306.65,5305.0,5305.0
7854,2024-02-29 12:29:00,5303.0,5305.2,5301.85,5304.75
7855,2024-02-29 12:30:00,5303.5,5304.95,5300.75,5303.2
7856,2024-02-29 12:31:00,5304.0,5305.0,5300.25,5301.9
7857,2024-02-29 12:32:00,5301.0,5303.2,5297.1,5297.6
7858,2024-02-29 12:33:00,5298.2,5300.0,5297.15,5298.5
7859,2024-02-29 12:34:00,5299.95,5303.85,5298.55,5300.95
7860,2024-02-29 12:35:00,5302.65,5302.7,5298.6,5301.8
7861,2024-02-29 12:36:00,5302.0,5302.45,5300.95,5301.65
7862,2024-02-29 12:37:00,5301.3,5302.0,5298.0,5299.0
7863,2024-02-29 12:38:00,5299.05,5302.25,5298.05,5299.0
7864,2024-02-29 12:39:00,5298.9,5301.5,5298.2,5299.9
7865,2024-02-29 12:40:00,5298.5,5305.15,5297.05,5305.15
7866,2024-02-29 12:41:00,5306.25,5307.95,5305.0,5306.85
7867,2024-02-29 12:42:00,5306.9,5307.95,5302.95,5306.95
7868,2024-02-29 12:43:00,5307.55,5308.05,5302.15,5305.0
7869,2024-02-29 12:44:00,5305.45,5308.3,5305.0,5308.3
7870,2024-02-29 12:45:00,5306.6,5309.0,5305.0,5306.25
7871,2024-02-29 12:46:00,5305.6,5307.9,5303.5,5307.9
7872,2024-02-29 12:47:00,5305.15,5307.0,5305.0,5306.5
7873,2024-02-29 12:48:00,5305.05,5307.85,5303.45,5305.0
7874,2024-02-29 12:49:00,5307.05,5307.05,5305.0,5306.95
7875,2024-02-29 12:50:00,5305.25,5307.0,5305.0,5306.65
7876,2024-02-29 12:51:00,5306.55,5307.95,5305.35,5306.0
7877,2024-02-29 12:52:00,5305.9,5309.8,5305.9,5307.15
7878,2024-02-29 12:53:00,5310.2,5311.9,5307.15,5310.45
7879,2024-02-29 12:54:00,5310.2,5310.3,5306.05,5309.9
7880,2024-02-29 12:55:00,5309.85,5309.9,5305.6,5309.25
7881,2024-02-29 12:56:00,5309.2,5309.2,5306.65,5308.85
7882,2024-02-29 12:57:00,5307.5,5310.95,5306.2,5307.65
7883,2024-02-29 12:58:00,5308.95,5310.85,5305.15,5306.4
7884,2024-02-29 12:59:00,5307.15,5309.35,5305.0,5305.0
7885,2024-02-29 13:00:00,5305.1,5307.65,5305.0,5305.95
7886,2024-02-29 13:01:00,5308.2,5308.2,5305.15,5307.35
7887,2024-02-29 13:02:00,5306.0,5307.35,5305.0,5306.8
7888,2024-02-29 13:03:00,5305.0,5306.8,5297.0,5298.35
7889,2024-02-29 13:04:00,5297.0,5300.0,5296.8,5299.55
7890,2024-02-29 13:05:00,5299.6,5300.0,5295.05,5295.05
7891,2024-02-29 13:06:00,5295.0,5296.6,5278.0,5280.05
7892,2024-02-29 13:07:00,5280.85,5280.85,5271.05,5272.55
7893,2024-02-29 13:08:00,5273.95,5278.4,5272.6,5275.0
7894,2024-02-29 13:09:00,5275.7,5279.8,5274.05,5279.8
7895,2024-02-29 13:10:00,5277.5,5279.4,5273.15,5277.85
7896,2024-02-29 13:11:00,5275.4,5277.85,5269.55,5271.55
7897,2024-02-29 13:12:00,5271.2,5280.8,5269.0,5280.8
7898,2024-02-29 13:13:00,5278.55,5284.25,5275.95,5281.45
7899,2024-02-29 13:14:00,5281.1,5287.7,5279.85,5284.05
7900,2024-02-29 13:15:00,5282.45,5287.7,5282.45,5286.7
7901,2024-02-29 13:16:00,5287.0,5288.0,5284.1,5287.95
7902,2024-02-29 13:17:00,5287.3,5289.0,5283.05,5288.4
7903,2024-02-29 13:18:00,5285.9,5287.5,5282.05,5285.4
7904,2024-02-29 13:19:00,5282.25,5286.0,5282.15,5285.9
7905,2024-02-29 13:20:00,5284.05,5285.8,5279.25,5281.6
7906,2024-02-29 13:21:00,5280.05,5284.0,5279.5,5284.0
7907,2024-02-29 13:22:00,5281.5,5290.2,5280.0,5290.05
7908,2024-02-29 13:23:00,5290.25,5293.9,5290.0,5291.8
7909,2024-02-29 13:24:00,5290.3,5292.0,5290.0,5290.4
7910,2024-02-29 13:25:00,5292.0,5292.0,5290.0,5291.9
7911,2024-02-29 13:26:00,5291.05,5292.95,5290.15,5292.35
7912,2024-02-29 13:27:00,5290.8,5294.0,5290.6,5294.0
7913,2024-02-29 13:28:00,5292.45,5294.0,5290.0,5292.25
7914,2024-02-29 13:29:00,5291.5,5292.85,5290.0,5292.1
7915,2024-02-29 13:30:00,5292.05,5295.0,5290.3,5293.35
7916,2024-02-29 13:31:00,5292.1,5295.05,5290.2,5294.7
7917,2024-02-29 13:32:00,5293.2,5303.0,5293.1,5303.0
7918,2024-02-29 13:33:00,5302.15,5302.15,5300.0,5300.15
7919,2024-02-29 13:34:00,5300.1,5302.0,5300.0,5301.5
7920,2024-02-29 13:35:00,5301.0,5303.0,5300.0,5300.55
7921,2024-02-29 13:36:00,5300.5,5301.85,5299.9,5299.9
7922,2024-02-29 13:37:00,5299.0,5299.8,5293.0,5299.0
7923,2024-02-29 13:38:00,5298.1,5299.0,5290.05,5295.55
7924,2024-02-29 13:39:00,5295.6,5296.45,5292.65,5293.7
7925,2024-02-29 13:40:00,5292.7,5297.1,5292.65,5297.0
7926,2024-02-29 13:41:00,5295.9,5300.0,5292.7,5299.95
7927,2024-02-29 13:42:00,5299.25,5300.0,5297.7,5300.0
7928,2024-02-29 13:43:00,5298.15,5299.95,5296.2,5299.75
7929,2024-02-29 13:44:00,5297.4,5299.75,5296.6,5299.0
7930,2024-02-29 13:45:00,5298.4,5298.85,5293.05,5295.3
7931,2024-02-29 13:46:00,5293.65,5296.6,5293.2,5295.95
7932,2024-02-29 13:47:00,5295.35,5298.3,5295.35,5298.0
7933,2024-02-29 13:48:00,5296.85,5299.0,5296.15,5299.0
7934,2024-02-29 13:49:00,5297.35,5299.95,5296.0,5298.45
7935,2024-02-29 13:50:00,5298.95,5303.85,5298.1,5303.85
7936,2024-02-29 13:51:00,5300.65,5301.9,5299.0,5300.0
7937,2024-02-29 13:52:00,5299.9,5302.65,5299.25,5301.1
7938,2024-02-29 13:53:00,5301.05,5301.1,5300.0,5300.05
7939,2024-02-29 13:54:00,5300.0,5300.25,5299.2,5300.05
7940,2024-02-29 13:55:00,5300.25,5300.25,5297.25,5300.05
7941,2024-02-29 13:56:00,5300.0,5300.1,5298.3,5300.05
7942,2024-02-29 13:57:00,5298.1,5300.05,5297.55,5300.0
7943,2024-02-29 13:58:00,5300.05,5300.05,5298.35,5300.05
7944,2024-02-29 13:59:00,5300.0,5301.1,5300.0,5300.05
7945,2024-02-29 14:00:00,5300.15,5300.15,5300.0,5300.05
7946,2024-02-29 14:01:00,5300.15,5300.15,5298.05,5300.05
7947,2024-02-29 14:02:00,5300.0,5300.05,5293.45,5297.15
7948,2024-02-29 14:03:00,5299.55,5300.05,5297.0,5299.25
7949,2024-02-29 14:04:00,5297.7,5299.2,5295.65,5297.35
7950,2024-02-29 14:05:00,5295.65,5298.55,5292.15,5298.4
7951,2024-02-29 14:06:00,5297.8,5298.4,5293.9,5297.6
7952,2024-02-29 14:07:00,5297.55,5297.55,5292.65,5296.65
7953,2024-02-29 14:08:00,5295.05,5296.95,5293.2,5295.0
7954,2024-02-29 14:09:00,5293.4,5295.05,5289.5,5290.4
7955,2024-02-29 14:10:00,5290.0,5292.65,5289.5,5289.8
7956,2024-02-29 14:11:00,5289.95,5291.65,5285.8,5290.0
7957,2024-02-29 14:12:00,5290.45,5290.45,5285.15,5287.85
7958,2024-02-29 14:13:00,5286.05,5286.9,5282.0,5282.55
7959,2024-02-29 14:14:00,5284.1,5290.15,5282.55,5289.45
7960,2024-02-29 14:15:00,5288.05,5289.45,5286.0,5288.25
7961,2024-02-29 14:16:00,5288.0,5289.0,5284.1,5287.85
7962,2024-02-29 14:17:00,5287.65,5287.8,5285.1,5285.75
7963,2024-02-29 14:18:00,5286.4,5286.4,5281.05,5283.95
7964,2024-02-29 14:19:00,5281.2,5284.15,5281.0,5282.9
7965,2024-02-29 14:20:00,5282.85,5285.0,5277.8,5280.9
7966,2024-02-29 14:21:00,5280.85,5280.85,5277.85,5277.95
7967,2024-02-29 14:22:00,5277.85,5280.0,5275.75,5275.75
7968,2024-02-29 14:23:00,5275.7,5276.3,5275.0,5276.25
7969,2024-02-29 14:24:00,5275.65,5280.0,5275.1,5278.45
7970,2024-02-29 14:25:00,5277.0,5278.6,5275.0,5278.2
7971,2024-02-29 14:26:00,5276.15,5279.1,5275.6,5277.0
7972,2024-02-29 14:27:00,5276.25,5279.55,5274.05,5275.0
7973,2024-02-29 14:28:00,5275.55,5275.75,5274.2,5275.25
7974,2024-02-29 14:29:00,5275.0,5277.7,5274.05,5275.15
7975,2024-02-29 14:30:00,5275.0,5278.15,5274.95,5276.6
7976,2024-02-29 14:31:00,5275.0,5277.45,5274.0,5275.0
7977,2024-02-29 14:32:00,5275.05,5275.35,5269.95,5270.05
7978,2024-02-29 14:33:00,5271.05,5271.05,5269.05,5270.05
7979,2024-02-29 14:34:00,5270.0,5272.0,5267.0,5271.0
7980,2024-02-29 14:35:00,5271.85,5271.85,5269.1,5269.1
7981,2024-02-29 14:36:00,5268.05,5274.1,5268.05,5272.75
7982,2024-02-29 14:37:00,5271.4,5275.5,5267.75,5270.65
7983,2024-02-29 14:38:00,5269.6,5271.75,5267.2,5270.0
7984,2024-02-29 14:39:00,5270.05,5273.0,5268.0,5270.55
7985,2024-02-29 14:40:00,5268.2,5273.45,5267.65,5272.5
7986,2024-02-29 14:41:00,5272.55,5278.05,5271.2,5276.5
7987,2024-02-29 14:42:00,5276.65,5282.0,5276.5,5282.0
7988,2024-02-29 14:43:00,5281.3,5283.8,5278.2,5280.65
7989,2024-02-29 14:44:00,5281.75,5283.8,5280.1,5283.6
7990,2024-02-29 14:45:00,5282.7,5288.0,5281.65,5284.95
7991,2024-02-29 14:46:00,5284.4,5285.15,5281.75,5283.0
7992,2024-02-29 14:47:00,5282.05,5285.45,5282.0,5283.95
7993,2024-02-29 14:48:00,5283.05,5286.6,5282.0,5286.3
7994,2024-02-29 14:49:00,5284.55,5287.55,5283.85,5286.0
7995,2024-02-29 14:50:00,5285.95,5288.9,5285.0,5285.5
7996,2024-02-29 14:51:00,5285.05,5289.65,5285.0,5289.3
7997,2024-02-29 14:52:00,5287.7,5289.3,5284.55,5285.25
7998,2024-02-29 14:53:00,5285.45,5289.9,5284.0,5287.55
7999,2024-02-29 14:54:00,5288.0,5291.0,5284.0,5285.0
8000,2024-02-29 14:55:00,5283.75,5286.45,5281.0,5284.6
8001,2024-02-29 14:56:00,5283.9,5284.6,5280.15,5281.95
8002,2024-02-29 14:57:00,5280.45,5282.1,5277.65,5278.0
8003,2024-02-29 14:58:00,5277.4,5280.0,5275.6,5276.5
8004,2024-02-29 14:59:00,5279.4,5279.4,5271.55,5274.4
8005,2024-02-29 15:00:00,5276.35,5285.95,5276.35,5280.2
8006,2024-02-29 15:01:00,5280.55,5284.85,5280.0,5284.5
8007,2024-02-29 15:02:00,5285.95,5286.1,5284.5,5285.7
8008,2024-02-29 15:03:00,5285.9,5288.0,5285.8,5286.35
8009,2024-02-29 15:04:00,5286.2,5287.25,5284.05,5287.25
8010,2024-02-29 15:05:00,5285.75,5291.25,5285.6,5291.25
8011,2024-02-29 15:06:00,5288.5,5295.8,5287.65,5293.9
8012,2024-02-29 15:07:00,5292.35,5293.05,5292.35,5292.9
8013,2024-02-29 15:08:00,5292.95,5293.35,5290.9,5292.1
8014,2024-02-29 15:09:00,5292.3,5296.3,5290.4,5296.3
8015,2024-02-29 15:10:00,5291.9,5298.0,5291.9,5297.4
8016,2024-02-29 15:11:00,5296.75,5300.0,5296.75,5299.75
8017,2024-02-29 15:12:00,5299.9,5302.95,5299.9,5302.95
8018,2024-02-29 15:13:00,5303.0,5304.4,5302.75,5303.0
8019,2024-02-29 15:14:00,5302.95,5307.25,5302.95,5306.05
8020,2024-02-29 15:15:00,5306.0,5307.75,5305.3,5307.1
8021,2024-02-29 15:16:00,5307.7,5307.7,5303.0,5305.0
8022,2024-02-29 15:17:00,5304.95,5305.0,5304.75,5304.85
8023,2024-02-29 15:18:00,5304.75,5304.9,5302.05,5302.15
8024,2024-02-29 15:19:00,5302.2,5302.95,5302.15,5302.25
8025,2024-02-29 15:20:00,5302.35,5302.45,5302.0,5302.35
8026,2024-02-29 15:21:00,5302.4,5304.9,5302.35,5303.65
8027,2024-02-29 15:22:00,5303.8,5305.85,5303.75,5305.85
8028,2024-02-29 15:23:00,5305.8,5308.7,5305.8,5307.85
8029,2024-02-29 15:24:00,5307.95,5308.05,5307.75,5307.95
8030,2024-02-29 15:25:00,5308.0,5324.9,5307.9,5324.0
8031,2024-02-29 15:26:00,5323.45,5330.0,5323.35,5323.4
8032,2024-02-29 15:27:00,5324.35,5324.35,5316.85,5318.05
8033,2024-02-29 15:28:00,5318.0,5326.9,5317.8,5319.35
8034,2024-02-29 15:29:00,5322.9,5323.85,5319.25,5320.0
8035,2024-03-01 09:14:00,5315.0,5315.0,5315.0,5315.0
8036,2024-03-01 09:15:00,5318.0,5340.4,5318.0,5335.5
8037,2024-03-01 09:16:00,5339.0,5348.45,5335.0,5343.2
8038,2024-03-01 09:17:00,5340.1,5344.2,5329.15,5329.15
8039,2024-03-01 09:18:00,5326.0,5328.65,5317.2,5323.05
8040,2024-03-01 09:19:00,5326.4,5331.1,5317.15,5325.25
8041,2024-03-01 09:20:00,5323.05,5327.0,5317.0,5321.3
8042,2024-03-01 09:21:00,5319.95,5326.45,5318.25,5324.5
8043,2024-03-01 09:22:00,5324.45,5324.45,5311.0,5312.0
8044,2024-03-01 09:23:00,5313.0,5313.45,5310.0,5310.2
8045,2024-03-01 09:24:00,5311.7,5312.0,5306.0,5308.7
8046,2024-03-01 09:25:00,5308.75,5310.5,5304.0,5304.0
8047,2024-03-01 09:26:00,5304.85,5308.1,5302.4,5305.35
8048,2024-03-01 09:27:00,5308.0,5312.75,5304.05,5309.8
8049,2024-03-01 09:28:00,5310.0,5311.75,5307.0,5310.9
8050,2024-03-01 09:29:00,5309.5,5310.65,5305.0,5305.0
8051,2024-03-01 09:30:00,5306.85,5306.85,5300.2,5304.5
8052,2024-03-01 09:31:00,5301.0,5302.3,5295.0,5295.5
8053,2024-03-01 09:32:00,5297.7,5299.45,5292.1,5292.1
8054,2024-03-01 09:33:00,5292.55,5294.0,5290.5,5293.5
8055,2024-03-01 09:34:00,5290.55,5295.3,5290.5,5290.55
8056,2024-03-01 09:35:00,5290.25,5292.95,5288.0,5288.0
8057,2024-03-01 09:36:00,5289.85,5294.35,5285.05,5285.8
8058,2024-03-01 09:37:00,5289.55,5293.4,5286.5,5292.7
8059,2024-03-01 09:38:00,5292.75,5298.0,5290.0,5292.45
8060,2024-03-01 09:39:00,5292.9,5293.65,5290.0,5293.65
8061,2024-03-01 09:40:00,5293.55,5293.55,5285.1,5287.2
8062,2024-03-01 09:41:00,5288.25,5290.9,5285.05,5288.75
8063,2024-03-01 09:42:00,5288.3,5292.8,5288.3,5291.7
8064,2024-03-01 09:43:00,5290.0,5292.45,5286.15,5292.45
8065,2024-03-01 09:44:00,5291.5,5291.5,5285.0,5285.0
8066,2024-03-01 09:45:00,5285.15,5288.85,5285.05,5288.7
8067,2024-03-01 09:46:00,5286.2,5286.9,5281.55,5284.45
8068,2024-03-01 09:47:00,5282.35,5286.35,5281.3,5286.15
8069,2024-03-01 09:48:00,5286.1,5288.95,5284.55,5288.95
8070,2024-03-01 09:49:00,5286.8,5287.45,5282.45,5284.55
8071,2024-03-01 09:50:00,5284.45,5289.7,5282.2,5285.25
8072,2024-03-01 09:51:00,5283.05,5286.35,5282.05,5284.65
8073,2024-03-01 09:52:00,5285.0,5287.65,5285.0,5286.25
8074,2024-03-01 09:53:00,5285.4,5286.7,5282.1,5285.3
8075,2024-03-01 09:54:00,5287.9,5290.2,5286.05,5290.2
8076,2024-03-01 09:55:00,5290.15,5298.75,5288.75,5298.15
8077,2024-03-01 09:56:00,5298.0,5298.3,5296.0,5298.05
8078,2024-03-01 09:57:00,5297.6,5297.6,5290.1,5293.2
8079,2024-03-01 09:58:00,5290.25,5292.65,5290.0,5291.75
8080,2024-03-01 09:59:00,5290.05,5293.75,5290.0,5293.05
8081,2024-03-01 10:00:00,5292.0,5293.05,5291.0,5292.65
8082,2024-03-01 10:01:00,5293.45,5296.45,5291.1,5291.25
8083,2024-03-01 10:02:00,5292.9,5296.95,5291.25,5295.75
8084,2024-03-01 10:03:00,5297.1,5297.1,5292.0,5294.5
8085,2024-03-01 10:04:00,5292.5,5295.9,5291.4,5295.8
8086,2024-03-01 10:05:00,5298.0,5308.0,5296.0,5308.0
8087,2024-03-01 10:06:00,5308.9,5308.9,5301.0,5302.0
8088,2024-03-01 10:07:00,5303.8,5304.0,5300.0,5301.0
8089,2024-03-01 10:08:00,5300.0,5301.95,5296.05,5300.0
8090,2024-03-01 10:09:00,5299.85,5301.0,5291.45,5291.45
8091,2024-03-01 10:10:00,5293.0,5294.95,5291.1,5293.8
8092,2024-03-01 10:11:00,5296.2,5297.9,5292.7,5296.05
8093,2024-03-01 10:12:00,5295.95,5299.7,5293.0,5298.55
8094,2024-03-01 10:13:00,5299.15,5299.85,5296.7,5299.0
8095,2024-03-01 10:14:00,5299.05,5299.85,5297.1,5299.45
8096,2024-03-01 10:15:00,5297.1,5299.95,5296.2,5298.75
8097,2024-03-01 10:16:00,5298.7,5299.55,5293.4,5293.9
8098,2024-03-01 10:17:00,5293.4,5297.95,5290.0,5291.75
8099,2024-03-01 10:18:00,5291.7,5297.8,5290.55,5297.55
8100,2024-03-01 10:19:00,5297.45,5299.95,5295.05,5295.05
8101,2024-03-01 10:20:00,5296.85,5299.15,5291.0,5299.15
8102,2024-03-01 10:21:00,5299.05,5299.05,5294.0,5298.75
8103,2024-03-01 10:22:00,5297.2,5297.2,5292.35,5295.45
8104,2024-03-01 10:23:00,5295.4,5295.4,5292.35,5293.0
8105,2024-03-01 10:24:00,5293.85,5293.85,5289.05,5289.75
8106,2024-03-01 10:25:00,5289.8,5290.0,5289.0,5289.85
8107,2024-03-01 10:26:00,5290.0,5290.0,5288.0,5289.9
8108,2024-03-01 10:27:00,5289.85,5291.25,5288.0,5289.0
8109,2024-03-01 10:28:00,5288.05,5290.0,5288.0,5289.7
8110,2024-03-01 10:29:00,5289.75,5290.0,5287.45,5287.55
8111,2024-03-01 10:30:00,5289.35,5290.0,5287.55,5289.7
8112,2024-03-01 10:31:00,5289.75,5291.5,5289.1,5291.5
8113,2024-03-01 10:32:00,5289.9,5290.0,5289.0,5289.9
8114,2024-03-01 10:33:00,5289.85,5289.85,5287.0,5287.0
8115,2024-03-01 10:34:00,5287.4,5289.9,5286.1,5289.9
8116,2024-03-01 10:35:00,5288.05,5289.65,5288.05,5288.15
8117,2024-03-01 10:36:00,5288.0,5288.1,5288.0,5288.0
8118,2024-03-01 10:37:00,5286.1,5289.8,5286.1,5286.15
8119,2024-03-01 10:38:00,5286.1,5288.4,5286.1,5288.4
8120,2024-03-01 10:39:00,5286.45,5288.6,5286.1,5286.1
8121,2024-03-01 10:40:00,5286.15,5287.05,5284.0,5284.0
8122,2024-03-01 10:41:00,5286.15,5286.15,5276.0,5276.0
8123,2024-03-01 10:42:00,5276.9,5276.9,5275.0,5275.0
8124,2024-03-01 10:43:00,5275.05,5275.05,5272.0,5273.8
8125,2024-03-01 10:44:00,5274.0,5279.95,5273.8,5279.65
8126,2024-03-01 10:45:00,5279.45,5279.45,5275.0,5276.4
8127,2024-03-01 10:46:00,5275.05,5278.65,5272.45,5278.65
8128,2024-03-01 10:47:00,5278.35,5278.75,5275.05,5277.6
8129,2024-03-01 10:48:00,5275.7,5278.1,5274.0,5275.2
8130,2024-03-01 10:49:00,5275.15,5277.8,5275.0,5277.8
8131,2024-03-01 10:50:00,5275.05,5277.55,5275.0,5277.55
8132,2024-03-01 10:51:00,5277.5,5279.25,5275.0,5279.25
8133,2024-03-01 10:52:00,5277.5,5277.5,5275.05,5276.3
8134,2024-03-01 10:53:00,5276.2,5280.0,5275.3,5275.7
8135,2024-03-01 10:54:00,5275.65,5278.45,5275.65,5278.05
8136,2024-03-01 10:55:00,5277.85,5278.0,5276.0,5278.0
8137,2024-03-01 10:56:00,5277.8,5280.0,5276.0,5280.0
8138,2024-03-01 10:57:00,5279.15,5282.0,5279.15,5279.9
8139,2024-03-01 10:58:00,5279.6,5280.8,5279.5,5280.0
8140,2024-03-01 10:59:00,5281.3,5281.4,5279.5,5280.85
8141,2024-03-01 11:00:00,5284.95,5285.3,5280.0,5280.05
8142,2024-03-01 11:01:00,5281.2,5282.35,5280.0,5280.0
8143,2024-03-01 11:02:00,5279.5,5280.4,5279.5,5279.5
8144,2024-03-01 11:03:00,5279.55,5281.85,5279.5,5279.8
8145,2024-03-01 11:04:00,5280.0,5281.25,5279.65,5280.0
8146,2024-03-01 11:05:00,5279.95,5282.5,5279.5,5280.3
8147,2024-03-01 11:06:00,5280.0,5282.6,5279.6,5281.85
8148,2024-03-01 11:07:00,5281.8,5281.8,5280.0,5280.0
8149,2024-03-01 11:08:00,5279.7,5280.3,5278.0,5278.9
8150,2024-03-01 11:09:00,5278.0,5280.0,5276.05,5278.55
8151,2024-03-01 11:10:00,5278.45,5278.45,5276.0,5276.0
8152,2024-03-01 11:11:00,5277.1,5277.4,5275.45,5277.2
8153,2024-03-01 11:12:00,5275.8,5279.0,5275.8,5278.0
8154,2024-03-01 11:13:00,5278.45,5282.95,5277.15,5279.25
8155,2024-03-01 11:14:00,5279.65,5283.8,5278.0,5278.8
8156,2024-03-01 11:15:00,5278.0,5280.7,5276.65,5280.7
8157,2024-03-01 11:16:00,5279.85,5280.75,5278.0,5280.7
8158,2024-03-01 11:17:00,5280.8,5281.2,5278.0,5279.7
8159,2024-03-01 11:18:00,5280.4,5280.4,5278.05,5279.3
8160,2024-03-01 11:19:00,5279.35,5280.9,5278.65,5280.05
8161,2024-03-01 11:20:00,5279.4,5281.4,5279.4,5280.65
8162,2024-03-01 11:21:00,5280.6,5280.8,5278.25,5278.25
8163,2024-03-01 11:22:00,5280.0,5280.8,5278.35,5280.0
8164,2024-03-01 11:23:00,5279.95,5280.0,5278.25,5279.9
8165,2024-03-01 11:24:00,5279.95,5280.0,5278.0,5280.0
8166,2024-03-01 11:25:00,5279.9,5281.25,5278.15,5280.7
8167,2024-03-01 11:26:00,5279.85,5280.0,5278.0,5279.95
8168,2024-03-01 11:27:00,5278.05,5280.0,5278.05,5279.85
8169,2024-03-01 11:28:00,5279.75,5281.0,5278.0,5278.5
8170,2024-03-01 11:29:00,5278.1,5281.0,5278.0,5280.0
8171,2024-03-01 11:30:00,5279.95,5280.65,5278.5,5280.45
8172,2024-03-01 11:31:00,5278.5,5280.2,5278.5,5278.5
8173,2024-03-01 11:32:00,5279.55,5280.45,5278.5,5280.3
8174,2024-03-01 11:33:00,5278.5,5280.3,5278.5,5280.0
8175,2024-03-01 11:34:00,5279.9,5280.3,5278.5,5279.45
8176,2024-03-01 11:35:00,5278.65,5280.9,5278.5,5278.5
8177,2024-03-01 11:36:00,5279.35,5279.35,5278.5,5278.75
8178,2024-03-01 11:37:00,5278.6,5278.65,5275.0,5276.75
8179,2024-03-01 11:38:00,5277.75,5280.05,5275.55,5279.6
8180,2024-03-01 11:39:00,5277.15,5279.6,5275.0,5277.55
8181,2024-03-01 11:40:00,5277.45,5280.0,5275.1,5276.6
8182,2024-03-01 11:41:00,5277.4,5278.4,5275.0,5277.7
8183,2024-03-01 11:42:00,5279.8,5281.25,5275.3,5281.25
8184,2024-03-01 11:43:00,5281.45,5284.15,5278.1,5281.5
8185,2024-03-01 11:44:00,5281.45,5281.5,5279.0,5280.75
8186,2024-03-01 11:45:00,5280.7,5285.0,5279.6,5283.45
8187,2024-03-01 11:46:00,5283.4,5283.65,5279.45,5282.95
8188,2024-03-01 11:47:00,5282.9,5285.0,5279.65,5282.75
8189,2024-03-01 11:48:00,5282.7,5283.65,5279.55,5282.55
8190,2024-03-01 11:49:00,5280.0,5282.85,5279.1,5281.75
8191,2024-03-01 11:50:00,5281.7,5283.35,5279.2,5282.05
8192,2024-03-01 11:51:00,5282.0,5282.75,5279.6,5281.8
8193,2024-03-01 11:52:00,5281.75,5282.15,5279.0,5281.0
8194,2024-03-01 11:53:00,5280.05,5283.55,5278.65,5282.05
8195,2024-03-01 11:54:00,5282.1,5284.9,5279.25,5280.15
8196,2024-03-01 11:55:00,5281.9,5283.9,5279.45,5280.25
8197,2024-03-01 11:56:00,5280.3,5281.55,5278.45,5281.25
8198,2024-03-01 11:57:00,5281.2,5283.9,5279.05,5280.0
8199,2024-03-01 11:58:00,5281.5,5283.1,5279.05,5282.4
8200,2024-03-01 11:59:00,5282.35,5283.0,5280.25,5280.75
8201,2024-03-01 12:00:00,5279.3,5284.25,5279.3,5281.35
8202,2024-03-01 12:01:00,5282.65,5282.65,5280.0,5280.0
8203,2024-03-01 12:02:00,5281.35,5281.35,5280.0,5280.0
8204,2024-03-01 12:03:00,5280.5,5283.95,5280.0,5283.95
8205,2024-03-01 12:04:00,5283.6,5283.6,5280.15,5280.4
8206,2024-03-01 12:05:00,5280.2,5283.25,5280.1,5281.9
8207,2024-03-01 12:06:00,5282.05,5284.95,5280.1,5282.9
8208,2024-03-01 12:07:00,5282.85,5282.85,5280.0,5280.1
8209,2024-03-01 12:08:00,5282.8,5283.45,5280.0,5282.05
8210,2024-03-01 12:09:00,5283.15,5284.8,5281.0,5283.75
8211,2024-03-01 12:10:00,5283.25,5291.75,5281.85,5285.0
8212,2024-03-01 12:11:00,5286.6,5287.65,5282.25,5282.25
8213,2024-03-01 12:12:00,5283.0,5284.35,5282.15,5284.15
8214,2024-03-01 12:13:00,5282.15,5285.45,5281.35,5282.05
8215,2024-03-01 12:14:00,5282.0,5285.0,5280.35,5284.75
8216,2024-03-01 12:15:00,5284.7,5284.7,5281.1,5283.4
8217,2024-03-01 12:16:00,5283.3,5284.85,5283.0,5283.55
8218,2024-03-01 12:17:00,5284.0,5288.75,5280.65,5280.65
8219,2024-03-01 12:18:00,5283.65,5284.4,5280.2,5282.85
8220,2024-03-01 12:19:00,5283.0,5283.0,5280.0,5280.05
8221,2024-03-01 12:20:00,5281.6,5281.6,5280.0,5280.8
8222,2024-03-01 12:21:00,5280.75,5281.75,5280.0,5281.7
8223,2024-03-01 12:22:00,5281.75,5282.5,5280.1,5281.6
8224,2024-03-01 12:23:00,5281.5,5283.8,5280.0,5280.0
8225,2024-03-01 12:24:00,5281.8,5282.8,5280.0,5280.0
8226,2024-03-01 12:25:00,5280.15,5282.65,5280.0,5282.65
8227,2024-03-01 12:26:00,5280.35,5282.55,5280.0,5281.35
8228,2024-03-01 12:27:00,5280.0,5281.35,5280.0,5280.8
8229,2024-03-01 12:28:00,5280.75,5282.9,5280.0,5282.0
8230,2024-03-01 12:29:00,5281.75,5281.9,5280.0,5281.65
8231,2024-03-01 12:30:00,5280.0,5283.75,5280.0,5283.45
8232,2024-03-01 12:31:00,5283.5,5283.55,5280.15,5283.55
8233,2024-03-01 12:32:00,5281.9,5283.35,5280.0,5282.65
8234,2024-03-01 12:33:00,5282.5,5282.75,5280.0,5280.8
8235,2024-03-01 12:34:00,5280.0,5281.75,5280.0,5280.9
8236,2024-03-01 12:35:00,5280.85,5282.25,5280.0,5281.85
8237,2024-03-01 12:36:00,5281.8,5281.85,5280.0,5280.2
8238,2024-03-01 12:37:00,5280.1,5283.0,5280.0,5280.05
8239,2024-03-01 12:38:00,5280.0,5281.4,5280.0,5280.2
8240,2024-03-01 12:39:00,5280.25,5282.6,5280.0,5282.55
8241,2024-03-01 12:40:00,5280.15,5282.2,5280.0,5281.7
8242,2024-03-01 12:41:00,5281.45,5281.45,5280.0,5280.05
8243,2024-03-01 12:42:00,5280.0,5281.45,5280.0,5281.15
8244,2024-03-01 12:43:00,5280.0,5281.25,5280.0,5281.2
8245,2024-03-01 12:44:00,5281.05,5281.5,5279.0,5279.95
8246,2024-03-01 12:45:00,5280.0,5280.0,5279.0,5280.0
8247,2024-03-01 12:46:00,5279.1,5280.0,5279.0,5279.25
8248,2024-03-01 12:47:00,5279.2,5280.0,5279.0,5279.0
8249,2024-03-01 12:48:00,5279.25,5279.25,5276.5,5276.7
8250,2024-03-01 12:49:00,5276.6,5277.3,5276.0,5276.0
8251,2024-03-01 12:50:00,5276.2,5278.05,5275.0,5278.0
8252,2024-03-01 12:51:00,5278.45,5279.95,5275.0,5279.8
8253,2024-03-01 12:52:00,5279.6,5279.6,5275.8,5276.15
8254,2024-03-01 12:53:00,5276.2,5277.9,5275.0,5275.35
8255,2024-03-01 12:54:00,5277.5,5277.5,5275.0,5276.0
8256,2024-03-01 12:55:00,5278.4,5278.45,5275.1,5276.0
8257,2024-03-01 12:56:00,5275.95,5278.5,5275.0,5278.25
8258,2024-03-01 12:57:00,5275.45,5278.5,5275.0,5275.3
8259,2024-03-01 12:58:00,5277.8,5277.8,5275.0,5275.7
8260,2024-03-01 12:59:00,5275.75,5278.5,5275.25,5275.6
8261,2024-03-01 13:00:00,5275.55,5276.3,5275.0,5275.0
8262,2024-03-01 13:01:00,5275.05,5275.7,5275.0,5275.0
8263,2024-03-01 13:02:00,5275.05,5277.7,5275.0,5275.0
8264,2024-03-01 13:03:00,5275.7,5275.7,5275.0,5275.0
8265,2024-03-01 13:04:00,5275.05,5279.7,5275.0,5276.15
8266,2024-03-01 13:05:00,5275.0,5276.1,5275.0,5275.0
8267,2024-03-01 13:06:00,5275.05,5278.8,5275.0,5275.45
8268,2024-03-01 13:07:00,5275.0,5278.05,5275.0,5275.0
8269,2024-03-01 13:08:00,5275.15,5277.15,5275.0,5275.45
8270,2024-03-01 13:09:00,5275.3,5278.95,5275.0,5276.25
8271,2024-03-01 13:10:00,5278.9,5279.3,5275.0,5277.5
8272,2024-03-01 13:11:00,5277.45,5277.5,5275.05,5275.55
8273,2024-03-01 13:12:00,5275.1,5275.55,5275.1,5275.15
8274,2024-03-01 13:13:00,5275.1,5277.8,5275.1,5275.1
8275,2024-03-01 13:14:00,5275.5,5278.1,5275.0,5275.0
8276,2024-03-01 13:15:00,5275.65,5276.0,5275.0,5275.0
8277,2024-03-01 13:16:00,5275.05,5279.0,5275.0,5276.25
8278,2024-03-01 13:17:00,5276.0,5280.0,5275.8,5278.55
8279,2024-03-01 13:18:00,5278.5,5280.0,5276.35,5278.7
8280,2024-03-01 13:19:00,5277.95,5279.7,5277.45,5278.6
8281,2024-03-01 13:20:00,5278.65,5279.9,5278.15,5278.6
8282,2024-03-01 13:21:00,5278.5,5279.7,5276.85,5278.0
8283,2024-03-01 13:22:00,5277.5,5279.9,5275.6,5275.6
8284,2024-03-01 13:23:00,5275.55,5275.6,5274.85,5274.85
8285,2024-03-01 13:24:00,5274.9,5276.1,5274.85,5275.0
8286,2024-03-01 13:25:00,5274.95,5275.0,5274.0,5274.0
8287,2024-03-01 13:26:00,5274.05,5275.0,5272.25,5272.5
8288,2024-03-01 13:27:00,5272.55,5274.9,5272.25,5274.9
8289,2024-03-01 13:28:00,5274.7,5275.0,5272.2,5274.6
8290,2024-03-01 13:29:00,5274.55,5275.0,5272.7,5272.7
8291,2024-03-01 13:30:00,5273.8,5275.6,5272.7,5273.35
8292,2024-03-01 13:31:00,5273.0,5276.35,5272.5,5272.55
8293,2024-03-01 13:32:00,5272.5,5275.95,5272.5,5273.0
8294,2024-03-01 13:33:00,5274.0,5276.65,5272.5,5272.5
8295,2024-03-01 13:34:00,5272.55,5274.95,5272.1,5273.95
8296,2024-03-01 13:35:00,5273.9,5275.0,5272.05,5272.05
8297,2024-03-01 13:36:00,5273.55,5273.55,5270.0,5272.0
8298,2024-03-01 13:37:00,5271.95,5275.0,5270.9,5270.9
8299,2024-03-01 13:38:00,5270.1,5270.8,5270.0,5270.1
8300,2024-03-01 13:39:00,5270.4,5270.4,5268.25,5268.7
8301,2024-03-01 13:40:00,5268.9,5268.95,5259.15,5261.65
8302,2024-03-01 13:41:00,5261.55,5262.8,5257.0,5257.6
8303,2024-03-01 13:42:00,5257.9,5259.95,5257.0,5259.95
8304,2024-03-01 13:43:00,5260.0,5260.0,5258.25,5259.65
8305,2024-03-01 13:44:00,5259.6,5260.4,5259.5,5260.4
8306,2024-03-01 13:45:00,5260.25,5264.0,5260.25,5262.0
8307,2024-03-01 13:46:00,5263.0,5263.0,5260.5,5261.75
8308,2024-03-01 13:47:00,5261.65,5262.95,5259.05,5261.1
8309,2024-03-01 13:48:00,5261.0,5262.95,5260.85,5261.65
8310,2024-03-01 13:49:00,5260.6,5261.85,5258.15,5260.85
8311,2024-03-01 13:50:00,5260.9,5260.9,5258.15,5258.3
8312,2024-03-01 13:51:00,5258.4,5261.45,5258.35,5261.45
8313,2024-03-01 13:52:00,5259.3,5262.85,5259.0,5260.4
8314,2024-03-01 13:53:00,5260.0,5260.25,5258.4,5258.5
8315,2024-03-01 13:54:00,5262.0,5262.95,5262.0,5262.0
8316,2024-03-01 13:55:00,5262.05,5263.5,5262.0,5262.0
8317,2024-03-01 13:56:00,5262.05,5265.0,5262.0,5264.9
8318,2024-03-01 13:57:00,5263.5,5267.3,5260.1,5260.15
8319,2024-03-01 13:58:00,5260.05,5263.85,5260.0,5260.2
8320,2024-03-01 13:59:00,5261.85,5265.05,5260.2,5261.2
8321,2024-03-01 14:00:00,5261.9,5264.95,5260.2,5262.7
8322,2024-03-01 14:01:00,5262.9,5262.9,5260.0,5260.0
8323,2024-03-01 14:02:00,5261.25,5261.25,5260.0,5260.25
8324,2024-03-01 14:03:00,5260.1,5262.55,5260.0,5260.2
8325,2024-03-01 14:04:00,5262.05,5262.05,5260.0,5260.0
8326,2024-03-01 14:05:00,5260.15,5261.6,5259.3,5259.9
8327,2024-03-01 14:06:00,5263.45,5263.45,5259.0,5259.35
8328,2024-03-01 14:07:00,5259.3,5261.45,5259.3,5259.75
8329,2024-03-01 14:08:00,5259.8,5262.0,5259.35,5260.05
8330,2024-03-01 14:09:00,5259.3,5263.35,5259.3,5262.3
8331,2024-03-01 14:10:00,5261.55,5264.9,5260.95,5261.8
8332,2024-03-01 14:11:00,5263.15,5263.15,5260.0,5260.55
8333,2024-03-01 14:12:00,5262.25,5264.7,5260.2,5261.3
8334,2024-03-01 14:13:00,5262.3,5265.2,5260.45,5260.65
8335,2024-03-01 14:14:00,5260.7,5263.25,5260.7,5261.5
8336,2024-03-01 14:15:00,5262.15,5262.85,5261.3,5262.05
8337,2024-03-01 14:16:00,5261.85,5267.8,5261.2,5267.8
8338,2024-03-01 14:17:00,5266.95,5269.85,5266.95,5269.3
8339,2024-03-01 14:18:00,5267.95,5269.3,5264.55,5267.5
8340,2024-03-01 14:19:00,5264.55,5268.4,5263.0,5263.25
8341,2024-03-01 14:20:00,5263.45,5268.95,5263.45,5267.45
8342,2024-03-01 14:21:00,5267.25,5269.0,5264.2,5267.6
8343,2024-03-01 14:22:00,5265.75,5268.25,5265.25,5267.05
8344,2024-03-01 14:23:00,5267.6,5270.9,5266.5,5267.1
8345,2024-03-01 14:24:00,5267.2,5267.9,5262.0,5262.35
8346,2024-03-01 14:25:00,5262.05,5265.2,5260.65,5260.65
8347,2024-03-01 14:26:00,5260.7,5260.95,5259.4,5260.0
8348,2024-03-01 14:27:00,5259.2,5261.25,5259.2,5259.65
8349,2024-03-01 14:28:00,5259.7,5262.9,5259.65,5262.9
8350,2024-03-01 14:29:00,5261.9,5267.2,5260.6,5263.9
8351,2024-03-01 14:30:00,5264.95,5266.55,5263.75,5264.0
8352,2024-03-01 14:31:00,5264.05,5265.5,5264.0,5264.0
8353,2024-03-01 14:32:00,5265.9,5265.9,5264.5,5264.55
8354,2024-03-01 14:33:00,5264.6,5265.9,5264.5,5264.5
8355,2024-03-01 14:34:00,5265.0,5265.0,5261.05,5261.15
8356,2024-03-01 14:35:00,5263.2,5264.55,5261.15,5263.75
8357,2024-03-01 14:36:00,5263.65,5265.85,5261.35,5265.0
8358,2024-03-01 14:37:00,5265.05,5269.45,5265.0,5265.0
8359,2024-03-01 14:38:00,5265.7,5268.7,5265.25,5266.15
8360,2024-03-01 14:39:00,5265.15,5268.85,5265.0,5265.45
8361,2024-03-01 14:40:00,5265.0,5267.2,5265.0,5265.6
8362,2024-03-01 14:41:00,5265.3,5267.1,5265.0,5265.2
8363,2024-03-01 14:42:00,5265.0,5268.05,5265.0,5265.0
8364,2024-03-01 14:43:00,5265.05,5270.0,5263.3,5265.0
8365,2024-03-01 14:44:00,5263.05,5266.75,5262.7,5265.0
8366,2024-03-01 14:45:00,5265.3,5268.8,5265.0,5267.65
8367,2024-03-01 14:46:00,5267.55,5267.55,5265.15,5266.0
8368,2024-03-01 14:47:00,5266.1,5268.5,5265.1,5265.1
8369,2024-03-01 14:48:00,5265.0,5267.2,5265.0,5266.95
8370,2024-03-01 14:49:00,5265.15,5270.0,5265.1,5266.9
8371,2024-03-01 14:50:00,5268.0,5268.55,5265.2,5265.2
8372,2024-03-01 14:51:00,5266.5,5267.0,5265.0,5265.05
8373,2024-03-01 14:52:00,5265.9,5267.8,5265.05,5266.0
8374,2024-03-01 14:53:00,5267.3,5267.45,5265.05,5265.2
8375,2024-03-01 14:54:00,5265.05,5266.8,5265.0,5265.0
8376,2024-03-01 14:55:00,5265.05,5266.9,5264.8,5264.8
8377,2024-03-01 14:56:00,5265.0,5266.9,5263.75,5266.7
8378,2024-03-01 14:57:00,5266.65,5266.65,5263.1,5263.5
8379,2024-03-01 14:58:00,5265.0,5265.7,5263.1,5263.4
8380,2024-03-01 14:59:00,5263.35,5266.45,5263.3,5266.2
8381,2024-03-01 15:00:00,5266.3,5269.8,5265.05,5269.8
8382,2024-03-01 15:01:00,5269.75,5270.0,5265.1,5265.35
8383,2024-03-01 15:02:00,5267.05,5267.05,5265.1,5266.55
8384,2024-03-01 15:03:00,5265.7,5268.2,5265.65,5266.2
8385,2024-03-01 15:04:00,5266.15,5268.8,5266.15,5268.0
8386,2024-03-01 15:05:00,5267.15,5268.0,5266.9,5266.95
8387,2024-03-01 15:06:00,5266.9,5267.05,5265.2,5265.2
8388,2024-03-01 15:07:00,5265.55,5267.65,5265.2,5266.55
8389,2024-03-01 15:08:00,5266.45,5273.5,5266.4,5273.5
8390,2024-03-01 15:09:00,5271.75,5275.0,5271.7,5272.05
8391,2024-03-01 15:10:00,5274.1,5274.1,5271.4,5271.5
8392,2024-03-01 15:11:00,5271.4,5271.5,5268.8,5268.95
8393,2024-03-01 15:12:00,5268.9,5273.0,5268.9,5270.6
8394,2024-03-01 15:13:00,5271.15,5271.85,5270.5,5271.3
8395,2024-03-01 15:14:00,5271.45,5271.45,5268.7,5268.7
8396,2024-03-01 15:15:00,5269.5,5271.85,5268.6,5271.15
8397,2024-03-01 15:16:00,5269.4,5271.4,5269.3,5270.0
8398,2024-03-01 15:17:00,5269.95,5272.0,5269.95,5270.95
8399,2024-03-01 15:18:00,5271.0,5271.0,5267.0,5267.0
8400,2024-03-01 15:19:00,5268.6,5270.0,5266.95,5267.9
8401,2024-03-01 15:20:00,5267.75,5270.0,5267.65,5269.8
8402,2024-03-01 15:21:00,5268.15,5272.9,5268.15,5271.6
8403,2024-03-01 15:22:00,5272.0,5274.95,5271.65,5272.4
8404,2024-03-01 15:23:00,5272.45,5274.75,5272.4,5274.5
8405,2024-03-01 15:24:00,5274.55,5275.85,5274.5,5275.5
8406,2024-03-01 15:25:00,5275.3,5278.0,5275.3,5278.0
8407,2024-03-01 15:26:00,5278.7,5285.9,5278.7,5283.75
8408,2024-03-01 15:27:00,5283.2,5284.0,5277.75,5282.4
8409,2024-03-01 15:28:00,5281.9,5283.8,5275.05,5276.0
8410,2024-03-01 15:29:00,5281.85,5282.0,5279.0,5281.0
8411,2024-03-02 09:15:00,5309.85,5314.8,5300.95,5301.7
8412,2024-03-02 09:16:00,5314.55,5314.8,5305.7,5307.15
8413,2024-03-02 09:17:00,5282.05,5306.3,5282.05,5303.95
8414,2024-03-02 09:18:00,5303.75,5303.85,5292.0,5299.0
8415,2024-03-02 09:19:00,5302.25,5303.9,5300.0,5301.0
8416,2024-03-02 09:20:00,5303.5,5303.95,5301.0,5303.0
8417,2024-03-02 09:21:00,5300.1,5303.95,5299.65,5303.95
8418,2024-03-02 09:22:00,5306.95,5308.6,5303.9,5306.5
8419,2024-03-02 09:23:00,5303.9,5307.95,5303.9,5307.95
8420,2024-03-02 09:24:00,5307.9,5308.6,5304.0,5304.0
8421,2024-03-02 09:25:00,5303.0,5303.9,5301.0,5302.5
8422,2024-03-02 09:26:00,5301.0,5301.0,5294.65,5300.0
8423,2024-03-02 09:27:00,5299.35,5302.35,5295.55,5300.0
8424,2024-03-02 09:28:00,5301.0,5303.15,5297.25,5301.45
8425,2024-03-02 09:29:00,5300.0,5303.95,5300.0,5300.0
8426,2024-03-02 09:30:00,5301.0,5301.0,5298.0,5300.0
8427,2024-03-02 09:31:00,5297.55,5299.9,5296.15,5299.3
8428,2024-03-02 09:32:00,5299.0,5299.0,5296.1,5296.4
8429,2024-03-02 09:33:00,5299.0,5299.0,5296.45,5298.95
8430,2024-03-02 09:34:00,5298.0,5298.0,5297.9,5297.9
8431,2024-03-02 09:35:00,5298.0,5298.0,5295.0,5295.0
8432,2024-03-02 09:36:00,5297.95,5298.0,5295.05,5298.0
8433,2024-03-02 09:37:00,5295.15,5297.0,5295.0,5296.85
8434,2024-03-02 09:38:00,5297.0,5298.0,5297.0,5298.0
8435,2024-03-02 09:39:00,5297.0,5298.0,5297.0,5298.0
8436,2024-03-02 09:40:00,5297.0,5298.0,5297.0,5298.0
8437,2024-03-02 09:41:00,5295.35,5298.0,5295.35,5295.55
8438,2024-03-02 09:42:00,5296.15,5298.0,5296.15,5298.0
8439,2024-03-02 09:43:00,5299.0,5299.0,5297.0,5297.05
8440,2024-03-02 09:44:00,5299.9,5303.4,5299.05,5302.85
8441,2024-03-02 09:45:00,5300.1,5302.85,5300.1,5302.85
8442,2024-03-02 09:46:00,5302.95,5303.55,5300.0,5300.45
8443,2024-03-02 09:47:00,5303.6,5303.95,5303.6,5303.65
8444,2024-03-02 09:48:00,5301.05,5303.6,5301.0,5303.35
8445,2024-03-02 09:49:00,5304.75,5304.9,5301.05,5303.0
8446,2024-03-02 09:50:00,5304.8,5306.9,5303.5,5306.0
8447,2024-03-02 09:51:00,5305.95,5306.0,5303.5,5305.0
8448,2024-03-02 09:52:00,5303.5,5305.0,5302.05,5304.0
8449,2024-03-02 09:53:00,5305.0,5306.0,5304.05,5306.0
8450,2024-03-02 09:54:00,5307.0,5308.35,5306.0,5308.2
8451,2024-03-02 09:55:00,5306.0,5306.0,5304.85,5304.85
8452,2024-03-02 09:56:00,5306.25,5306.25,5305.0,5306.0
8453,2024-03-02 09:57:00,5306.0,5306.0,5306.0,5306.0
8454,2024-03-02 09:58:00,5304.0,5308.3,5303.95,5307.3
8455,2024-03-02 09:59:00,5308.3,5308.3,5306.0,5306.0
8456,2024-03-02 11:30:00,5310.0,5310.0,5290.0,5290.0
8457,2024-03-02 11:31:00,5290.05,5306.0,5290.05,5300.0
8458,2024-03-02 11:32:00,5295.1,5305.0,5295.0,5300.0
8459,2024-03-02 11:33:00,5306.5,5306.5,5300.0,5300.05
8460,2024-03-02 11:34:00,5305.0,5306.0,5305.0,5305.0
8461,2024-03-02 11:35:00,5306.0,5306.0,5305.0,5305.0
8462,2024-03-02 11:36:00,5308.85,5309.0,5305.0,5308.9
8463,2024-03-02 11:37:00,5308.95,5308.95,5302.35,5302.35
8464,2024-03-02 11:38:00,5305.05,5306.0,5300.05,5300.1
8465,2024-03-02 11:39:00,5304.8,5305.95,5300.2,5304.0
8466,2024-03-02 11:40:00,5304.05,5304.85,5304.0,5304.85
8467,2024-03-02 11:41:00,5304.8,5304.8,5300.0,5300.0
8468,2024-03-02 11:42:00,5304.0,5304.0,5303.55,5304.0
8469,2024-03-02 11:43:00,5303.6,5304.0,5303.6,5304.0
8470,2024-03-02 11:44:00,5303.65,5303.65,5300.9,5301.25
8471,2024-03-02 11:45:00,5303.95,5306.0,5301.15,5306.0
8472,2024-03-02 11:46:00,5302.4,5306.0,5302.4,5305.0
8473,2024-03-02 11:47:00,5303.0,5305.85,5301.3,5305.75
8474,2024-03-02 11:48:00,5305.8,5308.65,5301.6,5308.0
8475,2024-03-02 11:49:00,5306.0,5309.85,5306.0,5309.0
8476,2024-03-02 11:50:00,5306.0,5308.95,5306.0,5306.0
8477,2024-03-02 11:51:00,5274.0,5303.4,5274.0,5300.1
8478,2024-03-02 11:52:00,5303.35,5303.35,5300.05,5303.3
8479,2024-03-02 11:53:00,5300.05,5303.3,5300.05,5303.25
8480,2024-03-02 11:54:00,5303.2,5303.2,5300.05,5300.05
8481,2024-03-02 11:55:00,5300.0,5300.05,5300.0,5300.0
8482,2024-03-02 11:56:00,5300.05,5300.05,5295.0,5295.8
8483,2024-03-02 11:57:00,5295.8,5295.8,5295.8,5295.8
8484,2024-03-02 11:58:00,5295.0,5299.5,5295.0,5295.05
8485,2024-03-02 11:59:00,5295.15,5299.85,5295.15,5298.95
8486,2024-03-02 12:00:00,5298.8,5298.8,5296.0,5297.05
8487,2024-03-02 12:01:00,5297.0,5298.5,5295.0,5295.0
8488,2024-03-02 12:02:00,5298.15,5298.15,5297.9,5297.9
8489,2024-03-02 12:03:00,5297.0,5297.8,5295.2,5295.25
8490,2024-03-02 12:04:00,5297.55,5297.6,5297.0,5297.55
8491,2024-03-02 12:05:00,5295.05,5295.55,5295.05,5295.55
8492,2024-03-02 12:06:00,5297.0,5297.55,5295.75,5295.75
8493,2024-03-02 12:07:00,5297.45,5297.45,5295.25,5296.95
8494,2024-03-02 12:08:00,5295.4,5297.0,5295.0,5297.0
8495,2024-03-02 12:09:00,5295.05,5297.0,5295.05,5296.95
8496,2024-03-02 12:10:00,5296.9,5296.9,5296.9,5296.9
8497,2024-03-02 12:11:00,5295.05,5295.05,5295.05,5295.05
8498,2024-03-02 12:12:00,5296.9,5296.9,5291.0,5292.1
8499,2024-03-02 12:13:00,5295.95,5295.95,5291.15,5291.25
8500,2024-03-02 12:14:00,5295.9,5295.95,5292.0,5295.0
8501,2024-03-02 12:15:00,5293.0,5295.95,5291.0,5294.0
8502,2024-03-02 12:16:00,5295.0,5295.95,5295.0,5295.95
8503,2024-03-02 12:17:00,5295.0,5295.95,5295.0,5295.9
8504,2024-03-02 12:18:00,5295.0,5295.8,5291.0,5291.45
8505,2024-03-02 12:19:00,5295.8,5295.95,5291.4,5295.75
8506,2024-03-02 12:20:00,5295.65,5295.85,5292.6,5295.0
8507,2024-03-02 12:21:00,5295.95,5295.95,5292.7,5293.15
8508,2024-03-02 12:22:00,5295.85,5295.95,5293.3,5295.95
8509,2024-03-02 12:23:00,5295.9,5296.0,5291.7,5291.7
8510,2024-03-02 12:24:00,5295.9,5297.0,5291.7,5297.0
8511,2024-03-02 12:25:00,5295.9,5297.0,5291.7,5297.0
8512,2024-03-02 12:26:00,5295.9,5296.8,5291.7,5291.7
8513,2024-03-02 12:27:00,5296.0,5296.8,5293.0,5293.0
8514,2024-03-02 12:28:00,5296.8,5296.8,5290.0,5296.0
8515,2024-03-02 12:29:00,5290.0,5296.0,5290.0,5295.0
8516,2024-03-02 12:30:20,5295.25,5295.25,5295.25,5295.25
8517,2024-03-02 12:31:00,5294.9,5294.9,5294.9,5294.9
8518,2024-03-04 09:14:00,5300.0,5300.0,5300.0,5300.0
8519,2024-03-04 09:15:00,5305.0,5309.15,5286.45,5286.55
8520,2024-03-04 09:16:00,5286.5,5286.5,5277.6,5280.0
8521,2024-03-04 09:17:00,5277.6,5283.6,5274.0,5279.35
8522,2024-03-04 09:18:00,5275.1,5282.55,5274.55,5278.1
8523,2024-03-04 09:19:00,5275.15,5278.15,5275.15,5278.1
8524,2024-03-04 09:20:00,5277.65,5279.9,5271.6,5279.8
8525,2024-03-04 09:21:00,5278.0,5279.8,5272.0,5274.9
8526,2024-03-04 09:22:00,5274.85,5274.85,5269.0,5271.0
8527,2024-03-04 09:23:00,5268.55,5277.45,5267.0,5275.95
8528,2024-03-04 09:24:00,5274.3,5282.0,5274.3,5280.0
8529,2024-03-04 09:25:00,5279.95,5285.8,5279.65,5284.9
8530,2024-03-04 09:26:00,5282.95,5284.95,5278.1,5279.7
8531,2024-03-04 09:27:00,5278.3,5278.55,5275.65,5277.85
8532,2024-03-04 09:28:00,5277.05,5279.2,5275.0,5275.95
8533,2024-03-04 09:29:00,5275.0,5275.95,5271.05,5273.2
8534,2024-03-04 09:30:00,5271.05,5273.25,5271.05,5273.25
8535,2024-03-04 09:31:00,5273.2,5274.95,5270.55,5270.55
8536,2024-03-04 09:32:00,5271.1,5271.1,5265.95,5265.95
8537,2024-03-04 09:33:00,5266.75,5269.6,5266.0,5266.0
8538,2024-03-04 09:34:00,5267.75,5270.75,5263.6,5269.6
8539,2024-03-04 09:35:00,5269.2,5272.4,5266.9,5272.15
8540,2024-03-04 09:36:00,5270.5,5272.3,5269.15,5271.95
8541,2024-03-04 09:37:00,5271.75,5274.95,5267.0,5270.8
8542,2024-03-04 09:38:00,5273.8,5273.8,5267.15,5268.5
8543,2024-03-04 09:39:00,5266.15,5270.4,5266.0,5267.95
8544,2024-03-04 09:40:00,5270.2,5270.2,5266.0,5269.0
8545,2024-03-04 09:41:00,5269.15,5274.95,5269.0,5274.8
8546,2024-03-04 09:42:00,5274.45,5274.9,5272.35,5272.55
8547,2024-03-04 09:43:00,5271.15,5275.95,5271.05,5274.0
8548,2024-03-04 09:44:00,5275.45,5281.0,5272.7,5281.0
8549,2024-03-04 09:45:00,5278.1,5281.0,5274.0,5276.05
8550,2024-03-04 09:46:00,5275.9,5276.0,5272.55,5272.85
8551,2024-03-04 09:47:00,5272.6,5276.0,5272.6,5275.0
8552,2024-03-04 09:48:00,5272.35,5274.55,5272.35,5272.35
8553,2024-03-04 09:49:00,5274.0,5274.0,5271.0,5272.15
8554,2024-03-04 09:50:00,5270.35,5274.4,5270.35,5274.1
8555,2024-03-04 09:51:00,5272.65,5276.45,5272.55,5272.55
8556,2024-03-04 09:52:00,5272.5,5274.65,5272.0,5272.0
8557,2024-03-04 09:53:00,5271.0,5272.3,5269.95,5271.75
8558,2024-03-04 09:54:00,5269.15,5272.5,5269.15,5269.3
8559,2024-03-04 09:55:00,5271.5,5271.5,5268.05,5270.0
8560,2024-03-04 09:56:00,5270.05,5270.65,5268.05,5270.0
8561,2024-03-04 09:57:00,5268.65,5271.7,5268.3,5268.3
8562,2024-03-04 09:58:00,5271.5,5271.5,5268.0,5270.75
8563,2024-03-04 09:59:00,5267.5,5272.45,5267.4,5268.75
8564,2024-03-04 10:00:00,5268.5,5271.35,5268.0,5269.95
8565,2024-03-04 10:01:00,5268.3,5275.0,5268.0,5271.25
8566,2024-03-04 10:02:00,5270.5,5278.0,5269.75,5271.6
8567,2024-03-04 10:03:00,5272.35,5272.6,5269.95,5271.15
8568,2024-03-04 10:04:00,5271.4,5271.55,5268.2,5268.2
8569,2024-03-04 10:05:00,5268.0,5270.7,5267.05,5268.7
8570,2024-03-04 10:06:00,5267.55,5272.15,5267.5,5268.45
8571,2024-03-04 10:07:00,5267.65,5268.45,5267.3,5267.65
8572,2024-03-04 10:08:00,5267.05,5267.3,5265.0,5265.0
8573,2024-03-04 10:09:00,5265.05,5265.05,5265.0,5265.0
8574,2024-03-04 10:10:00,5265.05,5265.25,5264.8,5265.0
8575,2024-03-04 10:11:00,5264.9,5265.0,5264.3,5265.0
8576,2024-03-04 10:12:00,5265.25,5265.25,5264.3,5264.45
8577,2024-03-04 10:13:00,5264.35,5266.3,5260.5,5260.85
8578,2024-03-04 10:14:00,5261.35,5262.05,5260.0,5260.1
8579,2024-03-04 10:15:00,5260.0,5263.45,5260.0,5260.9
8580,2024-03-04 10:16:00,5260.05,5261.85,5260.0,5260.5
8581,2024-03-04 10:17:00,5260.25,5265.1,5260.05,5261.8
8582,2024-03-04 10:18:00,5261.75,5264.5,5260.5,5262.0
8583,2024-03-04 10:19:00,5261.45,5266.65,5260.5,5264.95
8584,2024-03-04 10:20:00,5262.8,5265.25,5262.0,5264.05
8585,2024-03-04 10:21:00,5261.45,5262.0,5260.5,5260.55
8586,2024-03-04 10:22:00,5260.7,5261.5,5260.0,5260.7
8587,2024-03-04 10:23:00,5260.0,5260.05,5256.0,5257.05
8588,2024-03-04 10:24:00,5256.4,5257.45,5255.0,5256.3
8589,2024-03-04 10:25:00,5256.0,5256.7,5252.2,5252.4
8590,2024-03-04 10:26:00,5252.2,5253.2,5251.3,5251.75
8591,2024-03-04 10:27:00,5251.6,5254.05,5251.0,5251.0
8592,2024-03-04 10:28:00,5251.2,5257.0,5250.3,5257.0
8593,2024-03-04 10:29:00,5254.35,5257.35,5254.35,5255.75
8594,2024-03-04 10:30:00,5255.7,5257.95,5255.0,5255.45
8595,2024-03-04 10:31:00,5255.15,5255.4,5254.9,5255.0
8596,2024-03-04 10:32:00,5254.9,5257.85,5254.9,5255.85
8597,2024-03-04 10:33:00,5255.5,5257.25,5255.5,5256.8
8598,2024-03-04 10:34:00,5256.75,5258.75,5256.0,5256.9
8599,2024-03-04 10:35:00,5256.5,5260.0,5255.0,5255.35
8600,2024-03-04 10:36:00,5255.0,5255.95,5254.0,5254.9
8601,2024-03-04 10:37:00,5254.4,5257.8,5253.45,5257.8
8602,2024-03-04 10:38:00,5257.0,5259.65,5255.55,5258.0
8603,2024-03-04 10:39:00,5258.1,5258.5,5257.3,5257.85
8604,2024-03-04 10:40:00,5257.2,5258.5,5254.5,5254.75
8605,2024-03-04 10:41:00,5254.5,5257.15,5253.2,5256.4
8606,2024-03-04 10:42:00,5256.05,5258.0,5255.05,5256.4
8607,2024-03-04 10:43:00,5256.35,5256.9,5252.1,5253.45
8608,2024-03-04 10:44:00,5253.8,5257.05,5253.2,5253.4
8609,2024-03-04 10:45:00,5253.55,5259.05,5253.2,5254.05
8610,2024-03-04 10:46:00,5254.35,5254.9,5253.15,5253.4
8611,2024-03-04 10:47:00,5253.0,5258.1,5251.3,5251.35
8612,2024-03-04 10:48:00,5251.65,5256.95,5251.35,5254.1
8613,2024-03-04 10:49:00,5253.7,5254.75,5251.35,5251.55
8614,2024-03-04 10:50:00,5251.6,5255.0,5250.0,5255.0
8615,2024-03-04 10:51:00,5251.35,5255.1,5250.1,5250.45
8616,2024-03-04 10:52:00,5250.65,5252.5,5250.35,5250.6
8617,2024-03-04 10:53:00,5250.55,5253.65,5250.2,5251.1
8618,2024-03-04 10:54:00,5250.55,5250.75,5247.0,5248.6
8619,2024-03-04 10:55:00,5248.55,5248.8,5243.0,5243.0
8620,2024-03-04 10:56:00,5243.95,5251.65,5241.25,5242.9
8621,2024-03-04 10:57:00,5242.0,5247.65,5242.0,5244.75
8622,2024-03-04 10:58:00,5244.6,5246.7,5242.5,5245.0
8623,2024-03-04 10:59:00,5245.05,5248.95,5244.7,5248.95
8624,2024-03-04 11:00:00,5246.05,5251.4,5245.7,5249.55
8625,2024-03-04 11:01:00,5248.0,5249.8,5248.0,5249.8
8626,2024-03-04 11:02:00,5249.1,5255.85,5249.1,5250.5
8627,2024-03-04 11:03:00,5250.0,5252.0,5250.0,5250.0
8628,2024-03-04 11:04:00,5250.15,5251.0,5250.0,5251.0
8629,2024-03-04 11:05:00,5250.05,5251.6,5250.0,5250.3
8630,2024-03-04 11:06:00,5251.0,5257.4,5250.0,5252.25
8631,2024-03-04 11:07:00,5251.55,5255.3,5250.0,5250.0
8632,2024-03-04 11:08:00,5250.05,5250.05,5250.0,5250.0
8633,2024-03-04 11:09:00,5250.05,5250.05,5245.0,5247.0
8634,2024-03-04 11:10:00,5246.6,5249.05,5245.0,5247.75
8635,2024-03-04 11:11:00,5248.3,5249.05,5245.0,5247.75
8636,2024-03-04 11:12:00,5247.8,5248.35,5247.7,5247.8
8637,2024-03-04 11:13:00,5247.7,5247.8,5245.0,5245.0
8638,2024-03-04 11:14:00,5245.15,5249.05,5245.0,5245.05
8639,2024-03-04 11:15:00,5245.15,5246.6,5245.05,5245.15
8640,2024-03-04 11:16:00,5245.05,5246.6,5245.0,5245.05
8641,2024-03-04 11:17:00,5245.0,5247.45,5245.0,5245.15
8642,2024-03-04 11:18:00,5245.5,5246.6,5245.0,5245.0
8643,2024-03-04 11:19:00,5245.05,5245.5,5245.0,5245.05
8644,2024-03-04 11:20:00,5245.15,5245.2,5245.0,5245.0
8645,2024-03-04 11:21:00,5245.05,5245.15,5245.0,5245.0
8646,2024-03-04 11:22:00,5245.25,5245.45,5245.0,5245.0
8647,2024-03-04 11:23:00,5245.5,5245.5,5245.0,5245.0
8648,2024-03-04 11:24:00,5245.5,5245.5,5245.0,5245.0
8649,2024-03-04 11:25:00,5245.05,5247.8,5245.0,5245.05
8650,2024-03-04 11:26:00,5245.1,5245.5,5245.0,5245.05
8651,2024-03-04 11:27:00,5245.1,5247.7,5245.1,5245.3
8652,2024-03-04 11:28:00,5245.2,5247.3,5245.0,5245.0
8653,2024-03-04 11:29:00,5245.05,5247.4,5245.0,5245.05
8654,2024-03-04 11:30:00,5245.1,5247.5,5245.0,5245.1
8655,2024-03-04 11:31:00,5245.5,5246.65,5245.0,5245.0
8656,2024-03-04 11:32:00,5245.05,5247.1,5245.0,5245.65
8657,2024-03-04 11:33:00,5245.2,5245.65,5245.0,5245.05
8658,2024-03-04 11:34:00,5245.0,5245.3,5245.0,5245.0
8659,2024-03-04 11:35:00,5245.05,5245.05,5245.0,5245.0
8660,2024-03-04 11:36:00,5245.05,5245.05,5245.0,5245.05
8661,2024-03-04 11:37:00,5245.0,5254.6,5245.0,5248.55
8662,2024-03-04 11:38:00,5247.05,5248.3,5245.0,5246.0
8663,2024-03-04 11:39:00,5245.6,5246.9,5245.0,5246.35
8664,2024-03-04 11:40:00,5245.05,5246.05,5245.0,5245.15
8665,2024-03-04 11:41:00,5245.0,5245.95,5245.0,5245.0
8666,2024-03-04 11:42:00,5245.05,5245.05,5245.0,5245.0
8667,2024-03-04 11:43:00,5245.05,5245.05,5245.0,5245.05
8668,2024-03-04 11:44:00,5245.0,5245.05,5245.0,5245.0
8669,2024-03-04 11:45:00,5245.05,5245.05,5245.0,5245.0
8670,2024-03-04 11:46:00,5245.05,5245.05,5245.0,5245.0
8671,2024-03-04 11:47:00,5245.05,5245.45,5245.0,5245.0
8672,2024-03-04 11:48:00,5245.05,5248.5,5245.0,5245.25
8673,2024-03-04 11:49:00,5245.0,5247.35,5245.0,5245.55
8674,2024-03-04 11:50:00,5246.2,5247.85,5245.0,5245.7
8675,2024-03-04 11:51:00,5245.5,5245.75,5245.0,5245.05
8676,2024-03-04 11:52:00,5245.3,5246.95,5245.0,5245.0
8677,2024-03-04 11:53:00,5245.05,5247.15,5245.0,5245.1
8678,2024-03-04 11:54:00,5245.0,5246.55,5245.0,5246.45
8679,2024-03-04 11:55:00,5246.5,5246.5,5246.45,5246.45
8680,2024-03-04 11:56:00,5246.5,5246.5,5246.45,5246.45
8681,2024-03-04 11:57:00,5246.5,5246.8,5246.45,5246.5
8682,2024-03-04 11:58:00,5246.45,5246.65,5246.0,5246.4
8683,2024-03-04 11:59:00,5246.1,5246.4,5245.0,5245.0
8684,2024-03-04 12:00:00,5245.05,5245.1,5245.0,5245.0
8685,2024-03-04 12:01:00,5245.05,5245.05,5245.0,5245.0
8686,2024-03-04 12:02:00,5245.05,5245.05,5245.0,5245.0
8687,2024-03-04 12:03:00,5245.05,5245.05,5245.0,5245.05
8688,2024-03-04 12:04:00,5245.0,5245.05,5244.95,5245.0
8689,2024-03-04 12:05:00,5244.8,5244.9,5242.1,5244.9
8690,2024-03-04 12:06:00,5242.8,5244.95,5242.75,5242.8
8691,2024-03-04 12:07:00,5242.9,5243.8,5242.7,5242.95
8692,2024-03-04 12:08:00,5242.75,5242.95,5242.7,5242.9
8693,2024-03-04 12:09:00,5242.8,5243.15,5242.7,5242.8
8694,2024-03-04 12:10:00,5242.9,5243.4,5242.7,5242.85
8695,2024-03-04 12:11:00,5243.0,5245.2,5242.7,5245.0
8696,2024-03-04 12:12:00,5245.2,5245.25,5245.0,5245.0
8697,2024-03-04 12:13:00,5245.05,5245.1,5245.0,5245.0
8698,2024-03-04 12:14:00,5245.1,5245.1,5245.0,5245.0
8699,2024-03-04 12:15:00,5245.05,5245.05,5245.0,5245.05
8700,2024-03-04 12:16:00,5245.0,5245.05,5245.0,5245.0
8701,2024-03-04 12:17:00,5245.05,5245.05,5245.0,5245.0
8702,2024-03-04 12:18:00,5245.05,5245.05,5245.0,5245.05
8703,2024-03-04 12:19:00,5245.0,5245.05,5245.0,5245.05
8704,2024-03-04 12:20:00,5245.0,5245.05,5245.0,5245.0
8705,2024-03-04 12:21:00,5245.05,5245.05,5245.0,5245.0
8706,2024-03-04 12:22:00,5245.05,5245.05,5245.0,5245.05
8707,2024-03-04 12:23:00,5245.0,5245.05,5245.0,5245.05
8708,2024-03-04 12:24:00,5245.0,5245.1,5245.0,5245.0
8709,2024-03-04 12:25:00,5245.05,5245.1,5245.0,5245.0
8710,2024-03-04 12:26:00,5245.05,5245.1,5245.0,5245.05
8711,2024-03-04 12:27:00,5245.0,5245.1,5245.0,5245.0
8712,2024-03-04 12:28:00,5245.05,5245.9,5245.0,5245.05
8713,2024-03-04 12:29:00,5245.0,5245.1,5245.0,5245.05
8714,2024-03-04 12:30:00,5245.0,5248.45,5245.0,5245.05
8715,2024-03-04 12:31:00,5245.55,5247.4,5245.0,5245.05
8716,2024-03-04 12:32:00,5245.15,5245.15,5245.0,5245.0
8717,2024-03-04 12:33:00,5245.05,5245.05,5245.0,5245.05
8718,2024-03-04 12:34:00,5245.0,5245.05,5242.5,5242.75
8719,2024-03-04 12:35:00,5242.7,5242.85,5242.6,5242.8
8720,2024-03-04 12:36:00,5242.85,5243.0,5242.75,5242.8
8721,2024-03-04 12:37:00,5242.6,5242.9,5242.6,5242.75
8722,2024-03-04 12:38:00,5242.9,5243.0,5242.05,5242.55
8723,2024-03-04 12:39:00,5242.05,5242.45,5233.6,5235.0
8724,2024-03-04 12:40:00,5235.05,5235.4,5235.0,5235.0
8725,2024-03-04 12:41:00,5235.05,5240.0,5235.0,5238.35
8726,2024-03-04 12:42:00,5240.0,5241.0,5240.0,5240.05
8727,2024-03-04 12:43:00,5240.1,5240.75,5240.0,5240.75
8728,2024-03-04 12:44:00,5240.5,5240.55,5240.5,5240.55
8729,2024-03-04 12:45:00,5241.0,5242.8,5241.0,5241.0
8730,2024-03-04 12:46:00,5241.05,5242.0,5241.0,5241.0
8731,2024-03-04 12:47:00,5241.05,5241.05,5241.0,5241.0
8732,2024-03-04 12:48:00,5241.05,5242.85,5241.0,5241.15
8733,2024-03-04 12:49:00,5241.0,5241.05,5241.0,5241.0
8734,2024-03-04 12:50:00,5241.05,5242.8,5240.0,5240.05
8735,2024-03-04 12:51:00,5240.1,5240.1,5240.05,5240.05
8736,2024-03-04 12:52:00,5240.1,5240.1,5240.0,5240.05
8737,2024-03-04 12:53:00,5240.1,5240.1,5240.0,5240.1
8738,2024-03-04 12:54:00,5240.05,5240.05,5240.0,5240.0
8739,2024-03-04 12:55:00,5240.05,5240.05,5240.0,5240.05
8740,2024-03-04 12:56:00,5240.0,5241.0,5240.0,5240.0
8741,2024-03-04 12:57:00,5240.05,5240.05,5240.0,5240.0
8742,2024-03-04 12:58:00,5240.05,5240.65,5239.8,5240.05
8743,2024-03-04 12:59:00,5240.0,5240.65,5240.0,5240.0
8744,2024-03-04 13:00:00,5240.05,5240.65,5240.0,5240.0
8745,2024-03-04 13:01:00,5240.05,5240.05,5240.0,5240.0
8746,2024-03-04 13:02:00,5240.05,5240.05,5240.0,5240.0
8747,2024-03-04 13:03:00,5240.05,5240.05,5238.0,5238.0
8748,2024-03-04 13:04:00,5237.0,5239.05,5236.8,5239.0
8749,2024-03-04 13:05:00,5239.05,5240.0,5239.0,5239.0
8750,2024-03-04 13:06:00,5239.5,5239.5,5235.95,5235.95
8751,2024-03-04 13:07:00,5235.85,5235.85,5234.3,5234.3
8752,2024-03-04 13:08:00,5234.0,5234.05,5227.75,5228.2
8753,2024-03-04 13:09:00,5227.25,5228.2,5225.1,5225.55
8754,2024-03-04 13:10:00,5225.3,5225.55,5223.4,5224.9
8755,2024-03-04 13:11:00,5225.0,5228.0,5224.55,5227.35
8756,2024-03-04 13:12:00,5227.05,5230.5,5227.05,5228.05
8757,2024-03-04 13:13:00,5228.2,5230.5,5228.1,5229.1
8758,2024-03-04 13:14:00,5229.25,5230.0,5227.75,5227.85
8759,2024-03-04 13:15:00,5227.55,5230.0,5227.55,5227.55
8760,2024-03-04 13:16:00,5227.7,5230.0,5227.55,5229.0
8761,2024-03-04 13:17:00,5228.65,5229.0,5228.0,5228.05
8762,2024-03-04 13:18:00,5228.45,5230.0,5228.0,5228.0
8763,2024-03-04 13:19:00,5228.1,5228.1,5227.5,5227.8
8764,2024-03-04 13:20:00,5228.05,5228.05,5227.75,5227.8
8765,2024-03-04 13:21:00,5227.95,5229.0,5226.65,5229.0
8766,2024-03-04 13:22:00,5228.9,5232.0,5228.0,5228.7
8767,2024-03-04 13:23:00,5228.35,5229.5,5228.0,5228.2
8768,2024-03-04 13:24:00,5228.5,5230.0,5228.0,5229.35
8769,2024-03-04 13:25:00,5230.0,5232.95,5228.5,5229.6
8770,2024-03-04 13:26:00,5229.65,5236.0,5229.1,5235.25
8771,2024-03-04 13:27:00,5235.55,5235.85,5232.0,5233.15
8772,2024-03-04 13:28:00,5233.35,5236.75,5231.15,5231.55
8773,2024-03-04 13:29:00,5231.35,5231.35,5228.55,5228.6
8774,2024-03-04 13:30:00,5229.1,5230.6,5228.0,5228.0
8775,2024-03-04 13:31:00,5228.05,5231.75,5227.8,5227.8
8776,2024-03-04 13:32:00,5227.85,5230.45,5227.8,5227.85
8777,2024-03-04 13:33:00,5227.8,5228.3,5227.8,5227.85
8778,2024-03-04 13:34:00,5227.8,5228.3,5227.8,5228.3
8779,2024-03-04 13:35:00,5228.0,5228.0,5227.8,5227.8
8780,2024-03-04 13:36:00,5227.85,5228.3,5227.8,5228.05
8781,2024-03-04 13:37:00,5227.8,5228.3,5227.8,5228.3
8782,2024-03-04 13:38:00,5228.0,5228.3,5227.8,5228.05
8783,2024-03-04 13:39:00,5228.0,5231.55,5227.8,5229.4
8784,2024-03-04 13:40:00,5229.6,5233.65,5227.8,5230.6
8785,2024-03-04 13:41:00,5232.05,5232.05,5229.05,5229.6
8786,2024-03-04 13:42:00,5229.75,5229.95,5228.45,5229.05
8787,2024-03-04 13:43:00,5229.15,5231.0,5227.8,5228.6
8788,2024-03-04 13:44:00,5228.55,5230.45,5227.8,5228.55
8789,2024-03-04 13:45:00,5228.65,5230.05,5227.95,5229.2
8790,2024-03-04 13:46:00,5229.55,5233.45,5229.0,5231.1
8791,2024-03-04 13:47:00,5231.25,5233.0,5230.7,5231.5
8792,2024-03-04 13:48:00,5232.35,5234.35,5231.25,5231.5
8793,2024-03-04 13:49:00,5231.35,5231.9,5229.35,5230.0
8794,2024-03-04 13:50:00,5230.05,5230.25,5227.8,5227.85
8795,2024-03-04 13:51:00,5227.8,5228.9,5227.8,5227.85
8796,2024-03-04 13:52:00,5228.3,5228.3,5227.8,5227.8
8797,2024-03-04 13:53:00,5227.85,5228.2,5227.8,5228.0
8798,2024-03-04 13:54:00,5227.95,5227.95,5227.8,5227.8
8799,2024-03-04 13:55:00,5227.85,5228.45,5227.8,5227.8
8800,2024-03-04 13:56:00,5227.85,5228.45,5227.8,5227.8
8801,2024-03-04 13:57:00,5227.85,5227.85,5227.8,5227.8
8802,2024-03-04 13:58:00,5227.85,5227.85,5227.8,5227.85
8803,2024-03-04 13:59:00,5227.8,5228.05,5227.8,5227.8
8804,2024-03-04 14:00:00,5227.85,5228.45,5227.8,5227.8
8805,2024-03-04 14:01:00,5227.85,5227.85,5227.8,5227.8
8806,2024-03-04 14:02:00,5227.85,5227.85,5227.8,5227.8
8807,2024-03-04 14:03:00,5227.85,5227.85,5227.8,5227.85
8808,2024-03-04 14:04:00,5227.8,5228.45,5227.8,5227.8
8809,2024-03-04 14:05:00,5227.85,5227.9,5227.8,5227.8
8810,2024-03-04 14:06:00,5227.85,5228.45,5227.8,5228.0
8811,2024-03-04 14:07:00,5228.05,5228.45,5227.8,5227.8
8812,2024-03-04 14:08:00,5227.85,5228.05,5227.8,5227.9
8813,2024-03-04 14:09:00,5227.85,5227.9,5227.8,5227.8
8814,2024-03-04 14:10:00,5227.85,5227.85,5227.8,5227.8
8815,2024-03-04 14:11:00,5227.85,5228.2,5227.8,5227.8
8816,2024-03-04 14:12:00,5227.85,5227.85,5227.8,5227.8
8817,2024-03-04 14:13:00,5227.85,5227.95,5227.8,5227.85
8818,2024-03-04 14:14:00,5227.8,5228.1,5227.8,5227.8
8819,2024-03-04 14:15:00,5227.85,5228.45,5227.8,5228.1
8820,2024-03-04 14:16:00,5227.95,5227.95,5227.8,5227.85
8821,2024-03-04 14:17:00,5227.8,5227.85,5227.8,5227.85
8822,2024-03-04 14:18:00,5227.8,5227.85,5226.0,5226.0
8823,2024-03-04 14:19:00,5227.5,5227.55,5220.0,5220.0
8824,2024-03-04 14:20:00,5220.05,5220.8,5216.35,5217.05
8825,2024-03-04 14:21:00,5216.45,5224.1,5216.45,5221.5
8826,2024-03-04 14:22:00,5221.55,5223.5,5220.0,5220.25
8827,2024-03-04 14:23:00,5220.0,5223.05,5220.0,5220.05
8828,2024-03-04 14:24:00,5222.0,5224.9,5222.0,5224.0
8829,2024-03-04 14:25:00,5226.65,5226.65,5224.0,5225.0
8830,2024-03-04 14:26:00,5225.05,5225.05,5225.0,5225.0
8831,2024-03-04 14:27:00,5225.05,5225.05,5225.0,5225.0
8832,2024-03-04 14:28:00,5225.05,5227.0,5225.0,5225.05
8833,2024-03-04 14:29:00,5225.0,5225.05,5223.0,5223.0
8834,2024-03-04 14:30:00,5223.05,5226.8,5223.0,5225.0
8835,2024-03-04 14:31:00,5225.05,5225.05,5225.0,5225.0
8836,2024-03-04 14:32:00,5225.05,5226.95,5225.0,5225.05
8837,2024-03-04 14:33:00,5225.0,5225.05,5225.0,5225.05
8838,2024-03-04 14:34:00,5225.0,5225.05,5220.0,5220.0
8839,2024-03-04 14:35:00,5220.05,5221.35,5218.05,5220.1
8840,2024-03-04 14:36:00,5219.9,5221.4,5218.0,5218.2
8841,2024-03-04 14:37:00,5218.1,5221.1,5217.1,5218.3
8842,2024-03-04 14:38:00,5218.5,5218.85,5210.05,5210.1
8843,2024-03-04 14:39:00,5210.05,5214.0,5210.0,5212.65
8844,2024-03-04 14:40:00,5212.4,5216.0,5212.4,5216.0
8845,2024-03-04 14:41:00,5215.9,5218.65,5212.7,5212.7
8846,2024-03-04 14:42:00,5213.2,5221.4,5212.65,5220.0
8847,2024-03-04 14:43:00,5220.1,5226.5,5220.0,5225.55
8848,2024-03-04 14:44:00,5225.0,5225.55,5224.0,5224.0
8849,2024-03-04 14:45:00,5223.0,5226.0,5223.0,5225.0
8850,2024-03-04 14:46:00,5225.4,5226.75,5225.0,5226.0
8851,2024-03-04 14:47:00,5225.25,5226.7,5225.0,5225.15
8852,2024-03-04 14:48:00,5225.0,5227.0,5225.0,5227.0
8853,2024-03-04 14:49:00,5228.0,5228.0,5227.0,5227.0
8854,2024-03-04 14:50:00,5227.05,5227.85,5227.0,5227.0
8855,2024-03-04 14:51:00,5227.05,5227.05,5224.4,5224.85
8856,2024-03-04 14:52:00,5224.4,5226.85,5220.1,5224.35
8857,2024-03-04 14:53:00,5222.8,5225.05,5220.45,5220.45
8858,2024-03-04 14:54:00,5220.25,5222.65,5220.0,5220.7
8859,2024-03-04 14:55:00,5220.6,5224.45,5220.55,5221.45
8860,2024-03-04 14:56:00,5221.0,5221.4,5221.0,5221.1
8861,2024-03-04 14:57:00,5221.25,5221.4,5221.0,5221.0
8862,2024-03-04 14:58:00,5221.05,5226.0,5221.0,5222.25
8863,2024-03-04 14:59:00,5222.35,5225.95,5222.25,5224.4
8864,2024-03-04 15:00:00,5224.45,5229.0,5222.25,5222.25
8865,2024-03-04 15:01:00,5223.3,5223.3,5211.0,5213.5
8866,2024-03-04 15:02:00,5213.85,5223.75,5213.5,5221.05
8867,2024-03-04 15:03:00,5221.1,5221.1,5217.5,5218.45
8868,2024-03-04 15:04:00,5218.5,5222.4,5218.5,5219.15
8869,2024-03-04 15:05:00,5220.45,5224.0,5219.15,5221.45
8870,2024-03-04 15:06:00,5221.4,5224.0,5221.2,5221.75
8871,2024-03-04 15:07:00,5222.0,5224.0,5219.15,5219.15
8872,2024-03-04 15:08:00,5220.2,5221.5,5219.15,5221.5
8873,2024-03-04 15:09:00,5220.05,5223.95,5219.15,5219.2
8874,2024-03-04 15:10:00,5219.15,5220.0,5219.15,5219.25
8875,2024-03-04 15:11:00,5219.15,5220.0,5219.15,5219.25
8876,2024-03-04 15:12:00,5219.5,5220.0,5219.15,5219.15
8877,2024-03-04 15:13:00,5219.2,5222.65,5217.4,5220.85
8878,2024-03-04 15:14:00,5219.85,5221.5,5218.45,5218.65
8879,2024-03-04 15:15:00,5218.75,5221.4,5217.25,5217.95
8880,2024-03-04 15:16:00,5218.0,5222.0,5215.0,5219.0
8881,2024-03-04 15:17:00,5218.2,5219.6,5213.85,5214.2
8882,2024-03-04 15:18:00,5215.0,5217.4,5210.9,5210.9
8883,2024-03-04 15:19:00,5210.8,5214.95,5209.55,5211.15
8884,2024-03-04 15:20:00,5213.55,5216.1,5211.1,5215.0
8885,2024-03-04 15:21:00,5215.15,5219.9,5213.1,5215.65
8886,2024-03-04 15:22:00,5215.6,5215.6,5213.0,5213.55
8887,2024-03-04 15:23:00,5213.65,5215.0,5212.3,5215.0
8888,2024-03-04 15:24:00,5213.5,5214.95,5211.0,5212.0
8889,2024-03-04 15:25:00,5212.45,5214.95,5210.5,5210.55
8890,2024-03-04 15:26:00,5210.5,5215.0,5210.5,5214.9
8891,2024-03-04 15:27:00,5214.85,5215.0,5212.1,5214.35
8892,2024-03-04 15:28:00,5214.65,5216.8,5212.6,5212.75
8893,2024-03-04 15:29:00,5215.0,5215.0,5212.0,5214.0
8894,2024-03-05 09:14:00,5209.85,5209.85,5209.85,5209.85
8895,2024-03-05 09:15:00,5205.0,5205.25,5176.15,5195.6
8896,2024-03-05 09:16:00,5198.0,5204.85,5187.8,5190.85
8897,2024-03-05 09:17:00,5186.0,5198.9,5178.2,5195.5
8898,2024-03-05 09:18:00,5193.0,5199.0,5187.75,5193.1
8899,2024-03-05 09:19:00,5194.95,5196.45,5189.0,5196.45
8900,2024-03-05 09:20:00,5198.0,5209.75,5194.35,5209.0
8901,2024-03-05 09:21:00,5209.75,5216.85,5208.0,5213.9
8902,2024-03-05 09:22:00,5215.0,5219.45,5204.05,5204.05
8903,2024-03-05 09:23:00,5207.9,5210.8,5203.1,5205.05
8904,2024-03-05 09:24:00,5206.05,5209.5,5204.45,5205.7
8905,2024-03-05 09:25:00,5209.75,5209.75,5194.1,5194.35
8906,2024-03-05 09:26:00,5196.95,5198.7,5191.65,5196.0
8907,2024-03-05 09:27:00,5198.0,5198.0,5191.0,5192.0
8908,2024-03-05 09:28:00,5194.45,5194.45,5182.25,5182.25
8909,2024-03-05 09:29:00,5182.0,5189.2,5181.1,5187.45
8910,2024-03-05 09:30:00,5187.0,5193.0,5183.05,5189.65
8911,2024-03-05 09:31:00,5193.0,5197.0,5189.65,5194.0
8912,2024-03-05 09:32:00,5195.0,5195.0,5183.0,5185.9
8913,2024-03-05 09:33:00,5186.9,5189.45,5176.0,5176.0
8914,2024-03-05 09:34:00,5178.05,5181.95,5176.0,5179.05
8915,2024-03-05 09:35:00,5181.85,5182.5,5178.05,5180.15
8916,2024-03-05 09:36:00,5183.8,5186.1,5180.55,5184.55
8917,2024-03-05 09:37:00,5182.0,5185.45,5180.35,5182.3
8918,2024-03-05 09:38:00,5184.35,5186.45,5182.6,5185.6
8919,2024-03-05 09:39:00,5186.45,5188.1,5181.2,5181.2
8920,2024-03-05 09:40:00,5180.0,5182.4,5178.0,5178.0
8921,2024-03-05 09:41:00,5179.45,5183.4,5179.0,5183.0
8922,2024-03-05 09:42:00,5183.45,5183.45,5173.0,5175.3
8923,2024-03-05 09:43:00,5177.75,5182.75,5175.0,5175.5
8924,2024-03-05 09:44:00,5178.4,5180.0,5175.3,5178.85
8925,2024-03-05 09:45:00,5180.0,5180.0,5176.55,5177.75
8926,2024-03-05 09:46:00,5178.0,5179.95,5176.0,5176.75
8927,2024-03-05 09:47:00,5179.0,5180.0,5175.05,5175.05
8928,2024-03-05 09:48:00,5178.05,5180.0,5175.0,5179.65
8929,2024-03-05 09:49:00,5175.9,5179.75,5175.0,5175.0
8930,2024-03-05 09:50:00,5177.4,5179.7,5174.0,5176.0
8931,2024-03-05 09:51:00,5177.0,5179.35,5173.25,5173.25
8932,2024-03-05 09:52:00,5174.0,5177.0,5171.0,5177.0
8933,2024-03-05 09:53:00,5175.05,5178.05,5173.35,5173.35
8934,2024-03-05 09:54:00,5175.9,5176.0,5171.0,5171.6
8935,2024-03-05 09:55:00,5171.45,5171.45,5165.75,5166.75
8936,2024-03-05 09:56:00,5167.8,5167.9,5156.3,5158.05
8937,2024-03-05 09:57:00,5159.35,5162.0,5158.05,5161.0
8938,2024-03-05 09:58:00,5162.0,5162.1,5154.5,5154.5
8939,2024-03-05 09:59:00,5154.0,5155.8,5151.05,5151.55
8940,2024-03-05 10:00:00,5152.35,5152.45,5145.35,5145.35
8941,2024-03-05 10:01:00,5147.0,5147.6,5135.5,5135.5
8942,2024-03-05 10:02:00,5138.3,5141.0,5136.0,5138.05
8943,2024-03-05 10:03:00,5139.0,5143.05,5138.0,5139.9
8944,2024-03-05 10:04:00,5140.15,5147.7,5139.95,5146.6
8945,2024-03-05 10:05:00,5145.1,5148.8,5142.65,5142.8
8946,2024-03-05 10:06:00,5142.0,5150.05,5142.0,5150.05
8947,2024-03-05 10:07:00,5149.5,5158.0,5149.05,5157.1
8948,2024-03-05 10:08:00,5154.25,5158.0,5154.25,5158.0
8949,2024-03-05 10:09:00,5157.95,5159.6,5155.0,5155.0
8950,2024-03-05 10:10:00,5153.2,5157.95,5153.2,5155.05
8951,2024-03-05 10:11:00,5157.55,5158.4,5154.0,5157.0
8952,2024-03-05 10:12:00,5158.0,5164.05,5157.0,5160.5
8953,2024-03-05 10:13:00,5164.15,5165.0,5160.7,5165.0
8954,2024-03-05 10:14:00,5163.7,5165.0,5160.05,5160.05
8955,2024-03-05 10:15:00,5160.0,5161.1,5155.1,5155.1
8956,2024-03-05 10:16:00,5155.05,5155.1,5145.95,5146.45
8957,2024-03-05 10:17:00,5148.05,5150.0,5145.0,5146.25
8958,2024-03-05 10:18:00,5147.6,5149.7,5146.0,5146.0
8959,2024-03-05 10:19:00,5146.05,5150.0,5145.0,5147.8
8960,2024-03-05 10:20:00,5148.9,5153.85,5146.0,5146.0
8961,2024-03-05 10:21:00,5147.0,5148.75,5145.0,5147.6
8962,2024-03-05 10:22:00,5145.0,5153.4,5145.0,5153.4
8963,2024-03-05 10:23:00,5153.35,5154.95,5149.0,5149.0
8964,2024-03-05 10:24:00,5150.0,5159.25,5150.0,5156.45
8965,2024-03-05 10:25:00,5156.3,5156.3,5151.0,5154.05
8966,2024-03-05 10:26:00,5153.1,5155.0,5149.55,5150.3
8967,2024-03-05 10:27:00,5150.0,5155.0,5148.0,5148.0
8968,2024-03-05 10:28:00,5149.0,5149.55,5145.25,5145.45
8969,2024-03-05 10:29:00,5145.15,5149.15,5145.1,5148.05
8970,2024-03-05 10:30:00,5148.8,5148.8,5145.2,5148.0
8971,2024-03-05 10:31:00,5147.0,5150.0,5145.3,5147.4
8972,2024-03-05 10:32:00,5148.3,5150.0,5145.25,5145.6
8973,2024-03-05 10:33:00,5147.55,5150.0,5145.2,5146.1
8974,2024-03-05 10:34:00,5146.95,5149.25,5146.1,5146.1
8975,2024-03-05 10:35:00,5146.05,5148.85,5141.0,5142.0
8976,2024-03-05 10:36:00,5143.5,5143.5,5141.0,5141.0
8977,2024-03-05 10:37:00,5143.0,5149.0,5142.0,5149.0
8978,2024-03-05 10:38:00,5148.15,5150.0,5147.0,5147.6
8979,2024-03-05 10:39:00,5147.0,5149.0,5145.05,5147.2
8980,2024-03-05 10:40:00,5147.1,5150.0,5145.8,5147.2
8981,2024-03-05 10:41:00,5148.05,5150.65,5145.1,5146.95
8982,2024-03-05 10:42:00,5149.3,5150.0,5147.2,5149.0
8983,2024-03-05 10:43:00,5147.3,5150.6,5147.3,5150.0
8984,2024-03-05 10:44:00,5148.5,5150.0,5148.0,5149.0
8985,2024-03-05 10:45:00,5150.0,5150.0,5148.0,5150.0
8986,2024-03-05 10:46:00,5148.25,5152.45,5147.05,5147.4
8987,2024-03-05 10:47:00,5148.55,5149.95,5145.45,5145.5
8988,2024-03-05 10:48:00,5147.85,5149.3,5145.15,5145.5
8989,2024-03-05 10:49:00,5147.6,5147.6,5143.0,5145.0
8990,2024-03-05 10:50:00,5143.0,5144.95,5141.0,5142.95
8991,2024-03-05 10:51:00,5144.5,5144.5,5141.0,5141.0
8992,2024-03-05 10:52:00,5142.15,5143.2,5140.0,5141.1
8993,2024-03-05 10:53:00,5143.4,5143.4,5136.0,5136.15
8994,2024-03-05 10:54:00,5136.7,5140.0,5136.7,5136.7
8995,2024-03-05 10:55:00,5138.4,5139.45,5136.15,5138.0
8996,2024-03-05 10:56:00,5139.5,5143.7,5138.0,5140.85
8997,2024-03-05 10:57:00,5141.7,5143.45,5140.0,5142.0
8998,2024-03-05 10:58:00,5143.65,5144.4,5140.65,5143.65
8999,2024-03-05 10:59:00,5143.7,5145.0,5142.95,5144.1
9000,2024-03-05 11:00:00,5144.95,5144.95,5140.0,5140.1
9001,2024-03-05 11:01:00,5140.45,5141.95,5140.0,5140.0
9002,2024-03-05 11:02:00,5140.45,5140.45,5140.0,5140.0
9003,2024-03-05 11:03:00,5140.45,5140.95,5140.0,5140.0
9004,2024-03-05 11:04:00,5140.75,5144.95,5140.05,5144.0
9005,2024-03-05 11:05:00,5144.95,5146.7,5143.0,5145.0
9006,2024-03-05 11:06:00,5146.4,5146.4,5143.0,5143.0
9007,2024-03-05 11:07:00,5144.45,5144.9,5141.0,5142.0
9008,2024-03-05 11:08:00,5142.05,5146.1,5142.0,5144.0
9009,2024-03-05 11:09:00,5145.05,5147.05,5141.35,5142.45
9010,2024-03-05 11:10:00,5144.0,5145.65,5142.05,5142.05
9011,2024-03-05 11:11:00,5144.4,5144.75,5140.4,5141.35
9012,2024-03-05 11:12:00,5144.3,5144.9,5141.0,5141.55
9013,2024-03-05 11:13:00,5144.0,5147.4,5141.1,5147.2
9014,2024-03-05 11:14:00,5148.0,5150.0,5145.05,5147.95
9015,2024-03-05 11:15:00,5147.9,5147.9,5143.0,5143.0
9016,2024-03-05 11:16:00,5143.05,5147.5,5143.0,5147.45
9017,2024-03-05 11:17:00,5147.4,5149.75,5142.9,5149.1
9018,2024-03-05 11:18:00,5146.4,5149.2,5146.0,5149.2
9019,2024-03-05 11:19:00,5148.7,5150.0,5146.55,5149.15
9020,2024-03-05 11:20:00,5147.6,5149.15,5146.0,5149.15
9021,2024-03-05 11:21:00,5147.1,5149.75,5147.1,5148.2
9022,2024-03-05 11:22:00,5150.0,5150.0,5148.2,5149.6
9023,2024-03-05 11:23:00,5148.25,5149.65,5146.15,5148.7
9024,2024-03-05 11:24:00,5148.85,5149.95,5148.05,5148.1
9025,2024-03-05 11:25:00,5149.95,5150.2,5147.3,5148.85
9026,2024-03-05 11:26:00,5149.95,5150.0,5148.0,5149.25
9027,2024-03-05 11:27:00,5149.6,5150.0,5148.6,5149.75
9028,2024-03-05 11:28:00,5150.0,5150.0,5149.5,5150.0
9029,2024-03-05 11:29:00,5149.8,5150.0,5148.6,5148.9
9030,2024-03-05 11:30:00,5149.5,5150.0,5148.1,5148.1
9031,2024-03-05 11:31:00,5150.0,5156.85,5146.05,5146.75
9032,2024-03-05 11:32:00,5148.1,5149.9,5147.15,5147.15
9033,2024-03-05 11:33:00,5148.9,5148.95,5147.25,5148.65
9034,2024-03-05 11:34:00,5147.95,5148.55,5145.1,5145.25
9035,2024-03-05 11:35:00,5146.55,5147.65,5143.3,5146.65
9036,2024-03-05 11:36:00,5145.65,5146.65,5145.0,5146.6
9037,2024-03-05 11:37:00,5146.2,5151.45,5146.2,5149.55
9038,2024-03-05 11:38:00,5151.0,5151.25,5144.05,5145.0
9039,2024-03-05 11:39:00,5144.65,5149.45,5140.7,5140.75
9040,2024-03-05 11:40:00,5141.85,5144.4,5140.45,5144.2
9041,2024-03-05 11:41:00,5144.0,5144.45,5140.0,5143.4
9042,2024-03-05 11:42:00,5143.3,5147.6,5137.05,5137.05
9043,2024-03-05 11:43:00,5137.0,5140.85,5135.9,5139.5
9044,2024-03-05 11:44:00,5137.05,5141.0,5134.1,5139.95
9045,2024-03-05 11:45:00,5139.0,5139.9,5135.0,5136.7
9046,2024-03-05 11:46:00,5135.0,5137.2,5133.55,5136.9
9047,2024-03-05 11:47:00,5136.45,5142.0,5136.0,5141.95
9048,2024-03-05 11:48:00,5140.0,5143.0,5140.0,5141.95
9049,2024-03-05 11:49:00,5142.0,5142.55,5140.8,5142.25
9050,2024-03-05 11:50:00,5141.55,5142.5,5140.0,5142.5
9051,2024-03-05 11:51:00,5141.3,5147.35,5139.4,5142.7
9052,2024-03-05 11:52:00,5141.55,5144.15,5140.0,5141.0
9053,2024-03-05 11:53:00,5143.65,5144.6,5140.5,5143.2
9054,2024-03-05 11:54:00,5143.55,5145.0,5140.5,5144.5
9055,2024-03-05 11:55:00,5144.35,5155.8,5141.05,5145.25
9056,2024-03-05 11:56:00,5141.1,5146.0,5140.3,5143.5
9057,2024-03-05 11:57:00,5140.8,5143.9,5140.0,5140.0
9058,2024-03-05 11:58:00,5140.85,5143.75,5140.0,5140.15
9059,2024-03-05 11:59:00,5142.95,5143.9,5140.0,5143.9
9060,2024-03-05 12:00:00,5141.0,5144.4,5139.1,5142.45
9061,2024-03-05 12:01:00,5142.4,5144.35,5139.1,5140.15
9062,2024-03-05 12:02:00,5140.1,5143.0,5140.0,5142.0
9063,2024-03-05 12:03:00,5142.9,5148.6,5141.65,5148.6
9064,2024-03-05 12:04:00,5149.25,5149.75,5140.25,5141.9
9065,2024-03-05 12:05:00,5143.45,5143.45,5140.25,5142.75
9066,2024-03-05 12:06:00,5142.7,5142.7,5140.25,5141.0
9067,2024-03-05 12:07:00,5142.3,5143.15,5140.55,5141.45
9068,2024-03-05 12:08:00,5142.25,5146.0,5140.45,5141.25
9069,2024-03-05 12:09:00,5141.0,5145.05,5140.15,5141.0
9070,2024-03-05 12:10:00,5141.95,5143.3,5140.0,5140.55
9071,2024-03-05 12:11:00,5142.85,5142.85,5133.5,5133.5
9072,2024-03-05 12:12:00,5133.55,5135.4,5133.5,5135.35
9073,2024-03-05 12:13:00,5134.85,5135.7,5134.0,5135.7
9074,2024-03-05 12:14:00,5135.0,5135.9,5130.0,5130.05
9075,2024-03-05 12:15:00,5130.1,5132.35,5125.0,5127.7
9076,2024-03-05 12:16:00,5126.9,5128.55,5125.05,5126.85
9077,2024-03-05 12:17:00,5127.0,5128.0,5125.25,5126.0
9078,2024-03-05 12:18:00,5126.05,5126.7,5121.0,5122.45
9079,2024-03-05 12:19:00,5121.75,5124.95,5121.15,5124.9
9080,2024-03-05 12:20:00,5124.95,5125.0,5121.0,5124.5
9081,2024-03-05 12:21:00,5125.0,5125.8,5122.0,5123.2
9082,2024-03-05 12:22:00,5122.75,5124.45,5122.0,5123.05
9083,2024-03-05 12:23:00,5124.0,5124.05,5121.95,5121.95
9084,2024-03-05 12:24:00,5122.2,5122.75,5115.0,5116.9
9085,2024-03-05 12:25:00,5115.2,5118.6,5115.0,5117.0
9086,2024-03-05 12:26:00,5118.6,5121.05,5117.0,5119.65
9087,2024-03-05 12:27:00,5120.15,5120.3,5118.0,5119.95
9088,2024-03-05 12:28:00,5118.0,5119.3,5115.0,5116.55
9089,2024-03-05 12:29:00,5115.95,5115.95,5115.0,5115.5
9090,2024-03-05 12:30:00,5115.45,5118.45,5115.3,5117.95
9091,2024-03-05 12:31:00,5117.55,5118.85,5117.0,5117.2
9092,2024-03-05 12:32:00,5117.95,5120.3,5117.2,5120.0
9093,2024-03-05 12:33:00,5119.6,5120.85,5119.0,5120.85
9094,2024-03-05 12:34:00,5120.7,5123.85,5120.0,5123.0
9095,2024-03-05 12:35:00,5122.5,5123.0,5120.05,5120.95
9096,2024-03-05 12:36:00,5120.8,5123.0,5120.1,5121.05
9097,2024-03-05 12:37:00,5121.75,5123.85,5120.85,5122.95
9098,2024-03-05 12:38:00,5123.6,5128.0,5122.0,5127.5
9099,2024-03-05 12:39:00,5127.9,5130.0,5127.0,5129.95
9100,2024-03-05 12:40:00,5130.0,5130.35,5130.0,5130.15
9101,2024-03-05 12:41:00,5130.0,5132.55,5128.05,5130.95
9102,2024-03-05 12:42:00,5131.2,5131.25,5128.55,5129.95
9103,2024-03-05 12:43:00,5130.0,5133.0,5129.5,5132.0
9104,2024-03-05 12:44:00,5130.85,5132.75,5130.0,5131.0
9105,2024-03-05 12:45:00,5130.05,5133.05,5130.0,5130.95
9106,2024-03-05 12:46:00,5130.7,5131.3,5130.0,5130.0
9107,2024-03-05 12:47:00,5130.05,5131.0,5130.0,5130.0
9108,2024-03-05 12:48:00,5130.1,5133.15,5130.0,5133.0
9109,2024-03-05 12:49:00,5131.85,5133.9,5130.05,5131.95
9110,2024-03-05 12:50:00,5132.0,5134.15,5130.05,5132.05
9111,2024-03-05 12:51:00,5132.95,5135.0,5131.0,5132.9
9112,2024-03-05 12:52:00,5132.8,5138.0,5132.7,5135.5
9113,2024-03-05 12:53:00,5138.0,5138.0,5135.35,5137.15
9114,2024-03-05 12:54:00,5138.0,5138.0,5136.1,5138.0
9115,2024-03-05 12:55:00,5137.9,5140.55,5137.55,5140.25
9116,2024-03-05 12:56:00,5140.0,5141.5,5137.55,5137.8
9117,2024-03-05 12:57:00,5139.05,5141.4,5135.15,5140.9
9118,2024-03-05 12:58:00,5140.05,5141.0,5136.3,5139.0
9119,2024-03-05 12:59:00,5139.35,5141.5,5136.8,5141.05
9120,2024-03-05 13:00:00,5138.5,5144.55,5138.4,5140.2
9121,2024-03-05 13:01:00,5143.4,5143.4,5139.8,5140.4
9122,2024-03-05 13:02:00,5140.7,5146.05,5139.35,5141.0
9123,2024-03-05 13:03:00,5140.0,5141.0,5137.3,5137.3
9124,2024-03-05 13:04:00,5138.0,5139.2,5136.05,5138.0
9125,2024-03-05 13:05:00,5138.6,5140.0,5138.55,5140.0
9126,2024-03-05 13:06:00,5139.9,5143.0,5139.55,5140.25
9127,2024-03-05 13:07:00,5142.8,5142.8,5140.15,5140.25
9128,2024-03-05 13:08:00,5140.2,5142.0,5139.5,5141.0
9129,2024-03-05 13:09:00,5140.0,5140.7,5139.5,5139.95
9130,2024-03-05 13:10:00,5140.45,5140.5,5139.5,5140.45
9131,2024-03-05 13:11:00,5140.5,5140.5,5140.0,5140.45
9132,2024-03-05 13:12:00,5140.0,5141.35,5140.0,5140.6
9133,2024-03-05 13:13:00,5140.25,5141.7,5140.0,5141.7
9134,2024-03-05 13:14:00,5141.3,5142.45,5140.5,5142.45
9135,2024-03-05 13:15:00,5140.55,5142.55,5140.55,5142.0
9136,2024-03-05 13:16:00,5141.0,5142.15,5140.5,5140.55
9137,2024-03-05 13:17:00,5140.9,5142.0,5140.55,5140.55
9138,2024-03-05 13:18:00,5140.5,5142.0,5140.5,5140.5
9139,2024-03-05 13:19:00,5141.85,5142.4,5140.25,5140.25
9140,2024-03-05 13:20:00,5141.95,5142.1,5140.05,5140.55
9141,2024-03-05 13:21:00,5140.95,5142.4,5140.0,5141.0
9142,2024-03-05 13:22:00,5142.0,5142.4,5140.55,5140.55
9143,2024-03-05 13:23:00,5140.9,5142.0,5140.0,5141.0
9144,2024-03-05 13:24:00,5141.5,5142.15,5140.3,5140.75
9145,2024-03-05 13:25:00,5142.1,5144.75,5140.3,5141.0
9146,2024-03-05 13:26:00,5140.55,5142.75,5140.0,5140.15
9147,2024-03-05 13:27:00,5141.0,5143.05,5140.15,5140.8
9148,2024-03-05 13:28:00,5143.25,5143.25,5140.0,5140.0
9149,2024-03-05 13:29:00,5140.05,5142.55,5140.0,5141.9
9150,2024-03-05 13:30:00,5142.4,5142.85,5137.3,5137.55
9151,2024-03-05 13:31:00,5138.85,5138.9,5136.15,5137.0
9152,2024-03-05 13:32:00,5136.8,5142.35,5136.45,5138.35
9153,2024-03-05 13:33:00,5140.65,5140.95,5138.05,5138.75
9154,2024-03-05 13:34:00,5138.8,5139.2,5135.05,5138.4
9155,2024-03-05 13:35:00,5138.45,5138.45,5135.5,5136.4
9156,2024-03-05 13:36:00,5137.9,5141.3,5137.0,5140.2
9157,2024-03-05 13:37:00,5140.25,5140.4,5136.45,5136.45
9158,2024-03-05 13:38:00,5136.5,5140.0,5136.05,5137.45
9159,2024-03-05 13:39:00,5136.05,5138.0,5136.05,5136.05
9160,2024-03-05 13:40:00,5136.65,5140.35,5136.05,5140.05
9161,2024-03-05 13:41:00,5140.0,5141.5,5138.9,5140.1
9162,2024-03-05 13:42:00,5141.5,5142.2,5140.0,5140.0
9163,2024-03-05 13:43:00,5141.75,5142.0,5140.0,5141.95
9164,2024-03-05 13:44:00,5141.2,5143.5,5138.1,5138.6
9165,2024-03-05 13:45:00,5140.05,5140.4,5138.0,5138.7
9166,2024-03-05 13:46:00,5139.3,5142.15,5138.1,5141.45
9167,2024-03-05 13:47:00,5140.6,5142.3,5139.1,5140.0
9168,2024-03-05 13:48:00,5140.35,5143.65,5140.0,5142.2
9169,2024-03-05 13:49:00,5142.1,5142.15,5138.0,5139.1
9170,2024-03-05 13:50:00,5140.2,5140.2,5137.0,5140.0
9171,2024-03-05 13:51:00,5140.05,5140.1,5137.5,5140.05
9172,2024-03-05 13:52:00,5139.0,5140.45,5136.35,5138.0
9173,2024-03-05 13:53:00,5140.0,5140.25,5138.0,5140.2
9174,2024-03-05 13:54:00,5140.1,5140.1,5138.5,5140.1
9175,2024-03-05 13:55:00,5139.1,5140.1,5138.55,5139.55
9176,2024-03-05 13:56:00,5140.1,5140.85,5138.2,5139.85
9177,2024-03-05 13:57:00,5140.85,5140.85,5138.9,5139.0
9178,2024-03-05 13:58:00,5140.35,5141.0,5138.75,5141.0
9179,2024-03-05 13:59:00,5139.95,5141.0,5139.75,5139.8
9180,2024-03-05 14:00:00,5140.4,5142.0,5139.75,5141.65
9181,2024-03-05 14:01:00,5141.45,5142.0,5139.75,5141.4
9182,2024-03-05 14:02:00,5140.0,5140.65,5139.75,5140.0
9183,2024-03-05 14:03:00,5139.95,5140.05,5139.0,5139.95
9184,2024-03-05 14:04:00,5139.8,5139.95,5132.1,5132.1
9185,2024-03-05 14:05:00,5133.0,5133.0,5125.0,5125.1
9186,2024-03-05 14:06:00,5125.05,5127.85,5119.95,5120.1
9187,2024-03-05 14:07:00,5121.85,5124.85,5118.1,5124.85
9188,2024-03-05 14:08:00,5124.55,5124.55,5120.0,5121.6
9189,2024-03-05 14:09:00,5123.2,5123.2,5119.25,5119.3
9190,2024-03-05 14:10:00,5119.35,5123.95,5119.25,5122.1
9191,2024-03-05 14:11:00,5122.95,5123.6,5120.0,5122.3
9192,2024-03-05 14:12:00,5121.0,5122.3,5120.3,5121.0
9193,2024-03-05 14:13:00,5122.05,5125.0,5120.0,5122.45
9194,2024-03-05 14:14:00,5123.25,5128.0,5122.05,5127.6
9195,2024-03-05 14:15:00,5126.8,5126.8,5121.5,5121.5
9196,2024-03-05 14:16:00,5121.15,5125.0,5121.15,5122.05
9197,2024-03-05 14:17:00,5124.1,5124.4,5121.25,5121.25
9198,2024-03-05 14:18:00,5122.9,5122.95,5121.1,5121.1
9199,2024-03-05 14:19:00,5121.15,5121.85,5121.0,5121.1
9200,2024-03-05 14:20:00,5121.85,5126.6,5120.3,5122.75
9201,2024-03-05 14:21:00,5122.35,5125.05,5121.5,5122.1
9202,2024-03-05 14:22:00,5123.1,5126.05,5122.0,5126.05
9203,2024-03-05 14:23:00,5125.25,5127.45,5125.0,5125.05
9204,2024-03-05 14:24:00,5125.0,5128.0,5125.0,5128.0
9205,2024-03-05 14:25:00,5127.4,5128.05,5125.45,5127.15
9206,2024-03-05 14:26:00,5127.25,5128.0,5125.8,5126.9
9207,2024-03-05 14:27:00,5125.8,5126.85,5125.8,5126.8
9208,2024-03-05 14:28:00,5125.8,5126.7,5122.0,5124.85
9209,2024-03-05 14:29:00,5122.4,5127.0,5121.9,5127.0
9210,2024-03-05 14:30:00,5125.4,5127.25,5122.5,5125.4
9211,2024-03-05 14:31:00,5127.5,5127.5,5123.05,5125.0
9212,2024-03-05 14:32:00,5124.85,5129.0,5124.2,5125.85
9213,2024-03-05 14:33:00,5125.5,5128.0,5125.25,5127.8
9214,2024-03-05 14:34:00,5126.9,5129.1,5124.8,5124.8
9215,2024-03-05 14:35:00,5125.0,5130.0,5124.45,5127.05
9216,2024-03-05 14:36:00,5127.1,5129.4,5126.4,5127.7
9217,2024-03-05 14:37:00,5128.05,5130.0,5127.05,5128.35
9218,2024-03-05 14:38:00,5129.1,5130.0,5127.05,5130.0
9219,2024-03-05 14:39:00,5129.7,5137.95,5129.05,5129.9
9220,2024-03-05 14:40:00,5130.85,5136.0,5129.75,5134.95
9221,2024-03-05 14:41:00,5133.0,5133.7,5131.0,5132.15
9222,2024-03-05 14:42:00,5132.1,5134.05,5131.75,5132.05
9223,2024-03-05 14:43:00,5132.15,5133.5,5132.0,5132.05
9224,2024-03-05 14:44:00,5132.0,5132.05,5132.0,5132.05
9225,2024-03-05 14:45:00,5133.1,5133.75,5132.0,5133.75
9226,2024-03-05 14:46:00,5133.45,5134.05,5133.0,5133.0
9227,2024-03-05 14:47:00,5133.05,5135.2,5133.0,5133.55
9228,2024-03-05 14:48:00,5133.0,5135.2,5133.0,5133.0
9229,2024-03-05 14:49:00,5134.7,5135.2,5131.0,5131.0
9230,2024-03-05 14:50:00,5131.05,5131.05,5126.05,5126.05
9231,2024-03-05 14:51:00,5126.0,5128.4,5123.9,5124.2
9232,2024-03-05 14:52:00,5123.4,5130.0,5123.4,5125.25
9233,2024-03-05 14:53:00,5126.4,5126.4,5124.0,5124.5
9234,2024-03-05 14:54:00,5125.0,5127.7,5124.15,5124.3
9235,2024-03-05 14:55:00,5124.25,5125.35,5124.25,5125.0
9236,2024-03-05 14:56:00,5124.95,5126.05,5124.35,5125.0
9237,2024-03-05 14:57:00,5125.7,5126.05,5124.25,5125.45
9238,2024-03-05 14:58:00,5125.0,5125.0,5124.25,5124.25
9239,2024-03-05 14:59:00,5125.0,5125.0,5124.25,5124.75
9240,2024-03-05 15:00:00,5125.55,5127.55,5125.25,5126.7
9241,2024-03-05 15:01:00,5126.5,5126.7,5125.95,5126.45
9242,2024-03-05 15:02:00,5126.7,5129.35,5126.55,5127.7
9243,2024-03-05 15:03:00,5128.05,5129.4,5127.75,5129.15
9244,2024-03-05 15:04:00,5129.2,5129.35,5127.0,5127.05
9245,2024-03-05 15:05:00,5127.0,5129.5,5126.35,5129.05
9246,2024-03-05 15:06:00,5129.1,5129.1,5129.05,5129.05
9247,2024-03-05 15:07:00,5129.1,5129.1,5124.2,5124.2
9248,2024-03-05 15:08:00,5124.05,5126.9,5121.15,5125.0
9249,2024-03-05 15:09:00,5125.2,5130.05,5125.0,5130.05
9250,2024-03-05 15:10:00,5132.8,5132.8,5126.7,5129.4
9251,2024-03-05 15:11:00,5129.6,5129.6,5126.7,5127.15
9252,2024-03-05 15:12:00,5128.4,5129.4,5128.25,5128.85
9253,2024-03-05 15:13:00,5128.9,5131.5,5128.8,5130.5
9254,2024-03-05 15:14:00,5131.0,5133.75,5128.95,5132.75
9255,2024-03-05 15:15:00,5132.85,5136.6,5132.7,5136.3
9256,2024-03-05 15:16:00,5134.0,5135.25,5131.7,5132.0
9257,2024-03-05 15:17:00,5133.6,5133.6,5131.7,5132.45
9258,2024-03-05 15:18:00,5132.8,5132.9,5132.7,5132.7
9259,2024-03-05 15:19:00,5132.75,5132.75,5132.7,5132.75
9260,2024-03-05 15:20:00,5132.7,5134.05,5130.55,5133.75
9261,2024-03-05 15:21:00,5133.05,5133.35,5132.4,5133.0
9262,2024-03-05 15:22:00,5132.95,5134.05,5132.95,5134.0
9263,2024-03-05 15:23:00,5134.05,5134.9,5134.0,5134.9
9264,2024-03-05 15:24:00,5135.0,5138.9,5134.95,5138.15
9265,2024-03-05 15:25:00,5138.1,5139.45,5138.1,5139.45
9266,2024-03-05 15:26:00,5139.4,5139.4,5133.0,5133.9
9267,2024-03-05 15:27:00,5133.85,5136.55,5133.85,5136.55
9268,2024-03-05 15:28:00,5137.6,5137.6,5134.25,5136.3
9269,2024-03-05 15:29:00,5136.0,5136.0,5129.35,5135.0
9270,2024-03-06 09:15:00,5146.0,5149.95,5121.5,5131.05
9271,2024-03-06 09:16:00,5131.7,5131.7,5116.0,5125.0
9272,2024-03-06 09:17:00,5126.5,5128.4,5112.45,5116.6
9273,2024-03-06 09:18:00,5119.8,5120.8,5111.0,5114.0
9274,2024-03-06 09:19:00,5111.5,5113.95,5108.0,5109.65
9275,2024-03-06 09:20:00,5110.3,5114.0,5107.0,5110.35
9276,2024-03-06 09:21:00,5112.45,5120.5,5109.0,5120.5
9277,2024-03-06 09:22:00,5123.0,5127.0,5120.5,5125.75
9278,2024-03-06 09:23:00,5125.9,5136.0,5124.4,5136.0
9279,2024-03-06 09:24:00,5135.2,5140.1,5133.0,5137.0
9280,2024-03-06 09:25:00,5137.1,5147.1,5136.0,5147.0
9281,2024-03-06 09:26:00,5146.1,5148.1,5143.45,5147.0
9282,2024-03-06 09:27:00,5145.05,5152.4,5145.05,5147.35
9283,2024-03-06 09:28:00,5147.7,5152.3,5146.15,5148.0
9284,2024-03-06 09:29:00,5147.05,5153.2,5145.8,5148.65
9285,2024-03-06 09:30:00,5145.5,5148.85,5143.55,5146.0
9286,2024-03-06 09:31:00,5148.5,5149.55,5143.05,5147.55
9287,2024-03-06 09:32:00,5147.0,5147.8,5143.55,5145.8
9288,2024-03-06 09:33:00,5143.35,5148.65,5143.1,5147.5
9289,2024-03-06 09:34:00,5148.35,5154.4,5145.7,5154.2
9290,2024-03-06 09:35:00,5154.95,5159.7,5151.3,5157.0
9291,2024-03-06 09:36:00,5156.05,5158.45,5145.0,5148.0
9292,2024-03-06 09:37:00,5145.0,5147.55,5139.1,5139.1
9293,2024-03-06 09:38:00,5142.55,5146.55,5140.8,5145.4
9294,2024-03-06 09:39:00,5144.0,5149.0,5144.0,5148.25
9295,2024-03-06 09:40:00,5147.9,5151.1,5144.65,5145.0
9296,2024-03-06 09:41:00,5144.0,5150.0,5144.0,5144.65
9297,2024-03-06 09:42:00,5145.25,5148.35,5144.85,5148.0
9298,2024-03-06 09:43:00,5145.05,5148.2,5142.0,5148.2
9299,2024-03-06 09:44:00,5147.95,5148.2,5145.0,5147.85
9300,2024-03-06 09:45:00,5147.8,5147.8,5140.95,5142.75
9301,2024-03-06 09:46:00,5142.25,5146.45,5141.75,5146.45
9302,2024-03-06 09:47:00,5146.5,5146.5,5143.6,5145.4
9303,2024-03-06 09:48:00,5145.0,5148.2,5142.0,5143.75
9304,2024-03-06 09:49:00,5143.7,5143.7,5137.0,5138.6
9305,2024-03-06 09:50:00,5138.25,5140.5,5135.6,5140.5
9306,2024-03-06 09:51:00,5138.0,5138.9,5135.0,5137.9
9307,2024-03-06 09:52:00,5135.35,5138.0,5135.35,5137.55
9308,2024-03-06 09:53:00,5136.2,5139.0,5133.7,5133.85
9309,2024-03-06 09:54:00,5134.7,5134.7,5127.8,5129.6
9310,2024-03-06 09:55:00,5130.0,5133.0,5129.05,5131.0
9311,2024-03-06 09:56:00,5129.0,5131.0,5123.0,5127.0
9312,2024-03-06 09:57:00,5128.0,5131.0,5116.0,5116.0
9313,2024-03-06 09:58:00,5111.0,5119.1,5111.0,5115.3
9314,2024-03-06 09:59:00,5113.05,5117.1,5107.55,5112.05
9315,2024-03-06 10:00:00,5112.55,5112.55,5106.6,5109.05
9316,2024-03-06 10:01:00,5106.7,5109.15,5103.4,5105.0
9317,2024-03-06 10:02:00,5103.5,5110.35,5103.5,5106.75
9318,2024-03-06 10:03:00,5107.45,5111.75,5104.3,5104.3
9319,2024-03-06 10:04:00,5103.5,5109.75,5103.5,5104.0
9320,2024-03-06 10:05:00,5105.0,5105.0,5101.1,5101.1
9321,2024-03-06 10:06:00,5102.0,5102.0,5096.0,5100.5
9322,2024-03-06 10:07:00,5100.55,5105.0,5099.05,5103.5
9323,2024-03-06 10:08:00,5102.75,5110.0,5102.75,5105.7
9324,2024-03-06 10:09:00,5109.45,5110.9,5105.3,5107.6
9325,2024-03-06 10:10:00,5107.85,5110.0,5105.2,5109.65
9326,2024-03-06 10:11:00,5109.85,5112.05,5108.85,5111.65
9327,2024-03-06 10:12:00,5109.0,5116.75,5109.0,5115.0
9328,2024-03-06 10:13:00,5114.15,5119.35,5113.15,5118.6
9329,2024-03-06 10:14:00,5119.0,5119.35,5116.9,5118.0
9330,2024-03-06 10:15:00,5118.6,5118.6,5112.55,5113.05
9331,2024-03-06 10:16:00,5114.25,5117.85,5114.25,5116.9
9332,2024-03-06 10:17:00,5117.9,5119.35,5115.45,5116.9
9333,2024-03-06 10:18:00,5119.35,5129.2,5116.9,5128.9
9334,2024-03-06 10:19:00,5128.7,5129.45,5124.0,5125.0
9335,2024-03-06 10:20:00,5124.0,5129.0,5124.0,5128.55
9336,2024-03-06 10:21:00,5126.25,5128.0,5124.0,5125.65
9337,2024-03-06 10:22:00,5125.0,5129.65,5120.25,5129.65
9338,2024-03-06 10:23:00,5130.55,5131.9,5123.6,5125.0
9339,2024-03-06 10:24:00,5125.8,5125.8,5125.0,5125.0
9340,2024-03-06 10:25:00,5125.05,5125.8,5119.0,5119.0
9341,2024-03-06 10:26:00,5120.8,5126.4,5116.0,5123.85
9342,2024-03-06 10:27:00,5121.75,5121.75,5118.4,5119.85
9343,2024-03-06 10:28:00,5118.25,5118.25,5115.15,5116.45
9344,2024-03-06 10:29:00,5115.0,5116.25,5110.25,5110.25
9345,2024-03-06 10:30:00,5113.1,5115.75,5113.0,5113.6
9346,2024-03-06 10:31:00,5111.0,5116.3,5111.0,5114.7
9347,2024-03-06 10:32:00,5116.05,5120.0,5115.7,5120.0
9348,2024-03-06 10:33:00,5118.25,5123.05,5117.5,5121.05
9349,2024-03-06 10:34:00,5121.1,5123.25,5118.15,5120.85
9350,2024-03-06 10:35:00,5120.65,5120.65,5117.0,5117.0
9351,2024-03-06 10:36:00,5115.0,5116.55,5110.35,5112.0
9352,2024-03-06 10:37:00,5113.0,5113.9,5110.4,5113.7
9353,2024-03-06 10:38:00,5111.05,5113.85,5111.05,5113.85
9354,2024-03-06 10:39:00,5111.0,5114.5,5111.0,5113.9
9355,2024-03-06 10:40:00,5111.15,5111.15,5107.5,5110.4
9356,2024-03-06 10:41:00,5110.3,5111.0,5107.5,5109.95
9357,2024-03-06 10:42:00,5110.0,5110.0,5107.55,5109.9
9358,2024-03-06 10:43:00,5110.0,5110.0,5107.55,5109.95
9359,2024-03-06 10:44:00,5110.6,5114.95,5110.6,5114.95
9360,2024-03-06 10:45:00,5114.8,5114.95,5108.6,5111.55
9361,2024-03-06 10:46:00,5114.35,5114.35,5111.5,5113.65
9362,2024-03-06 10:47:00,5111.7,5114.15,5111.0,5112.85
9363,2024-03-06 10:48:00,5113.0,5114.15,5110.8,5110.8
9364,2024-03-06 10:49:00,5110.85,5111.25,5108.45,5108.45
9365,2024-03-06 10:50:00,5111.1,5111.25,5108.5,5110.35
9366,2024-03-06 10:51:00,5110.4,5113.4,5110.35,5113.4
9367,2024-03-06 10:52:00,5112.25,5115.5,5111.1,5114.0
9368,2024-03-06 10:53:00,5114.3,5114.3,5110.0,5110.0
9369,2024-03-06 10:54:00,5108.45,5109.9,5107.5,5107.9
9370,2024-03-06 10:55:00,5107.7,5107.9,5106.05,5107.0
9371,2024-03-06 10:56:00,5106.75,5107.0,5101.0,5101.0
9372,2024-03-06 10:57:00,5101.75,5102.5,5101.0,5101.95
9373,2024-03-06 10:58:00,5101.0,5101.3,5091.0,5094.0
9374,2024-03-06 10:59:00,5094.05,5094.1,5088.5,5090.45
9375,2024-03-06 11:00:00,5092.0,5097.35,5092.0,5093.1
9376,2024-03-06 11:01:00,5092.75,5092.75,5089.1,5089.9
9377,2024-03-06 11:02:00,5090.9,5096.8,5089.9,5091.75
9378,2024-03-06 11:03:00,5093.0,5093.9,5090.0,5091.0
9379,2024-03-06 11:04:00,5090.05,5091.55,5090.05,5091.55
9380,2024-03-06 11:05:00,5091.05,5092.0,5085.5,5085.5
9381,2024-03-06 11:06:00,5086.0,5092.25,5082.45,5090.9
9382,2024-03-06 11:07:00,5090.0,5090.0,5086.0,5087.9
9383,2024-03-06 11:08:00,5086.9,5089.8,5085.05,5085.05
9384,2024-03-06 11:09:00,5087.35,5087.35,5085.05,5086.2
9385,2024-03-06 11:10:00,5086.25,5089.25,5086.25,5088.1
9386,2024-03-06 11:11:00,5088.15,5089.5,5082.1,5082.1
9387,2024-03-06 11:12:00,5083.05,5083.9,5080.0,5080.0
9388,2024-03-06 11:13:00,5080.65,5083.9,5080.0,5083.45
9389,2024-03-06 11:14:00,5083.7,5083.9,5082.0,5082.7
9390,2024-03-06 11:15:00,5082.15,5087.3,5082.15,5086.7
9391,2024-03-06 11:16:00,5086.85,5088.0,5080.6,5081.25
9392,2024-03-06 11:17:00,5082.05,5083.55,5081.25,5082.8
9393,2024-03-06 11:18:00,5083.55,5085.95,5081.5,5082.15
9394,2024-03-06 11:19:00,5084.85,5087.95,5082.6,5087.25
9395,2024-03-06 11:20:00,5086.9,5087.2,5080.0,5081.1
9396,2024-03-06 11:21:00,5081.55,5087.95,5081.55,5084.75
9397,2024-03-06 11:22:00,5083.8,5090.1,5083.8,5087.15
9398,2024-03-06 11:23:00,5086.95,5089.6,5086.0,5087.4
9399,2024-03-06 11:24:00,5089.15,5089.15,5082.0,5082.9
9400,2024-03-06 11:25:00,5083.15,5084.55,5082.0,5083.55
9401,2024-03-06 11:26:00,5082.25,5089.0,5082.25,5088.7
9402,2024-03-06 11:27:00,5085.95,5089.9,5085.95,5087.7
9403,2024-03-06 11:28:00,5087.8,5093.4,5086.8,5089.2
9404,2024-03-06 11:29:00,5088.05,5089.7,5087.45,5087.5
9405,2024-03-06 11:30:00,5087.9,5087.9,5086.8,5086.8
9406,2024-03-06 11:31:00,5086.85,5088.9,5086.1,5087.1
9407,2024-03-06 11:32:00,5087.05,5087.1,5086.0,5086.05
9408,2024-03-06 11:33:00,5086.0,5086.05,5084.8,5085.0
9409,2024-03-06 11:34:00,5084.9,5085.55,5082.05,5082.05
9410,2024-03-06 11:35:00,5082.0,5086.0,5081.05,5086.0
9411,2024-03-06 11:36:00,5085.05,5089.25,5082.2,5083.35
9412,2024-03-06 11:37:00,5083.0,5084.75,5082.95,5084.7
9413,2024-03-06 11:38:00,5084.55,5086.65,5083.0,5086.0
9414,2024-03-06 11:39:00,5085.6,5086.45,5079.0,5079.65
9415,2024-03-06 11:40:00,5079.75,5080.0,5079.25,5080.0
9416,2024-03-06 11:41:00,5079.75,5083.45,5079.7,5082.45
9417,2024-03-06 11:42:00,5082.2,5084.65,5082.0,5083.3
9418,2024-03-06 11:43:00,5084.05,5084.05,5080.0,5084.0
9419,2024-03-06 11:44:00,5086.35,5086.9,5083.45,5083.9
9420,2024-03-06 11:45:00,5083.45,5083.45,5080.6,5082.0
9421,2024-03-06 11:46:00,5082.65,5082.65,5080.0,5080.0
9422,2024-03-06 11:47:00,5081.75,5082.05,5079.85,5080.0
9423,2024-03-06 11:48:00,5081.0,5084.25,5081.0,5083.6
9424,2024-03-06 11:49:00,5084.25,5085.25,5083.05,5085.25
9425,2024-03-06 11:50:00,5085.0,5085.9,5081.35,5081.35
9426,2024-03-06 11:51:00,5081.65,5086.45,5081.6,5083.65
9427,2024-03-06 11:52:00,5084.8,5085.65,5082.55,5083.35
9428,2024-03-06 11:53:00,5084.75,5099.0,5083.0,5089.0
9429,2024-03-06 11:54:00,5089.9,5092.15,5083.95,5088.4
9430,2024-03-06 11:55:00,5090.0,5096.35,5088.2,5088.9
9431,2024-03-06 11:56:00,5091.45,5097.45,5084.6,5088.65
9432,2024-03-06 11:57:00,5087.6,5087.6,5081.0,5083.2
9433,2024-03-06 11:58:00,5083.95,5086.85,5079.85,5079.85
9434,2024-03-06 11:59:00,5080.0,5081.55,5079.55,5081.55
9435,2024-03-06 12:00:00,5081.45,5081.6,5081.45,5081.5
9436,2024-03-06 12:01:00,5079.9,5081.5,5078.2,5079.5
9437,2024-03-06 12:02:00,5079.05,5080.0,5078.0,5078.05
9438,2024-03-06 12:03:00,5078.1,5079.0,5076.1,5077.1
9439,2024-03-06 12:04:00,5076.95,5077.95,5076.0,5076.0
9440,2024-03-06 12:05:00,5076.15,5077.0,5075.35,5075.5
9441,2024-03-06 12:06:00,5075.6,5080.0,5075.6,5078.85
9442,2024-03-06 12:07:00,5079.85,5079.9,5077.45,5078.15
9443,2024-03-06 12:08:00,5077.1,5080.0,5074.0,5074.0
9444,2024-03-06 12:09:00,5073.7,5082.95,5073.25,5077.05
9445,2024-03-06 12:10:00,5077.4,5085.0,5077.05,5083.1
9446,2024-03-06 12:11:00,5082.45,5085.95,5082.4,5083.2
9447,2024-03-06 12:12:00,5084.05,5084.05,5080.05,5080.05
9448,2024-03-06 12:13:00,5080.8,5082.4,5080.3,5081.05
9449,2024-03-06 12:14:00,5081.4,5086.1,5080.45,5083.9
9450,2024-03-06 12:15:00,5083.3,5085.0,5081.7,5081.8
9451,2024-03-06 12:16:00,5081.55,5083.5,5081.0,5081.0
9452,2024-03-06 12:17:00,5080.3,5081.05,5080.0,5081.05
9453,2024-03-06 12:18:00,5081.0,5081.3,5081.0,5081.0
9454,2024-03-06 12:19:00,5081.05,5081.65,5081.0,5081.65
9455,2024-03-06 12:20:00,5081.8,5084.1,5081.0,5084.1
9456,2024-03-06 12:21:00,5083.25,5086.65,5082.0,5086.25
9457,2024-03-06 12:22:00,5088.75,5090.0,5086.75,5089.05
9458,2024-03-06 12:23:00,5088.15,5093.9,5086.65,5088.05
9459,2024-03-06 12:24:00,5090.25,5091.95,5086.85,5090.3
9460,2024-03-06 12:25:00,5089.1,5090.9,5087.2,5090.0
9461,2024-03-06 12:26:00,5091.8,5092.8,5088.65,5088.65
9462,2024-03-06 12:27:00,5090.55,5093.4,5088.65,5089.4
9463,2024-03-06 12:28:00,5090.0,5091.3,5087.9,5089.35
9464,2024-03-06 12:29:00,5088.6,5092.65,5087.9,5089.15
9465,2024-03-06 12:30:00,5089.05,5107.0,5089.0,5102.9
9466,2024-03-06 12:31:00,5104.1,5120.9,5102.9,5119.65
9467,2024-03-06 12:32:00,5117.3,5122.0,5106.75,5113.4
9468,2024-03-06 12:33:00,5113.0,5118.95,5113.0,5115.05
9469,2024-03-06 12:34:00,5116.55,5117.05,5109.8,5113.6
9470,2024-03-06 12:35:00,5111.05,5114.3,5106.05,5106.05
9471,2024-03-06 12:36:00,5107.3,5107.85,5104.9,5104.9
9472,2024-03-06 12:37:00,5105.0,5115.0,5105.0,5113.0
9473,2024-03-06 12:38:00,5114.6,5115.9,5112.1,5115.0
9474,2024-03-06 12:39:00,5113.05,5118.6,5112.95,5112.95
9475,2024-03-06 12:40:00,5114.95,5117.5,5112.95,5115.65
9476,2024-03-06 12:41:00,5115.0,5115.35,5108.4,5113.4
9477,2024-03-06 12:42:00,5112.45,5119.4,5111.8,5114.15
9478,2024-03-06 12:43:00,5113.4,5114.8,5110.0,5110.95
9479,2024-03-06 12:44:00,5112.95,5114.3,5111.0,5113.0
9480,2024-03-06 12:45:00,5113.05,5113.9,5109.55,5111.0
9481,2024-03-06 12:46:00,5111.25,5111.25,5109.0,5109.25
9482,2024-03-06 12:47:00,5109.0,5109.0,5102.0,5104.0
9483,2024-03-06 12:48:00,5102.1,5104.7,5102.1,5104.0
9484,2024-03-06 12:49:00,5104.95,5112.0,5104.95,5108.35
9485,2024-03-06 12:50:00,5110.45,5112.3,5103.1,5105.4
9486,2024-03-06 12:51:00,5103.55,5105.65,5103.55,5105.4
9487,2024-03-06 12:52:00,5104.65,5108.4,5103.0,5103.0
9488,2024-03-06 12:53:00,5102.75,5103.55,5101.05,5101.9
9489,2024-03-06 12:54:00,5102.0,5102.0,5099.75,5099.8
9490,2024-03-06 12:55:00,5099.75,5105.0,5099.75,5103.1
9491,2024-03-06 12:56:00,5106.25,5107.3,5103.05,5104.0
9492,2024-03-06 12:57:00,5101.55,5105.55,5101.15,5105.55
9493,2024-03-06 12:58:00,5104.75,5105.55,5104.75,5105.05
9494,2024-03-06 12:59:00,5105.55,5105.55,5101.35,5101.35
9495,2024-03-06 13:00:00,5101.55,5102.0,5101.35,5101.7
9496,2024-03-06 13:01:00,5100.0,5100.5,5096.15,5098.75
9497,2024-03-06 13:02:00,5097.2,5101.4,5097.2,5097.2
9498,2024-03-06 13:03:00,5096.95,5097.0,5094.0,5094.25
9499,2024-03-06 13:04:00,5094.2,5101.55,5092.75,5096.3
9500,2024-03-06 13:05:00,5093.55,5098.95,5093.55,5096.05
9501,2024-03-06 13:06:00,5098.2,5101.1,5094.45,5096.95
9502,2024-03-06 13:07:00,5097.95,5098.6,5097.45,5098.6
9503,2024-03-06 13:08:00,5097.05,5098.6,5097.05,5097.85
9504,2024-03-06 13:09:00,5098.2,5106.0,5097.6,5102.55
9505,2024-03-06 13:10:00,5101.55,5104.75,5101.55,5103.7
9506,2024-03-06 13:11:00,5102.85,5103.7,5102.5,5102.5
9507,2024-03-06 13:12:00,5102.0,5105.0,5102.0,5105.0
9508,2024-03-06 13:13:00,5106.0,5110.0,5105.5,5109.9
9509,2024-03-06 13:14:00,5109.5,5111.9,5109.0,5111.8
9510,2024-03-06 13:15:00,5111.7,5111.7,5108.8,5109.15
9511,2024-03-06 13:16:00,5110.0,5111.0,5107.75,5108.0
9512,2024-03-06 13:17:00,5108.75,5111.95,5108.35,5110.15
9513,2024-03-06 13:18:00,5110.0,5115.0,5110.0,5112.35
9514,2024-03-06 13:19:00,5113.55,5113.55,5112.0,5113.2
9515,2024-03-06 13:20:00,5113.0,5113.55,5112.0,5113.2
9516,2024-03-06 13:21:00,5113.25,5113.25,5110.1,5112.0
9517,2024-03-06 13:22:00,5112.75,5115.0,5112.75,5113.9
9518,2024-03-06 13:23:00,5114.25,5114.65,5109.05,5111.65
9519,2024-03-06 13:24:00,5110.55,5111.65,5110.0,5110.5
9520,2024-03-06 13:25:00,5110.25,5110.5,5109.55,5109.7
9521,2024-03-06 13:26:00,5109.55,5109.95,5107.0,5107.9
9522,2024-03-06 13:27:00,5108.0,5112.5,5108.0,5112.45
9523,2024-03-06 13:28:00,5112.5,5113.3,5110.2,5113.0
9524,2024-03-06 13:29:00,5112.95,5112.95,5110.0,5110.45
9525,2024-03-06 13:30:00,5110.0,5110.1,5110.0,5110.0
9526,2024-03-06 13:31:00,5110.05,5110.05,5110.0,5110.05
9527,2024-03-06 13:32:00,5110.0,5112.0,5110.0,5112.0
9528,2024-03-06 13:33:00,5111.0,5112.55,5110.4,5112.55
9529,2024-03-06 13:34:00,5112.0,5113.25,5111.2,5112.9
9530,2024-03-06 13:35:00,5112.85,5113.25,5111.55,5113.25
9531,2024-03-06 13:36:00,5112.75,5113.3,5111.9,5113.1
9532,2024-03-06 13:37:00,5112.8,5113.5,5112.8,5113.25
9533,2024-03-06 13:38:00,5113.45,5113.45,5112.8,5113.1
9534,2024-03-06 13:39:00,5113.25,5115.45,5112.0,5115.0
9535,2024-03-06 13:40:00,5114.65,5116.55,5113.55,5114.9
9536,2024-03-06 13:41:00,5114.45,5116.05,5112.8,5114.4
9537,2024-03-06 13:42:00,5113.7,5114.25,5113.55,5114.15
9538,2024-03-06 13:43:00,5115.0,5115.0,5114.1,5114.85
9539,2024-03-06 13:44:00,5113.95,5114.9,5113.7,5114.9
9540,2024-03-06 13:45:00,5116.0,5119.1,5114.15,5115.0
9541,2024-03-06 13:46:00,5114.4,5115.4,5111.45,5114.9
9542,2024-03-06 13:47:00,5114.75,5118.3,5114.0,5115.0
9543,2024-03-06 13:48:00,5115.4,5133.6,5115.0,5125.7
9544,2024-03-06 13:49:00,5125.0,5125.0,5119.15,5119.6
9545,2024-03-06 13:50:00,5117.15,5125.0,5117.15,5123.8
9546,2024-03-06 13:51:00,5120.95,5125.0,5120.0,5125.0
9547,2024-03-06 13:52:00,5127.6,5130.0,5125.8,5128.1
9548,2024-03-06 13:53:00,5128.0,5128.0,5120.1,5124.3
9549,2024-03-06 13:54:00,5124.5,5125.0,5121.0,5123.7
9550,2024-03-06 13:55:00,5125.0,5125.45,5121.0,5123.25
9551,2024-03-06 13:56:00,5121.0,5124.3,5121.0,5122.6
9552,2024-03-06 13:57:00,5121.85,5123.0,5117.0,5117.25
9553,2024-03-06 13:58:00,5117.1,5121.0,5117.05,5119.45
9554,2024-03-06 13:59:00,5121.1,5130.0,5120.7,5130.0
9555,2024-03-06 14:00:00,5126.8,5130.05,5126.8,5127.45
9556,2024-03-06 14:01:00,5126.85,5129.8,5122.2,5128.15
9557,2024-03-06 14:02:00,5126.4,5130.0,5126.4,5128.45
9558,2024-03-06 14:03:00,5128.75,5130.15,5128.2,5128.45
9559,2024-03-06 14:04:00,5128.85,5130.0,5126.5,5127.5
9560,2024-03-06 14:05:00,5127.3,5130.0,5123.05,5128.5
9561,2024-03-06 14:06:00,5130.45,5130.45,5125.35,5125.35
9562,2024-03-06 14:07:00,5126.6,5127.1,5124.3,5124.3
9563,2024-03-06 14:08:00,5124.55,5124.6,5115.0,5117.65
9564,2024-03-06 14:09:00,5116.45,5124.3,5114.95,5121.6
9565,2024-03-06 14:10:00,5118.75,5121.2,5115.05,5115.05
9566,2024-03-06 14:11:00,5115.65,5119.85,5114.15,5115.0
9567,2024-03-06 14:12:00,5117.0,5122.0,5116.6,5117.55
9568,2024-03-06 14:13:00,5119.7,5120.0,5117.2,5119.2
9569,2024-03-06 14:14:00,5118.75,5120.0,5117.8,5120.0
9570,2024-03-06 14:15:00,5118.5,5122.8,5117.5,5117.6
9571,2024-03-06 14:16:00,5117.55,5119.2,5115.15,5115.9
9572,2024-03-06 14:17:00,5115.6,5117.5,5110.05,5110.25
9573,2024-03-06 14:18:00,5110.05,5116.35,5110.05,5111.65
9574,2024-03-06 14:19:00,5113.45,5116.1,5110.0,5116.1
9575,2024-03-06 14:20:00,5116.0,5118.45,5113.8,5118.4
9576,2024-03-06 14:21:00,5119.0,5119.0,5117.0,5117.0
9577,2024-03-06 14:22:00,5117.35,5118.7,5117.25,5117.55
9578,2024-03-06 14:23:00,5117.75,5130.0,5117.35,5130.0
9579,2024-03-06 14:24:00,5129.35,5130.75,5126.05,5126.7
9580,2024-03-06 14:25:00,5127.15,5127.2,5122.35,5124.35
9581,2024-03-06 14:26:00,5126.2,5127.0,5124.2,5125.75
9582,2024-03-06 14:27:00,5125.85,5128.15,5124.1,5125.0
9583,2024-03-06 14:28:00,5126.95,5126.95,5118.05,5120.8
9584,2024-03-06 14:29:00,5120.55,5125.0,5120.55,5124.0
9585,2024-03-06 14:30:00,5121.05,5126.15,5118.3,5126.15
9586,2024-03-06 14:31:00,5126.7,5130.0,5124.15,5130.0
9587,2024-03-06 14:32:00,5127.85,5131.1,5120.05,5124.1
9588,2024-03-06 14:33:00,5125.0,5128.2,5124.0,5125.55
9589,2024-03-06 14:34:00,5125.9,5130.0,5125.5,5129.95
9590,2024-03-06 14:35:00,5129.75,5131.0,5126.15,5126.3
9591,2024-03-06 14:36:00,5125.05,5128.5,5124.0,5124.95
9592,2024-03-06 14:37:00,5122.45,5129.0,5121.65,5129.0
9593,2024-03-06 14:38:00,5128.7,5130.65,5128.35,5129.95
9594,2024-03-06 14:39:00,5130.0,5131.15,5128.0,5129.95
9595,2024-03-06 14:40:00,5129.9,5132.0,5123.4,5123.4
9596,2024-03-06 14:41:00,5126.15,5130.25,5126.15,5130.0
9597,2024-03-06 14:42:00,5128.85,5130.0,5128.15,5128.7
9598,2024-03-06 14:43:00,5128.3,5130.75,5128.0,5130.0
9599,2024-03-06 14:44:00,5129.3,5130.0,5128.05,5129.9
9600,2024-03-06 14:45:00,5130.0,5146.15,5129.95,5138.4
9601,2024-03-06 14:46:00,5135.45,5144.0,5135.45,5142.35
9602,2024-03-06 14:47:00,5142.6,5144.95,5140.8,5144.35
9603,2024-03-06 14:48:00,5147.0,5147.0,5141.0,5142.0
9604,2024-03-06 14:49:00,5141.0,5142.0,5140.05,5142.0
9605,2024-03-06 14:50:00,5141.5,5143.0,5140.0,5142.15
9606,2024-03-06 14:51:00,5140.05,5143.0,5137.6,5138.65
9607,2024-03-06 14:52:00,5137.85,5141.6,5135.6,5140.85
9608,2024-03-06 14:53:00,5140.4,5145.0,5136.55,5139.45
9609,2024-03-06 14:54:00,5138.3,5139.45,5135.05,5136.2
9610,2024-03-06 14:55:00,5137.15,5137.85,5132.5,5137.85
9611,2024-03-06 14:56:00,5136.6,5140.15,5133.75,5136.0
9612,2024-03-06 14:57:00,5136.85,5148.95,5135.8,5147.7
9613,2024-03-06 14:58:00,5146.25,5151.0,5145.95,5150.1
9614,2024-03-06 14:59:00,5151.0,5152.45,5145.05,5148.95
9615,2024-03-06 15:00:00,5150.25,5151.95,5145.1,5149.75
9616,2024-03-06 15:01:00,5149.85,5152.95,5149.8,5152.45
9617,2024-03-06 15:02:00,5152.4,5152.6,5149.75,5150.65
9618,2024-03-06 15:03:00,5150.7,5154.9,5145.65,5154.05
9619,2024-03-06 15:04:00,5154.0,5162.95,5154.0,5161.1
9620,2024-03-06 15:05:00,5161.05,5168.95,5160.3,5168.35
9621,2024-03-06 15:06:00,5166.65,5169.7,5161.6,5164.05
9622,2024-03-06 15:07:00,5163.3,5167.95,5163.25,5165.95
9623,2024-03-06 15:08:00,5165.1,5165.1,5158.45,5163.0
9624,2024-03-06 15:09:00,5162.6,5165.95,5160.0,5164.45
9625,2024-03-06 15:10:00,5165.95,5167.0,5164.0,5165.15
9626,2024-03-06 15:11:00,5163.3,5168.95,5163.3,5167.0
9627,2024-03-06 15:12:00,5166.9,5169.0,5164.4,5169.0
9628,2024-03-06 15:13:00,5170.85,5173.9,5170.05,5173.5
9629,2024-03-06 15:14:00,5173.75,5179.2,5172.05,5172.1
9630,2024-03-06 15:15:00,5172.05,5173.3,5163.45,5167.55
9631,2024-03-06 15:16:00,5167.6,5171.15,5162.8,5171.15
9632,2024-03-06 15:17:00,5170.0,5171.95,5165.5,5168.0
9633,2024-03-06 15:18:00,5168.25,5170.45,5165.3,5166.9
9634,2024-03-06 15:19:00,5166.5,5169.75,5163.0,5165.0
9635,2024-03-06 15:20:00,5164.9,5169.95,5163.3,5166.65
9636,2024-03-06 15:21:00,5167.25,5169.2,5162.85,5162.85
9637,2024-03-06 15:22:00,5163.05,5168.4,5161.0,5167.85
9638,2024-03-06 15:23:00,5165.75,5169.85,5165.75,5168.95
9639,2024-03-06 15:24:00,5169.0,5173.35,5168.75,5171.7
9640,2024-03-06 15:25:00,5169.8,5175.0,5168.7,5174.95
9641,2024-03-06 15:26:00,5174.9,5175.0,5170.55,5173.35
9642,2024-03-06 15:27:00,5173.0,5174.8,5170.5,5174.35
9643,2024-03-06 15:28:00,5173.25,5174.8,5161.65,5161.65
9644,2024-03-06 15:29:00,5161.7,5173.0,5161.7,5169.0
9645,2024-03-11 09:15:00,5119.9,5125.0,5107.75,5122.7
9646,2024-03-11 09:16:00,5124.95,5127.85,5107.2,5119.9
9647,2024-03-11 09:17:00,5115.0,5118.1,5095.55,5100.5
9648,2024-03-11 09:18:00,5097.9,5112.45,5096.1,5102.45
9649,2024-03-11 09:19:00,5100.95,5108.65,5100.95,5104.0
9650,2024-03-11 09:20:00,5103.65,5105.9,5100.0,5105.9
9651,2024-03-11 09:21:00,5105.45,5105.9,5102.6,5105.0
9652,2024-03-11 09:22:00,5104.0,5107.1,5101.9,5103.0
9653,2024-03-11 09:23:00,5102.85,5104.6,5095.9,5101.9
9654,2024-03-11 09:24:00,5099.85,5108.0,5097.9,5105.1
9655,2024-03-11 09:25:00,5106.0,5114.45,5103.25,5108.8
9656,2024-03-11 09:26:00,5107.3,5112.45,5106.45,5108.15
9657,2024-03-11 09:27:00,5109.3,5109.3,5097.9,5098.6
9658,2024-03-11 09:28:00,5098.45,5101.2,5091.0,5095.55
9659,2024-03-11 09:29:00,5095.95,5100.0,5093.7,5097.95
9660,2024-03-11 09:30:00,5098.8,5098.8,5090.0,5093.0
9661,2024-03-11 09:31:00,5094.4,5099.0,5091.85,5093.85
9662,2024-03-11 09:32:00,5091.65,5096.95,5091.2,5092.85
9663,2024-03-11 09:33:00,5093.85,5096.0,5092.0,5096.0
9664,2024-03-11 09:34:00,5095.45,5096.85,5094.7,5095.0
9665,2024-03-11 09:35:00,5093.25,5095.0,5087.5,5090.35
9666,2024-03-11 09:36:00,5087.25,5092.9,5087.1,5087.1
9667,2024-03-11 09:37:00,5089.9,5089.9,5081.1,5083.4
9668,2024-03-11 09:38:00,5084.95,5086.9,5081.1,5086.75
9669,2024-03-11 09:39:00,5084.1,5086.4,5082.0,5082.65
9670,2024-03-11 09:40:00,5083.35,5084.4,5078.55,5080.85
9671,2024-03-11 09:41:00,5080.0,5081.0,5077.0,5078.05
9672,2024-03-11 09:42:00,5078.0,5080.0,5076.2,5076.2
9673,2024-03-11 09:43:00,5078.0,5080.0,5076.05,5079.85
9674,2024-03-11 09:44:00,5079.4,5079.45,5076.0,5076.45
9675,2024-03-11 09:45:00,5079.1,5082.9,5079.1,5081.45
9676,2024-03-11 09:46:00,5081.85,5084.2,5080.0,5081.25
9677,2024-03-11 09:47:00,5083.6,5085.0,5081.0,5085.0
9678,2024-03-11 09:48:00,5083.8,5086.0,5081.7,5083.25
9679,2024-03-11 09:49:00,5084.3,5089.2,5084.0,5087.0
9680,2024-03-11 09:50:00,5087.2,5087.85,5081.8,5082.85
9681,2024-03-11 09:51:00,5083.0,5088.4,5081.9,5084.75
9682,2024-03-11 09:52:00,5086.05,5088.75,5086.0,5086.4
9683,2024-03-11 09:53:00,5086.05,5092.9,5086.05,5092.9
9684,2024-03-11 09:54:00,5090.75,5094.0,5089.55,5094.0
9685,2024-03-11 09:55:00,5091.45,5094.0,5089.5,5091.1
9686,2024-03-11 09:56:00,5090.95,5090.95,5086.6,5087.9
9687,2024-03-11 09:57:00,5087.3,5089.35,5085.0,5085.65
9688,2024-03-11 09:58:00,5086.85,5090.0,5085.9,5088.0
9689,2024-03-11 09:59:00,5087.0,5087.0,5082.55,5085.15
9690,2024-03-11 10:00:00,5083.55,5086.1,5080.0,5082.0
9691,2024-03-11 10:01:00,5081.05,5082.0,5076.2,5076.2
9692,2024-03-11 10:02:00,5079.05,5079.05,5076.3,5077.2
9693,2024-03-11 10:03:00,5077.85,5080.0,5077.0,5077.6
9694,2024-03-11 10:04:00,5078.55,5079.25,5071.2,5071.2
9695,2024-03-11 10:05:00,5072.65,5073.0,5071.0,5072.35
9696,2024-03-11 10:06:00,5072.25,5072.65,5065.0,5067.75
9697,2024-03-11 10:07:00,5067.05,5069.75,5065.9,5067.85
9698,2024-03-11 10:08:00,5067.0,5068.95,5066.2,5067.0
9699,2024-03-11 10:09:00,5066.85,5068.0,5066.2,5067.2
9700,2024-03-11 10:10:00,5068.0,5069.6,5061.05,5062.3
9701,2024-03-11 10:11:00,5061.65,5063.55,5059.0,5059.0
9702,2024-03-11 10:12:00,5061.05,5066.6,5060.55,5061.15
9703,2024-03-11 10:13:00,5060.0,5060.65,5057.0,5060.15
9704,2024-03-11 10:14:00,5058.9,5063.65,5057.85,5063.65
9705,2024-03-11 10:15:00,5062.15,5064.85,5061.5,5063.15
9706,2024-03-11 10:16:00,5063.0,5066.85,5063.0,5064.1
9707,2024-03-11 10:17:00,5064.0,5067.45,5062.6,5064.0
9708,2024-03-11 10:18:00,5062.65,5068.7,5062.65,5066.2
9709,2024-03-11 10:19:00,5067.9,5068.55,5063.2,5064.1
9710,2024-03-11 10:20:00,5064.0,5066.3,5063.25,5065.1
9711,2024-03-11 10:21:00,5065.0,5069.0,5065.0,5065.65
9712,2024-03-11 10:22:00,5065.85,5074.0,5064.45,5071.65
9713,2024-03-11 10:23:00,5068.55,5072.35,5067.75,5070.8
9714,2024-03-11 10:24:00,5070.4,5078.7,5070.1,5072.05
9715,2024-03-11 10:25:00,5073.7,5073.7,5071.1,5071.2
9716,2024-03-11 10:26:00,5071.3,5074.85,5071.1,5074.0
9717,2024-03-11 10:27:00,5073.0,5078.1,5072.0,5078.1
9718,2024-03-11 10:28:00,5078.0,5081.0,5075.05,5075.25
9719,2024-03-11 10:29:00,5076.0,5076.0,5073.0,5073.5
9720,2024-03-11 10:30:00,5074.05,5074.2,5070.55,5072.35
9721,2024-03-11 10:31:00,5072.3,5072.35,5068.0,5068.95
9722,2024-03-11 10:32:00,5068.0,5070.0,5064.5,5070.0
9723,2024-03-11 10:33:00,5070.9,5075.4,5070.0,5074.65
9724,2024-03-11 10:34:00,5073.45,5074.5,5069.6,5069.85
9725,2024-03-11 10:35:00,5068.1,5071.8,5065.8,5070.2
9726,2024-03-11 10:36:00,5071.35,5076.0,5070.1,5073.85
9727,2024-03-11 10:37:00,5073.7,5076.0,5070.85,5071.75
9728,2024-03-11 10:38:00,5071.5,5076.0,5071.1,5072.65
9729,2024-03-11 10:39:00,5072.7,5078.35,5072.7,5077.05
9730,2024-03-11 10:40:00,5079.0,5080.0,5077.05,5080.0
9731,2024-03-11 10:41:00,5080.45,5084.4,5080.0,5082.3
9732,2024-03-11 10:42:00,5082.55,5083.3,5079.85,5079.85
9733,2024-03-11 10:43:00,5080.0,5082.95,5078.9,5078.9
9734,2024-03-11 10:44:00,5078.5,5081.35,5077.1,5081.3
9735,2024-03-11 10:45:00,5078.9,5080.2,5075.05,5075.2
9736,2024-03-11 10:46:00,5076.85,5080.4,5075.4,5075.4
9737,2024-03-11 10:47:00,5076.2,5078.0,5075.0,5078.0
9738,2024-03-11 10:48:00,5081.25,5081.8,5076.95,5079.7
9739,2024-03-11 10:49:00,5078.25,5079.3,5075.7,5078.0
9740,2024-03-11 10:50:00,5079.85,5080.2,5076.2,5078.55
9741,2024-03-11 10:51:00,5078.15,5079.0,5077.25,5077.4
9742,2024-03-11 10:52:00,5080.0,5080.0,5077.05,5077.55
9743,2024-03-11 10:53:00,5077.5,5080.0,5077.45,5080.0
9744,2024-03-11 10:54:00,5078.8,5078.9,5077.0,5077.0
9745,2024-03-11 10:55:00,5078.3,5079.5,5077.0,5077.2
9746,2024-03-11 10:56:00,5077.05,5081.45,5076.85,5079.95
9747,2024-03-11 10:57:00,5079.3,5083.85,5079.05,5079.9
9748,2024-03-11 10:58:00,5081.0,5082.45,5080.0,5080.0
9749,2024-03-11 10:59:00,5081.5,5084.0,5080.5,5080.5
9750,2024-03-11 11:00:00,5083.4,5083.4,5078.85,5082.0
9751,2024-03-11 11:01:00,5080.7,5082.95,5079.25,5082.0
9752,2024-03-11 11:02:00,5080.65,5082.5,5079.3,5080.5
9753,2024-03-11 11:03:00,5079.3,5082.5,5079.25,5081.95
9754,2024-03-11 11:04:00,5079.75,5082.0,5079.6,5082.0
9755,2024-03-11 11:05:00,5081.95,5082.45,5080.05,5080.05
9756,2024-03-11 11:06:00,5080.0,5083.45,5080.0,5081.45
9757,2024-03-11 11:07:00,5080.75,5084.4,5080.75,5081.1
9758,2024-03-11 11:08:00,5080.85,5083.9,5080.0,5080.0
9759,2024-03-11 11:09:00,5081.5,5083.3,5080.0,5081.85
9760,2024-03-11 11:10:00,5082.0,5083.45,5080.75,5082.9
9761,2024-03-11 11:11:00,5083.0,5083.0,5080.0,5082.4
9762,2024-03-11 11:12:00,5080.0,5085.0,5080.0,5085.0
9763,2024-03-11 11:13:00,5083.95,5084.95,5082.95,5082.95
9764,2024-03-11 11:14:00,5083.45,5085.0,5080.7,5083.0
9765,2024-03-11 11:15:00,5082.95,5084.85,5080.7,5084.5
9766,2024-03-11 11:16:00,5082.35,5085.0,5082.35,5085.0
9767,2024-03-11 11:17:00,5084.95,5092.0,5084.95,5092.0
9768,2024-03-11 11:18:00,5089.1,5092.0,5089.0,5092.0
9769,2024-03-11 11:19:00,5090.0,5098.95,5090.0,5093.15
9770,2024-03-11 11:20:00,5094.2,5095.65,5093.0,5093.15
9771,2024-03-11 11:21:00,5094.1,5094.1,5093.0,5093.2
9772,2024-03-11 11:22:00,5093.0,5093.2,5088.0,5091.2
9773,2024-03-11 11:23:00,5091.75,5093.0,5090.0,5091.4
9774,2024-03-11 11:24:00,5090.7,5091.4,5090.0,5090.0
9775,2024-03-11 11:25:00,5090.6,5093.2,5090.0,5093.2
9776,2024-03-11 11:26:00,5093.3,5098.7,5092.65,5098.7
9777,2024-03-11 11:27:00,5097.25,5099.2,5094.35,5094.35
9778,2024-03-11 11:28:00,5093.1,5095.0,5091.75,5093.05
9779,2024-03-11 11:29:00,5094.05,5097.45,5090.35,5092.65
9780,2024-03-11 11:30:00,5094.3,5098.0,5090.0,5096.35
9781,2024-03-11 11:31:00,5097.3,5101.2,5096.4,5099.8
9782,2024-03-11 11:32:00,5098.5,5099.45,5095.7,5097.95
9783,2024-03-11 11:33:00,5095.6,5097.95,5095.6,5097.8
9784,2024-03-11 11:34:00,5095.65,5105.5,5095.65,5105.5
9785,2024-03-11 11:35:00,5103.15,5105.5,5100.75,5103.15
9786,2024-03-11 11:36:00,5100.85,5105.5,5100.85,5104.95
9787,2024-03-11 11:37:00,5104.0,5105.0,5101.85,5102.1
9788,2024-03-11 11:38:00,5103.6,5104.9,5102.0,5102.0
9789,2024-03-11 11:39:00,5103.2,5104.65,5102.0,5102.0
9790,2024-03-11 11:40:00,5103.3,5103.45,5102.0,5102.0
9791,2024-03-11 11:41:00,5101.9,5104.65,5101.85,5101.85
9792,2024-03-11 11:42:00,5101.1,5103.3,5100.0,5100.0
9793,2024-03-11 11:43:00,5100.85,5103.55,5100.1,5103.55
9794,2024-03-11 11:44:00,5100.6,5103.3,5100.0,5102.35
9795,2024-03-11 11:45:00,5100.05,5102.5,5100.0,5100.0
9796,2024-03-11 11:46:00,5100.9,5103.0,5100.0,5100.1
9797,2024-03-11 11:47:00,5100.55,5102.65,5100.0,5100.95
9798,2024-03-11 11:48:00,5102.6,5103.9,5100.05,5102.85
9799,2024-03-11 11:49:00,5101.25,5104.95,5100.15,5104.95
9800,2024-03-11 11:50:00,5102.8,5109.6,5102.3,5104.85
9801,2024-03-11 11:51:00,5104.6,5109.55,5104.25,5108.9
9802,2024-03-11 11:52:00,5107.0,5109.6,5105.15,5105.15
9803,2024-03-11 11:53:00,5108.45,5108.45,5105.0,5105.0
9804,2024-03-11 11:54:00,5107.65,5107.65,5102.35,5102.35
9805,2024-03-11 11:55:00,5103.65,5104.95,5100.05,5102.95
9806,2024-03-11 11:56:00,5100.2,5105.3,5100.05,5105.0
9807,2024-03-11 11:57:00,5104.55,5107.4,5103.0,5104.55
9808,2024-03-11 11:58:00,5104.25,5107.2,5102.7,5107.2
9809,2024-03-11 11:59:00,5104.15,5109.0,5104.15,5105.4
9810,2024-03-11 12:00:00,5107.6,5108.1,5104.55,5105.25
9811,2024-03-11 12:01:00,5107.5,5108.6,5106.3,5107.55
9812,2024-03-11 12:02:00,5108.5,5109.0,5105.85,5106.1
9813,2024-03-11 12:03:00,5108.8,5110.0,5105.9,5107.0
9814,2024-03-11 12:04:00,5108.0,5110.2,5108.0,5110.2
9815,2024-03-11 12:05:00,5110.1,5110.15,5110.0,5110.1
9816,2024-03-11 12:06:00,5110.05,5110.1,5109.05,5110.1
9817,2024-03-11 12:07:00,5108.2,5110.1,5108.2,5108.2
9818,2024-03-11 12:08:00,5109.95,5110.1,5108.2,5109.2
9819,2024-03-11 12:09:00,5110.1,5111.7,5109.6,5110.55
9820,2024-03-11 12:10:00,5111.1,5112.95,5110.0,5110.25
9821,2024-03-11 12:11:00,5112.6,5113.8,5110.0,5110.25
9822,2024-03-11 12:12:00,5110.2,5110.2,5109.05,5109.45
9823,2024-03-11 12:13:00,5110.1,5110.2,5108.45,5108.45
9824,2024-03-11 12:14:00,5108.3,5111.8,5108.1,5111.8
9825,2024-03-11 12:15:00,5111.9,5112.25,5110.0,5110.1
9826,2024-03-11 12:16:00,5112.0,5112.0,5110.0,5110.55
9827,2024-03-11 12:17:00,5112.0,5114.45,5110.0,5114.45
9828,2024-03-11 12:18:00,5114.3,5114.4,5111.95,5112.3
9829,2024-03-11 12:19:00,5113.45,5113.45,5111.0,5113.0
9830,2024-03-11 12:20:00,5113.95,5114.0,5110.75,5110.8
9831,2024-03-11 12:21:00,5113.0,5113.0,5110.0,5110.2
9832,2024-03-11 12:22:00,5110.1,5111.0,5110.0,5110.0
9833,2024-03-11 12:23:00,5111.0,5113.0,5110.0,5113.0
9834,2024-03-11 12:24:00,5113.25,5117.0,5112.45,5114.05
9835,2024-03-11 12:25:00,5116.9,5119.5,5115.65,5119.5
9836,2024-03-11 12:26:00,5117.8,5117.8,5117.0,5117.7
9837,2024-03-11 12:27:00,5117.0,5118.5,5117.0,5117.1
9838,2024-03-11 12:28:00,5117.85,5119.0,5114.85,5117.5
9839,2024-03-11 12:29:00,5116.95,5117.25,5112.0,5113.55
9840,2024-03-11 12:30:00,5113.9,5113.9,5110.0,5110.0
9841,2024-03-11 12:31:00,5111.65,5112.0,5110.0,5110.0
9842,2024-03-11 12:32:00,5112.0,5112.0,5110.0,5111.9
9843,2024-03-11 12:33:00,5110.95,5112.0,5110.0,5110.0
9844,2024-03-11 12:34:00,5110.75,5111.65,5109.35,5109.5
9845,2024-03-11 12:35:00,5109.55,5113.4,5109.5,5111.7
9846,2024-03-11 12:36:00,5110.55,5113.0,5110.3,5112.85
9847,2024-03-11 12:37:00,5110.6,5113.0,5110.0,5110.0
9848,2024-03-11 12:38:00,5110.65,5111.65,5110.0,5110.0
9849,2024-03-11 12:39:00,5111.2,5111.25,5110.0,5111.15
9850,2024-03-11 12:40:00,5110.0,5112.0,5110.0,5110.0
9851,2024-03-11 12:41:00,5110.3,5111.8,5109.3,5109.35
9852,2024-03-11 12:42:00,5109.75,5111.65,5109.35,5110.0
9853,2024-03-11 12:43:00,5111.0,5113.0,5110.0,5112.2
9854,2024-03-11 12:44:00,5113.0,5113.8,5110.0,5110.95
9855,2024-03-11 12:45:00,5110.0,5110.95,5109.5,5110.0
9856,2024-03-11 12:46:00,5110.3,5110.3,5108.1,5110.0
9857,2024-03-11 12:47:00,5110.2,5110.2,5109.05,5109.05
9858,2024-03-11 12:48:00,5109.25,5110.0,5109.0,5109.0
9859,2024-03-11 12:49:00,5109.1,5110.0,5109.0,5109.1
9860,2024-03-11 12:50:00,5110.0,5110.5,5109.1,5110.0
9861,2024-03-11 12:51:00,5110.2,5110.55,5110.0,5110.0
9862,2024-03-11 12:52:00,5111.0,5111.0,5110.0,5110.0
9863,2024-03-11 12:53:00,5111.0,5111.0,5110.0,5110.2
9864,2024-03-11 12:54:00,5110.05,5111.0,5110.0,5111.0
9865,2024-03-11 12:55:00,5110.3,5113.15,5110.0,5112.1
9866,2024-03-11 12:56:00,5113.0,5113.15,5110.0,5111.2
9867,2024-03-11 12:57:00,5111.1,5115.2,5110.0,5111.2
9868,2024-03-11 12:58:00,5110.0,5112.45,5110.0,5111.95
9869,2024-03-11 12:59:00,5110.95,5110.95,5108.25,5109.45
9870,2024-03-11 13:00:00,5109.0,5110.4,5108.0,5108.0
9871,2024-03-11 13:01:00,5109.5,5109.75,5105.0,5105.0
9872,2024-03-11 13:02:00,5105.25,5107.65,5105.0,5105.0
9873,2024-03-11 13:03:00,5106.85,5106.85,5104.95,5105.0
9874,2024-03-11 13:04:00,5105.35,5108.0,5105.0,5105.55
9875,2024-03-11 13:05:00,5105.4,5109.35,5105.0,5105.0
9876,2024-03-11 13:06:00,5106.4,5106.4,5105.0,5105.0
9877,2024-03-11 13:07:00,5105.6,5107.55,5105.0,5106.65
9878,2024-03-11 13:08:00,5106.85,5106.85,5105.0,5105.95
9879,2024-03-11 13:09:00,5106.8,5106.85,5105.0,5105.0
9880,2024-03-11 13:10:00,5105.35,5105.9,5105.0,5105.9
9881,2024-03-11 13:11:00,5105.95,5105.95,5105.0,5105.1
9882,2024-03-11 13:12:00,5105.0,5105.25,5105.0,5105.25
9883,2024-03-11 13:13:00,5105.0,5105.2,5104.5,5104.5
9884,2024-03-11 13:14:00,5104.95,5105.1,5104.5,5104.8
9885,2024-03-11 13:15:00,5104.5,5105.95,5104.5,5105.95
9886,2024-03-11 13:16:00,5106.0,5108.0,5104.5,5107.8
9887,2024-03-11 13:17:00,5110.0,5110.15,5106.1,5107.45
9888,2024-03-11 13:18:00,5110.45,5110.85,5108.2,5110.75
9889,2024-03-11 13:19:00,5110.3,5117.65,5109.0,5117.6
9890,2024-03-11 13:20:00,5117.8,5117.8,5114.2,5117.05
9891,2024-03-11 13:21:00,5117.0,5117.0,5114.0,5114.6
9892,2024-03-11 13:22:00,5117.0,5117.0,5112.85,5113.35
9893,2024-03-11 13:23:00,5115.35,5117.0,5111.5,5115.7
9894,2024-03-11 13:24:00,5117.25,5117.25,5109.75,5116.0
9895,2024-03-11 13:25:00,5113.7,5115.95,5112.6,5112.6
9896,2024-03-11 13:26:00,5115.05,5115.1,5112.05,5113.6
9897,2024-03-11 13:27:00,5114.65,5115.25,5109.3,5114.75
9898,2024-03-11 13:28:00,5115.8,5115.85,5111.35,5114.75
9899,2024-03-11 13:29:00,5113.0,5114.55,5108.6,5114.15
9900,2024-03-11 13:30:00,5115.75,5115.75,5110.6,5112.05
9901,2024-03-11 13:31:00,5112.8,5114.65,5108.4,5109.25
9902,2024-03-11 13:32:00,5111.6,5112.85,5108.55,5109.95
9903,2024-03-11 13:33:00,5111.7,5113.2,5109.85,5110.0
9904,2024-03-11 13:34:00,5111.3,5111.95,5110.0,5110.0
9905,2024-03-11 13:35:00,5110.5,5112.3,5110.0,5110.0
9906,2024-03-11 13:36:00,5111.7,5113.4,5110.0,5111.6
9907,2024-03-11 13:37:00,5114.6,5114.6,5110.0,5110.0
9908,2024-03-11 13:38:00,5111.15,5111.15,5110.0,5111.15
9909,2024-03-11 13:39:00,5110.0,5111.15,5110.0,5110.0
9910,2024-03-11 13:40:00,5110.4,5113.3,5110.0,5110.65
9911,2024-03-11 13:41:00,5112.8,5112.8,5110.0,5110.0
9912,2024-03-11 13:42:00,5110.2,5113.0,5110.0,5110.0
9913,2024-03-11 13:43:00,5112.0,5113.4,5110.0,5111.0
9914,2024-03-11 13:44:00,5110.05,5111.0,5110.0,5111.0
9915,2024-03-11 13:45:00,5110.0,5111.1,5110.0,5111.0
9916,2024-03-11 13:46:00,5111.05,5111.9,5111.0,5111.9
9917,2024-03-11 13:47:00,5110.35,5116.0,5110.05,5115.0
9918,2024-03-11 13:48:00,5115.5,5116.0,5115.0,5115.9
9919,2024-03-11 13:49:00,5115.3,5120.65,5115.0,5120.0
9920,2024-03-11 13:50:00,5120.4,5120.85,5117.9,5120.0
9921,2024-03-11 13:51:00,5120.75,5120.75,5118.0,5119.4
9922,2024-03-11 13:52:00,5119.9,5121.95,5118.0,5120.75
9923,2024-03-11 13:53:00,5120.9,5122.7,5120.35,5122.0
9924,2024-03-11 13:54:00,5120.0,5122.0,5119.2,5122.0
9925,2024-03-11 13:55:00,5119.55,5123.0,5118.8,5122.9
9926,2024-03-11 13:56:00,5122.85,5123.0,5120.05,5123.0
9927,2024-03-11 13:57:00,5122.95,5123.0,5120.3,5120.45
9928,2024-03-11 13:58:00,5121.8,5122.85,5120.45,5122.75
9929,2024-03-11 13:59:00,5122.8,5123.0,5120.65,5122.9
9930,2024-03-11 14:00:00,5120.65,5122.95,5120.35,5122.95
9931,2024-03-11 14:01:00,5122.9,5122.95,5120.0,5122.0
9932,2024-03-11 14:02:00,5122.05,5122.05,5116.7,5120.0
9933,2024-03-11 14:03:00,5121.1,5121.1,5118.0,5118.0
9934,2024-03-11 14:04:00,5118.55,5121.0,5118.1,5118.35
9935,2024-03-11 14:05:00,5120.95,5121.0,5118.0,5118.0
9936,2024-03-11 14:06:00,5119.95,5119.95,5118.0,5118.0
9937,2024-03-11 14:07:00,5119.85,5120.0,5117.25,5117.75
9938,2024-03-11 14:08:00,5119.9,5121.0,5117.7,5119.9
9939,2024-03-11 14:09:00,5121.0,5122.95,5118.7,5121.4
9940,2024-03-11 14:10:00,5121.9,5121.95,5116.1,5119.4
9941,2024-03-11 14:11:00,5121.9,5123.0,5121.25,5123.0
9942,2024-03-11 14:12:00,5122.55,5122.55,5120.0,5122.55
9943,2024-03-11 14:13:00,5120.05,5125.0,5120.0,5120.05
9944,2024-03-11 14:14:00,5121.95,5125.0,5121.65,5123.9
9945,2024-03-11 14:15:00,5124.0,5124.0,5120.0,5121.3
9946,2024-03-11 14:16:00,5121.95,5123.1,5120.0,5120.1
9947,2024-03-11 14:17:00,5120.25,5124.0,5120.0,5120.9
9948,2024-03-11 14:18:00,5123.0,5123.0,5120.75,5123.0
9949,2024-03-11 14:19:00,5122.95,5123.45,5120.0,5120.0
9950,2024-03-11 14:20:00,5122.0,5122.0,5120.0,5121.9
9951,2024-03-11 14:21:00,5120.0,5122.95,5120.0,5120.0
9952,2024-03-11 14:22:00,5122.4,5122.4,5120.0,5121.8
9953,2024-03-11 14:23:00,5120.0,5122.0,5120.0,5120.0
9954,2024-03-11 14:24:00,5121.8,5121.8,5120.0,5120.0
9955,2024-03-11 14:25:00,5121.25,5121.7,5117.1,5117.1
9956,2024-03-11 14:26:00,5119.0,5121.0,5115.0,5120.05
9957,2024-03-11 14:27:00,5122.0,5124.0,5120.05,5121.7
9958,2024-03-11 14:28:00,5122.95,5123.0,5120.1,5120.6
9959,2024-03-11 14:29:00,5120.65,5125.0,5120.65,5122.6
9960,2024-03-11 14:30:00,5124.8,5126.6,5120.0,5122.9
9961,2024-03-11 14:31:00,5124.9,5125.55,5122.7,5122.7
9962,2024-03-11 14:32:00,5124.6,5124.6,5122.7,5123.15
9963,2024-03-11 14:33:00,5123.0,5127.75,5122.7,5123.05
9964,2024-03-11 14:34:00,5126.45,5126.45,5122.7,5124.25
9965,2024-03-11 14:35:00,5124.1,5125.0,5122.7,5124.85
9966,2024-03-11 14:36:00,5123.75,5125.7,5122.7,5123.1
9967,2024-03-11 14:37:00,5126.95,5126.95,5122.7,5124.55
9968,2024-03-11 14:38:00,5124.0,5124.0,5122.7,5123.0
9969,2024-03-11 14:39:00,5122.7,5124.05,5121.1,5123.0
9970,2024-03-11 14:40:00,5121.5,5125.0,5121.1,5124.65
9971,2024-03-11 14:41:00,5124.15,5125.35,5121.45,5122.9
9972,2024-03-11 14:42:00,5122.85,5125.7,5121.4,5121.5
9973,2024-03-11 14:43:00,5123.9,5124.6,5121.7,5123.05
9974,2024-03-11 14:44:00,5122.4,5124.1,5121.85,5124.0
9975,2024-03-11 14:45:00,5122.2,5124.5,5122.1,5122.6
9976,2024-03-11 14:46:00,5124.45,5124.45,5121.2,5123.7
9977,2024-03-11 14:47:00,5121.6,5123.7,5120.0,5122.4
9978,2024-03-11 14:48:00,5122.45,5122.55,5120.0,5120.0
9979,2024-03-11 14:49:00,5122.1,5122.95,5120.0,5122.85
9980,2024-03-11 14:50:00,5120.2,5123.0,5120.0,5122.7
9981,2024-03-11 14:51:00,5121.4,5122.95,5120.1,5121.65
9982,2024-03-11 14:52:00,5122.85,5123.0,5120.2,5122.65
9983,2024-03-11 14:53:00,5122.0,5123.2,5120.0,5122.5
9984,2024-03-11 14:54:00,5123.0,5123.0,5120.15,5122.0
9985,2024-03-11 14:55:00,5122.85,5123.9,5120.0,5122.95
9986,2024-03-11 14:56:00,5121.65,5123.0,5120.1,5121.7
9987,2024-03-11 14:57:00,5123.0,5124.55,5120.45,5122.65
9988,2024-03-11 14:58:00,5122.95,5123.0,5120.0,5121.6
9989,2024-03-11 14:59:00,5121.0,5125.45,5120.0,5123.0
9990,2024-03-11 15:00:00,5123.65,5125.9,5120.0,5120.25
9991,2024-03-11 15:01:00,5120.45,5121.7,5114.3,5119.9
9992,2024-03-11 15:02:00,5119.8,5121.4,5117.8,5121.2
9993,2024-03-11 15:03:00,5121.05,5121.5,5115.0,5121.4
9994,2024-03-11 15:04:00,5120.55,5123.8,5118.3,5121.1
9995,2024-03-11 15:05:00,5121.0,5123.0,5120.05,5123.0
9996,2024-03-11 15:06:00,5121.1,5123.0,5120.0,5122.95
9997,2024-03-11 15:07:00,5121.3,5124.0,5120.0,5124.0
9998,2024-03-11 15:08:00,5123.0,5125.0,5121.9,5123.3
9999,2024-03-11 15:09:00,5124.25,5125.5,5122.0,5123.3
10000,2024-03-11 15:10:00,5124.85,5124.95,5119.0,5120.05
10001,2024-03-11 15:11:00,5122.0,5123.0,5118.05,5121.25
10002,2024-03-11 15:12:00,5121.2,5123.0,5117.05,5120.15
10003,2024-03-11 15:13:00,5120.0,5122.6,5119.0,5121.95
10004,2024-03-11 15:14:00,5120.3,5123.0,5120.0,5122.95
10005,2024-03-11 15:15:00,5120.55,5123.0,5120.55,5123.0
10006,2024-03-11 15:16:00,5122.9,5124.5,5120.4,5124.5
10007,2024-03-11 15:17:00,5122.9,5124.5,5120.2,5122.0
10008,2024-03-11 15:18:00,5121.95,5124.5,5120.0,5121.85
10009,2024-03-11 15:19:00,5121.9,5125.0,5120.85,5124.8
10010,2024-03-11 15:20:00,5123.95,5125.65,5122.2,5125.3
10011,2024-03-11 15:21:00,5125.05,5125.65,5120.0,5125.65
10012,2024-03-11 15:22:00,5125.05,5126.55,5125.0,5125.45
10013,2024-03-11 15:23:00,5125.05,5126.85,5121.05,5122.1
10014,2024-03-11 15:24:00,5122.2,5126.25,5122.2,5125.55
10015,2024-03-11 15:25:00,5125.1,5126.0,5125.0,5126.0
10016,2024-03-11 15:26:00,5123.2,5125.85,5122.5,5125.0
10017,2024-03-11 15:27:00,5123.55,5125.75,5120.0,5124.0
10018,2024-03-11 15:28:00,5123.95,5133.0,5123.0,5132.95
10019,2024-03-11 15:29:00,5130.15,5133.0,5130.0,5130.0
10020,2024-03-12 09:14:00,5143.0,5143.0,5143.0,5143.0
10021,2024-03-12 09:15:00,5137.1,5138.25,5123.25,5129.8
10022,2024-03-12 09:16:00,5131.5,5135.0,5126.9,5135.0
10023,2024-03-12 09:17:00,5134.9,5153.6,5130.95,5152.3
10024,2024-03-12 09:18:00,5152.45,5163.7,5150.75,5161.75
10025,2024-03-12 09:19:00,5162.8,5181.0,5160.0,5175.15
10026,2024-03-12 09:20:00,5178.4,5184.9,5169.2,5175.0
10027,2024-03-12 09:21:00,5175.85,5177.0,5165.65,5172.0
10028,2024-03-12 09:22:00,5175.0,5180.1,5167.45,5170.0
10029,2024-03-12 09:23:00,5170.4,5177.75,5170.0,5172.3
10030,2024-03-12 09:24:00,5173.3,5177.25,5166.05,5170.65
10031,2024-03-12 09:25:00,5170.9,5175.75,5162.05,5162.05
10032,2024-03-12 09:26:00,5161.55,5168.5,5157.5,5164.45
10033,2024-03-12 09:27:00,5165.0,5175.0,5165.0,5174.3
10034,2024-03-12 09:28:00,5174.35,5174.35,5167.0,5167.0
10035,2024-03-12 09:29:00,5166.0,5171.95,5166.0,5168.95
10036,2024-03-12 09:30:00,5171.75,5171.75,5155.3,5156.25
10037,2024-03-12 09:31:00,5158.4,5158.4,5142.1,5149.25
10038,2024-03-12 09:32:00,5150.35,5156.0,5145.1,5154.5
10039,2024-03-12 09:33:00,5146.85,5154.0,5146.85,5152.95
10040,2024-03-12 09:34:00,5151.55,5154.9,5147.55,5151.95
10041,2024-03-12 09:35:00,5154.05,5154.05,5140.0,5143.65
10042,2024-03-12 09:36:00,5147.35,5150.75,5143.65,5146.8
10043,2024-03-12 09:37:00,5150.75,5150.75,5145.0,5147.95
10044,2024-03-12 09:38:00,5145.0,5147.7,5140.0,5147.3
10045,2024-03-12 09:39:00,5145.95,5149.45,5140.0,5147.5
10046,2024-03-12 09:40:00,5148.15,5149.0,5141.45,5144.0
10047,2024-03-12 09:41:00,5146.05,5152.5,5145.05,5150.55
10048,2024-03-12 09:42:00,5152.35,5157.4,5149.8,5155.0
10049,2024-03-12 09:43:00,5155.9,5165.75,5155.0,5163.1
10050,2024-03-12 09:44:00,5164.25,5170.0,5161.05,5164.95
10051,2024-03-12 09:45:00,5165.0,5166.2,5163.0,5166.2
10052,2024-03-12 09:46:00,5165.9,5168.5,5164.25,5166.45
10053,2024-03-12 09:47:00,5168.25,5168.25,5165.0,5165.0
10054,2024-03-12 09:48:00,5165.65,5166.0,5158.65,5158.65
10055,2024-03-12 09:49:00,5161.65,5161.65,5156.15,5157.6
10056,2024-03-12 09:50:00,5161.6,5161.6,5155.35,5157.0
10057,2024-03-12 09:51:00,5156.0,5156.0,5150.0,5151.85
10058,2024-03-12 09:52:00,5152.85,5152.85,5144.45,5147.0
10059,2024-03-12 09:53:00,5145.0,5147.0,5145.0,5145.0
10060,2024-03-12 09:54:00,5146.2,5147.65,5140.0,5140.05
10061,2024-03-12 09:55:00,5141.0,5145.5,5140.2,5145.5
10062,2024-03-12 09:56:00,5144.05,5149.35,5142.85,5147.2
10063,2024-03-12 09:57:00,5147.1,5149.95,5145.35,5146.85
10064,2024-03-12 09:58:00,5149.05,5149.95,5145.05,5147.85
10065,2024-03-12 09:59:00,5149.9,5149.9,5145.0,5145.4
10066,2024-03-12 10:00:00,5148.05,5149.8,5145.45,5148.8
10067,2024-03-12 10:01:00,5146.85,5148.45,5145.0,5145.9
10068,2024-03-12 10:02:00,5148.55,5148.8,5145.9,5148.5
10069,2024-03-12 10:03:00,5148.8,5150.0,5148.5,5148.6
10070,2024-03-12 10:04:00,5150.0,5158.35,5148.6,5158.35
10071,2024-03-12 10:05:00,5160.0,5160.0,5155.35,5155.5
10072,2024-03-12 10:06:00,5157.95,5157.95,5155.05,5157.4
10073,2024-03-12 10:07:00,5157.45,5157.6,5150.2,5153.0
10074,2024-03-12 10:08:00,5155.2,5155.2,5150.2,5152.0
10075,2024-03-12 10:09:00,5153.3,5156.0,5152.0,5154.7
10076,2024-03-12 10:10:00,5156.0,5159.05,5155.0,5158.7
10077,2024-03-12 10:11:00,5159.0,5164.0,5158.7,5163.0
10078,2024-03-12 10:12:00,5164.0,5164.65,5161.7,5161.75
10079,2024-03-12 10:13:00,5161.9,5165.0,5161.9,5163.55
10080,2024-03-12 10:14:00,5165.0,5165.0,5160.5,5160.5
10081,2024-03-12 10:15:00,5162.0,5164.85,5161.45,5162.1
10082,2024-03-12 10:16:00,5164.65,5164.65,5162.0,5162.55
10083,2024-03-12 10:17:00,5162.0,5162.55,5158.7,5158.7
10084,2024-03-12 10:18:00,5159.4,5162.65,5158.7,5160.95
10085,2024-03-12 10:19:00,5161.0,5161.0,5158.7,5159.15
10086,2024-03-12 10:20:00,5161.0,5161.0,5158.7,5159.85
10087,2024-03-12 10:21:00,5158.85,5161.0,5153.85,5159.3
10088,2024-03-12 10:22:00,5161.0,5164.5,5159.55,5162.5
10089,2024-03-12 10:23:00,5163.95,5164.0,5162.5,5163.9
10090,2024-03-12 10:24:00,5163.6,5163.95,5161.5,5161.55
10091,2024-03-12 10:25:00,5162.25,5164.6,5161.85,5163.05
10092,2024-03-12 10:26:00,5164.65,5164.65,5160.05,5160.15
10093,2024-03-12 10:27:00,5163.6,5163.6,5158.6,5158.6
10094,2024-03-12 10:28:00,5161.25,5161.25,5153.75,5153.85
10095,2024-03-12 10:29:00,5156.05,5156.05,5150.0,5150.25
10096,2024-03-12 10:30:00,5153.0,5154.2,5150.0,5151.0
10097,2024-03-12 10:31:00,5151.05,5154.3,5147.1,5147.15
10098,2024-03-12 10:32:00,5148.45,5155.9,5148.45,5154.0
10099,2024-03-12 10:33:00,5155.05,5155.55,5151.25,5155.35
10100,2024-03-12 10:34:00,5155.95,5161.0,5153.3,5158.45
10101,2024-03-12 10:35:00,5161.0,5161.0,5156.15,5156.2
10102,2024-03-12 10:36:00,5158.9,5158.9,5156.2,5156.2
10103,2024-03-12 10:37:00,5158.85,5158.85,5156.15,5158.3
10104,2024-03-12 10:38:00,5158.5,5162.2,5158.25,5161.6
10105,2024-03-12 10:39:00,5162.2,5167.0,5161.6,5165.0
10106,2024-03-12 10:40:00,5165.55,5175.0,5164.95,5170.55
10107,2024-03-12 10:41:00,5173.1,5173.4,5167.05,5167.05
10108,2024-03-12 10:42:00,5169.9,5173.35,5167.4,5171.6
10109,2024-03-12 10:43:00,5171.2,5171.2,5164.45,5165.25
10110,2024-03-12 10:44:00,5167.45,5170.0,5166.4,5169.95
10111,2024-03-12 10:45:00,5169.9,5169.95,5161.1,5161.1
10112,2024-03-12 10:46:00,5161.0,5164.45,5160.0,5161.95
10113,2024-03-12 10:47:00,5161.9,5161.95,5143.5,5146.3
10114,2024-03-12 10:48:00,5148.1,5161.4,5148.1,5160.65
10115,2024-03-12 10:49:00,5160.95,5160.95,5154.1,5157.6
10116,2024-03-12 10:50:00,5159.95,5163.45,5157.15,5160.6
10117,2024-03-12 10:51:00,5163.35,5165.95,5159.75,5165.95
10118,2024-03-12 10:52:00,5164.0,5168.95,5162.1,5164.4
10119,2024-03-12 10:53:00,5164.45,5168.05,5162.9,5167.35
10120,2024-03-12 10:54:00,5165.7,5174.1,5165.3,5172.4
10121,2024-03-12 10:55:00,5174.1,5175.95,5172.85,5174.95
10122,2024-03-12 10:56:00,5173.5,5174.95,5170.05,5172.4
10123,2024-03-12 10:57:00,5172.35,5172.95,5170.05,5170.05
10124,2024-03-12 10:58:00,5170.0,5174.75,5170.0,5170.2
10125,2024-03-12 10:59:00,5171.65,5171.75,5168.45,5170.95
10126,2024-03-12 11:00:00,5170.45,5170.9,5168.45,5169.5
10127,2024-03-12 11:01:00,5169.55,5175.0,5169.5,5173.75
10128,2024-03-12 11:02:00,5171.85,5172.4,5170.1,5170.55
10129,2024-03-12 11:03:00,5172.4,5175.0,5170.55,5174.9
10130,2024-03-12 11:04:00,5173.15,5175.0,5173.15,5173.25
10131,2024-03-12 11:05:00,5174.9,5175.0,5173.1,5174.0
10132,2024-03-12 11:06:00,5173.1,5174.2,5169.3,5171.1
10133,2024-03-12 11:07:00,5172.65,5174.0,5171.1,5173.6
10134,2024-03-12 11:08:00,5174.95,5175.1,5173.65,5175.0
10135,2024-03-12 11:09:00,5174.5,5175.0,5174.5,5175.0
10136,2024-03-12 11:10:00,5174.95,5175.0,5173.0,5174.5
10137,2024-03-12 11:11:00,5174.55,5175.0,5172.75,5175.0
10138,2024-03-12 11:12:00,5173.9,5175.45,5173.9,5174.9
10139,2024-03-12 11:13:00,5175.0,5175.0,5174.25,5175.0
10140,2024-03-12 11:14:00,5174.3,5175.45,5173.85,5175.0
10141,2024-03-12 11:15:00,5174.0,5175.0,5174.0,5174.9
10142,2024-03-12 11:16:00,5174.05,5175.0,5174.05,5175.0
10143,2024-03-12 11:17:00,5176.0,5180.0,5176.0,5176.9
10144,2024-03-12 11:18:00,5178.7,5189.9,5177.15,5189.55
10145,2024-03-12 11:19:00,5188.8,5188.95,5183.0,5188.0
10146,2024-03-12 11:20:00,5187.55,5197.5,5187.3,5197.5
10147,2024-03-12 11:21:00,5197.45,5199.5,5195.4,5196.25
10148,2024-03-12 11:22:00,5195.5,5199.95,5193.15,5196.0
10149,2024-03-12 11:23:00,5194.9,5196.0,5194.0,5194.1
10150,2024-03-12 11:24:00,5194.7,5195.0,5194.0,5194.25
10151,2024-03-12 11:25:00,5194.0,5194.05,5184.55,5187.65
10152,2024-03-12 11:26:00,5186.05,5189.95,5185.15,5186.9
10153,2024-03-12 11:27:00,5186.85,5186.85,5185.0,5186.0
10154,2024-03-12 11:28:00,5185.95,5187.0,5185.0,5185.0
10155,2024-03-12 11:29:00,5183.45,5193.6,5182.5,5193.6
10156,2024-03-12 11:30:00,5192.0,5196.0,5192.0,5195.5
10157,2024-03-12 11:31:00,5195.05,5198.0,5195.0,5195.95
10158,2024-03-12 11:32:00,5195.0,5195.95,5185.05,5188.15
10159,2024-03-12 11:33:00,5188.25,5188.25,5182.0,5182.05
10160,2024-03-12 11:34:00,5183.55,5184.75,5176.1,5180.0
10161,2024-03-12 11:35:00,5181.75,5181.75,5175.35,5180.6
10162,2024-03-12 11:36:00,5181.05,5181.65,5175.6,5179.15
10163,2024-03-12 11:37:00,5176.95,5179.45,5175.0,5177.0
10164,2024-03-12 11:38:00,5177.05,5179.45,5175.0,5179.45
10165,2024-03-12 11:39:00,5176.9,5180.9,5176.9,5179.75
10166,2024-03-12 11:40:00,5179.2,5185.7,5178.6,5180.55
10167,2024-03-12 11:41:00,5180.65,5184.2,5180.65,5182.05
10168,2024-03-12 11:42:00,5181.35,5187.55,5180.9,5181.0
10169,2024-03-12 11:43:00,5182.65,5186.95,5180.7,5183.2
10170,2024-03-12 11:44:00,5181.25,5186.0,5180.05,5180.15
10171,2024-03-12 11:45:00,5182.55,5182.55,5175.0,5178.45
10172,2024-03-12 11:46:00,5176.4,5181.25,5175.8,5177.7
10173,2024-03-12 11:47:00,5178.55,5178.65,5175.05,5176.5
10174,2024-03-12 11:48:00,5176.55,5182.0,5175.0,5180.55
10175,2024-03-12 11:49:00,5180.6,5181.95,5177.0,5177.0
10176,2024-03-12 11:50:00,5177.05,5179.0,5175.25,5177.0
10177,2024-03-12 11:51:00,5177.05,5177.95,5175.0,5175.45
10178,2024-03-12 11:52:00,5175.5,5177.9,5175.5,5175.65
10179,2024-03-12 11:53:00,5175.85,5176.0,5175.0,5175.3
10180,2024-03-12 11:54:00,5175.6,5178.45,5175.45,5177.8
10181,2024-03-12 11:55:00,5176.1,5177.5,5175.0,5176.7
10182,2024-03-12 11:56:00,5176.0,5176.0,5175.0,5175.0
10183,2024-03-12 11:57:00,5175.05,5176.0,5175.0,5175.0
10184,2024-03-12 11:58:00,5176.75,5176.75,5173.35,5173.35
10185,2024-03-12 11:59:00,5169.95,5172.75,5168.1,5170.0
10186,2024-03-12 12:00:00,5171.95,5175.0,5170.0,5175.0
10187,2024-03-12 12:01:00,5174.25,5175.0,5173.05,5174.0
10188,2024-03-12 12:02:00,5174.8,5176.75,5174.0,5175.0
10189,2024-03-12 12:03:00,5173.0,5175.95,5170.85,5175.0
10190,2024-03-12 12:04:00,5175.05,5175.95,5170.0,5175.0
10191,2024-03-12 12:05:00,5175.9,5177.0,5174.55,5177.0
10192,2024-03-12 12:06:00,5175.75,5177.0,5175.15,5175.4
10193,2024-03-12 12:07:00,5175.45,5177.0,5175.0,5175.0
10194,2024-03-12 12:08:00,5175.3,5179.85,5175.3,5179.85
10195,2024-03-12 12:09:00,5178.0,5184.95,5178.0,5184.95
10196,2024-03-12 12:10:00,5184.05,5184.9,5180.3,5182.3
10197,2024-03-12 12:11:00,5182.6,5188.45,5182.6,5185.8
10198,2024-03-12 12:12:00,5185.6,5188.4,5184.0,5184.05
10199,2024-03-12 12:13:00,5185.0,5188.45,5184.0,5186.3
10200,2024-03-12 12:14:00,5186.35,5189.8,5186.1,5187.0
10201,2024-03-12 12:15:00,5188.75,5190.0,5187.0,5187.0
10202,2024-03-12 12:16:00,5187.95,5189.0,5186.05,5189.0
10203,2024-03-12 12:17:00,5188.95,5196.9,5188.0,5191.3
10204,2024-03-12 12:18:00,5192.0,5196.0,5191.05,5196.0
10205,2024-03-12 12:19:00,5194.5,5203.9,5193.8,5200.0
10206,2024-03-12 12:20:00,5203.05,5205.8,5197.6,5200.0
10207,2024-03-12 12:21:00,5199.65,5201.95,5195.0,5200.0
10208,2024-03-12 12:22:00,5200.8,5201.0,5200.0,5201.0
10209,2024-03-12 12:23:00,5200.0,5201.0,5200.0,5200.0
10210,2024-03-12 12:24:00,5200.95,5203.5,5200.0,5203.5
10211,2024-03-12 12:25:00,5203.0,5207.95,5201.4,5201.4
10212,2024-03-12 12:26:00,5201.8,5207.2,5200.15,5205.0
10213,2024-03-12 12:27:00,5205.2,5208.0,5202.75,5205.0
10214,2024-03-12 12:28:00,5205.8,5211.0,5205.1,5211.0
10215,2024-03-12 12:29:00,5208.75,5216.2,5207.05,5214.25
10216,2024-03-12 12:30:00,5215.35,5215.35,5207.05,5208.3
10217,2024-03-12 12:31:00,5208.6,5215.25,5207.25,5212.95
10218,2024-03-12 12:32:00,5212.9,5212.9,5207.2,5210.0
10219,2024-03-12 12:33:00,5209.95,5210.0,5208.0,5208.45
10220,2024-03-12 12:34:00,5208.05,5212.95,5208.0,5212.35
10221,2024-03-12 12:35:00,5213.75,5213.75,5208.05,5209.4
10222,2024-03-12 12:36:00,5209.45,5211.45,5208.0,5208.55
10223,2024-03-12 12:37:00,5208.05,5212.7,5208.0,5209.0
10224,2024-03-12 12:38:00,5209.05,5211.7,5209.0,5209.1
10225,2024-03-12 12:39:00,5212.35,5212.6,5209.1,5211.0
10226,2024-03-12 12:40:00,5210.05,5211.95,5209.0,5211.95
10227,2024-03-12 12:41:00,5211.9,5211.9,5206.55,5209.0
10228,2024-03-12 12:42:00,5208.05,5208.05,5200.0,5200.4
10229,2024-03-12 12:43:00,5201.15,5203.45,5199.6,5200.5
10230,2024-03-12 12:44:00,5201.5,5204.7,5200.0,5200.0
10231,2024-03-12 12:45:00,5200.05,5204.0,5198.95,5204.0
10232,2024-03-12 12:46:00,5200.65,5205.75,5200.65,5201.7
10233,2024-03-12 12:47:00,5204.35,5204.35,5200.0,5200.0
10234,2024-03-12 12:48:00,5201.2,5203.45,5200.0,5200.55
10235,2024-03-12 12:49:00,5201.0,5202.8,5200.1,5200.5
10236,2024-03-12 12:50:00,5201.05,5201.8,5200.0,5200.25
10237,2024-03-12 12:51:00,5200.1,5202.0,5200.0,5200.85
10238,2024-03-12 12:52:00,5200.75,5204.8,5200.35,5200.6
10239,2024-03-12 12:53:00,5201.85,5203.5,5200.0,5200.0
10240,2024-03-12 12:54:00,5200.85,5202.6,5200.0,5200.0
10241,2024-03-12 12:55:00,5200.85,5203.8,5200.0,5200.35
10242,2024-03-12 12:56:00,5200.1,5203.45,5200.05,5200.15
10243,2024-03-12 12:57:00,5200.45,5202.5,5200.05,5200.05
10244,2024-03-12 12:58:00,5200.15,5202.85,5200.05,5200.05
10245,2024-03-12 12:59:00,5200.5,5201.75,5200.05,5200.45
10246,2024-03-12 13:00:00,5200.4,5203.4,5200.1,5202.15
10247,2024-03-12 13:01:00,5202.95,5204.95,5200.85,5204.95
10248,2024-03-12 13:02:00,5203.4,5204.95,5201.05,5202.05
10249,2024-03-12 13:03:00,5203.1,5204.0,5200.8,5203.0
10250,2024-03-12 13:04:00,5204.1,5204.1,5200.05,5201.8
10251,2024-03-12 13:05:00,5201.95,5201.95,5200.05,5201.1
10252,2024-03-12 13:06:00,5201.95,5203.6,5200.3,5201.05
10253,2024-03-12 13:07:00,5200.3,5204.5,5200.3,5204.45
10254,2024-03-12 13:08:00,5201.0,5204.95,5200.85,5203.25
10255,2024-03-12 13:09:00,5203.0,5203.0,5200.05,5200.35
10256,2024-03-12 13:10:00,5202.75,5205.0,5200.4,5203.0
10257,2024-03-12 13:11:00,5203.05,5209.95,5202.55,5209.95
10258,2024-03-12 13:12:00,5207.5,5210.4,5206.85,5209.75
10259,2024-03-12 13:13:00,5210.15,5210.15,5207.1,5208.0
10260,2024-03-12 13:14:00,5208.05,5208.05,5204.6,5206.0
10261,2024-03-12 13:15:00,5204.2,5207.35,5204.0,5204.0
10262,2024-03-12 13:16:00,5203.5,5205.6,5203.05,5204.05
10263,2024-03-12 13:17:00,5203.65,5205.7,5203.5,5204.25
10264,2024-03-12 13:18:00,5203.8,5208.55,5202.75,5208.55
10265,2024-03-12 13:19:00,5208.0,5209.75,5208.0,5208.9
10266,2024-03-12 13:20:00,5208.0,5208.45,5204.4,5206.95
10267,2024-03-12 13:21:00,5207.15,5210.0,5206.3,5209.8
10268,2024-03-12 13:22:00,5209.85,5210.0,5206.2,5209.7
10269,2024-03-12 13:23:00,5207.1,5211.55,5207.05,5210.05
10270,2024-03-12 13:24:00,5210.0,5211.55,5210.0,5211.0
10271,2024-03-12 13:25:00,5211.25,5213.0,5211.0,5211.1
10272,2024-03-12 13:26:00,5211.15,5213.0,5208.15,5213.0
10273,2024-03-12 13:27:00,5212.2,5214.0,5211.1,5211.1
10274,2024-03-12 13:28:00,5212.45,5214.75,5209.0,5213.5
10275,2024-03-12 13:29:00,5214.7,5215.0,5211.0,5212.25
10276,2024-03-12 13:30:00,5213.65,5214.55,5210.0,5212.4
10277,2024-03-12 13:31:00,5212.45,5215.0,5211.0,5212.1
10278,2024-03-12 13:32:00,5215.0,5219.0,5213.85,5218.15
10279,2024-03-12 13:33:00,5218.55,5219.0,5214.25,5214.25
10280,2024-03-12 13:34:00,5214.2,5216.1,5212.0,5213.3
10281,2024-03-12 13:35:00,5212.0,5217.0,5211.05,5217.0
10282,2024-03-12 13:36:00,5217.05,5217.95,5217.0,5217.1
10283,2024-03-12 13:37:00,5218.0,5219.25,5217.5,5218.5
10284,2024-03-12 13:38:00,5218.0,5219.0,5213.85,5215.3
10285,2024-03-12 13:39:00,5213.95,5216.95,5213.9,5216.35
10286,2024-03-12 13:40:00,5215.6,5216.15,5213.25,5213.7
10287,2024-03-12 13:41:00,5215.0,5216.35,5213.35,5214.85
10288,2024-03-12 13:42:00,5213.95,5216.0,5213.0,5215.9
10289,2024-03-12 13:43:00,5215.0,5215.95,5213.3,5215.0
10290,2024-03-12 13:44:00,5215.45,5216.0,5213.8,5215.05
10291,2024-03-12 13:45:00,5215.0,5216.95,5215.0,5215.95
10292,2024-03-12 13:46:00,5215.65,5216.95,5212.85,5215.8
10293,2024-03-12 13:47:00,5215.35,5215.9,5215.0,5215.05
10294,2024-03-12 13:48:00,5215.1,5216.95,5210.05,5216.95
10295,2024-03-12 13:49:00,5215.55,5216.95,5211.55,5211.55
10296,2024-03-12 13:50:00,5211.95,5215.5,5211.6,5215.0
10297,2024-03-12 13:51:00,5215.45,5216.0,5214.8,5215.6
10298,2024-03-12 13:52:00,5213.85,5216.9,5213.85,5215.0
10299,2024-03-12 13:53:00,5215.45,5216.9,5215.0,5216.9
10300,2024-03-12 13:54:00,5215.95,5216.85,5215.0,5215.0
10301,2024-03-12 13:55:00,5214.1,5215.95,5211.35,5211.9
10302,2024-03-12 13:56:00,5214.4,5214.4,5209.25,5211.0
10303,2024-03-12 13:57:00,5211.1,5213.5,5208.75,5211.0
10304,2024-03-12 13:58:00,5213.0,5214.55,5211.45,5211.5
10305,2024-03-12 13:59:00,5213.0,5215.15,5210.8,5210.8
10306,2024-03-12 14:00:00,5210.85,5213.95,5210.6,5211.65
10307,2024-03-12 14:01:00,5213.7,5216.0,5211.9,5215.15
10308,2024-03-12 14:02:00,5213.75,5216.0,5212.15,5214.3
10309,2024-03-12 14:03:00,5212.45,5213.9,5210.65,5212.5
10310,2024-03-12 14:04:00,5212.8,5212.8,5212.05,5212.05
10311,2024-03-12 14:05:00,5212.1,5213.0,5211.1,5211.65
10312,2024-03-12 14:06:00,5211.25,5213.0,5211.1,5213.0
10313,2024-03-12 14:07:00,5212.3,5214.0,5211.75,5213.0
10314,2024-03-12 14:08:00,5212.4,5215.95,5212.4,5215.25
10315,2024-03-12 14:09:00,5215.0,5217.7,5212.4,5214.15
10316,2024-03-12 14:10:00,5214.6,5216.05,5210.1,5212.2
10317,2024-03-12 14:11:00,5210.9,5213.75,5210.15,5211.6
10318,2024-03-12 14:12:00,5211.65,5212.55,5211.6,5212.05
10319,2024-03-12 14:13:00,5212.1,5212.45,5212.05,5212.25
10320,2024-03-12 14:14:00,5212.3,5212.45,5212.05,5212.1
10321,2024-03-12 14:15:00,5212.15,5212.55,5212.05,5212.1
10322,2024-03-12 14:16:00,5212.05,5212.1,5207.75,5210.05
10323,2024-03-12 14:17:00,5210.0,5210.9,5208.25,5210.9
10324,2024-03-12 14:18:00,5209.75,5211.95,5208.0,5211.85
10325,2024-03-12 14:19:00,5212.25,5214.95,5209.25,5212.45
10326,2024-03-12 14:20:00,5213.8,5215.0,5206.5,5206.5
10327,2024-03-12 14:21:00,5206.55,5207.7,5200.0,5206.85
10328,2024-03-12 14:22:00,5205.2,5207.15,5202.5,5202.5
10329,2024-03-12 14:23:00,5203.0,5206.8,5201.2,5205.55
10330,2024-03-12 14:24:00,5204.8,5206.35,5201.65,5204.5
10331,2024-03-12 14:25:00,5201.15,5206.0,5201.15,5203.55
10332,2024-03-12 14:26:00,5203.65,5207.85,5202.65,5205.1
10333,2024-03-12 14:27:00,5205.3,5211.0,5205.3,5211.0
10334,2024-03-12 14:28:00,5210.0,5210.9,5205.15,5205.2
10335,2024-03-12 14:29:00,5205.05,5207.85,5205.0,5207.85
10336,2024-03-12 14:30:00,5208.45,5209.05,5202.1,5204.7
10337,2024-03-12 14:31:00,5204.75,5206.15,5200.2,5201.95
10338,2024-03-12 14:32:00,5201.35,5203.25,5200.0,5200.0
10339,2024-03-12 14:33:00,5200.05,5201.8,5200.0,5200.0
10340,2024-03-12 14:34:00,5200.05,5203.45,5200.0,5201.0
10341,2024-03-12 14:35:00,5202.65,5205.95,5200.05,5200.05
10342,2024-03-12 14:36:00,5201.2,5202.4,5191.5,5191.85
10343,2024-03-12 14:37:00,5193.35,5199.7,5191.4,5195.15
10344,2024-03-12 14:38:00,5196.3,5197.45,5195.1,5195.8
10345,2024-03-12 14:39:00,5196.65,5202.5,5195.2,5200.0
10346,2024-03-12 14:40:00,5200.3,5200.6,5198.0,5200.05
10347,2024-03-12 14:41:00,5201.1,5203.45,5200.0,5200.0
10348,2024-03-12 14:42:00,5201.9,5201.9,5200.0,5200.0
10349,2024-03-12 14:43:00,5201.35,5201.9,5200.0,5200.0
10350,2024-03-12 14:44:00,5200.8,5205.0,5200.0,5200.8
10351,2024-03-12 14:45:00,5200.75,5203.0,5200.0,5200.0
10352,2024-03-12 14:46:00,5200.05,5201.55,5198.0,5200.05
10353,2024-03-12 14:47:00,5201.0,5201.95,5200.0,5200.0
10354,2024-03-12 14:48:00,5200.05,5200.95,5198.0,5198.1
10355,2024-03-12 14:49:00,5200.0,5200.45,5198.1,5200.45
10356,2024-03-12 14:50:00,5200.0,5201.35,5200.0,5200.0
10357,2024-03-12 14:51:00,5200.3,5201.7,5198.1,5201.7
10358,2024-03-12 14:52:00,5200.0,5201.7,5200.0,5200.0
10359,2024-03-12 14:53:00,5201.45,5201.8,5200.0,5200.0
10360,2024-03-12 14:54:00,5201.0,5201.0,5199.0,5199.0
10361,2024-03-12 14:55:00,5199.05,5202.75,5199.0,5201.0
10362,2024-03-12 14:56:00,5200.1,5201.3,5200.0,5201.0
10363,2024-03-12 14:57:00,5201.05,5201.05,5200.0,5200.0
10364,2024-03-12 14:58:00,5200.25,5201.9,5199.0,5199.0
10365,2024-03-12 14:59:00,5199.05,5201.5,5199.05,5201.0
10366,2024-03-12 15:00:00,5200.05,5209.0,5200.05,5205.45
10367,2024-03-12 15:01:00,5205.5,5206.95,5201.85,5206.2
10368,2024-03-12 15:02:00,5206.85,5207.0,5203.0,5205.4
10369,2024-03-12 15:03:00,5204.3,5208.0,5203.05,5207.6
10370,2024-03-12 15:04:00,5207.55,5210.0,5205.45,5205.8
10371,2024-03-12 15:05:00,5205.75,5207.75,5205.0,5205.0
10372,2024-03-12 15:06:00,5205.05,5208.0,5204.15,5208.0
10373,2024-03-12 15:07:00,5207.8,5209.4,5205.15,5209.2
10374,2024-03-12 15:08:00,5207.3,5210.0,5207.1,5207.1
10375,2024-03-12 15:09:00,5207.3,5208.2,5205.0,5205.65
10376,2024-03-12 15:10:00,5205.55,5208.0,5205.0,5207.2
10377,2024-03-12 15:11:00,5207.1,5208.0,5205.0,5207.55
10378,2024-03-12 15:12:00,5207.5,5207.6,5205.3,5205.8
10379,2024-03-12 15:13:00,5205.0,5207.25,5205.0,5205.25
10380,2024-03-12 15:14:00,5205.3,5205.65,5205.0,5205.6
10381,2024-03-12 15:15:00,5205.65,5207.0,5204.25,5206.85
10382,2024-03-12 15:16:00,5207.3,5208.75,5205.4,5208.75
10383,2024-03-12 15:17:00,5208.5,5210.0,5208.4,5209.75
10384,2024-03-12 15:18:00,5209.65,5209.65,5205.4,5209.25
10385,2024-03-12 15:19:00,5208.2,5215.25,5207.0,5215.0
10386,2024-03-12 15:20:00,5215.65,5215.65,5210.0,5210.15
10387,2024-03-12 15:21:00,5211.0,5215.9,5210.1,5214.05
10388,2024-03-12 15:22:00,5215.05,5215.05,5210.0,5213.5
10389,2024-03-12 15:23:00,5214.7,5214.7,5212.0,5212.7
10390,2024-03-12 15:24:00,5212.05,5213.25,5210.0,5211.9
10391,2024-03-12 15:25:00,5211.1,5212.75,5210.0,5211.15
10392,2024-03-12 15:26:00,5210.25,5212.55,5210.0,5211.05
10393,2024-03-12 15:27:00,5210.0,5212.2,5205.2,5207.4
10394,2024-03-12 15:28:00,5209.4,5214.0,5199.35,5199.4
10395,2024-03-12 15:29:00,5200.0,5215.0,5200.0,5215.0
10396,2024-03-13 09:14:00,5231.75,5231.75,5231.75,5231.75
10397,2024-03-13 09:15:00,5229.8,5230.55,5215.0,5222.05
10398,2024-03-13 09:16:00,5225.0,5250.0,5221.45,5249.85
10399,2024-03-13 09:17:00,5249.6,5268.05,5248.0,5257.0
10400,2024-03-13 09:18:00,5257.9,5259.0,5250.05,5256.2
10401,2024-03-13 09:19:00,5256.15,5257.55,5238.0,5257.55
10402,2024-03-13 09:20:00,5254.95,5273.35,5252.1,5265.05
10403,2024-03-13 09:21:00,5265.0,5267.05,5240.7,5240.7
10404,2024-03-13 09:22:00,5244.25,5254.2,5236.95,5246.2
10405,2024-03-13 09:23:00,5247.05,5258.0,5246.35,5254.55
10406,2024-03-13 09:24:00,5254.95,5256.3,5246.95,5255.0
10407,2024-03-13 09:25:00,5254.7,5263.8,5253.1,5260.0
10408,2024-03-13 09:26:00,5257.0,5269.35,5256.4,5264.5
10409,2024-03-13 09:27:00,5264.0,5264.0,5251.25,5253.8
10410,2024-03-13 09:28:00,5254.25,5257.9,5231.0,5242.2
10411,2024-03-13 09:29:00,5240.0,5242.05,5232.0,5234.3
10412,2024-03-13 09:30:00,5230.55,5234.3,5225.85,5231.6
10413,2024-03-13 09:31:00,5229.95,5237.15,5226.15,5230.0
10414,2024-03-13 09:32:00,5230.8,5234.5,5221.2,5234.5
10415,2024-03-13 09:33:00,5232.4,5237.85,5230.05,5234.05
10416,2024-03-13 09:34:00,5230.8,5239.9,5230.8,5237.3
10417,2024-03-13 09:35:00,5235.2,5235.55,5233.0,5235.5
10418,2024-03-13 09:36:00,5235.4,5235.4,5221.2,5224.85
10419,2024-03-13 09:37:00,5223.9,5229.75,5223.9,5225.3
10420,2024-03-13 09:38:00,5227.95,5230.0,5221.6,5225.9
10421,2024-03-13 09:39:00,5228.55,5234.95,5225.5,5234.4
10422,2024-03-13 09:40:00,5235.0,5242.0,5233.1,5240.85
10423,2024-03-13 09:41:00,5239.2,5248.45,5239.2,5247.05
10424,2024-03-13 09:42:00,5247.6,5252.0,5244.5,5252.0
10425,2024-03-13 09:43:00,5251.15,5253.95,5245.5,5246.15
10426,2024-03-13 09:44:00,5247.15,5249.2,5245.45,5249.0
10427,2024-03-13 09:45:00,5248.5,5251.1,5246.35,5248.55
10428,2024-03-13 09:46:00,5249.75,5249.75,5241.7,5245.8
10429,2024-03-13 09:47:00,5246.05,5252.0,5246.0,5252.0
10430,2024-03-13 09:48:00,5251.0,5251.95,5248.05,5251.3
10431,2024-03-13 09:49:00,5250.8,5258.1,5248.6,5254.7
10432,2024-03-13 09:50:00,5255.85,5259.75,5254.0,5259.65
10433,2024-03-13 09:51:00,5259.9,5259.9,5250.0,5252.65
10434,2024-03-13 09:52:00,5253.65,5254.2,5241.25,5248.9
10435,2024-03-13 09:53:00,5248.85,5248.85,5239.9,5247.3
10436,2024-03-13 09:54:00,5247.95,5249.55,5242.7,5245.2
10437,2024-03-13 09:55:00,5244.15,5245.4,5235.75,5242.4
10438,2024-03-13 09:56:00,5243.1,5245.0,5236.9,5242.95
10439,2024-03-13 09:57:00,5244.8,5250.0,5243.75,5247.45
10440,2024-03-13 09:58:00,5248.15,5248.15,5235.55,5238.05
10441,2024-03-13 09:59:00,5237.0,5240.5,5235.0,5235.0
10442,2024-03-13 10:00:00,5236.6,5236.6,5221.8,5224.15
10443,2024-03-13 10:01:00,5225.0,5225.0,5199.75,5200.0
10444,2024-03-13 10:02:00,5201.5,5204.35,5189.95,5197.35
10445,2024-03-13 10:03:00,5195.8,5203.95,5190.05,5193.35
10446,2024-03-13 10:04:00,5195.25,5200.35,5190.85,5200.0
10447,2024-03-13 10:05:00,5195.3,5203.3,5195.3,5200.15
10448,2024-03-13 10:06:00,5202.0,5210.85,5200.0,5210.85
10449,2024-03-13 10:07:00,5209.3,5221.1,5209.3,5219.55
10450,2024-03-13 10:08:00,5219.6,5224.45,5218.05,5224.45
10451,2024-03-13 10:09:00,5226.45,5227.5,5213.5,5215.0
10452,2024-03-13 10:10:00,5217.35,5219.65,5214.05,5217.2
10453,2024-03-13 10:11:00,5219.95,5231.75,5219.95,5230.0
10454,2024-03-13 10:12:00,5228.55,5232.0,5225.0,5228.95
10455,2024-03-13 10:13:00,5230.0,5231.35,5225.75,5228.55
10456,2024-03-13 10:14:00,5230.85,5234.5,5226.45,5234.5
10457,2024-03-13 10:15:00,5232.85,5233.3,5218.75,5221.6
10458,2024-03-13 10:16:00,5222.25,5231.2,5220.05,5227.8
10459,2024-03-13 10:17:00,5231.0,5234.7,5227.25,5234.7
10460,2024-03-13 10:18:00,5234.65,5234.9,5229.8,5230.8
10461,2024-03-13 10:19:00,5232.0,5235.95,5227.6,5234.7
10462,2024-03-13 10:20:00,5233.7,5236.5,5230.85,5231.2
10463,2024-03-13 10:21:00,5232.35,5239.25,5231.7,5232.75
10464,2024-03-13 10:22:00,5232.45,5237.8,5231.75,5236.5
10465,2024-03-13 10:23:00,5237.8,5239.8,5234.75,5239.0
10466,2024-03-13 10:24:00,5238.15,5239.25,5235.8,5237.8
10467,2024-03-13 10:25:00,5238.65,5239.45,5235.85,5238.3
10468,2024-03-13 10:26:00,5237.3,5239.8,5230.65,5232.05
10469,2024-03-13 10:27:00,5234.45,5235.0,5231.05,5233.25
10470,2024-03-13 10:28:00,5234.95,5236.6,5232.3,5235.95
10471,2024-03-13 10:29:00,5235.75,5239.0,5233.9,5236.35
10472,2024-03-13 10:30:00,5238.0,5239.45,5235.0,5235.0
10473,2024-03-13 10:31:00,5236.95,5236.95,5225.9,5227.75
10474,2024-03-13 10:32:00,5225.3,5232.4,5225.0,5229.9
10475,2024-03-13 10:33:00,5232.75,5235.0,5228.2,5228.2
10476,2024-03-13 10:34:00,5230.0,5234.55,5228.35,5231.1
10477,2024-03-13 10:35:00,5230.25,5236.9,5230.1,5231.55
10478,2024-03-13 10:36:00,5233.4,5236.0,5231.2,5231.2
10479,2024-03-13 10:37:00,5231.35,5234.45,5230.0,5234.0
10480,2024-03-13 10:38:00,5231.05,5233.0,5226.8,5232.1
10481,2024-03-13 10:39:00,5228.7,5234.0,5227.0,5227.05
10482,2024-03-13 10:40:00,5227.35,5232.4,5227.35,5232.4
10483,2024-03-13 10:41:00,5230.1,5232.85,5227.6,5230.0
10484,2024-03-13 10:42:00,5230.5,5234.35,5230.1,5230.85
10485,2024-03-13 10:43:00,5231.3,5233.9,5229.95,5233.9
10486,2024-03-13 10:44:00,5231.05,5233.9,5231.05,5233.45
10487,2024-03-13 10:45:00,5233.0,5233.55,5228.0,5228.05
10488,2024-03-13 10:46:00,5230.4,5230.45,5217.5,5219.9
10489,2024-03-13 10:47:00,5222.95,5225.0,5220.45,5223.8
10490,2024-03-13 10:48:00,5221.2,5222.95,5217.05,5220.9
10491,2024-03-13 10:49:00,5217.65,5220.8,5214.95,5216.05
10492,2024-03-13 10:50:00,5216.1,5221.0,5215.25,5218.2
10493,2024-03-13 10:51:00,5216.35,5220.25,5214.0,5215.95
10494,2024-03-13 10:52:00,5219.35,5219.4,5211.05,5211.3
10495,2024-03-13 10:53:00,5214.2,5215.4,5211.35,5215.4
10496,2024-03-13 10:54:00,5215.05,5219.85,5215.05,5219.8
10497,2024-03-13 10:55:00,5218.0,5218.0,5212.05,5215.05
10498,2024-03-13 10:56:00,5216.65,5216.8,5209.2,5212.1
10499,2024-03-13 10:57:00,5212.3,5220.0,5209.55,5218.8
10500,2024-03-13 10:58:00,5217.75,5221.8,5216.85,5220.55
10501,2024-03-13 10:59:00,5217.6,5221.95,5217.15,5217.15
10502,2024-03-13 11:00:00,5215.65,5219.95,5215.65,5216.45
10503,2024-03-13 11:01:00,5215.65,5218.4,5213.05,5216.4
10504,2024-03-13 11:02:00,5216.0,5218.95,5216.0,5216.0
10505,2024-03-13 11:03:00,5217.55,5218.4,5215.95,5215.95
10506,2024-03-13 11:04:00,5215.65,5215.65,5207.55,5208.1
10507,2024-03-13 11:05:00,5208.8,5210.0,5202.0,5202.0
10508,2024-03-13 11:06:00,5200.55,5204.8,5199.0,5200.65
10509,2024-03-13 11:07:00,5200.7,5203.8,5197.75,5198.95
10510,2024-03-13 11:08:00,5200.95,5208.0,5197.6,5205.2
10511,2024-03-13 11:09:00,5205.05,5208.4,5202.3,5205.0
10512,2024-03-13 11:10:00,5207.15,5207.15,5198.0,5200.45
10513,2024-03-13 11:11:00,5199.8,5200.05,5197.0,5197.15
10514,2024-03-13 11:12:00,5197.2,5199.9,5196.3,5196.35
10515,2024-03-13 11:13:00,5199.9,5199.9,5194.0,5194.0
10516,2024-03-13 11:14:00,5194.8,5196.55,5190.2,5195.45
10517,2024-03-13 11:15:00,5196.65,5201.1,5194.0,5194.3
10518,2024-03-13 11:16:00,5195.35,5200.3,5194.2,5200.3
10519,2024-03-13 11:17:00,5198.9,5201.15,5195.45,5196.8
10520,2024-03-13 11:18:00,5195.2,5200.0,5195.1,5198.1
10521,2024-03-13 11:19:00,5199.0,5200.0,5196.25,5200.0
10522,2024-03-13 11:20:00,5199.5,5206.25,5198.65,5202.15
10523,2024-03-13 11:21:00,5202.05,5205.35,5200.15,5200.65
10524,2024-03-13 11:22:00,5200.6,5204.7,5199.65,5199.65
10525,2024-03-13 11:23:00,5198.0,5199.6,5195.0,5195.0
10526,2024-03-13 11:24:00,5195.9,5198.75,5195.0,5195.0
10527,2024-03-13 11:25:00,5195.85,5198.85,5195.0,5196.45
10528,2024-03-13 11:26:00,5195.7,5198.85,5195.0,5196.9
10529,2024-03-13 11:27:00,5197.8,5203.95,5197.1,5199.9
10530,2024-03-13 11:28:00,5196.15,5200.55,5196.15,5198.1
10531,2024-03-13 11:29:00,5198.0,5200.85,5197.05,5197.05
10532,2024-03-13 11:30:00,5198.0,5199.1,5185.7,5185.7
10533,2024-03-13 11:31:00,5185.35,5188.35,5181.35,5186.2
10534,2024-03-13 11:32:00,5183.2,5185.65,5181.7,5184.95
10535,2024-03-13 11:33:00,5184.9,5188.0,5184.2,5187.85
10536,2024-03-13 11:34:00,5187.9,5195.1,5187.6,5192.65
10537,2024-03-13 11:35:00,5191.75,5197.05,5189.8,5197.05
10538,2024-03-13 11:36:00,5193.6,5200.0,5193.6,5199.9
10539,2024-03-13 11:37:00,5195.05,5199.95,5193.8,5199.5
10540,2024-03-13 11:38:00,5197.65,5204.0,5196.35,5198.95
10541,2024-03-13 11:39:00,5196.85,5199.3,5194.5,5194.5
10542,2024-03-13 11:40:00,5193.0,5195.45,5190.0,5192.85
10543,2024-03-13 11:41:00,5192.55,5199.95,5191.55,5194.75
10544,2024-03-13 11:42:00,5194.4,5200.0,5192.75,5196.05
10545,2024-03-13 11:43:00,5196.8,5198.0,5193.65,5195.05
10546,2024-03-13 11:44:00,5195.95,5198.0,5195.05,5196.0
10547,2024-03-13 11:45:00,5195.1,5201.8,5195.05,5199.1
10548,2024-03-13 11:46:00,5197.75,5201.55,5195.0,5198.65
10549,2024-03-13 11:47:00,5197.85,5205.9,5197.8,5199.65
10550,2024-03-13 11:48:00,5203.8,5203.8,5199.05,5200.0
10551,2024-03-13 11:49:00,5199.05,5202.0,5199.05,5199.85
10552,2024-03-13 11:50:00,5200.35,5205.0,5199.1,5199.35
10553,2024-03-13 11:51:00,5201.15,5201.15,5195.0,5195.05
10554,2024-03-13 11:52:00,5195.0,5197.4,5194.65,5195.0
10555,2024-03-13 11:53:00,5196.0,5202.0,5195.0,5198.6
10556,2024-03-13 11:54:00,5199.25,5200.0,5195.15,5197.35
10557,2024-03-13 11:55:00,5198.6,5200.0,5195.65,5196.6
10558,2024-03-13 11:56:00,5196.0,5200.0,5195.15,5196.2
10559,2024-03-13 11:57:00,5195.35,5197.3,5194.1,5194.85
10560,2024-03-13 11:58:00,5195.2,5198.95,5194.1,5197.45
10561,2024-03-13 11:59:00,5196.4,5199.95,5195.85,5198.1
10562,2024-03-13 12:00:00,5198.5,5203.3,5195.0,5202.0
10563,2024-03-13 12:01:00,5199.55,5201.85,5197.0,5197.95
10564,2024-03-13 12:02:00,5197.6,5203.0,5197.6,5200.0
10565,2024-03-13 12:03:00,5199.9,5202.95,5198.75,5199.95
10566,2024-03-13 12:04:00,5200.1,5200.1,5195.7,5195.8
10567,2024-03-13 12:05:00,5196.0,5198.0,5195.0,5196.2
10568,2024-03-13 12:06:00,5195.95,5198.0,5195.0,5195.95
10569,2024-03-13 12:07:00,5198.0,5202.55,5197.0,5197.85
10570,2024-03-13 12:08:00,5198.85,5202.9,5197.3,5197.4
10571,2024-03-13 12:09:00,5198.6,5203.85,5197.35,5203.45
10572,2024-03-13 12:10:00,5201.3,5209.45,5200.4,5206.65
10573,2024-03-13 12:11:00,5207.15,5209.75,5200.0,5200.0
10574,2024-03-13 12:12:00,5197.5,5199.9,5195.0,5195.05
10575,2024-03-13 12:13:00,5195.95,5200.0,5195.05,5197.9
10576,2024-03-13 12:14:00,5198.85,5199.0,5194.1,5194.1
10577,2024-03-13 12:15:00,5195.95,5196.55,5193.85,5195.95
10578,2024-03-13 12:16:00,5195.0,5195.95,5190.0,5191.4
10579,2024-03-13 12:17:00,5190.1,5194.45,5190.0,5192.1
10580,2024-03-13 12:18:00,5191.15,5193.85,5191.15,5192.05
10581,2024-03-13 12:19:00,5192.45,5197.35,5190.0,5190.85
10582,2024-03-13 12:20:00,5190.75,5190.75,5184.0,5187.8
10583,2024-03-13 12:21:00,5187.65,5191.85,5184.0,5187.2
10584,2024-03-13 12:22:00,5188.15,5189.95,5175.0,5175.0
10585,2024-03-13 12:23:00,5175.2,5180.0,5169.6,5179.05
10586,2024-03-13 12:24:00,5178.0,5178.0,5171.35,5174.8
10587,2024-03-13 12:25:00,5171.05,5180.0,5171.0,5176.45
10588,2024-03-13 12:26:00,5176.7,5188.45,5176.7,5184.35
10589,2024-03-13 12:27:00,5187.0,5189.95,5185.2,5187.25
10590,2024-03-13 12:28:00,5185.95,5189.95,5185.3,5187.4
10591,2024-03-13 12:29:00,5188.5,5189.75,5185.3,5187.15
10592,2024-03-13 12:30:00,5186.95,5192.85,5186.95,5189.8
10593,2024-03-13 12:31:00,5190.9,5192.65,5185.3,5185.3
10594,2024-03-13 12:32:00,5185.0,5188.0,5179.55,5184.4
10595,2024-03-13 12:33:00,5185.2,5192.9,5184.4,5190.4
10596,2024-03-13 12:34:00,5190.9,5194.45,5188.6,5190.0
10597,2024-03-13 12:35:00,5191.3,5192.15,5182.45,5183.2
10598,2024-03-13 12:36:00,5193.0,5197.05,5186.75,5195.05
10599,2024-03-13 12:37:00,5195.0,5197.0,5195.0,5196.65
10600,2024-03-13 12:38:00,5198.4,5199.9,5196.5,5196.5
10601,2024-03-13 12:39:00,5197.7,5199.9,5196.25,5198.1
10602,2024-03-13 12:40:00,5198.0,5199.9,5195.05,5197.05
10603,2024-03-13 12:41:00,5197.1,5199.75,5195.55,5197.35
10604,2024-03-13 12:42:00,5198.35,5204.95,5197.35,5201.35
10605,2024-03-13 12:43:00,5200.85,5202.45,5195.0,5197.55
10606,2024-03-13 12:44:00,5198.3,5200.0,5195.15,5197.25
10607,2024-03-13 12:45:00,5198.2,5199.95,5195.05,5196.75
10608,2024-03-13 12:46:00,5196.8,5200.0,5195.25,5198.25
10609,2024-03-13 12:47:00,5199.05,5200.0,5195.25,5197.75
10610,2024-03-13 12:48:00,5197.7,5199.8,5195.45,5196.4
10611,2024-03-13 12:49:00,5197.65,5199.75,5195.05,5197.6
10612,2024-03-13 12:50:00,5198.5,5199.65,5196.05,5196.25
10613,2024-03-13 12:51:00,5196.95,5199.4,5195.0,5195.55
10614,2024-03-13 12:52:00,5198.95,5198.95,5195.0,5195.25
10615,2024-03-13 12:53:00,5198.0,5198.75,5195.25,5195.8
10616,2024-03-13 12:54:00,5197.2,5200.0,5196.1,5199.4
10617,2024-03-13 12:55:00,5198.5,5205.0,5196.55,5202.8
10618,2024-03-13 12:56:00,5203.8,5204.3,5200.0,5200.0
10619,2024-03-13 12:57:00,5201.95,5203.95,5198.5,5201.45
10620,2024-03-13 12:58:00,5201.5,5204.25,5199.4,5200.3
10621,2024-03-13 12:59:00,5199.7,5204.5,5198.25,5202.2
10622,2024-03-13 13:00:00,5204.9,5204.9,5200.05,5201.0
10623,2024-03-13 13:01:00,5203.55,5203.55,5196.1,5196.7
10624,2024-03-13 13:02:00,5196.45,5201.55,5195.0,5195.25
10625,2024-03-13 13:03:00,5195.5,5198.6,5195.3,5196.5
10626,2024-03-13 13:04:00,5197.5,5198.65,5195.05,5196.05
10627,2024-03-13 13:05:00,5197.05,5204.5,5196.1,5201.6
10628,2024-03-13 13:06:00,5201.45,5205.65,5201.45,5203.0
10629,2024-03-13 13:07:00,5203.95,5206.3,5202.75,5202.8
10630,2024-03-13 13:08:00,5202.9,5205.5,5202.45,5203.15
10631,2024-03-13 13:09:00,5203.05,5205.5,5202.95,5203.0
10632,2024-03-13 13:10:00,5202.95,5204.9,5202.0,5203.0
10633,2024-03-13 13:11:00,5202.9,5206.0,5200.9,5201.6
10634,2024-03-13 13:12:00,5201.7,5204.55,5195.45,5196.75
10635,2024-03-13 13:13:00,5196.7,5199.5,5196.0,5197.7
10636,2024-03-13 13:14:00,5196.05,5201.4,5195.15,5201.3
10637,2024-03-13 13:15:00,5200.0,5201.2,5192.75,5192.8
10638,2024-03-13 13:16:00,5192.7,5196.6,5192.7,5195.0
10639,2024-03-13 13:17:00,5196.65,5197.05,5195.0,5195.0
10640,2024-03-13 13:18:00,5195.35,5196.65,5195.0,5195.0
10641,2024-03-13 13:19:00,5196.6,5196.6,5195.0,5195.1
10642,2024-03-13 13:20:00,5195.0,5196.55,5195.0,5195.0
10643,2024-03-13 13:21:00,5195.5,5196.1,5190.05,5195.0
10644,2024-03-13 13:22:00,5192.7,5193.7,5192.45,5192.8
10645,2024-03-13 13:23:00,5191.65,5196.05,5190.4,5196.05
10646,2024-03-13 13:24:00,5195.3,5195.75,5192.8,5195.05
10647,2024-03-13 13:25:00,5193.85,5195.0,5192.8,5193.35
10648,2024-03-13 13:26:00,5192.85,5197.85,5192.85,5197.35
10649,2024-03-13 13:27:00,5197.1,5199.0,5195.6,5196.4
10650,2024-03-13 13:28:00,5196.15,5198.95,5195.05,5195.05
10651,2024-03-13 13:29:00,5196.4,5206.05,5195.9,5204.0
10652,2024-03-13 13:30:00,5205.7,5206.0,5200.75,5201.75
10653,2024-03-13 13:31:00,5200.75,5207.35,5200.75,5204.1
10654,2024-03-13 13:32:00,5204.15,5206.1,5200.3,5202.25
10655,2024-03-13 13:33:00,5201.8,5205.2,5196.3,5197.5
10656,2024-03-13 13:34:00,5199.95,5201.85,5195.85,5196.9
10657,2024-03-13 13:35:00,5196.4,5200.0,5195.0,5195.0
10658,2024-03-13 13:36:00,5194.5,5199.3,5194.5,5197.45
10659,2024-03-13 13:37:00,5196.1,5197.5,5194.5,5195.7
10660,2024-03-13 13:38:00,5197.35,5199.9,5195.0,5195.95
10661,2024-03-13 13:39:00,5195.65,5199.4,5195.05,5195.6
10662,2024-03-13 13:40:00,5195.7,5198.45,5195.1,5195.2
10663,2024-03-13 13:41:00,5198.15,5198.65,5194.5,5195.15
10664,2024-03-13 13:42:00,5195.0,5196.9,5195.0,5195.0
10665,2024-03-13 13:43:00,5196.25,5199.0,5195.0,5197.1
10666,2024-03-13 13:44:00,5197.6,5198.45,5195.0,5195.05
10667,2024-03-13 13:45:00,5198.55,5198.55,5195.0,5195.0
10668,2024-03-13 13:46:00,5196.45,5196.45,5194.0,5195.0
10669,2024-03-13 13:47:00,5196.0,5196.0,5194.0,5194.0
10670,2024-03-13 13:48:00,5193.9,5194.2,5191.65,5193.0
10671,2024-03-13 13:49:00,5193.8,5194.7,5191.4,5192.25
10672,2024-03-13 13:50:00,5191.0,5193.9,5190.05,5190.05
10673,2024-03-13 13:51:00,5192.0,5192.0,5185.0,5185.65
10674,2024-03-13 13:52:00,5187.95,5191.8,5185.65,5185.65
10675,2024-03-13 13:53:00,5185.0,5185.55,5177.85,5180.0
10676,2024-03-13 13:54:00,5182.9,5182.9,5179.2,5181.05
10677,2024-03-13 13:55:00,5182.0,5185.0,5180.0,5184.95
10678,2024-03-13 13:56:00,5185.0,5185.0,5181.4,5182.4
10679,2024-03-13 13:57:00,5185.0,5189.75,5182.65,5183.35
10680,2024-03-13 13:58:00,5186.45,5194.4,5184.2,5193.8
10681,2024-03-13 13:59:00,5195.0,5198.85,5191.75,5194.1
10682,2024-03-13 14:00:00,5194.05,5198.75,5193.25,5194.3
10683,2024-03-13 14:01:00,5194.05,5196.75,5190.35,5192.6
10684,2024-03-13 14:02:00,5191.85,5197.9,5191.85,5195.85
10685,2024-03-13 14:03:00,5195.5,5198.75,5193.85,5197.15
10686,2024-03-13 14:04:00,5200.0,5203.45,5197.1,5198.65
10687,2024-03-13 14:05:00,5201.55,5201.55,5196.15,5198.0
10688,2024-03-13 14:06:00,5196.55,5204.1,5196.55,5198.9
10689,2024-03-13 14:07:00,5197.65,5200.0,5197.65,5197.8
10690,2024-03-13 14:08:00,5197.7,5200.0,5195.0,5195.85
10691,2024-03-13 14:09:00,5199.05,5199.9,5195.15,5196.5
10692,2024-03-13 14:10:00,5196.4,5199.1,5195.0,5195.0
10693,2024-03-13 14:11:00,5196.85,5197.95,5195.0,5195.0
10694,2024-03-13 14:12:00,5195.55,5195.55,5186.3,5193.75
10695,2024-03-13 14:13:00,5193.85,5195.7,5184.5,5184.5
10696,2024-03-13 14:14:00,5183.3,5188.25,5179.65,5179.65
10697,2024-03-13 14:15:00,5187.45,5196.9,5185.05,5194.45
10698,2024-03-13 14:16:00,5191.05,5196.0,5190.0,5192.0
10699,2024-03-13 14:17:00,5192.25,5193.6,5191.0,5193.55
10700,2024-03-13 14:18:00,5194.9,5195.0,5191.0,5193.0
10701,2024-03-13 14:19:00,5193.7,5199.25,5193.0,5196.6
10702,2024-03-13 14:20:00,5196.75,5199.4,5195.05,5197.75
10703,2024-03-13 14:21:00,5198.8,5199.0,5196.1,5198.15
10704,2024-03-13 14:22:00,5196.8,5198.75,5196.1,5196.3
10705,2024-03-13 14:23:00,5196.1,5198.0,5195.0,5196.75
10706,2024-03-13 14:24:00,5197.9,5197.9,5195.0,5196.9
10707,2024-03-13 14:25:00,5197.2,5200.45,5196.4,5200.45
10708,2024-03-13 14:26:00,5202.0,5202.9,5195.0,5195.0
10709,2024-03-13 14:27:00,5195.5,5195.9,5194.9,5195.0
10710,2024-03-13 14:28:00,5195.5,5195.5,5195.0,5195.1
10711,2024-03-13 14:29:00,5195.0,5195.1,5195.0,5195.0
10712,2024-03-13 14:30:00,5195.1,5197.6,5194.05,5195.0
10713,2024-03-13 14:31:00,5195.05,5195.7,5195.0,5195.0
10714,2024-03-13 14:32:00,5195.35,5195.35,5180.0,5180.0
10715,2024-03-13 14:33:00,5179.85,5184.65,5173.0,5173.05
10716,2024-03-13 14:34:00,5173.55,5187.45,5170.7,5185.25
10717,2024-03-13 14:35:00,5185.1,5189.5,5185.0,5185.0
10718,2024-03-13 14:36:00,5185.05,5185.05,5172.75,5176.45
10719,2024-03-13 14:37:00,5178.0,5179.55,5174.0,5178.0
10720,2024-03-13 14:38:00,5178.75,5181.55,5178.0,5180.9
10721,2024-03-13 14:39:00,5180.15,5185.05,5180.0,5183.4
10722,2024-03-13 14:40:00,5185.05,5185.05,5180.0,5180.0
10723,2024-03-13 14:41:00,5181.55,5181.55,5180.0,5180.0
10724,2024-03-13 14:42:00,5180.25,5183.95,5180.0,5181.7
10725,2024-03-13 14:43:00,5181.6,5183.4,5180.0,5180.0
10726,2024-03-13 14:44:00,5180.45,5182.0,5180.0,5180.0
10727,2024-03-13 14:45:00,5180.5,5182.3,5180.0,5180.0
10728,2024-03-13 14:46:00,5180.5,5182.0,5180.0,5181.15
10729,2024-03-13 14:47:00,5182.3,5192.0,5182.3,5189.6
10730,2024-03-13 14:48:00,5191.95,5194.8,5184.6,5187.95
10731,2024-03-13 14:49:00,5188.95,5189.4,5183.45,5187.15
10732,2024-03-13 14:50:00,5186.7,5189.6,5184.0,5187.7
10733,2024-03-13 14:51:00,5186.15,5188.7,5184.15,5184.15
10734,2024-03-13 14:52:00,5184.05,5187.35,5184.0,5184.6
10735,2024-03-13 14:53:00,5184.35,5187.0,5184.0,5184.0
10736,2024-03-13 14:54:00,5186.1,5186.1,5180.55,5181.1
10737,2024-03-13 14:55:00,5180.45,5183.65,5180.0,5180.05
10738,2024-03-13 14:56:00,5183.0,5186.2,5180.95,5181.45
10739,2024-03-13 14:57:00,5183.85,5183.9,5180.1,5180.1
10740,2024-03-13 14:58:00,5181.0,5184.3,5180.1,5183.35
10741,2024-03-13 14:59:00,5181.55,5185.35,5181.2,5185.0
10742,2024-03-13 15:00:00,5188.45,5199.8,5185.75,5198.9
10743,2024-03-13 15:01:00,5199.0,5203.0,5193.8,5202.8
10744,2024-03-13 15:02:00,5202.95,5202.95,5193.05,5195.2
10745,2024-03-13 15:03:00,5198.5,5206.7,5195.05,5203.25
10746,2024-03-13 15:04:00,5205.35,5205.35,5200.0,5203.35
10747,2024-03-13 15:05:00,5204.45,5209.9,5202.5,5208.45
10748,2024-03-13 15:06:00,5209.05,5210.35,5205.0,5206.55
10749,2024-03-13 15:07:00,5207.5,5211.85,5207.35,5211.4
10750,2024-03-13 15:08:00,5211.45,5214.0,5208.5,5210.0
10751,2024-03-13 15:09:00,5209.55,5216.15,5209.45,5216.15
10752,2024-03-13 15:10:00,5215.0,5216.0,5210.8,5212.5
10753,2024-03-13 15:11:00,5213.6,5213.65,5205.0,5205.35
10754,2024-03-13 15:12:00,5205.6,5208.15,5202.75,5202.75
10755,2024-03-13 15:13:00,5200.8,5204.0,5196.7,5197.7
10756,2024-03-13 15:14:00,5196.85,5200.4,5196.85,5198.35
10757,2024-03-13 15:15:00,5197.0,5200.0,5195.0,5199.15
10758,2024-03-13 15:16:00,5199.05,5199.05,5191.55,5195.5
10759,2024-03-13 15:17:00,5195.1,5202.3,5195.1,5199.1
10760,2024-03-13 15:18:00,5197.55,5197.55,5192.85,5193.7
10761,2024-03-13 15:19:00,5193.55,5193.55,5184.65,5185.0
10762,2024-03-13 15:20:00,5184.65,5184.75,5173.95,5173.95
10763,2024-03-13 15:21:00,5175.0,5179.0,5174.35,5178.7
10764,2024-03-13 15:22:00,5178.4,5178.65,5175.05,5175.1
10765,2024-03-13 15:23:00,5174.65,5174.75,5171.0,5171.45
10766,2024-03-13 15:24:00,5171.8,5171.8,5169.9,5170.0
10767,2024-03-13 15:25:00,5169.0,5169.9,5161.9,5161.9
10768,2024-03-13 15:26:00,5161.85,5172.0,5160.4,5171.95
10769,2024-03-13 15:27:00,5171.65,5174.4,5161.85,5173.6
10770,2024-03-13 15:28:00,5171.7,5178.0,5165.95,5167.0
10771,2024-03-13 15:29:00,5171.85,5177.0,5162.0,5176.95
10772,2024-03-14 09:14:00,5184.95,5184.95,5184.95,5184.95
10773,2024-03-14 09:15:00,5177.1,5177.1,5138.15,5143.0
10774,2024-03-14 09:16:00,5141.65,5143.0,5129.45,5135.65
10775,2024-03-14 09:17:00,5134.85,5145.4,5131.65,5138.0
10776,2024-03-14 09:18:00,5139.0,5139.8,5116.95,5119.65
10777,2024-03-14 09:19:00,5122.1,5135.0,5112.8,5131.65
10778,2024-03-14 09:20:00,5134.15,5147.05,5128.65,5134.15
10779,2024-03-14 09:21:00,5134.2,5138.0,5126.0,5126.0
10780,2024-03-14 09:22:00,5125.0,5128.4,5116.8,5128.25
10781,2024-03-14 09:23:00,5126.3,5128.45,5118.25,5120.45
10782,2024-03-14 09:24:00,5119.55,5140.0,5117.0,5135.95
10783,2024-03-14 09:25:00,5136.75,5144.95,5133.35,5141.8
10784,2024-03-14 09:26:00,5139.05,5155.45,5139.05,5147.1
10785,2024-03-14 09:27:00,5150.1,5153.45,5146.05,5152.0
10786,2024-03-14 09:28:00,5148.65,5150.8,5140.55,5141.4
10787,2024-03-14 09:29:00,5144.8,5154.1,5140.1,5151.65
10788,2024-03-14 09:30:00,5153.85,5153.85,5143.6,5147.45
10789,2024-03-14 09:31:00,5144.55,5149.55,5140.45,5149.5
10790,2024-03-14 09:32:00,5150.0,5150.7,5134.55,5135.05
10791,2024-03-14 09:33:00,5138.8,5151.55,5132.05,5150.45
10792,2024-03-14 09:34:00,5149.75,5159.55,5143.95,5158.85
10793,2024-03-14 09:35:00,5162.4,5162.4,5151.35,5159.95
10794,2024-03-14 09:36:00,5158.0,5160.0,5146.55,5158.0
10795,2024-03-14 09:37:00,5157.0,5159.85,5150.65,5156.25
10796,2024-03-14 09:38:00,5156.7,5157.8,5146.0,5147.75
10797,2024-03-14 09:39:00,5148.1,5149.25,5140.0,5143.0
10798,2024-03-14 09:40:00,5144.0,5153.2,5142.55,5143.35
10799,2024-03-14 09:41:00,5144.55,5144.55,5133.05,5136.3
10800,2024-03-14 09:42:00,5133.25,5139.55,5121.1,5121.1
10801,2024-03-14 09:43:00,5122.9,5124.7,5115.05,5118.0
10802,2024-03-14 09:44:00,5116.1,5125.65,5116.1,5124.75
10803,2024-03-14 09:45:00,5124.8,5129.85,5120.65,5125.05
10804,2024-03-14 09:46:00,5126.85,5127.25,5118.55,5125.3
10805,2024-03-14 09:47:00,5125.25,5129.75,5120.2,5129.7
10806,2024-03-14 09:48:00,5130.0,5131.25,5124.35,5128.1
10807,2024-03-14 09:49:00,5124.9,5129.8,5121.65,5125.65
10808,2024-03-14 09:50:00,5127.85,5127.85,5121.25,5125.4
10809,2024-03-14 09:51:00,5122.1,5128.15,5121.25,5122.2
10810,2024-03-14 09:52:00,5121.15,5124.25,5120.0,5123.2
10811,2024-03-14 09:53:00,5122.0,5132.6,5121.5,5125.05
10812,2024-03-14 09:54:00,5125.1,5133.45,5125.0,5129.0
10813,2024-03-14 09:55:00,5130.35,5139.9,5127.05,5132.0
10814,2024-03-14 09:56:00,5134.15,5137.4,5132.05,5136.05
10815,2024-03-14 09:57:00,5137.4,5149.5,5137.05,5145.0
10816,2024-03-14 09:58:00,5144.55,5146.1,5140.2,5140.9
10817,2024-03-14 09:59:00,5140.15,5145.0,5140.15,5142.3
10818,2024-03-14 10:00:00,5142.35,5149.0,5142.0,5142.3
10819,2024-03-14 10:01:00,5144.4,5147.0,5142.0,5146.0
10820,2024-03-14 10:02:00,5145.95,5149.95,5143.55,5145.05
10821,2024-03-14 10:03:00,5146.2,5148.9,5145.5,5146.15
10822,2024-03-14 10:04:00,5147.25,5147.25,5145.0,5145.5
10823,2024-03-14 10:05:00,5145.1,5151.55,5145.0,5148.35
10824,2024-03-14 10:06:00,5149.45,5158.0,5148.85,5156.1
10825,2024-03-14 10:07:00,5155.95,5160.0,5152.1,5153.45
10826,2024-03-14 10:08:00,5154.8,5158.3,5153.7,5156.05
10827,2024-03-14 10:09:00,5154.2,5158.6,5153.7,5154.3
10828,2024-03-14 10:10:00,5156.85,5156.85,5145.0,5150.85
10829,2024-03-14 10:11:00,5153.85,5157.55,5150.2,5152.1
10830,2024-03-14 10:12:00,5152.9,5157.0,5150.8,5151.9
10831,2024-03-14 10:13:00,5154.75,5155.0,5150.15,5152.5
10832,2024-03-14 10:14:00,5153.65,5159.35,5152.1,5153.4
10833,2024-03-14 10:15:00,5156.3,5158.3,5151.0,5151.0
10834,2024-03-14 10:16:00,5151.2,5153.7,5150.0,5150.0
10835,2024-03-14 10:17:00,5150.5,5155.85,5150.0,5150.6
10836,2024-03-14 10:18:00,5151.5,5155.85,5150.0,5151.8
10837,2024-03-14 10:19:00,5154.35,5155.0,5151.05,5152.5
10838,2024-03-14 10:20:00,5151.1,5155.6,5150.05,5150.3
10839,2024-03-14 10:21:00,5152.1,5152.1,5150.0,5150.05
10840,2024-03-14 10:22:00,5150.1,5154.1,5150.0,5150.0
10841,2024-03-14 10:23:00,5151.35,5153.9,5150.0,5150.1
10842,2024-03-14 10:24:00,5150.0,5155.45,5150.0,5151.8
10843,2024-03-14 10:25:00,5150.15,5152.2,5150.0,5150.0
10844,2024-03-14 10:26:00,5150.05,5150.9,5150.0,5150.3
10845,2024-03-14 10:27:00,5150.0,5151.0,5150.0,5151.0
10846,2024-03-14 10:28:00,5152.55,5152.55,5150.0,5150.0
10847,2024-03-14 10:29:00,5152.95,5153.65,5150.0,5152.2
10848,2024-03-14 10:30:00,5152.4,5154.8,5150.1,5154.2
10849,2024-03-14 10:31:00,5154.3,5154.45,5150.05,5150.25
10850,2024-03-14 10:32:00,5150.05,5153.25,5150.0,5152.15
10851,2024-03-14 10:33:00,5154.95,5159.95,5153.15,5157.1
10852,2024-03-14 10:34:00,5155.35,5165.0,5154.3,5157.6
10853,2024-03-14 10:35:00,5159.8,5171.0,5159.65,5168.0
10854,2024-03-14 10:36:00,5167.0,5167.55,5162.05,5164.25
10855,2024-03-14 10:37:00,5163.0,5168.95,5162.2,5163.2
10856,2024-03-14 10:38:00,5163.25,5165.15,5160.8,5162.05
10857,2024-03-14 10:39:00,5163.2,5165.2,5162.25,5163.55
10858,2024-03-14 10:40:00,5163.05,5163.05,5155.1,5155.25
10859,2024-03-14 10:41:00,5156.8,5162.0,5155.45,5159.6
10860,2024-03-14 10:42:00,5160.75,5165.05,5159.7,5162.15
10861,2024-03-14 10:43:00,5162.4,5165.0,5162.0,5163.7
10862,2024-03-14 10:44:00,5165.0,5169.45,5165.0,5168.0
10863,2024-03-14 10:45:00,5169.25,5172.0,5168.0,5170.0
10864,2024-03-14 10:46:00,5171.8,5172.75,5170.0,5171.05
10865,2024-03-14 10:47:00,5172.0,5178.5,5170.0,5170.55
10866,2024-03-14 10:48:00,5171.15,5172.8,5166.95,5171.6
10867,2024-03-14 10:49:00,5170.0,5179.95,5170.0,5177.85
10868,2024-03-14 10:50:00,5178.95,5181.45,5177.25,5177.35
10869,2024-03-14 10:51:00,5177.4,5178.95,5177.0,5177.1
10870,2024-03-14 10:52:00,5177.0,5182.0,5177.0,5180.05
10871,2024-03-14 10:53:00,5180.0,5182.05,5178.15,5181.65
10872,2024-03-14 10:54:00,5181.7,5181.75,5180.0,5180.05
10873,2024-03-14 10:55:00,5181.65,5181.65,5180.0,5180.0
10874,2024-03-14 10:56:00,5180.75,5183.0,5180.0,5180.4
10875,2024-03-14 10:57:00,5182.95,5187.85,5180.0,5187.85
10876,2024-03-14 10:58:00,5186.0,5187.0,5182.05,5187.0
10877,2024-03-14 10:59:00,5187.8,5188.15,5185.0,5185.35
10878,2024-03-14 11:00:00,5185.0,5190.0,5184.25,5185.75
10879,2024-03-14 11:01:00,5185.8,5189.2,5185.8,5186.4
10880,2024-03-14 11:02:00,5187.0,5189.45,5186.25,5189.45
10881,2024-03-14 11:03:00,5190.0,5190.0,5188.0,5189.0
10882,2024-03-14 11:04:00,5188.9,5192.8,5187.0,5187.0
10883,2024-03-14 11:05:00,5187.5,5189.75,5185.5,5185.75
10884,2024-03-14 11:06:00,5186.0,5190.0,5185.5,5188.0
10885,2024-03-14 11:07:00,5190.0,5190.85,5185.5,5188.0
10886,2024-03-14 11:08:00,5189.7,5191.0,5185.0,5190.0
10887,2024-03-14 11:09:00,5190.7,5193.35,5190.7,5193.35
10888,2024-03-14 11:10:00,5193.55,5201.95,5193.0,5194.4
10889,2024-03-14 11:11:00,5195.7,5199.25,5193.4,5195.95
10890,2024-03-14 11:12:00,5194.5,5198.0,5194.4,5198.0
10891,2024-03-14 11:13:00,5197.95,5198.45,5190.95,5194.0
10892,2024-03-14 11:14:00,5192.0,5193.35,5188.25,5190.35
10893,2024-03-14 11:15:00,5190.3,5191.95,5190.0,5190.05
10894,2024-03-14 11:16:00,5190.0,5194.8,5190.0,5192.0
10895,2024-03-14 11:17:00,5191.95,5192.3,5190.4,5191.0
10896,2024-03-14 11:18:00,5192.3,5195.0,5187.2,5192.2
10897,2024-03-14 11:19:00,5191.45,5191.45,5185.05,5189.25
10898,2024-03-14 11:20:00,5188.15,5189.15,5186.3,5186.3
10899,2024-03-14 11:21:00,5185.0,5188.8,5185.0,5185.05
10900,2024-03-14 11:22:00,5185.0,5188.2,5185.0,5188.15
10901,2024-03-14 11:23:00,5189.1,5194.6,5188.25,5193.3
10902,2024-03-14 11:24:00,5194.4,5194.4,5190.7,5193.7
10903,2024-03-14 11:25:00,5193.6,5197.0,5191.95,5194.1
10904,2024-03-14 11:26:00,5194.0,5194.0,5190.0,5194.0
10905,2024-03-14 11:27:00,5192.85,5194.0,5190.0,5192.95
10906,2024-03-14 11:28:00,5193.0,5198.5,5191.05,5191.05
10907,2024-03-14 11:29:00,5192.4,5193.0,5186.0,5189.9
10908,2024-03-14 11:30:00,5189.7,5189.9,5186.45,5189.9
10909,2024-03-14 11:31:00,5188.0,5192.8,5186.4,5187.95
10910,2024-03-14 11:32:00,5188.0,5193.0,5186.55,5188.6
10911,2024-03-14 11:33:00,5188.45,5192.95,5186.45,5187.9
10912,2024-03-14 11:34:00,5187.95,5193.0,5186.15,5187.1
10913,2024-03-14 11:35:00,5188.0,5188.0,5185.3,5186.8
10914,2024-03-14 11:36:00,5187.1,5188.0,5183.8,5186.55
10915,2024-03-14 11:37:00,5184.5,5190.05,5184.5,5188.0
10916,2024-03-14 11:38:00,5187.95,5194.35,5185.1,5186.3
10917,2024-03-14 11:39:00,5186.35,5190.1,5186.35,5187.35
10918,2024-03-14 11:40:00,5186.75,5194.5,5186.1,5190.8
10919,2024-03-14 11:41:00,5190.5,5193.7,5188.0,5191.95
10920,2024-03-14 11:42:00,5192.0,5197.4,5191.85,5192.8
10921,2024-03-14 11:43:00,5193.3,5195.0,5190.0,5191.8
10922,2024-03-14 11:44:00,5193.1,5197.75,5193.1,5196.35
10923,2024-03-14 11:45:00,5197.6,5198.8,5194.3,5195.85
10924,2024-03-14 11:46:00,5195.0,5203.85,5195.0,5200.75
10925,2024-03-14 11:47:00,5201.0,5204.85,5198.7,5200.85
10926,2024-03-14 11:48:00,5201.7,5202.3,5193.25,5196.0
10927,2024-03-14 11:49:00,5196.15,5200.35,5194.95,5198.8
10928,2024-03-14 11:50:00,5198.85,5205.0,5198.85,5204.25
10929,2024-03-14 11:51:00,5205.0,5209.65,5202.85,5206.6
10930,2024-03-14 11:52:00,5208.15,5209.45,5203.3,5203.65
10931,2024-03-14 11:53:00,5206.3,5208.9,5203.6,5205.35
10932,2024-03-14 11:54:00,5207.9,5209.45,5203.95,5207.0
10933,2024-03-14 11:55:00,5206.5,5207.9,5203.8,5204.05
10934,2024-03-14 11:56:00,5205.6,5212.0,5204.15,5210.15
10935,2024-03-14 11:57:00,5211.5,5212.3,5203.7,5203.75
10936,2024-03-14 11:58:00,5205.0,5207.25,5201.5,5203.9
10937,2024-03-14 11:59:00,5202.3,5207.25,5202.1,5204.2
10938,2024-03-14 12:00:00,5203.85,5207.25,5201.1,5202.95
10939,2024-03-14 12:01:00,5202.05,5207.25,5201.4,5202.6
10940,2024-03-14 12:02:00,5202.75,5204.05,5201.55,5201.8
10941,2024-03-14 12:03:00,5201.75,5205.2,5201.25,5201.95
10942,2024-03-14 12:04:00,5201.4,5205.75,5201.4,5201.6
10943,2024-03-14 12:05:00,5202.85,5202.95,5200.1,5201.05
10944,2024-03-14 12:06:00,5201.7,5206.0,5201.05,5202.25
10945,2024-03-14 12:07:00,5203.0,5205.0,5202.2,5202.55
10946,2024-03-14 12:08:00,5203.95,5204.0,5202.55,5203.95
10947,2024-03-14 12:09:00,5203.0,5207.7,5202.0,5203.95
10948,2024-03-14 12:10:00,5203.9,5204.0,5201.1,5201.15
10949,2024-03-14 12:11:00,5202.0,5203.9,5190.25,5190.25
10950,2024-03-14 12:12:00,5190.8,5194.4,5190.0,5190.0
10951,2024-03-14 12:13:00,5191.0,5193.6,5188.05,5192.15
10952,2024-03-14 12:14:00,5192.1,5198.8,5190.15,5195.0
10953,2024-03-14 12:15:00,5196.75,5196.8,5190.0,5190.0
10954,2024-03-14 12:16:00,5191.7,5191.8,5186.7,5188.75
10955,2024-03-14 12:17:00,5188.25,5189.85,5185.2,5188.55
10956,2024-03-14 12:18:00,5188.9,5194.45,5188.55,5194.3
10957,2024-03-14 12:19:00,5194.25,5194.25,5188.05,5190.95
10958,2024-03-14 12:20:00,5189.35,5192.3,5188.2,5190.0
10959,2024-03-14 12:21:00,5191.75,5191.75,5190.0,5190.5
10960,2024-03-14 12:22:00,5190.55,5194.2,5190.5,5194.15
10961,2024-03-14 12:23:00,5191.9,5201.0,5191.9,5195.5
10962,2024-03-14 12:24:00,5197.05,5209.0,5195.7,5209.0
10963,2024-03-14 12:25:00,5208.6,5209.0,5204.5,5206.0
10964,2024-03-14 12:26:00,5205.45,5206.0,5203.3,5205.9
10965,2024-03-14 12:27:00,5206.0,5208.6,5202.8,5204.4
10966,2024-03-14 12:28:00,5204.5,5206.0,5200.0,5200.0
10967,2024-03-14 12:29:00,5200.05,5205.4,5200.05,5200.75
10968,2024-03-14 12:30:00,5200.8,5203.8,5199.65,5201.2
10969,2024-03-14 12:31:00,5201.25,5204.0,5199.75,5202.05
10970,2024-03-14 12:32:00,5202.1,5207.75,5202.0,5205.75
10971,2024-03-14 12:33:00,5205.7,5209.7,5203.15,5208.95
10972,2024-03-14 12:34:00,5209.3,5209.6,5204.4,5207.1
10973,2024-03-14 12:35:00,5207.0,5210.0,5207.0,5207.85
10974,2024-03-14 12:36:00,5207.8,5208.0,5205.0,5205.0
10975,2024-03-14 12:37:00,5204.15,5207.0,5202.0,5206.7
10976,2024-03-14 12:38:00,5206.85,5209.5,5202.0,5206.85
10977,2024-03-14 12:39:00,5207.15,5208.0,5204.5,5208.0
10978,2024-03-14 12:40:00,5209.9,5210.0,5202.0,5206.25
10979,2024-03-14 12:41:00,5207.05,5207.35,5202.8,5203.2
10980,2024-03-14 12:42:00,5203.25,5205.0,5201.5,5203.05
10981,2024-03-14 12:43:00,5203.1,5204.1,5201.4,5201.9
10982,2024-03-14 12:44:00,5203.0,5203.0,5201.95,5203.0
10983,2024-03-14 12:45:00,5202.75,5207.95,5201.55,5207.95
10984,2024-03-14 12:46:00,5208.35,5211.0,5205.0,5209.9
10985,2024-03-14 12:47:00,5209.05,5210.0,5205.85,5207.15
10986,2024-03-14 12:48:00,5207.45,5207.55,5205.0,5205.15
10987,2024-03-14 12:49:00,5205.9,5205.9,5201.5,5202.6
10988,2024-03-14 12:50:00,5202.8,5207.85,5202.0,5206.9
10989,2024-03-14 12:51:00,5206.85,5209.9,5206.7,5209.1
10990,2024-03-14 12:52:00,5210.0,5217.95,5210.0,5217.8
10991,2024-03-14 12:53:00,5215.5,5218.95,5213.85,5217.4
10992,2024-03-14 12:54:00,5219.65,5220.0,5212.75,5212.75
10993,2024-03-14 12:55:00,5213.1,5216.0,5211.25,5212.2
10994,2024-03-14 12:56:00,5212.25,5214.0,5211.0,5211.25
10995,2024-03-14 12:57:00,5211.9,5214.15,5211.25,5213.0
10996,2024-03-14 12:58:00,5214.0,5216.0,5213.0,5213.2
10997,2024-03-14 12:59:00,5213.25,5215.6,5213.2,5213.25
10998,2024-03-14 13:00:00,5213.2,5216.0,5213.2,5215.9
10999,2024-03-14 13:01:00,5216.0,5219.9,5215.8,5219.4
11000,2024-03-14 13:02:00,5219.45,5219.5,5215.75,5216.7
11001,2024-03-14 13:03:00,5217.45,5219.9,5216.6,5217.3
11002,2024-03-14 13:04:00,5217.35,5220.2,5217.35,5220.0
11003,2024-03-14 13:05:00,5220.05,5220.6,5216.7,5216.85
11004,2024-03-14 13:06:00,5216.8,5217.8,5216.0,5217.0
11005,2024-03-14 13:07:00,5218.45,5219.0,5217.0,5217.0
11006,2024-03-14 13:08:00,5216.5,5218.45,5215.5,5215.5
11007,2024-03-14 13:09:00,5215.55,5215.6,5213.85,5215.0
11008,2024-03-14 13:10:00,5215.65,5217.85,5215.55,5216.55
11009,2024-03-14 13:11:00,5216.5,5220.0,5216.35,5218.05
11010,2024-03-14 13:12:00,5218.1,5219.7,5218.05,5218.1
11011,2024-03-14 13:13:00,5218.05,5218.5,5216.75,5217.1
11012,2024-03-14 13:14:00,5217.15,5222.05,5217.1,5221.3
11013,2024-03-14 13:15:00,5221.35,5226.35,5221.35,5224.55
11014,2024-03-14 13:16:00,5224.75,5226.0,5220.85,5224.65
11015,2024-03-14 13:17:00,5223.9,5227.9,5223.25,5225.55
11016,2024-03-14 13:18:00,5224.7,5226.05,5223.0,5223.05
11017,2024-03-14 13:19:00,5223.95,5223.95,5220.4,5222.85
11018,2024-03-14 13:20:00,5222.95,5229.85,5221.25,5222.9
11019,2024-03-14 13:21:00,5223.0,5223.0,5220.0,5220.1
11020,2024-03-14 13:22:00,5220.15,5222.65,5220.0,5220.0
11021,2024-03-14 13:23:00,5220.05,5220.05,5220.0,5220.0
11022,2024-03-14 13:24:00,5220.05,5222.6,5220.0,5221.2
11023,2024-03-14 13:25:00,5220.65,5222.5,5220.65,5221.7
11024,2024-03-14 13:26:00,5221.75,5221.75,5221.6,5221.6
11025,2024-03-14 13:27:00,5223.15,5223.15,5220.0,5220.35
11026,2024-03-14 13:28:00,5220.4,5221.95,5220.0,5220.0
11027,2024-03-14 13:29:00,5220.05,5223.25,5220.0,5222.05
11028,2024-03-14 13:30:00,5221.95,5222.7,5220.1,5220.55
11029,2024-03-14 13:31:00,5220.95,5222.8,5220.0,5221.0
11030,2024-03-14 13:32:00,5221.2,5223.55,5220.0,5221.65
11031,2024-03-14 13:33:00,5221.6,5223.6,5220.0,5220.0
11032,2024-03-14 13:34:00,5220.05,5222.55,5220.0,5220.0
11033,2024-03-14 13:35:00,5220.45,5225.0,5220.0,5222.25
11034,2024-03-14 13:36:00,5220.7,5224.1,5220.0,5222.0
11035,2024-03-14 13:37:00,5224.0,5224.25,5220.7,5221.05
11036,2024-03-14 13:38:00,5221.1,5221.95,5220.1,5220.1
11037,2024-03-14 13:39:00,5220.15,5221.05,5220.1,5220.35
11038,2024-03-14 13:40:00,5220.15,5221.15,5220.15,5220.15
11039,2024-03-14 13:41:00,5220.25,5220.6,5220.1,5220.2
11040,2024-03-14 13:42:00,5220.25,5220.25,5220.15,5220.15
11041,2024-03-14 13:43:00,5220.2,5221.0,5220.15,5220.15
11042,2024-03-14 13:44:00,5220.2,5222.45,5220.15,5220.2
11043,2024-03-14 13:45:00,5220.15,5221.0,5220.15,5220.3
11044,2024-03-14 13:46:00,5220.35,5221.25,5220.3,5220.3
11045,2024-03-14 13:47:00,5219.75,5221.2,5219.5,5220.0
11046,2024-03-14 13:48:00,5220.05,5223.2,5220.0,5222.6
11047,2024-03-14 13:49:00,5222.9,5224.45,5221.15,5222.1
11048,2024-03-14 13:50:00,5222.3,5223.45,5220.0,5220.2
11049,2024-03-14 13:51:00,5220.9,5222.0,5220.0,5220.2
11050,2024-03-14 13:52:00,5221.05,5222.0,5220.0,5221.15
11051,2024-03-14 13:53:00,5220.25,5220.6,5220.0,5220.0
11052,2024-03-14 13:54:00,5220.6,5220.6,5220.0,5220.0
11053,2024-03-14 13:55:00,5220.05,5220.3,5220.0,5220.0
11054,2024-03-14 13:56:00,5220.05,5221.9,5220.0,5220.0
11055,2024-03-14 13:57:00,5220.05,5222.0,5220.0,5221.0
11056,2024-03-14 13:58:00,5221.05,5221.05,5220.0,5220.0
11057,2024-03-14 13:59:00,5220.05,5221.05,5220.0,5220.0
11058,2024-03-14 14:00:00,5220.05,5221.4,5220.0,5220.0
11059,2024-03-14 14:01:00,5220.05,5221.3,5220.05,5220.8
11060,2024-03-14 14:02:00,5220.85,5220.9,5220.0,5220.3
11061,2024-03-14 14:03:00,5220.35,5220.55,5220.0,5220.0
11062,2024-03-14 14:04:00,5220.05,5221.0,5220.0,5220.3
11063,2024-03-14 14:05:00,5220.0,5222.0,5220.0,5221.2
11064,2024-03-14 14:06:00,5221.15,5222.0,5221.1,5221.2
11065,2024-03-14 14:07:00,5221.25,5221.25,5220.0,5220.05
11066,2024-03-14 14:08:00,5220.15,5222.0,5220.0,5221.1
11067,2024-03-14 14:09:00,5221.0,5221.0,5220.0,5220.2
11068,2024-03-14 14:10:00,5220.25,5222.0,5220.1,5220.75
11069,2024-03-14 14:11:00,5221.35,5222.0,5220.75,5221.45
11070,2024-03-14 14:12:00,5221.5,5221.5,5220.0,5220.0
11071,2024-03-14 14:13:00,5220.1,5221.25,5220.0,5220.05
11072,2024-03-14 14:14:00,5220.1,5220.1,5220.0,5220.0
11073,2024-03-14 14:15:00,5220.1,5223.7,5220.0,5222.9
11074,2024-03-14 14:16:00,5224.45,5227.95,5222.9,5226.65
11075,2024-03-14 14:17:00,5225.65,5226.65,5222.5,5224.1
11076,2024-03-14 14:18:00,5224.0,5226.65,5222.05,5224.85
11077,2024-03-14 14:19:00,5224.9,5225.95,5222.2,5225.2
11078,2024-03-14 14:20:00,5225.25,5227.8,5225.2,5226.45
11079,2024-03-14 14:21:00,5226.3,5229.6,5223.2,5223.2
11080,2024-03-14 14:22:00,5223.05,5223.05,5220.0,5220.65
11081,2024-03-14 14:23:00,5220.6,5226.0,5220.0,5223.5
11082,2024-03-14 14:24:00,5224.45,5228.5,5223.6,5226.3
11083,2024-03-14 14:25:00,5226.05,5234.0,5225.8,5233.1
11084,2024-03-14 14:26:00,5233.2,5237.4,5233.2,5234.6
11085,2024-03-14 14:27:00,5234.65,5239.55,5234.6,5235.75
11086,2024-03-14 14:28:00,5235.9,5237.0,5234.0,5235.85
11087,2024-03-14 14:29:00,5236.5,5240.0,5236.5,5237.5
11088,2024-03-14 14:30:00,5238.4,5242.45,5236.55,5241.55
11089,2024-03-14 14:31:00,5241.9,5243.95,5239.6,5240.0
11090,2024-03-14 14:32:00,5240.75,5240.85,5239.5,5239.5
11091,2024-03-14 14:33:00,5239.55,5242.0,5239.5,5240.65
11092,2024-03-14 14:34:00,5240.75,5241.9,5239.5,5241.9
11093,2024-03-14 14:35:00,5239.5,5242.0,5239.5,5239.7
11094,2024-03-14 14:36:00,5239.75,5242.0,5239.65,5240.0
11095,2024-03-14 14:37:00,5239.95,5245.0,5239.85,5241.2
11096,2024-03-14 14:38:00,5241.25,5244.4,5241.2,5242.9
11097,2024-03-14 14:39:00,5242.95,5245.0,5241.2,5242.65
11098,2024-03-14 14:40:00,5242.7,5245.3,5242.6,5243.9
11099,2024-03-14 14:41:00,5245.0,5245.95,5243.0,5243.0
11100,2024-03-14 14:42:00,5244.0,5244.0,5242.15,5242.15
11101,2024-03-14 14:43:00,5242.2,5245.05,5241.2,5241.5
11102,2024-03-14 14:44:00,5239.5,5249.95,5239.5,5249.1
11103,2024-03-14 14:45:00,5249.2,5249.95,5242.75,5243.9
11104,2024-03-14 14:46:00,5244.0,5248.4,5241.85,5242.8
11105,2024-03-14 14:47:00,5242.9,5245.0,5242.9,5244.15
11106,2024-03-14 14:48:00,5244.1,5244.15,5240.5,5240.6
11107,2024-03-14 14:49:00,5240.0,5243.6,5238.0,5238.0
11108,2024-03-14 14:50:00,5238.05,5238.05,5236.0,5236.6
11109,2024-03-14 14:51:00,5236.55,5236.55,5228.65,5232.8
11110,2024-03-14 14:52:00,5232.85,5233.4,5229.45,5232.45
11111,2024-03-14 14:53:00,5232.55,5235.85,5232.25,5235.05
11112,2024-03-14 14:54:00,5235.0,5239.35,5233.3,5237.1
11113,2024-03-14 14:55:00,5239.2,5244.3,5239.2,5241.2
11114,2024-03-14 14:56:00,5241.25,5244.0,5241.25,5241.75
11115,2024-03-14 14:57:00,5241.5,5243.2,5235.7,5238.6
11116,2024-03-14 14:58:00,5239.45,5244.0,5238.5,5241.3
11117,2024-03-14 14:59:00,5241.35,5244.3,5240.05,5243.0
11118,2024-03-14 15:00:00,5241.5,5258.95,5241.5,5257.95
11119,2024-03-14 15:01:00,5258.3,5265.95,5258.3,5265.0
11120,2024-03-14 15:02:00,5264.7,5267.0,5257.95,5258.75
11121,2024-03-14 15:03:00,5258.8,5269.35,5258.8,5265.75
11122,2024-03-14 15:04:00,5266.05,5268.8,5261.3,5262.05
11123,2024-03-14 15:05:00,5262.45,5270.0,5259.05,5269.95
11124,2024-03-14 15:06:00,5271.3,5272.15,5265.5,5268.9
11125,2024-03-14 15:07:00,5268.8,5272.0,5266.65,5269.6
11126,2024-03-14 15:08:00,5262.9,5266.45,5260.1,5264.15
11127,2024-03-14 15:09:00,5264.95,5266.3,5262.05,5264.15
11128,2024-03-14 15:10:00,5265.75,5265.8,5256.35,5264.75
11129,2024-03-14 15:11:00,5264.65,5264.75,5254.7,5263.95
11130,2024-03-14 15:12:00,5263.6,5264.9,5260.15,5261.9
11131,2024-03-14 15:13:00,5260.3,5266.85,5260.3,5264.7
11132,2024-03-14 15:14:00,5265.9,5270.0,5264.85,5269.9
11133,2024-03-14 15:15:00,5270.0,5270.95,5264.8,5267.7
11134,2024-03-14 15:16:00,5268.35,5270.0,5264.65,5264.85
11135,2024-03-14 15:17:00,5265.8,5268.5,5265.4,5268.4
11136,2024-03-14 15:18:00,5269.8,5269.8,5265.1,5267.5
11137,2024-03-14 15:19:00,5267.45,5268.0,5265.6,5267.95
11138,2024-03-14 15:20:00,5268.0,5270.0,5267.85,5268.85
11139,2024-03-14 15:21:00,5269.75,5269.75,5260.45,5262.35
11140,2024-03-14 15:22:00,5263.8,5268.85,5263.05,5266.3
11141,2024-03-14 15:23:00,5266.4,5269.45,5263.8,5265.45
11142,2024-03-14 15:24:00,5264.45,5265.95,5260.0,5262.25
11143,2024-03-14 15:25:00,5263.9,5265.5,5255.65,5256.0
11144,2024-03-14 15:26:00,5255.65,5261.65,5252.65,5261.45
11145,2024-03-14 15:27:00,5261.65,5261.7,5255.05,5257.05
11146,2024-03-14 15:28:00,5259.9,5261.7,5256.0,5260.0
11147,2024-03-14 15:29:00,5257.2,5260.0,5248.75,5248.75
11148,2024-03-15 09:15:00,5241.15,5241.15,5200.0,5220.15
11149,2024-03-15 09:16:00,5215.0,5225.3,5211.45,5223.65
11150,2024-03-15 09:17:00,5220.05,5228.2,5217.0,5217.35
11151,2024-03-15 09:18:00,5216.7,5225.25,5216.7,5221.7
11152,2024-03-15 09:19:00,5225.0,5229.25,5213.65,5213.85
11153,2024-03-15 09:20:00,5210.45,5219.05,5210.45,5215.8
11154,2024-03-15 09:21:00,5218.5,5218.5,5204.5,5209.7
11155,2024-03-15 09:22:00,5207.0,5211.0,5191.45,5196.9
11156,2024-03-15 09:23:00,5197.9,5202.5,5195.1,5200.25
11157,2024-03-15 09:24:00,5204.85,5208.0,5200.35,5202.15
11158,2024-03-15 09:25:00,5207.05,5214.15,5203.35,5214.15
11159,2024-03-15 09:26:00,5213.85,5219.0,5211.5,5218.45
11160,2024-03-15 09:27:00,5219.0,5224.0,5217.35,5220.05
11161,2024-03-15 09:28:00,5217.8,5220.05,5216.6,5218.55
11162,2024-03-15 09:29:00,5218.0,5218.55,5212.9,5218.55
11163,2024-03-15 09:30:00,5219.9,5227.0,5218.05,5225.75
11164,2024-03-15 09:31:00,5227.0,5232.0,5221.75,5221.75
11165,2024-03-15 09:32:00,5221.4,5227.2,5221.4,5224.35
11166,2024-03-15 09:33:00,5222.1,5226.0,5218.0,5220.1
11167,2024-03-15 09:34:00,5218.0,5218.0,5205.8,5208.7
11168,2024-03-15 09:35:00,5208.75,5208.8,5197.75,5198.05
11169,2024-03-15 09:36:00,5197.0,5198.55,5190.55,5194.35
11170,2024-03-15 09:37:00,5193.9,5198.75,5192.75,5196.8
11171,2024-03-15 09:38:00,5194.0,5197.3,5193.75,5195.1
11172,2024-03-15 09:39:00,5194.65,5197.45,5186.75,5190.85
11173,2024-03-15 09:40:00,5188.05,5190.05,5179.2,5183.0
11174,2024-03-15 09:41:00,5182.0,5187.95,5180.05,5186.45
11175,2024-03-15 09:42:00,5186.05,5186.3,5182.05,5184.95
11176,2024-03-15 09:43:00,5184.0,5188.3,5175.0,5175.05
11177,2024-03-15 09:44:00,5177.0,5183.2,5177.0,5182.65
11178,2024-03-15 09:45:00,5185.6,5187.0,5182.65,5187.0
11179,2024-03-15 09:46:00,5188.0,5191.25,5185.0,5185.5
11180,2024-03-15 09:47:00,5185.4,5185.4,5182.65,5184.3
11181,2024-03-15 09:48:00,5184.45,5188.15,5183.95,5183.95
11182,2024-03-15 09:49:00,5182.1,5183.05,5175.0,5175.85
11183,2024-03-15 09:50:00,5176.0,5182.35,5175.0,5179.4
11184,2024-03-15 09:51:00,5180.5,5180.95,5177.0,5177.65
11185,2024-03-15 09:52:00,5177.0,5184.0,5177.0,5184.0
11186,2024-03-15 09:53:00,5185.95,5187.95,5181.9,5186.55
11187,2024-03-15 09:54:00,5185.85,5188.5,5180.85,5183.85
11188,2024-03-15 09:55:00,5184.25,5188.35,5182.45,5186.65
11189,2024-03-15 09:56:00,5188.35,5188.9,5183.0,5184.7
11190,2024-03-15 09:57:00,5182.0,5190.05,5180.65,5180.95
11191,2024-03-15 09:58:00,5180.1,5186.65,5180.1,5186.3
11192,2024-03-15 09:59:00,5188.9,5190.4,5181.15,5190.4
11193,2024-03-15 10:00:00,5187.65,5190.4,5186.0,5188.0
11194,2024-03-15 10:01:00,5188.55,5188.95,5186.0,5188.45
11195,2024-03-15 10:02:00,5187.65,5188.6,5185.45,5188.0
11196,2024-03-15 10:03:00,5186.85,5186.85,5184.4,5186.35
11197,2024-03-15 10:04:00,5187.0,5188.45,5186.15,5188.35
11198,2024-03-15 10:05:00,5188.0,5189.95,5188.0,5188.7
11199,2024-03-15 10:06:00,5188.75,5188.75,5188.0,5188.7
11200,2024-03-15 10:07:00,5187.05,5192.45,5186.3,5192.45
11201,2024-03-15 10:08:00,5195.75,5195.75,5190.0,5191.6
11202,2024-03-15 10:09:00,5190.0,5191.2,5187.6,5190.5
11203,2024-03-15 10:10:00,5190.55,5192.0,5187.05,5187.25
11204,2024-03-15 10:11:00,5189.8,5199.15,5189.15,5196.25
11205,2024-03-15 10:12:00,5196.1,5200.0,5196.1,5198.0
11206,2024-03-15 10:13:00,5198.5,5199.95,5196.05,5199.0
11207,2024-03-15 10:14:00,5197.55,5199.95,5197.55,5199.4
11208,2024-03-15 10:15:00,5199.3,5206.0,5198.05,5204.9
11209,2024-03-15 10:16:00,5204.85,5204.85,5195.6,5199.0
11210,2024-03-15 10:17:00,5198.9,5198.9,5197.05,5198.4
11211,2024-03-15 10:18:00,5198.35,5198.35,5194.9,5197.0
11212,2024-03-15 10:19:00,5197.5,5198.0,5194.1,5194.1
11213,2024-03-15 10:20:00,5194.95,5195.2,5192.0,5192.5
11214,2024-03-15 10:21:00,5192.95,5195.95,5192.25,5195.5
11215,2024-03-15 10:22:00,5192.4,5194.9,5192.0,5194.75
11216,2024-03-15 10:23:00,5195.0,5198.0,5188.8,5190.75
11217,2024-03-15 10:24:00,5190.0,5194.55,5188.1,5192.7
11218,2024-03-15 10:25:00,5192.6,5195.2,5189.1,5190.05
11219,2024-03-15 10:26:00,5190.0,5190.0,5187.7,5189.45
11220,2024-03-15 10:27:00,5187.05,5189.45,5186.55,5188.7
11221,2024-03-15 10:28:00,5188.05,5189.45,5186.5,5189.45
11222,2024-03-15 10:29:00,5190.65,5192.95,5188.1,5188.6
11223,2024-03-15 10:30:00,5189.9,5189.9,5185.0,5186.05
11224,2024-03-15 10:31:00,5185.3,5187.0,5185.0,5186.95
11225,2024-03-15 10:32:00,5186.9,5186.95,5185.0,5186.95
11226,2024-03-15 10:33:00,5185.2,5186.95,5185.0,5186.95
11227,2024-03-15 10:34:00,5187.95,5192.9,5187.75,5192.9
11228,2024-03-15 10:35:00,5192.3,5192.3,5185.85,5185.85
11229,2024-03-15 10:36:00,5187.55,5188.6,5185.7,5185.7
11230,2024-03-15 10:37:00,5186.55,5188.0,5185.0,5187.0
11231,2024-03-15 10:38:00,5186.95,5187.35,5185.05,5185.05
11232,2024-03-15 10:39:00,5187.25,5190.0,5186.0,5188.25
11233,2024-03-15 10:40:00,5188.1,5188.75,5185.0,5187.4
11234,2024-03-15 10:41:00,5187.35,5189.4,5185.55,5189.0
11235,2024-03-15 10:42:00,5187.5,5189.4,5187.25,5189.4
11236,2024-03-15 10:43:00,5189.0,5192.95,5189.0,5191.55
11237,2024-03-15 10:44:00,5192.0,5195.0,5191.2,5194.3
11238,2024-03-15 10:45:00,5192.45,5193.85,5192.25,5192.35
11239,2024-03-15 10:46:00,5193.8,5196.5,5192.25,5196.1
11240,2024-03-15 10:47:00,5196.15,5197.5,5192.05,5193.0
11241,2024-03-15 10:48:00,5192.15,5195.1,5192.15,5193.0
11242,2024-03-15 10:49:00,5194.2,5198.3,5192.15,5194.0
11243,2024-03-15 10:50:00,5193.9,5196.45,5193.6,5194.0
11244,2024-03-15 10:51:00,5192.15,5192.15,5187.0,5188.15
11245,2024-03-15 10:52:00,5187.85,5189.7,5185.55,5188.05
11246,2024-03-15 10:53:00,5188.4,5188.85,5186.95,5188.85
11247,2024-03-15 10:54:00,5187.1,5189.45,5187.1,5189.45
11248,2024-03-15 10:55:00,5188.35,5189.45,5187.3,5189.0
11249,2024-03-15 10:56:00,5186.95,5189.0,5185.0,5185.25
11250,2024-03-15 10:57:00,5185.9,5189.15,5185.15,5188.1
11251,2024-03-15 10:58:00,5187.75,5189.95,5186.2,5188.85
11252,2024-03-15 10:59:00,5189.25,5192.3,5188.3,5191.6
11253,2024-03-15 11:00:00,5192.1,5192.25,5191.0,5191.4
11254,2024-03-15 11:01:00,5191.8,5193.2,5190.45,5192.0
11255,2024-03-15 11:02:00,5192.25,5194.0,5190.75,5192.3
11256,2024-03-15 11:03:00,5193.7,5194.0,5191.65,5194.0
11257,2024-03-15 11:04:00,5192.5,5194.4,5192.5,5194.0
11258,2024-03-15 11:05:00,5193.6,5194.0,5193.0,5193.8
11259,2024-03-15 11:06:00,5193.5,5198.9,5192.3,5193.7
11260,2024-03-15 11:07:00,5194.0,5200.0,5193.5,5200.0
11261,2024-03-15 11:08:00,5199.95,5200.0,5197.25,5198.95
11262,2024-03-15 11:09:00,5198.9,5200.0,5198.9,5199.0
11263,2024-03-15 11:10:00,5198.05,5200.0,5198.0,5199.05
11264,2024-03-15 11:11:00,5199.95,5200.0,5198.45,5198.75
11265,2024-03-15 11:12:00,5199.9,5200.0,5198.25,5199.3
11266,2024-03-15 11:13:00,5200.0,5200.0,5198.0,5199.35
11267,2024-03-15 11:14:00,5198.45,5199.55,5198.0,5199.55
11268,2024-03-15 11:15:00,5198.8,5200.0,5198.8,5200.0
11269,2024-03-15 11:16:00,5198.2,5211.7,5198.0,5207.85
11270,2024-03-15 11:17:00,5207.8,5207.8,5205.0,5205.0
11271,2024-03-15 11:18:00,5203.1,5205.0,5198.0,5199.0
11272,2024-03-15 11:19:00,5198.95,5199.0,5196.55,5198.95
11273,2024-03-15 11:20:00,5198.9,5199.0,5197.0,5199.0
11274,2024-03-15 11:21:00,5197.25,5199.0,5197.0,5197.95
11275,2024-03-15 11:22:00,5197.9,5197.9,5194.0,5195.8
11276,2024-03-15 11:23:00,5193.1,5199.0,5192.05,5199.0
11277,2024-03-15 11:24:00,5196.8,5199.1,5196.2,5196.85
11278,2024-03-15 11:25:00,5197.25,5197.25,5194.55,5196.35
11279,2024-03-15 11:26:00,5196.4,5197.25,5193.8,5195.0
11280,2024-03-15 11:27:00,5193.65,5195.3,5192.55,5195.2
11281,2024-03-15 11:28:00,5193.95,5196.1,5193.0,5194.0
11282,2024-03-15 11:29:00,5194.4,5196.3,5192.0,5192.0
11283,2024-03-15 11:30:00,5193.7,5194.8,5192.5,5194.0
11284,2024-03-15 11:31:00,5193.1,5207.95,5193.1,5205.0
11285,2024-03-15 11:32:00,5205.05,5205.1,5197.0,5204.85
11286,2024-03-15 11:33:00,5202.6,5207.9,5202.0,5205.05
11287,2024-03-15 11:34:00,5206.75,5209.0,5205.0,5205.0
11288,2024-03-15 11:35:00,5207.0,5207.0,5201.7,5204.75
11289,2024-03-15 11:36:00,5203.35,5203.65,5200.25,5200.3
11290,2024-03-15 11:37:00,5200.0,5203.3,5200.0,5203.3
11291,2024-03-15 11:38:00,5204.9,5207.75,5203.8,5206.6
11292,2024-03-15 11:39:00,5206.65,5207.75,5204.3,5207.75
11293,2024-03-15 11:40:00,5207.8,5209.55,5207.65,5209.55
11294,2024-03-15 11:41:00,5209.75,5209.8,5207.65,5209.75
11295,2024-03-15 11:42:00,5210.05,5210.05,5207.25,5209.85
11296,2024-03-15 11:43:00,5210.25,5217.0,5208.35,5213.65
11297,2024-03-15 11:44:00,5213.45,5219.3,5213.45,5218.1
11298,2024-03-15 11:45:00,5218.0,5218.4,5215.8,5217.0
11299,2024-03-15 11:46:00,5218.0,5220.0,5214.65,5214.65
11300,2024-03-15 11:47:00,5214.15,5222.7,5214.15,5222.0
11301,2024-03-15 11:48:00,5221.25,5223.95,5220.0,5220.0
11302,2024-03-15 11:49:00,5220.7,5221.85,5219.65,5221.8
11303,2024-03-15 11:50:00,5221.85,5224.0,5219.05,5219.05
11304,2024-03-15 11:51:00,5221.35,5221.35,5211.15,5213.9
11305,2024-03-15 11:52:00,5211.65,5217.95,5211.65,5215.0
11306,2024-03-15 11:53:00,5216.3,5216.3,5212.15,5215.95
11307,2024-03-15 11:54:00,5215.9,5216.0,5214.45,5215.0
11308,2024-03-15 11:55:00,5214.95,5215.9,5213.15,5214.6
11309,2024-03-15 11:56:00,5213.75,5215.3,5213.25,5214.5
11310,2024-03-15 11:57:00,5212.1,5214.8,5210.0,5212.4
11311,2024-03-15 11:58:00,5210.5,5212.55,5205.0,5206.85
11312,2024-03-15 11:59:00,5206.8,5206.95,5205.0,5205.25
11313,2024-03-15 12:00:00,5205.2,5207.0,5205.0,5206.85
11314,2024-03-15 12:01:00,5205.1,5208.35,5205.05,5208.35
11315,2024-03-15 12:02:00,5206.35,5208.55,5206.35,5207.0
11316,2024-03-15 12:03:00,5206.35,5207.0,5205.2,5206.75
11317,2024-03-15 12:04:00,5206.7,5207.25,5205.4,5207.25
11318,2024-03-15 12:05:00,5207.3,5207.4,5205.4,5207.2
11319,2024-03-15 12:06:00,5206.25,5207.8,5206.25,5206.4
11320,2024-03-15 12:07:00,5207.8,5209.0,5206.3,5207.65
11321,2024-03-15 12:08:00,5206.25,5208.85,5206.25,5207.5
11322,2024-03-15 12:09:00,5207.8,5208.8,5206.25,5207.1
11323,2024-03-15 12:10:00,5206.95,5207.2,5205.0,5205.75
11324,2024-03-15 12:11:00,5205.0,5206.95,5204.25,5205.0
11325,2024-03-15 12:12:00,5206.8,5207.55,5204.0,5206.15
11326,2024-03-15 12:13:00,5205.1,5205.55,5203.05,5205.55
11327,2024-03-15 12:14:00,5203.7,5206.2,5203.7,5205.5
11328,2024-03-15 12:15:00,5205.25,5206.7,5205.25,5206.7
11329,2024-03-15 12:16:00,5205.45,5210.1,5205.45,5209.4
11330,2024-03-15 12:17:00,5207.3,5209.95,5206.75,5207.0
11331,2024-03-15 12:18:00,5209.0,5209.85,5206.5,5208.45
11332,2024-03-15 12:19:00,5207.0,5209.25,5207.0,5207.0
11333,2024-03-15 12:20:00,5208.9,5209.4,5205.95,5205.95
11334,2024-03-15 12:21:00,5206.65,5209.45,5205.2,5205.2
11335,2024-03-15 12:22:00,5205.95,5205.95,5205.0,5205.95
11336,2024-03-15 12:23:00,5205.0,5209.15,5205.0,5209.05
11337,2024-03-15 12:24:00,5206.35,5208.4,5205.35,5207.0
11338,2024-03-15 12:25:00,5206.2,5207.0,5205.05,5205.05
11339,2024-03-15 12:26:00,5207.0,5207.4,5205.0,5206.95
11340,2024-03-15 12:27:00,5205.0,5206.95,5205.0,5205.0
11341,2024-03-15 12:28:00,5205.45,5205.45,5205.0,5205.25
11342,2024-03-15 12:29:00,5205.0,5209.2,5205.0,5207.75
11343,2024-03-15 12:30:00,5209.2,5211.95,5205.0,5209.0
11344,2024-03-15 12:31:00,5210.95,5212.0,5209.0,5210.9
11345,2024-03-15 12:32:00,5209.05,5212.8,5209.0,5210.2
11346,2024-03-15 12:33:00,5210.85,5210.85,5209.0,5209.1
11347,2024-03-15 12:34:00,5209.9,5210.4,5209.0,5210.0
11348,2024-03-15 12:35:00,5209.0,5210.0,5209.0,5209.2
11349,2024-03-15 12:36:00,5209.0,5209.3,5209.0,5209.25
11350,2024-03-15 12:37:00,5209.0,5209.0,5203.05,5205.05
11351,2024-03-15 12:38:00,5207.35,5207.35,5205.0,5206.25
11352,2024-03-15 12:39:00,5207.2,5207.2,5205.0,5205.0
11353,2024-03-15 12:40:00,5205.2,5205.8,5204.0,5205.7
11354,2024-03-15 12:41:00,5204.75,5205.55,5204.0,5204.05
11355,2024-03-15 12:42:00,5204.1,5204.8,5202.05,5202.05
11356,2024-03-15 12:43:00,5203.8,5204.05,5202.05,5204.05
11357,2024-03-15 12:44:00,5204.0,5205.45,5204.0,5205.25
11358,2024-03-15 12:45:00,5205.05,5205.5,5204.6,5204.9
11359,2024-03-15 12:46:00,5204.0,5204.8,5196.0,5197.55
11360,2024-03-15 12:47:00,5196.0,5197.55,5195.15,5196.65
11361,2024-03-15 12:48:00,5195.1,5202.85,5194.5,5202.8
11362,2024-03-15 12:49:00,5200.65,5202.8,5198.45,5200.95
11363,2024-03-15 12:50:00,5202.0,5202.0,5198.15,5200.95
11364,2024-03-15 12:51:00,5200.0,5200.75,5197.9,5200.5
11365,2024-03-15 12:52:00,5200.45,5201.25,5200.0,5201.2
11366,2024-03-15 12:53:00,5201.6,5202.0,5200.0,5201.35
11367,2024-03-15 12:54:00,5200.05,5203.75,5200.05,5203.75
11368,2024-03-15 12:55:00,5204.95,5213.2,5203.75,5210.7
11369,2024-03-15 12:56:00,5208.0,5210.95,5203.85,5203.85
11370,2024-03-15 12:57:00,5206.85,5207.45,5203.9,5205.4
11371,2024-03-15 12:58:00,5207.4,5208.75,5205.4,5207.6
11372,2024-03-15 12:59:00,5207.2,5208.3,5205.55,5207.65
11373,2024-03-15 13:00:00,5207.85,5207.85,5205.55,5205.55
11374,2024-03-15 13:01:00,5207.7,5207.7,5202.65,5203.3
11375,2024-03-15 13:02:00,5203.55,5203.55,5202.65,5203.0
11376,2024-03-15 13:03:00,5203.7,5207.4,5203.0,5206.95
11377,2024-03-15 13:04:00,5206.9,5207.5,5204.5,5207.5
11378,2024-03-15 13:05:00,5207.45,5207.5,5204.65,5204.65
11379,2024-03-15 13:06:00,5207.05,5207.4,5204.35,5207.05
11380,2024-03-15 13:07:00,5207.1,5209.4,5204.8,5209.4
11381,2024-03-15 13:08:00,5209.65,5209.65,5206.75,5208.8
11382,2024-03-15 13:09:00,5206.75,5208.85,5206.75,5208.75
11383,2024-03-15 13:10:00,5206.85,5208.7,5204.55,5208.0
11384,2024-03-15 13:11:00,5208.75,5209.0,5206.5,5206.9
11385,2024-03-15 13:12:00,5206.0,5210.0,5203.9,5205.45
11386,2024-03-15 13:13:00,5204.55,5205.45,5202.8,5202.9
11387,2024-03-15 13:14:00,5202.85,5207.7,5202.8,5204.7
11388,2024-03-15 13:15:00,5204.75,5208.05,5204.75,5208.0
11389,2024-03-15 13:16:00,5206.1,5208.0,5204.85,5204.9
11390,2024-03-15 13:17:00,5204.85,5204.9,5204.0,5204.0
11391,2024-03-15 13:18:00,5204.6,5205.6,5204.0,5205.0
11392,2024-03-15 13:19:00,5207.3,5207.5,5204.3,5204.45
11393,2024-03-15 13:20:00,5204.4,5207.25,5204.0,5207.25
11394,2024-03-15 13:21:00,5207.3,5207.65,5204.45,5206.8
11395,2024-03-15 13:22:00,5206.75,5206.75,5203.0,5203.05
11396,2024-03-15 13:23:00,5204.35,5204.35,5203.0,5203.0
11397,2024-03-15 13:24:00,5203.05,5203.45,5203.0,5203.45
11398,2024-03-15 13:25:00,5203.0,5204.15,5203.0,5203.6
11399,2024-03-15 13:26:00,5204.15,5205.9,5203.0,5203.7
11400,2024-03-15 13:27:00,5203.0,5203.7,5203.0,5203.7
11401,2024-03-15 13:28:00,5203.1,5204.1,5203.0,5203.6
11402,2024-03-15 13:29:00,5203.0,5203.55,5199.95,5199.95
11403,2024-03-15 13:30:00,5200.75,5205.35,5199.95,5203.65
11404,2024-03-15 13:31:00,5203.05,5203.65,5203.0,5203.0
11405,2024-03-15 13:32:00,5203.25,5203.3,5203.0,5203.0
11406,2024-03-15 13:33:00,5203.1,5204.45,5203.0,5204.05
11407,2024-03-15 13:34:00,5204.1,5204.4,5202.45,5203.35
11408,2024-03-15 13:35:00,5203.3,5203.85,5202.75,5203.0
11409,2024-03-15 13:36:00,5202.75,5203.5,5202.75,5203.5
11410,2024-03-15 13:37:00,5203.45,5205.15,5203.45,5203.9
11411,2024-03-15 13:38:00,5203.8,5206.7,5203.45,5206.3
11412,2024-03-15 13:39:00,5206.55,5209.55,5204.05,5208.3
11413,2024-03-15 13:40:00,5206.05,5206.85,5203.6,5204.0
11414,2024-03-15 13:41:00,5204.45,5205.0,5203.1,5204.7
11415,2024-03-15 13:42:00,5204.25,5205.45,5203.0,5203.2
11416,2024-03-15 13:43:00,5203.0,5203.6,5203.0,5203.0
11417,2024-03-15 13:44:00,5203.55,5205.55,5203.0,5203.05
11418,2024-03-15 13:45:00,5203.0,5206.0,5203.0,5206.0
11419,2024-03-15 13:46:00,5205.95,5206.35,5204.3,5206.15
11420,2024-03-15 13:47:00,5206.1,5206.1,5203.65,5204.4
11421,2024-03-15 13:48:00,5204.35,5204.35,5203.0,5203.45
11422,2024-03-15 13:49:00,5203.4,5203.95,5203.0,5203.0
11423,2024-03-15 13:50:00,5203.9,5203.9,5203.0,5203.75
11424,2024-03-15 13:51:00,5203.35,5204.0,5203.0,5203.0
11425,2024-03-15 13:52:00,5203.2,5207.2,5203.0,5205.1
11426,2024-03-15 13:53:00,5207.35,5209.0,5206.15,5206.85
11427,2024-03-15 13:54:00,5206.45,5209.85,5206.45,5206.9
11428,2024-03-15 13:55:00,5208.85,5208.85,5206.4,5206.4
11429,2024-03-15 13:56:00,5207.4,5207.6,5206.4,5206.85
11430,2024-03-15 13:57:00,5206.4,5206.85,5203.0,5204.0
11431,2024-03-15 13:58:00,5203.0,5203.0,5194.3,5195.75
11432,2024-03-15 13:59:00,5197.3,5199.85,5193.0,5199.85
11433,2024-03-15 14:00:00,5199.75,5199.85,5196.75,5196.75
11434,2024-03-15 14:01:00,5195.1,5197.15,5195.1,5195.9
11435,2024-03-15 14:02:00,5195.35,5198.55,5195.2,5196.15
11436,2024-03-15 14:03:00,5196.35,5198.55,5196.35,5197.35
11437,2024-03-15 14:04:00,5197.75,5197.75,5195.15,5195.95
11438,2024-03-15 14:05:00,5205.0,5206.9,5205.0,5205.15
11439,2024-03-15 14:06:00,5205.0,5206.9,5205.0,5205.0
11440,2024-03-15 14:07:00,5205.55,5205.55,5205.0,5205.0
11441,2024-03-15 14:08:00,5205.45,5210.0,5205.0,5208.7
11442,2024-03-15 14:09:00,5206.9,5208.7,5199.05,5199.05
11443,2024-03-15 14:10:00,5200.05,5202.85,5198.45,5199.0
11444,2024-03-15 14:11:00,5197.8,5199.8,5197.35,5197.35
11445,2024-03-15 14:12:00,5198.9,5198.9,5192.9,5194.7
11446,2024-03-15 14:13:00,5193.1,5194.7,5192.1,5192.1
11447,2024-03-15 14:14:00,5193.0,5193.45,5192.0,5193.05
11448,2024-03-15 14:15:00,5192.05,5193.0,5190.7,5191.45
11449,2024-03-15 14:16:00,5191.4,5191.4,5188.65,5188.7
11450,2024-03-15 14:17:00,5189.75,5198.0,5188.6,5196.95
11451,2024-03-15 14:18:00,5195.55,5199.45,5195.05,5198.95
11452,2024-03-15 14:19:00,5199.45,5202.0,5198.05,5202.0
11453,2024-03-15 14:20:00,5200.0,5201.15,5199.0,5200.0
11454,2024-03-15 14:21:00,5199.95,5201.7,5198.95,5201.7
11455,2024-03-15 14:22:00,5200.45,5201.7,5199.0,5199.0
11456,2024-03-15 14:23:00,5199.8,5201.05,5199.0,5200.0
11457,2024-03-15 14:24:00,5200.3,5204.1,5199.0,5200.6
11458,2024-03-15 14:25:00,5199.0,5200.6,5199.0,5199.0
11459,2024-03-15 14:26:00,5199.05,5201.5,5199.05,5200.6
11460,2024-03-15 14:27:00,5199.5,5201.35,5199.0,5199.0
11461,2024-03-15 14:28:00,5199.05,5200.5,5198.55,5199.6
11462,2024-03-15 14:29:00,5199.9,5200.35,5199.9,5200.15
11463,2024-03-15 14:30:00,5200.2,5202.4,5200.0,5200.0
11464,2024-03-15 14:31:00,5200.3,5200.3,5199.0,5199.8
11465,2024-03-15 14:32:00,5199.5,5200.0,5199.0,5199.65
11466,2024-03-15 14:33:00,5199.0,5200.4,5199.0,5199.95
11467,2024-03-15 14:34:00,5199.85,5202.95,5199.0,5199.65
11468,2024-03-15 14:35:00,5199.5,5203.35,5198.55,5199.0
11469,2024-03-15 14:36:00,5199.9,5200.0,5199.0,5199.95
11470,2024-03-15 14:37:00,5200.3,5201.55,5199.95,5199.95
11471,2024-03-15 14:38:00,5200.0,5200.4,5199.0,5199.0
11472,2024-03-15 14:39:00,5200.0,5202.2,5199.0,5199.0
11473,2024-03-15 14:40:00,5199.9,5201.3,5193.05,5194.55
11474,2024-03-15 14:41:00,5194.5,5196.45,5192.25,5192.75
11475,2024-03-15 14:42:00,5193.95,5193.95,5187.55,5189.8
11476,2024-03-15 14:43:00,5187.05,5192.25,5185.75,5188.55
11477,2024-03-15 14:44:00,5189.85,5189.85,5187.25,5188.9
11478,2024-03-15 14:45:00,5187.75,5189.3,5186.4,5188.0
11479,2024-03-15 14:46:00,5187.95,5191.2,5186.55,5187.5
11480,2024-03-15 14:47:00,5188.05,5188.05,5185.95,5185.95
11481,2024-03-15 14:48:00,5185.75,5192.6,5185.65,5191.4
11482,2024-03-15 14:49:00,5191.05,5191.35,5188.45,5188.55
11483,2024-03-15 14:50:00,5188.0,5194.55,5188.0,5194.55
11484,2024-03-15 14:51:00,5192.3,5196.6,5192.25,5195.15
11485,2024-03-15 14:52:00,5195.35,5197.9,5194.55,5195.2
11486,2024-03-15 14:53:00,5196.4,5198.2,5195.75,5197.0
11487,2024-03-15 14:54:00,5196.9,5197.4,5195.9,5195.9
11488,2024-03-15 14:55:00,5196.0,5196.9,5194.55,5195.05
11489,2024-03-15 14:56:00,5194.0,5198.2,5194.0,5198.15
11490,2024-03-15 14:57:00,5198.55,5199.0,5195.3,5197.25
11491,2024-03-15 14:58:00,5197.6,5197.6,5195.75,5197.1
11492,2024-03-15 14:59:00,5196.85,5197.15,5195.05,5196.3
11493,2024-03-15 15:00:00,5199.75,5202.7,5195.3,5196.3
11494,2024-03-15 15:01:00,5194.4,5198.05,5193.35,5196.2
11495,2024-03-15 15:02:00,5194.55,5194.95,5187.15,5188.9
11496,2024-03-15 15:03:00,5188.85,5197.8,5186.1,5197.8
11497,2024-03-15 15:04:00,5195.6,5203.5,5195.6,5202.3
11498,2024-03-15 15:05:00,5202.25,5202.3,5197.3,5197.95
11499,2024-03-15 15:06:00,5197.9,5204.0,5196.15,5199.65
11500,2024-03-15 15:07:00,5200.85,5200.85,5199.65,5199.7
11501,2024-03-15 15:08:00,5199.65,5199.7,5195.25,5195.85
11502,2024-03-15 15:09:00,5198.6,5198.6,5192.5,5193.05
11503,2024-03-15 15:10:00,5194.65,5194.65,5190.3,5192.35
11504,2024-03-15 15:11:00,5191.6,5192.85,5191.15,5191.35
11505,2024-03-15 15:12:00,5191.25,5191.35,5191.1,5191.15
11506,2024-03-15 15:13:00,5191.1,5191.1,5187.2,5187.25
11507,2024-03-15 15:14:00,5187.2,5200.95,5186.05,5200.1
11508,2024-03-15 15:15:00,5200.0,5200.95,5200.0,5200.95
11509,2024-03-15 15:16:00,5200.85,5204.0,5200.3,5203.05
11510,2024-03-15 15:17:00,5203.0,5203.05,5198.9,5199.7
11511,2024-03-15 15:18:00,5200.0,5201.95,5195.8,5198.55
11512,2024-03-15 15:19:00,5197.55,5198.0,5193.05,5194.5
11513,2024-03-15 15:20:00,5193.05,5193.15,5191.8,5192.05
11514,2024-03-15 15:21:00,5192.0,5194.4,5188.9,5194.4
11515,2024-03-15 15:22:00,5192.95,5195.4,5191.0,5191.9
11516,2024-03-15 15:23:00,5191.0,5191.0,5189.05,5190.05
11517,2024-03-15 15:24:00,5189.05,5189.05,5182.4,5183.6
11518,2024-03-15 15:25:00,5183.55,5195.9,5183.5,5195.3
11519,2024-03-15 15:26:00,5195.25,5195.3,5184.05,5186.65
11520,2024-03-15 15:27:00,5186.1,5190.25,5170.0,5177.8
11521,2024-03-15 15:28:00,5177.1,5194.9,5172.85,5186.05
11522,2024-03-15 15:29:00,5188.4,5194.4,5180.15,5187.0
11523,2024-03-18 09:14:00,5200.0,5200.0,5200.0,5200.0
11524,2024-03-18 09:15:00,5219.95,5219.95,5180.05,5184.0
11525,2024-03-18 09:16:00,5181.0,5195.55,5181.0,5185.5
11526,2024-03-18 09:17:00,5185.35,5190.65,5179.1,5186.65
11527,2024-03-18 09:18:00,5190.4,5190.4,5181.0,5181.0
11528,2024-03-18 09:19:00,5182.85,5191.15,5181.0,5188.0
11529,2024-03-18 09:20:00,5186.7,5200.0,5185.1,5197.45
11530,2024-03-18 09:21:00,5193.85,5198.1,5190.0,5192.0
11531,2024-03-18 09:22:00,5193.0,5196.5,5190.25,5190.8
11532,2024-03-18 09:23:00,5194.55,5197.95,5190.55,5195.35
11533,2024-03-18 09:24:00,5198.0,5200.0,5196.0,5197.9
11534,2024-03-18 09:25:00,5203.45,5206.4,5198.35,5202.8
11535,2024-03-18 09:26:00,5198.35,5200.0,5192.1,5194.55
11536,2024-03-18 09:27:00,5194.5,5195.8,5190.0,5190.95
11537,2024-03-18 09:28:00,5192.8,5193.0,5188.0,5190.4
11538,2024-03-18 09:29:00,5188.0,5192.4,5188.0,5192.25
11539,2024-03-18 09:30:00,5195.45,5200.0,5194.65,5198.6
11540,2024-03-18 09:31:00,5194.45,5195.75,5191.85,5191.85
11541,2024-03-18 09:32:00,5192.0,5192.15,5188.5,5188.5
11542,2024-03-18 09:33:00,5189.4,5191.45,5188.0,5188.0
11543,2024-03-18 09:34:00,5188.3,5188.3,5183.45,5188.0
11544,2024-03-18 09:35:00,5187.3,5188.0,5181.45,5181.45
11545,2024-03-18 09:36:00,5180.0,5181.45,5180.0,5180.0
11546,2024-03-18 09:37:00,5181.45,5186.35,5180.1,5184.15
11547,2024-03-18 09:38:00,5186.8,5187.95,5184.15,5186.1
11548,2024-03-18 09:39:00,5188.45,5188.45,5179.0,5179.0
11549,2024-03-18 09:40:00,5180.6,5184.0,5179.3,5179.6
11550,2024-03-18 09:41:00,5179.75,5186.05,5178.1,5181.4
11551,2024-03-18 09:42:00,5183.65,5185.4,5180.0,5185.2
11552,2024-03-18 09:43:00,5182.25,5185.3,5178.05,5182.1
11553,2024-03-18 09:44:00,5181.7,5184.8,5181.0,5181.0
11554,2024-03-18 09:45:00,5180.05,5180.95,5176.65,5180.4
11555,2024-03-18 09:46:00,5177.85,5185.8,5177.85,5185.8
11556,2024-03-18 09:47:00,5184.0,5189.0,5178.0,5178.0
11557,2024-03-18 09:48:00,5180.0,5180.0,5167.05,5168.0
11558,2024-03-18 09:49:00,5167.0,5179.35,5166.95,5173.95
11559,2024-03-18 09:50:00,5174.05,5179.0,5174.0,5177.8
11560,2024-03-18 09:51:00,5177.2,5187.95,5177.2,5180.65
11561,2024-03-18 09:52:00,5184.8,5188.0,5181.65,5188.0
11562,2024-03-18 09:53:00,5184.65,5187.8,5183.45,5186.7
11563,2024-03-18 09:54:00,5187.75,5188.45,5183.0,5186.9
11564,2024-03-18 09:55:00,5185.8,5195.15,5183.9,5195.15
11565,2024-03-18 09:56:00,5192.7,5195.55,5188.75,5191.4
11566,2024-03-18 09:57:00,5191.45,5193.7,5185.55,5193.7
11567,2024-03-18 09:58:00,5194.0,5195.0,5187.3,5191.85
11568,2024-03-18 09:59:00,5192.55,5194.95,5191.45,5194.8
11569,2024-03-18 10:00:00,5193.05,5194.95,5187.7,5190.0
11570,2024-03-18 10:01:00,5191.45,5195.0,5191.45,5195.0
11571,2024-03-18 10:02:00,5194.95,5195.95,5190.4,5190.4
11572,2024-03-18 10:03:00,5192.75,5198.45,5192.75,5195.0
11573,2024-03-18 10:04:00,5195.1,5197.9,5192.55,5193.8
11574,2024-03-18 10:05:00,5193.2,5193.2,5187.5,5191.5
11575,2024-03-18 10:06:00,5189.3,5192.4,5189.0,5190.55
11576,2024-03-18 10:07:00,5187.6,5190.95,5187.4,5189.9
11577,2024-03-18 10:08:00,5188.0,5188.0,5182.4,5186.15
11578,2024-03-18 10:09:00,5182.6,5187.7,5174.25,5174.25
11579,2024-03-18 10:10:00,5172.05,5177.85,5170.05,5170.15
11580,2024-03-18 10:11:00,5173.1,5177.0,5170.0,5177.0
11581,2024-03-18 10:12:00,5175.8,5177.9,5172.0,5175.1
11582,2024-03-18 10:13:00,5173.85,5177.0,5171.0,5173.35
11583,2024-03-18 10:14:00,5168.0,5174.95,5168.0,5174.95
11584,2024-03-18 10:15:00,5172.6,5174.95,5171.4,5173.85
11585,2024-03-18 10:16:00,5174.0,5179.6,5173.95,5179.45
11586,2024-03-18 10:17:00,5179.95,5183.35,5177.25,5180.55
11587,2024-03-18 10:18:00,5180.9,5182.2,5176.5,5177.75
11588,2024-03-18 10:19:00,5180.6,5181.5,5175.0,5179.95
11589,2024-03-18 10:20:00,5179.8,5182.45,5175.25,5177.85
11590,2024-03-18 10:21:00,5177.95,5183.2,5173.95,5183.2
11591,2024-03-18 10:22:00,5183.05,5183.05,5174.75,5177.85
11592,2024-03-18 10:23:00,5177.95,5177.95,5171.0,5172.6
11593,2024-03-18 10:24:00,5172.45,5174.95,5169.0,5172.35
11594,2024-03-18 10:25:00,5171.15,5174.9,5171.1,5173.0
11595,2024-03-18 10:26:00,5172.55,5174.75,5168.15,5174.75
11596,2024-03-18 10:27:00,5174.9,5180.4,5174.9,5180.4
11597,2024-03-18 10:28:00,5178.55,5181.9,5178.55,5180.95
11598,2024-03-18 10:29:00,5178.95,5182.25,5176.75,5180.15
11599,2024-03-18 10:30:00,5180.25,5183.85,5177.4,5178.05
11600,2024-03-18 10:31:00,5175.95,5180.0,5175.95,5179.95
11601,2024-03-18 10:32:00,5180.0,5180.95,5174.3,5174.3
11602,2024-03-18 10:33:00,5173.9,5180.35,5173.9,5173.9
11603,2024-03-18 10:34:00,5174.35,5177.7,5174.35,5174.95
11604,2024-03-18 10:35:00,5174.35,5175.45,5171.55,5171.55
11605,2024-03-18 10:36:00,5170.05,5173.1,5165.05,5165.05
11606,2024-03-18 10:37:00,5168.0,5169.9,5165.0,5168.85
11607,2024-03-18 10:38:00,5166.05,5167.05,5161.0,5162.6
11608,2024-03-18 10:39:00,5165.4,5165.4,5160.0,5162.95
11609,2024-03-18 10:40:00,5163.0,5166.55,5163.0,5165.7
11610,2024-03-18 10:41:00,5165.0,5168.8,5161.0,5164.65
11611,2024-03-18 10:42:00,5164.75,5164.75,5158.0,5158.65
11612,2024-03-18 10:43:00,5159.4,5165.0,5158.7,5165.0
11613,2024-03-18 10:44:00,5164.7,5166.7,5163.05,5164.85
11614,2024-03-18 10:45:00,5168.55,5171.95,5165.5,5171.45
11615,2024-03-18 10:46:00,5171.25,5171.3,5169.5,5169.5
11616,2024-03-18 10:47:00,5169.55,5171.1,5165.9,5169.1
11617,2024-03-18 10:48:00,5168.5,5169.7,5164.7,5167.25
11618,2024-03-18 10:49:00,5165.0,5165.0,5161.15,5164.2
11619,2024-03-18 10:50:00,5163.0,5165.0,5163.0,5165.0
11620,2024-03-18 10:51:00,5163.65,5168.0,5160.45,5164.35
11621,2024-03-18 10:52:00,5164.8,5167.45,5161.65,5165.9
11622,2024-03-18 10:53:00,5165.0,5166.55,5163.75,5165.25
11623,2024-03-18 10:54:00,5165.4,5166.0,5164.2,5165.75
11624,2024-03-18 10:55:00,5165.7,5167.4,5163.1,5165.95
11625,2024-03-18 10:56:00,5165.55,5165.95,5159.15,5159.25
11626,2024-03-18 10:57:00,5161.75,5161.75,5157.0,5159.0
11627,2024-03-18 10:58:00,5161.45,5164.0,5155.05,5155.05
11628,2024-03-18 10:59:00,5160.9,5160.95,5156.1,5158.7
11629,2024-03-18 11:00:00,5155.45,5159.95,5155.45,5159.35
11630,2024-03-18 11:01:00,5159.3,5161.95,5157.0,5161.85
11631,2024-03-18 11:02:00,5161.35,5161.45,5157.0,5160.9
11632,2024-03-18 11:03:00,5159.0,5163.65,5159.0,5163.65
11633,2024-03-18 11:04:00,5163.6,5169.0,5161.05,5169.0
11634,2024-03-18 11:05:00,5168.65,5169.0,5166.0,5166.0
11635,2024-03-18 11:06:00,5168.35,5168.45,5166.3,5168.35
11636,2024-03-18 11:07:00,5168.4,5168.4,5165.05,5165.3
11637,2024-03-18 11:08:00,5167.0,5167.0,5165.0,5166.6
11638,2024-03-18 11:09:00,5166.85,5168.65,5166.0,5168.0
11639,2024-03-18 11:10:00,5168.65,5168.65,5168.4,5168.4
11640,2024-03-18 11:11:00,5166.55,5168.4,5166.5,5168.4
11641,2024-03-18 11:12:00,5166.65,5168.4,5166.5,5167.7
11642,2024-03-18 11:13:00,5167.55,5167.55,5160.0,5162.1
11643,2024-03-18 11:14:00,5160.0,5165.35,5160.0,5163.15
11644,2024-03-18 11:15:00,5161.25,5163.15,5160.1,5161.1
11645,2024-03-18 11:16:00,5163.0,5164.4,5160.15,5164.0
11646,2024-03-18 11:17:00,5163.55,5165.85,5163.25,5164.8
11647,2024-03-18 11:18:00,5164.75,5164.75,5160.0,5163.4
11648,2024-03-18 11:19:00,5161.25,5163.4,5160.1,5162.9
11649,2024-03-18 11:20:00,5163.2,5167.9,5163.2,5167.35
11650,2024-03-18 11:21:00,5168.0,5168.2,5165.95,5167.7
11651,2024-03-18 11:22:00,5166.1,5167.7,5166.1,5167.65
11652,2024-03-18 11:23:00,5166.0,5167.65,5165.0,5165.0
11653,2024-03-18 11:24:00,5166.6,5169.8,5165.0,5165.0
11654,2024-03-18 11:25:00,5166.7,5166.75,5165.0,5166.75
11655,2024-03-18 11:26:00,5165.05,5169.9,5165.05,5166.05
11656,2024-03-18 11:27:00,5168.7,5168.7,5166.0,5168.4
11657,2024-03-18 11:28:00,5165.05,5166.05,5165.0,5166.0
11658,2024-03-18 11:29:00,5165.0,5167.0,5165.0,5167.0
11659,2024-03-18 11:30:00,5168.45,5175.0,5166.05,5173.0
11660,2024-03-18 11:31:00,5175.05,5176.0,5172.35,5174.5
11661,2024-03-18 11:32:00,5172.75,5174.5,5172.7,5173.8
11662,2024-03-18 11:33:00,5172.7,5176.0,5172.7,5175.7
11663,2024-03-18 11:34:00,5175.75,5178.0,5175.0,5178.0
11664,2024-03-18 11:35:00,5176.45,5178.0,5175.0,5176.0
11665,2024-03-18 11:36:00,5175.0,5176.0,5175.0,5176.0
11666,2024-03-18 11:37:00,5175.0,5178.45,5175.0,5175.9
11667,2024-03-18 11:38:00,5175.85,5179.9,5175.0,5179.0
11668,2024-03-18 11:39:00,5178.85,5178.85,5175.0,5178.0
11669,2024-03-18 11:40:00,5176.0,5178.65,5176.0,5178.45
11670,2024-03-18 11:41:00,5178.0,5178.45,5175.0,5177.2
11671,2024-03-18 11:42:00,5175.7,5177.4,5175.0,5177.1
11672,2024-03-18 11:43:00,5176.05,5177.85,5175.0,5177.85
11673,2024-03-18 11:44:00,5178.5,5180.25,5176.2,5180.2
11674,2024-03-18 11:45:00,5180.25,5184.3,5178.0,5179.9
11675,2024-03-18 11:46:00,5180.85,5180.85,5178.05,5180.5
11676,2024-03-18 11:47:00,5179.8,5181.0,5179.8,5181.0
11677,2024-03-18 11:48:00,5180.0,5181.0,5176.65,5178.85
11678,2024-03-18 11:49:00,5178.55,5178.55,5176.0,5177.0
11679,2024-03-18 11:50:00,5177.95,5177.95,5176.0,5177.9
11680,2024-03-18 11:51:00,5176.9,5177.85,5175.05,5175.1
11681,2024-03-18 11:52:00,5176.5,5180.95,5175.8,5180.95
11682,2024-03-18 11:53:00,5178.4,5180.95,5177.75,5180.0
11683,2024-03-18 11:54:00,5177.75,5179.95,5177.7,5179.95
11684,2024-03-18 11:55:00,5177.7,5179.95,5177.65,5179.9
11685,2024-03-18 11:56:00,5179.0,5179.0,5177.1,5179.0
11686,2024-03-18 11:57:00,5177.1,5179.0,5175.35,5176.9
11687,2024-03-18 11:58:00,5175.35,5176.95,5175.35,5176.95
11688,2024-03-18 11:59:00,5178.0,5178.75,5176.9,5177.0
11689,2024-03-18 12:00:00,5178.5,5178.55,5175.05,5177.35
11690,2024-03-18 12:01:00,5175.1,5178.55,5175.05,5175.6
11691,2024-03-18 12:02:00,5177.95,5178.2,5175.4,5176.2
11692,2024-03-18 12:03:00,5178.1,5178.2,5176.2,5176.55
11693,2024-03-18 12:04:00,5178.1,5179.0,5176.55,5179.0
11694,2024-03-18 12:05:00,5178.95,5179.0,5176.0,5176.3
11695,2024-03-18 12:06:00,5177.65,5177.7,5175.0,5177.2
11696,2024-03-18 12:07:00,5175.1,5178.0,5175.05,5178.0
11697,2024-03-18 12:08:00,5177.1,5179.0,5176.6,5176.6
11698,2024-03-18 12:09:00,5178.6,5178.6,5175.0,5177.85
11699,2024-03-18 12:10:00,5175.25,5178.0,5175.2,5177.7
11700,2024-03-18 12:11:00,5175.3,5180.1,5175.3,5179.95
11701,2024-03-18 12:12:00,5177.05,5179.3,5176.25,5178.2
11702,2024-03-18 12:13:00,5177.85,5178.4,5176.0,5177.45
11703,2024-03-18 12:14:00,5176.0,5177.55,5176.0,5177.55
11704,2024-03-18 12:15:00,5177.9,5179.95,5176.0,5177.15
11705,2024-03-18 12:16:00,5179.75,5180.15,5177.05,5177.05
11706,2024-03-18 12:17:00,5176.95,5183.55,5176.95,5183.4
11707,2024-03-18 12:18:00,5183.25,5188.55,5180.6,5186.1
11708,2024-03-18 12:19:00,5187.0,5187.0,5185.95,5186.95
11709,2024-03-18 12:20:00,5185.95,5186.95,5184.1,5184.1
11710,2024-03-18 12:21:00,5184.05,5185.0,5181.75,5182.55
11711,2024-03-18 12:22:00,5185.0,5187.0,5182.45,5187.0
11712,2024-03-18 12:23:00,5186.95,5187.0,5185.0,5186.95
11713,2024-03-18 12:24:00,5187.0,5187.0,5182.05,5184.5
11714,2024-03-18 12:25:00,5185.5,5185.65,5183.0,5184.0
11715,2024-03-18 12:26:00,5187.1,5187.1,5185.4,5186.55
11716,2024-03-18 12:27:00,5185.0,5186.55,5184.7,5186.15
11717,2024-03-18 12:28:00,5186.4,5186.95,5185.0,5186.95
11718,2024-03-18 12:29:00,5186.25,5186.9,5185.0,5186.9
11719,2024-03-18 12:30:00,5187.8,5188.55,5186.15,5187.7
11720,2024-03-18 12:31:00,5187.55,5187.55,5185.0,5186.45
11721,2024-03-18 12:32:00,5186.4,5186.4,5180.0,5182.5
11722,2024-03-18 12:33:00,5180.65,5182.8,5180.0,5180.0
11723,2024-03-18 12:34:00,5181.45,5185.0,5180.0,5184.0
11724,2024-03-18 12:35:00,5182.2,5187.05,5182.2,5186.95
11725,2024-03-18 12:36:00,5186.55,5187.05,5185.7,5187.0
11726,2024-03-18 12:37:00,5185.3,5188.0,5185.3,5187.95
11727,2024-03-18 12:38:00,5188.0,5194.3,5186.85,5191.3
11728,2024-03-18 12:39:00,5191.8,5192.5,5190.0,5192.5
11729,2024-03-18 12:40:00,5194.25,5195.0,5190.05,5190.05
11730,2024-03-18 12:41:00,5192.0,5192.35,5190.75,5192.05
11731,2024-03-18 12:42:00,5190.9,5193.2,5190.0,5191.3
11732,2024-03-18 12:43:00,5190.0,5190.95,5190.0,5190.0
11733,2024-03-18 12:44:00,5190.8,5191.6,5190.0,5190.0
11734,2024-03-18 12:45:00,5191.6,5192.95,5190.0,5191.65
11735,2024-03-18 12:46:00,5192.9,5193.0,5191.45,5193.0
11736,2024-03-18 12:47:00,5191.45,5193.0,5190.0,5191.1
11737,2024-03-18 12:48:00,5191.0,5191.1,5190.0,5191.1
11738,2024-03-18 12:49:00,5190.0,5191.7,5190.0,5191.7
11739,2024-03-18 12:50:00,5190.0,5192.0,5190.0,5192.0
11740,2024-03-18 12:51:00,5191.6,5193.0,5190.3,5193.0
11741,2024-03-18 12:52:00,5190.8,5193.0,5190.7,5192.9
11742,2024-03-18 12:53:00,5192.7,5192.7,5190.85,5192.4
11743,2024-03-18 12:54:00,5190.85,5192.7,5190.0,5190.0
11744,2024-03-18 12:55:00,5192.15,5192.6,5190.0,5191.75
11745,2024-03-18 12:56:00,5192.5,5192.5,5190.0,5191.75
11746,2024-03-18 12:57:00,5190.1,5191.8,5190.0,5191.8
11747,2024-03-18 12:58:00,5190.1,5191.8,5190.0,5191.2
11748,2024-03-18 12:59:00,5190.0,5192.0,5190.0,5192.0
11749,2024-03-18 13:00:00,5190.0,5192.25,5190.0,5190.05
11750,2024-03-18 13:01:00,5191.55,5192.25,5189.9,5192.25
11751,2024-03-18 13:02:00,5190.0,5194.45,5190.0,5192.95
11752,2024-03-18 13:03:00,5191.7,5195.0,5191.7,5195.0
11753,2024-03-18 13:04:00,5192.7,5194.5,5192.7,5193.0
11754,2024-03-18 13:05:00,5192.9,5194.5,5192.9,5193.0
11755,2024-03-18 13:06:00,5193.8,5193.8,5190.0,5191.0
11756,2024-03-18 13:07:00,5193.0,5193.0,5191.1,5193.0
11757,2024-03-18 13:08:00,5192.45,5195.0,5192.45,5195.0
11758,2024-03-18 13:09:00,5194.95,5195.0,5192.55,5194.35
11759,2024-03-18 13:10:00,5192.55,5194.35,5192.55,5194.25
11760,2024-03-18 13:11:00,5191.55,5194.2,5190.85,5193.2
11761,2024-03-18 13:12:00,5192.8,5194.0,5190.0,5193.7
11762,2024-03-18 13:13:00,5193.65,5193.65,5191.55,5193.55
11763,2024-03-18 13:14:00,5193.4,5196.95,5193.4,5196.45
11764,2024-03-18 13:15:00,5195.9,5198.25,5195.9,5196.0
11765,2024-03-18 13:16:00,5195.0,5196.0,5193.6,5194.5
11766,2024-03-18 13:17:00,5194.0,5194.5,5193.3,5193.4
11767,2024-03-18 13:18:00,5193.3,5194.25,5192.7,5194.25
11768,2024-03-18 13:19:00,5192.7,5194.6,5192.7,5193.7
11769,2024-03-18 13:20:00,5193.75,5203.55,5191.55,5193.55
11770,2024-03-18 13:21:00,5193.7,5195.05,5191.55,5192.15
11771,2024-03-18 13:22:00,5192.0,5193.05,5192.0,5193.0
11772,2024-03-18 13:23:00,5193.05,5194.45,5190.0,5193.5
11773,2024-03-18 13:24:00,5195.0,5198.05,5192.2,5198.05
11774,2024-03-18 13:25:00,5195.9,5199.0,5195.8,5195.85
11775,2024-03-18 13:26:00,5197.8,5200.0,5195.85,5199.7
11776,2024-03-18 13:27:00,5199.65,5200.0,5197.8,5199.95
11777,2024-03-18 13:28:00,5200.0,5202.55,5198.1,5200.0
11778,2024-03-18 13:29:00,5198.15,5200.0,5196.25,5199.95
11779,2024-03-18 13:30:00,5200.0,5203.8,5198.55,5203.75
11780,2024-03-18 13:31:00,5202.55,5203.8,5200.0,5202.45
11781,2024-03-18 13:32:00,5200.85,5202.8,5200.0,5201.95
11782,2024-03-18 13:33:00,5201.65,5202.65,5200.0,5200.0
11783,2024-03-18 13:34:00,5201.45,5202.4,5200.0,5201.65
11784,2024-03-18 13:35:00,5202.0,5202.0,5200.0,5200.0
11785,2024-03-18 13:36:00,5201.55,5201.75,5196.1,5198.85
11786,2024-03-18 13:37:00,5196.85,5199.8,5196.85,5199.8
11787,2024-03-18 13:38:00,5199.0,5199.8,5196.7,5196.7
11788,2024-03-18 13:39:00,5196.6,5200.0,5196.6,5199.8
11789,2024-03-18 13:40:00,5198.95,5199.8,5197.8,5199.6
11790,2024-03-18 13:41:00,5197.75,5199.6,5197.75,5199.6
11791,2024-03-18 13:42:00,5197.75,5200.0,5196.7,5199.6
11792,2024-03-18 13:43:00,5197.75,5200.0,5197.75,5199.55
11793,2024-03-18 13:44:00,5199.8,5200.0,5197.75,5200.0
11794,2024-03-18 13:45:00,5199.9,5200.0,5197.75,5199.7
11795,2024-03-18 13:46:00,5199.95,5200.0,5196.7,5196.7
11796,2024-03-18 13:47:00,5196.75,5198.15,5194.65,5198.05
11797,2024-03-18 13:48:00,5198.1,5199.05,5196.35,5198.55
11798,2024-03-18 13:49:00,5198.7,5199.2,5198.55,5199.0
11799,2024-03-18 13:50:00,5198.85,5199.0,5194.45,5195.0
11800,2024-03-18 13:51:00,5193.95,5196.0,5193.0,5194.95
11801,2024-03-18 13:52:00,5195.85,5196.7,5192.6,5196.7
11802,2024-03-18 13:53:00,5195.8,5199.4,5195.8,5197.0
11803,2024-03-18 13:54:00,5196.35,5198.2,5194.7,5197.95
11804,2024-03-18 13:55:00,5197.0,5199.7,5194.5,5198.55
11805,2024-03-18 13:56:00,5197.05,5200.0,5197.05,5199.95
11806,2024-03-18 13:57:00,5199.85,5201.0,5197.85,5197.85
11807,2024-03-18 13:58:00,5200.35,5201.0,5197.5,5199.85
11808,2024-03-18 13:59:00,5199.9,5200.5,5197.3,5199.55
11809,2024-03-18 14:00:00,5197.65,5200.0,5196.45,5199.25
11810,2024-03-18 14:01:00,5198.9,5198.95,5194.65,5194.65
11811,2024-03-18 14:02:00,5196.9,5197.0,5192.45,5192.45
11812,2024-03-18 14:03:00,5194.0,5198.0,5192.5,5197.35
11813,2024-03-18 14:04:00,5194.5,5198.0,5194.5,5195.6
11814,2024-03-18 14:05:00,5196.95,5198.3,5195.55,5195.95
11815,2024-03-18 14:06:00,5195.8,5199.25,5195.8,5199.25
11816,2024-03-18 14:07:00,5198.5,5199.85,5198.3,5199.85
11817,2024-03-18 14:08:00,5199.15,5200.0,5199.0,5199.2
11818,2024-03-18 14:09:00,5199.15,5200.5,5199.15,5200.5
11819,2024-03-18 14:10:00,5200.05,5201.55,5199.95,5201.25
11820,2024-03-18 14:11:00,5201.2,5201.25,5199.8,5200.0
11821,2024-03-18 14:12:00,5201.1,5201.1,5199.35,5200.0
11822,2024-03-18 14:13:00,5200.05,5200.05,5190.95,5190.95
11823,2024-03-18 14:14:00,5190.0,5195.15,5188.0,5195.0
11824,2024-03-18 14:15:00,5195.05,5197.1,5195.0,5195.05
11825,2024-03-18 14:16:00,5195.0,5195.9,5195.0,5195.1
11826,2024-03-18 14:17:00,5195.0,5200.0,5195.0,5197.75
11827,2024-03-18 14:18:00,5197.0,5198.55,5194.1,5194.1
11828,2024-03-18 14:19:00,5195.6,5195.6,5192.2,5194.75
11829,2024-03-18 14:20:00,5194.05,5198.05,5192.7,5197.35
11830,2024-03-18 14:21:00,5196.55,5196.7,5190.0,5190.0
11831,2024-03-18 14:22:00,5190.8,5197.4,5190.8,5194.75
11832,2024-03-18 14:23:00,5192.95,5197.95,5190.05,5197.95
11833,2024-03-18 14:24:00,5197.4,5197.4,5192.05,5192.5
11834,2024-03-18 14:25:00,5193.8,5198.9,5193.25,5196.8
11835,2024-03-18 14:26:00,5196.75,5197.7,5194.05,5195.0
11836,2024-03-18 14:27:00,5195.05,5195.05,5193.85,5193.9
11837,2024-03-18 14:28:00,5193.85,5195.0,5193.0,5193.0
11838,2024-03-18 14:29:00,5193.1,5193.75,5189.05,5189.9
11839,2024-03-18 14:30:00,5190.0,5190.0,5188.0,5188.65
11840,2024-03-18 14:31:00,5188.0,5188.65,5187.9,5188.65
11841,2024-03-18 14:32:00,5188.6,5190.0,5188.6,5188.6
11842,2024-03-18 14:33:00,5188.65,5190.8,5188.6,5188.65
11843,2024-03-18 14:34:00,5188.6,5188.6,5181.0,5184.6
11844,2024-03-18 14:35:00,5181.8,5185.05,5181.8,5183.55
11845,2024-03-18 14:36:00,5183.5,5185.55,5182.2,5185.45
11846,2024-03-18 14:37:00,5183.5,5185.45,5183.3,5185.45
11847,2024-03-18 14:38:00,5183.45,5186.25,5183.45,5186.25
11848,2024-03-18 14:39:00,5183.65,5185.65,5181.3,5185.0
11849,2024-03-18 14:40:00,5182.65,5184.95,5181.3,5181.3
11850,2024-03-18 14:41:00,5181.05,5184.25,5180.0,5183.35
11851,2024-03-18 14:42:00,5181.9,5183.9,5178.0,5180.8
11852,2024-03-18 14:43:00,5179.0,5180.8,5175.1,5178.0
11853,2024-03-18 14:44:00,5176.5,5180.7,5176.5,5180.3
11854,2024-03-18 14:45:00,5179.0,5180.3,5179.0,5179.0
11855,2024-03-18 14:46:00,5180.0,5182.65,5180.0,5182.5
11856,2024-03-18 14:47:00,5180.45,5183.65,5180.05,5183.5
11857,2024-03-18 14:48:00,5183.55,5183.65,5181.05,5183.65
11858,2024-03-18 14:49:00,5181.05,5183.6,5180.1,5181.35
11859,2024-03-18 14:50:00,5180.6,5182.85,5180.6,5182.3
11860,2024-03-18 14:51:00,5180.05,5182.65,5180.05,5182.0
11861,2024-03-18 14:52:00,5182.45,5182.45,5180.05,5181.6
11862,2024-03-18 14:53:00,5180.05,5181.6,5180.05,5181.2
11863,2024-03-18 14:54:00,5181.25,5181.25,5181.0,5181.0
11864,2024-03-18 14:55:00,5181.05,5181.25,5178.75,5181.2
11865,2024-03-18 14:56:00,5181.15,5181.15,5176.15,5176.5
11866,2024-03-18 14:57:00,5176.4,5177.75,5175.05,5176.1
11867,2024-03-18 14:58:00,5176.3,5179.0,5175.05,5179.0
11868,2024-03-18 14:59:00,5177.3,5177.3,5175.0,5175.95
11869,2024-03-18 15:00:00,5178.25,5181.15,5176.0,5176.0
11870,2024-03-18 15:01:00,5177.65,5180.7,5176.0,5177.75
11871,2024-03-18 15:02:00,5177.55,5181.2,5177.55,5179.05
11872,2024-03-18 15:03:00,5179.95,5179.95,5173.0,5173.0
11873,2024-03-18 15:04:00,5173.5,5175.0,5171.3,5174.9
11874,2024-03-18 15:05:00,5173.55,5174.1,5172.0,5173.2
11875,2024-03-18 15:06:00,5172.05,5172.85,5170.1,5170.5
11876,2024-03-18 15:07:00,5170.15,5170.15,5163.6,5163.6
11877,2024-03-18 15:08:00,5165.0,5167.15,5160.6,5165.0
11878,2024-03-18 15:09:00,5164.95,5170.65,5163.05,5166.6
11879,2024-03-18 15:10:00,5166.45,5176.05,5166.2,5172.75
11880,2024-03-18 15:11:00,5172.05,5172.05,5168.35,5169.05
11881,2024-03-18 15:12:00,5169.3,5170.85,5169.3,5170.75
11882,2024-03-18 15:13:00,5170.65,5172.35,5170.65,5171.95
11883,2024-03-18 15:14:00,5161.6,5168.3,5161.6,5168.3
11884,2024-03-18 15:15:00,5168.25,5171.95,5164.55,5171.55
11885,2024-03-18 15:16:00,5171.4,5171.55,5167.55,5171.05
11886,2024-03-18 15:17:00,5170.6,5171.05,5167.55,5170.55
11887,2024-03-18 15:18:00,5170.65,5171.3,5166.95,5169.05
11888,2024-03-18 15:19:00,5169.4,5169.45,5164.55,5164.6
11889,2024-03-18 15:20:00,5166.4,5166.4,5160.05,5160.65
11890,2024-03-18 15:21:00,5162.0,5162.0,5156.0,5158.0
11891,2024-03-18 15:22:00,5157.85,5158.0,5155.0,5156.4
11892,2024-03-18 15:23:00,5156.35,5160.65,5156.25,5158.45
11893,2024-03-18 15:24:00,5159.0,5159.75,5155.35,5159.45
11894,2024-03-18 15:25:00,5159.5,5162.0,5159.5,5160.15
11895,2024-03-18 15:26:00,5160.0,5164.2,5157.65,5162.35
11896,2024-03-18 15:27:00,5164.1,5165.75,5155.05,5157.15
11897,2024-03-18 15:28:00,5160.0,5160.0,5154.7,5155.05
11898,2024-03-18 15:29:00,5156.6,5164.95,5150.0,5156.4
11899,2024-03-19 09:14:00,5167.0,5167.0,5167.0,5167.0
11900,2024-03-19 09:15:00,5167.4,5176.45,5160.05,5166.3
11901,2024-03-19 09:16:00,5166.35,5166.35,5152.65,5159.15
11902,2024-03-19 09:17:00,5159.6,5159.7,5152.65,5157.45
11903,2024-03-19 09:18:00,5157.4,5159.5,5151.0,5159.5
11904,2024-03-19 09:19:00,5159.2,5159.5,5156.25,5156.95
11905,2024-03-19 09:20:00,5159.1,5159.1,5142.45,5142.45
11906,2024-03-19 09:21:00,5140.05,5140.35,5131.45,5133.8
11907,2024-03-19 09:22:00,5125.0,5125.0,5118.3,5121.8
11908,2024-03-19 09:23:00,5122.0,5122.0,5116.6,5121.3
11909,2024-03-19 09:24:00,5120.95,5129.0,5118.75,5126.9
11910,2024-03-19 09:25:00,5123.7,5129.0,5123.7,5129.0
11911,2024-03-19 09:26:00,5128.15,5137.3,5119.05,5119.05
11912,2024-03-19 09:27:00,5120.0,5124.0,5117.7,5123.75
11913,2024-03-19 09:28:00,5124.0,5139.35,5124.0,5139.35
11914,2024-03-19 09:29:00,5135.7,5140.0,5130.45,5134.05
11915,2024-03-19 09:30:00,5130.55,5133.6,5126.0,5127.55
11916,2024-03-19 09:31:00,5127.45,5130.25,5121.3,5124.05
11917,2024-03-19 09:32:00,5124.15,5129.0,5124.15,5126.0
11918,2024-03-19 09:33:00,5128.7,5129.0,5125.75,5127.2
11919,2024-03-19 09:34:00,5127.05,5129.75,5127.0,5129.0
11920,2024-03-19 09:35:00,5127.0,5128.95,5124.45,5126.45
11921,2024-03-19 09:36:00,5127.05,5128.05,5124.7,5126.7
11922,2024-03-19 09:37:00,5126.45,5129.0,5124.7,5124.7
11923,2024-03-19 09:38:00,5126.55,5129.0,5126.0,5126.7
11924,2024-03-19 09:39:00,5126.4,5128.1,5123.05,5124.6
11925,2024-03-19 09:40:00,5123.05,5124.75,5121.2,5123.9
11926,2024-03-19 09:41:00,5124.75,5125.0,5120.45,5120.45
11927,2024-03-19 09:42:00,5121.85,5124.3,5120.0,5120.0
11928,2024-03-19 09:43:00,5122.0,5124.25,5120.0,5121.35
11929,2024-03-19 09:44:00,5121.05,5123.9,5120.1,5123.9
11930,2024-03-19 09:45:00,5122.75,5124.15,5120.85,5122.7
11931,2024-03-19 09:46:00,5124.65,5125.9,5123.0,5125.75
11932,2024-03-19 09:47:00,5125.8,5125.8,5124.0,5124.0
11933,2024-03-19 09:48:00,5124.1,5124.65,5121.55,5122.0
11934,2024-03-19 09:49:00,5123.5,5125.0,5121.9,5124.9
11935,2024-03-19 09:50:00,5125.0,5125.5,5123.25,5125.35
11936,2024-03-19 09:51:00,5125.45,5125.45,5122.0,5122.5
11937,2024-03-19 09:52:00,5123.3,5126.4,5123.3,5124.75
11938,2024-03-19 09:53:00,5126.7,5127.2,5123.3,5123.9
11939,2024-03-19 09:54:00,5124.2,5124.3,5122.5,5124.3
11940,2024-03-19 09:55:00,5124.35,5124.35,5115.0,5115.6
11941,2024-03-19 09:56:00,5115.0,5115.0,5105.05,5107.4
11942,2024-03-19 09:57:00,5106.95,5107.8,5105.05,5105.15
11943,2024-03-19 09:58:00,5104.35,5105.95,5095.0,5097.85
11944,2024-03-19 09:59:00,5100.0,5101.6,5085.15,5090.0
11945,2024-03-19 10:00:00,5088.1,5090.0,5085.2,5090.0
11946,2024-03-19 10:01:00,5092.05,5096.3,5087.5,5094.0
11947,2024-03-19 10:02:00,5093.95,5095.6,5091.3,5095.6
11948,2024-03-19 10:03:00,5094.05,5095.55,5092.0,5092.05
11949,2024-03-19 10:04:00,5093.65,5095.75,5092.1,5094.25
11950,2024-03-19 10:05:00,5090.0,5090.0,5085.0,5086.55
11951,2024-03-19 10:06:00,5086.6,5093.25,5086.6,5093.25
11952,2024-03-19 10:07:00,5093.4,5093.4,5090.45,5091.0
11953,2024-03-19 10:08:00,5092.75,5092.75,5089.05,5091.4
11954,2024-03-19 10:09:00,5090.3,5091.0,5089.05,5090.0
11955,2024-03-19 10:10:00,5090.9,5097.45,5090.5,5093.0
11956,2024-03-19 10:11:00,5095.75,5099.0,5095.2,5098.65
11957,2024-03-19 10:12:00,5099.0,5099.0,5095.65,5095.65
11958,2024-03-19 10:13:00,5096.9,5096.9,5095.2,5096.1
11959,2024-03-19 10:14:00,5096.9,5098.8,5096.9,5098.8
11960,2024-03-19 10:15:00,5096.95,5097.1,5090.0,5091.95
11961,2024-03-19 10:16:00,5092.25,5093.0,5090.05,5091.8
11962,2024-03-19 10:17:00,5090.15,5091.7,5090.0,5090.7
11963,2024-03-19 10:18:00,5090.45,5090.45,5089.05,5089.05
11964,2024-03-19 10:19:00,5090.4,5090.4,5086.1,5088.7
11965,2024-03-19 10:20:00,5088.8,5088.8,5088.0,5088.8
11966,2024-03-19 10:21:00,5088.0,5091.0,5086.7,5088.8
11967,2024-03-19 10:22:00,5088.0,5088.85,5081.0,5081.3
11968,2024-03-19 10:23:00,5083.35,5085.35,5081.3,5085.0
11969,2024-03-19 10:24:00,5085.35,5087.95,5085.35,5086.95
11970,2024-03-19 10:25:00,5085.35,5086.95,5083.05,5084.85
11971,2024-03-19 10:26:00,5087.5,5087.5,5084.9,5087.1
11972,2024-03-19 10:27:00,5085.1,5091.4,5085.1,5091.4
11973,2024-03-19 10:28:00,5090.0,5091.85,5089.2,5091.55
11974,2024-03-19 10:29:00,5090.25,5092.85,5090.25,5092.45
11975,2024-03-19 10:30:00,5092.55,5092.55,5086.6,5088.15
11976,2024-03-19 10:31:00,5086.6,5090.1,5086.25,5089.95
11977,2024-03-19 10:32:00,5088.25,5090.35,5087.3,5087.3
11978,2024-03-19 10:33:00,5087.0,5087.0,5080.1,5082.55
11979,2024-03-19 10:34:00,5081.1,5081.1,5076.2,5080.45
11980,2024-03-19 10:35:00,5078.05,5088.8,5078.05,5088.8
11981,2024-03-19 10:36:00,5089.0,5089.0,5084.3,5085.8
11982,2024-03-19 10:37:00,5085.0,5089.15,5084.5,5085.8
11983,2024-03-19 10:38:00,5085.7,5090.0,5085.7,5090.0
11984,2024-03-19 10:39:00,5091.95,5091.95,5090.0,5090.85
11985,2024-03-19 10:40:00,5090.6,5090.6,5087.2,5090.15
11986,2024-03-19 10:41:00,5090.0,5090.15,5090.0,5090.0
11987,2024-03-19 10:42:00,5090.15,5091.9,5088.1,5090.1
11988,2024-03-19 10:43:00,5091.85,5098.0,5090.25,5097.25
11989,2024-03-19 10:44:00,5095.25,5098.45,5094.3,5098.45
11990,2024-03-19 10:45:00,5096.3,5102.0,5096.3,5102.0
11991,2024-03-19 10:46:00,5100.3,5102.0,5096.95,5099.5
11992,2024-03-19 10:47:00,5097.2,5099.65,5096.25,5098.0
11993,2024-03-19 10:48:00,5098.9,5103.3,5098.9,5103.3
11994,2024-03-19 10:49:00,5102.0,5106.5,5100.65,5105.5
11995,2024-03-19 10:50:00,5103.7,5105.5,5100.5,5102.5
11996,2024-03-19 10:51:00,5102.0,5103.5,5100.85,5103.5
11997,2024-03-19 10:52:00,5102.65,5109.0,5102.55,5107.35
11998,2024-03-19 10:53:00,5107.0,5109.65,5105.65,5107.0
11999,2024-03-19 10:54:00,5106.4,5107.0,5102.7,5104.85
12000,2024-03-19 10:55:00,5103.2,5106.1,5099.0,5099.0
12001,2024-03-19 10:56:00,5097.8,5099.9,5090.0,5092.3
12002,2024-03-19 10:57:00,5090.2,5094.0,5090.2,5092.0
12003,2024-03-19 10:58:00,5093.4,5093.4,5092.0,5093.4
12004,2024-03-19 10:59:00,5092.1,5093.35,5090.3,5090.3
12005,2024-03-19 11:00:00,5092.55,5093.55,5090.35,5093.55
12006,2024-03-19 11:01:00,5093.65,5093.7,5090.8,5093.5
12007,2024-03-19 11:02:00,5091.15,5093.7,5091.15,5093.45
12008,2024-03-19 11:03:00,5091.2,5093.6,5090.05,5093.05
12009,2024-03-19 11:04:00,5090.35,5093.25,5090.35,5093.25
12010,2024-03-19 11:05:00,5091.55,5091.65,5088.1,5088.15
12011,2024-03-19 11:06:00,5088.95,5090.0,5085.15,5088.0
12012,2024-03-19 11:07:00,5090.0,5093.6,5090.0,5093.05
12013,2024-03-19 11:08:00,5093.2,5093.55,5091.65,5093.5
12014,2024-03-19 11:09:00,5092.0,5094.0,5088.9,5091.0
12015,2024-03-19 11:10:00,5091.35,5093.95,5090.0,5093.9
12016,2024-03-19 11:11:00,5093.65,5093.65,5090.15,5090.15
12017,2024-03-19 11:12:00,5092.0,5093.5,5091.0,5092.0
12018,2024-03-19 11:13:00,5093.55,5093.65,5091.0,5092.6
12019,2024-03-19 11:14:00,5092.75,5092.8,5091.25,5092.8
12020,2024-03-19 11:15:00,5092.6,5092.65,5090.5,5090.5
12021,2024-03-19 11:16:00,5091.35,5091.35,5090.0,5091.15
12022,2024-03-19 11:17:00,5090.0,5091.15,5090.0,5091.05
12023,2024-03-19 11:18:00,5090.0,5091.05,5090.0,5091.05
12024,2024-03-19 11:19:00,5090.5,5091.05,5090.0,5090.0
12025,2024-03-19 11:20:00,5090.9,5090.9,5088.0,5088.6
12026,2024-03-19 11:21:00,5090.0,5090.6,5088.25,5089.0
12027,2024-03-19 11:22:00,5088.95,5090.45,5088.95,5090.1
12028,2024-03-19 11:23:00,5090.0,5090.05,5090.0,5090.0
12029,2024-03-19 11:24:00,5090.05,5090.05,5090.0,5090.0
12030,2024-03-19 11:25:00,5090.05,5090.05,5090.0,5090.0
12031,2024-03-19 11:26:00,5090.05,5090.05,5090.0,5090.05
12032,2024-03-19 11:27:00,5090.0,5090.05,5090.0,5090.0
12033,2024-03-19 11:28:00,5090.05,5090.05,5089.15,5089.15
12034,2024-03-19 11:29:00,5090.0,5090.0,5085.0,5085.0
12035,2024-03-19 11:30:00,5085.85,5086.1,5085.0,5085.25
12036,2024-03-19 11:31:00,5086.0,5086.05,5085.0,5085.0
12037,2024-03-19 11:32:00,5085.05,5090.0,5085.0,5085.7
12038,2024-03-19 11:33:00,5088.65,5090.1,5085.0,5090.05
12039,2024-03-19 11:34:00,5090.0,5090.1,5087.7,5090.1
12040,2024-03-19 11:35:00,5090.0,5091.5,5090.0,5090.0
12041,2024-03-19 11:36:00,5091.5,5091.5,5090.0,5091.3
12042,2024-03-19 11:37:00,5090.0,5091.3,5090.0,5090.0
12043,2024-03-19 11:38:00,5091.2,5091.3,5090.0,5090.0
12044,2024-03-19 11:39:00,5090.65,5090.65,5086.05,5086.05
12045,2024-03-19 11:40:00,5087.55,5087.55,5085.0,5086.7
12046,2024-03-19 11:41:00,5085.25,5090.6,5085.25,5090.6
12047,2024-03-19 11:42:00,5090.0,5091.45,5090.0,5090.65
12048,2024-03-19 11:43:00,5090.75,5091.5,5090.0,5090.0
12049,2024-03-19 11:44:00,5090.7,5091.2,5090.0,5091.0
12050,2024-03-19 11:45:00,5090.05,5092.8,5090.0,5090.7
12051,2024-03-19 11:46:00,5090.0,5092.9,5090.0,5092.5
12052,2024-03-19 11:47:00,5091.0,5091.65,5090.0,5090.85
12053,2024-03-19 11:48:00,5090.05,5095.45,5090.05,5092.85
12054,2024-03-19 11:49:00,5094.95,5095.45,5092.65,5095.0
12055,2024-03-19 11:50:00,5092.7,5095.0,5092.7,5093.05
12056,2024-03-19 11:51:00,5093.0,5094.85,5093.0,5094.0
12057,2024-03-19 11:52:00,5093.55,5095.0,5092.9,5094.4
12058,2024-03-19 11:53:00,5094.45,5094.45,5092.4,5094.45
12059,2024-03-19 11:54:00,5094.0,5094.3,5092.05,5093.95
12060,2024-03-19 11:55:00,5092.3,5097.95,5092.3,5094.45
12061,2024-03-19 11:56:00,5094.55,5096.95,5093.55,5093.7
12062,2024-03-19 11:57:00,5093.55,5095.7,5093.0,5094.0
12063,2024-03-19 11:58:00,5092.9,5093.6,5092.3,5092.3
12064,2024-03-19 11:59:00,5092.05,5093.9,5091.95,5091.95
12065,2024-03-19 12:00:00,5092.9,5092.9,5090.0,5091.55
12066,2024-03-19 12:01:00,5090.0,5092.45,5090.0,5090.9
12067,2024-03-19 12:02:00,5092.75,5092.75,5090.0,5090.0
12068,2024-03-19 12:03:00,5090.95,5092.85,5090.0,5090.05
12069,2024-03-19 12:04:00,5090.0,5092.5,5090.0,5092.0
12070,2024-03-19 12:05:00,5090.0,5092.0,5090.0,5091.95
12071,2024-03-19 12:06:00,5090.1,5092.0,5090.1,5092.0
12072,2024-03-19 12:07:00,5091.05,5094.0,5091.05,5093.95
12073,2024-03-19 12:08:00,5091.8,5094.0,5091.8,5094.0
12074,2024-03-19 12:09:00,5091.8,5094.0,5091.5,5094.0
12075,2024-03-19 12:10:00,5091.7,5093.85,5091.1,5093.8
12076,2024-03-19 12:11:00,5091.05,5094.0,5091.0,5091.35
12077,2024-03-19 12:12:00,5091.3,5093.95,5091.3,5092.4
12078,2024-03-19 12:13:00,5093.15,5093.95,5091.5,5093.6
12079,2024-03-19 12:14:00,5091.5,5093.7,5091.0,5093.15
12080,2024-03-19 12:15:00,5091.5,5093.25,5090.25,5093.25
12081,2024-03-19 12:16:00,5090.9,5093.1,5090.9,5093.1
12082,2024-03-19 12:17:00,5092.2,5094.9,5091.1,5094.9
12083,2024-03-19 12:18:00,5092.95,5094.9,5091.6,5094.7
12084,2024-03-19 12:19:00,5092.0,5094.65,5091.9,5094.5
12085,2024-03-19 12:20:00,5092.25,5095.0,5092.25,5093.85
12086,2024-03-19 12:21:00,5092.9,5093.85,5092.9,5093.45
12087,2024-03-19 12:22:00,5092.4,5095.0,5091.85,5093.05
12088,2024-03-19 12:23:00,5093.0,5094.95,5093.0,5094.85
12089,2024-03-19 12:24:00,5093.0,5098.45,5093.0,5098.0
12090,2024-03-19 12:25:00,5095.6,5100.0,5095.6,5100.0
12091,2024-03-19 12:26:00,5098.65,5100.0,5097.45,5099.0
12092,2024-03-19 12:27:00,5097.95,5102.9,5097.9,5101.95
12093,2024-03-19 12:28:00,5099.4,5101.95,5095.55,5099.45
12094,2024-03-19 12:29:00,5096.75,5099.9,5096.75,5097.85
12095,2024-03-19 12:30:00,5098.0,5099.95,5097.25,5097.25
12096,2024-03-19 12:31:00,5096.2,5098.5,5095.45,5098.3
12097,2024-03-19 12:32:00,5096.65,5100.0,5096.65,5099.95
12098,2024-03-19 12:33:00,5097.55,5103.05,5097.55,5102.8
12099,2024-03-19 12:34:00,5101.1,5104.0,5101.1,5104.0
12100,2024-03-19 12:35:00,5104.25,5106.5,5104.0,5104.0
12101,2024-03-19 12:36:00,5105.55,5105.85,5101.8,5102.35
12102,2024-03-19 12:37:00,5104.65,5105.35,5104.0,5104.0
12103,2024-03-19 12:38:00,5104.9,5104.9,5100.6,5102.7
12104,2024-03-19 12:39:00,5100.15,5101.7,5098.95,5099.2
12105,2024-03-19 12:40:00,5097.05,5100.45,5095.0,5097.55
12106,2024-03-19 12:41:00,5096.2,5100.05,5095.25,5099.9
12107,2024-03-19 12:42:00,5097.8,5100.45,5097.8,5100.45
12108,2024-03-19 12:43:00,5099.5,5099.95,5098.0,5099.95
12109,2024-03-19 12:44:00,5098.0,5099.8,5096.4,5098.3
12110,2024-03-19 12:45:00,5097.0,5100.55,5097.0,5100.05
12111,2024-03-19 12:46:00,5100.0,5100.6,5097.0,5099.25
12112,2024-03-19 12:47:00,5097.05,5106.4,5097.05,5103.9
12113,2024-03-19 12:48:00,5100.55,5104.0,5100.55,5103.0
12114,2024-03-19 12:49:00,5104.95,5104.95,5101.05,5101.05
12115,2024-03-19 12:50:00,5101.55,5103.25,5100.9,5101.45
12116,2024-03-19 12:51:00,5100.9,5103.25,5096.25,5100.95
12117,2024-03-19 12:52:00,5098.1,5101.0,5097.0,5100.95
12118,2024-03-19 12:53:00,5097.6,5101.0,5097.6,5100.5
12119,2024-03-19 12:54:00,5100.0,5100.5,5098.05,5099.0
12120,2024-03-19 12:55:00,5097.35,5099.95,5097.35,5099.9
12121,2024-03-19 12:56:00,5097.85,5100.0,5097.75,5097.75
12122,2024-03-19 12:57:00,5095.4,5098.35,5095.3,5097.95
12123,2024-03-19 12:58:00,5095.55,5098.45,5095.55,5096.0
12124,2024-03-19 12:59:00,5096.05,5099.5,5096.05,5099.5
12125,2024-03-19 13:00:00,5096.9,5098.85,5095.1,5097.0
12126,2024-03-19 13:01:00,5095.9,5097.0,5095.9,5097.0
12127,2024-03-19 13:02:00,5095.2,5097.0,5095.1,5095.45
12128,2024-03-19 13:03:00,5095.1,5096.7,5091.05,5092.95
12129,2024-03-19 13:04:00,5091.8,5095.0,5091.1,5093.75
12130,2024-03-19 13:05:00,5091.9,5097.0,5091.9,5097.0
12131,2024-03-19 13:06:00,5095.0,5100.25,5095.0,5099.3
12132,2024-03-19 13:07:00,5098.4,5099.35,5095.05,5099.35
12133,2024-03-19 13:08:00,5097.3,5099.35,5095.05,5098.0
12134,2024-03-19 13:09:00,5095.65,5098.0,5095.45,5095.45
12135,2024-03-19 13:10:00,5096.85,5098.8,5095.35,5098.3
12136,2024-03-19 13:11:00,5096.75,5098.55,5095.0,5097.75
12137,2024-03-19 13:12:00,5097.65,5097.7,5094.9,5096.95
12138,2024-03-19 13:13:00,5094.2,5098.15,5094.2,5095.5
12139,2024-03-19 13:14:00,5098.2,5098.8,5095.55,5098.45
12140,2024-03-19 13:15:00,5095.55,5098.5,5095.55,5098.4
12141,2024-03-19 13:16:00,5098.0,5098.4,5096.0,5096.2
12142,2024-03-19 13:17:00,5096.3,5098.1,5096.0,5096.95
12143,2024-03-19 13:18:00,5096.6,5098.4,5096.0,5098.4
12144,2024-03-19 13:19:00,5098.25,5098.25,5096.0,5098.0
12145,2024-03-19 13:20:00,5096.1,5098.5,5096.1,5098.5
12146,2024-03-19 13:21:00,5096.35,5099.05,5096.2,5098.95
12147,2024-03-19 13:22:00,5098.0,5100.5,5098.0,5100.0
12148,2024-03-19 13:23:00,5100.5,5101.0,5100.0,5100.6
12149,2024-03-19 13:24:00,5100.0,5100.6,5100.0,5100.4
12150,2024-03-19 13:25:00,5100.0,5101.0,5100.0,5101.0
12151,2024-03-19 13:26:00,5100.0,5104.0,5100.0,5104.0
12152,2024-03-19 13:27:00,5101.85,5105.0,5101.85,5105.0
12153,2024-03-19 13:28:00,5103.9,5105.0,5101.0,5101.0
12154,2024-03-19 13:29:00,5102.95,5103.15,5097.3,5097.3
12155,2024-03-19 13:30:00,5099.55,5103.95,5096.9,5103.75
12156,2024-03-19 13:31:00,5101.55,5104.0,5101.55,5102.0
12157,2024-03-19 13:32:00,5100.45,5103.55,5100.3,5100.3
12158,2024-03-19 13:33:00,5100.0,5103.05,5100.0,5102.5
12159,2024-03-19 13:34:00,5100.0,5102.8,5100.0,5101.35
12160,2024-03-19 13:35:00,5100.0,5102.6,5100.0,5102.3
12161,2024-03-19 13:36:00,5100.0,5102.3,5100.0,5100.0
12162,2024-03-19 13:37:00,5101.0,5102.7,5100.0,5102.15
12163,2024-03-19 13:38:00,5102.45,5102.45,5100.0,5100.0
12164,2024-03-19 13:39:00,5102.0,5102.0,5100.0,5101.15
12165,2024-03-19 13:40:00,5100.0,5102.0,5100.0,5102.0
12166,2024-03-19 13:41:00,5103.0,5103.0,5100.3,5100.55
12167,2024-03-19 13:42:00,5103.0,5103.0,5100.05,5101.75
12168,2024-03-19 13:43:00,5100.9,5102.3,5100.0,5101.9
12169,2024-03-19 13:44:00,5100.0,5101.9,5100.0,5100.85
12170,2024-03-19 13:45:00,5100.0,5101.0,5100.0,5100.65
12171,2024-03-19 13:46:00,5100.0,5100.65,5100.0,5100.0
12172,2024-03-19 13:47:00,5100.5,5100.5,5099.05,5099.05
12173,2024-03-19 13:48:00,5098.2,5099.8,5098.0,5098.2
12174,2024-03-19 13:49:00,5098.0,5099.65,5097.9,5097.9
12175,2024-03-19 13:50:00,5099.3,5099.6,5095.0,5099.6
12176,2024-03-19 13:51:00,5097.1,5100.05,5095.2,5100.0
12177,2024-03-19 13:52:00,5097.05,5100.45,5097.05,5100.3
12178,2024-03-19 13:53:00,5098.8,5102.5,5098.8,5100.15
12179,2024-03-19 13:54:00,5103.85,5103.9,5100.25,5101.85
12180,2024-03-19 13:55:00,5103.45,5103.5,5100.0,5102.05
12181,2024-03-19 13:56:00,5100.0,5101.9,5100.0,5100.0
12182,2024-03-19 13:57:00,5101.0,5102.0,5100.0,5100.9
12183,2024-03-19 13:58:00,5101.95,5102.0,5100.0,5101.45
12184,2024-03-19 13:59:00,5100.0,5101.5,5100.0,5101.0
12185,2024-03-19 14:00:00,5101.5,5101.5,5101.0,5101.0
12186,2024-03-19 14:01:00,5100.0,5101.0,5100.0,5100.0
12187,2024-03-19 14:02:00,5100.25,5101.0,5100.0,5101.0
12188,2024-03-19 14:03:00,5100.0,5101.0,5100.0,5100.0
12189,2024-03-19 14:04:00,5100.05,5100.95,5100.0,5100.05
12190,2024-03-19 14:05:00,5100.0,5101.0,5100.0,5101.0
12191,2024-03-19 14:06:00,5100.0,5104.25,5100.0,5101.25
12192,2024-03-19 14:07:00,5102.95,5103.0,5100.1,5100.6
12193,2024-03-19 14:08:00,5100.55,5103.0,5100.0,5100.1
12194,2024-03-19 14:09:00,5100.0,5101.95,5100.0,5100.95
12195,2024-03-19 14:10:00,5100.0,5101.15,5100.0,5101.15
12196,2024-03-19 14:11:00,5100.0,5101.15,5099.2,5100.0
12197,2024-03-19 14:12:00,5100.65,5100.65,5100.0,5100.2
12198,2024-03-19 14:13:00,5100.0,5100.75,5100.0,5100.75
12199,2024-03-19 14:14:00,5100.0,5101.2,5100.0,5100.05
12200,2024-03-19 14:15:00,5101.3,5101.5,5100.0,5101.5
12201,2024-03-19 14:16:00,5100.0,5101.55,5090.0,5095.0
12202,2024-03-19 14:17:00,5095.05,5095.05,5086.0,5086.9
12203,2024-03-19 14:18:00,5088.45,5088.8,5085.0,5086.7
12204,2024-03-19 14:19:00,5088.75,5089.45,5085.0,5087.5
12205,2024-03-19 14:20:00,5086.85,5089.0,5085.0,5085.2
12206,2024-03-19 14:21:00,5085.35,5087.5,5085.0,5085.0
12207,2024-03-19 14:22:00,5086.55,5086.6,5085.0,5086.4
12208,2024-03-19 14:23:00,5085.0,5090.3,5085.0,5090.0
12209,2024-03-19 14:24:00,5090.9,5090.95,5089.0,5089.0
12210,2024-03-19 14:25:00,5090.0,5093.55,5089.0,5093.3
12211,2024-03-19 14:26:00,5092.5,5093.9,5090.0,5091.3
12212,2024-03-19 14:27:00,5091.35,5093.0,5090.0,5091.3
12213,2024-03-19 14:28:00,5090.0,5092.1,5090.0,5090.0
12214,2024-03-19 14:29:00,5090.2,5092.35,5090.0,5090.95
12215,2024-03-19 14:30:00,5090.0,5093.65,5090.0,5090.2
12216,2024-03-19 14:31:00,5090.0,5093.0,5090.0,5090.8
12217,2024-03-19 14:32:00,5092.25,5095.95,5090.0,5095.5
12218,2024-03-19 14:33:00,5095.0,5097.55,5094.15,5097.2
12219,2024-03-19 14:34:00,5098.25,5099.25,5093.9,5094.9
12220,2024-03-19 14:35:00,5095.1,5098.4,5093.95,5094.8
12221,2024-03-19 14:36:00,5092.0,5096.3,5090.75,5096.0
12222,2024-03-19 14:37:00,5093.25,5095.95,5091.4,5095.95
12223,2024-03-19 14:38:00,5094.0,5098.0,5094.0,5098.0
12224,2024-03-19 14:39:00,5096.65,5098.0,5095.95,5098.0
12225,2024-03-19 14:40:00,5098.6,5102.85,5098.0,5102.85
12226,2024-03-19 14:41:00,5100.4,5103.0,5100.0,5101.55
12227,2024-03-19 14:42:00,5101.0,5103.0,5100.0,5101.2
12228,2024-03-19 14:43:00,5100.65,5101.95,5093.9,5099.5
12229,2024-03-19 14:44:00,5098.25,5103.0,5097.9,5099.35
12230,2024-03-19 14:45:00,5098.25,5101.2,5091.1,5095.0
12231,2024-03-19 14:46:00,5094.75,5095.6,5093.5,5094.0
12232,2024-03-19 14:47:00,5095.1,5099.9,5094.75,5099.25
12233,2024-03-19 14:48:00,5099.15,5099.9,5097.65,5098.7
12234,2024-03-19 14:49:00,5097.75,5100.0,5097.75,5099.95
12235,2024-03-19 14:50:00,5097.75,5101.95,5097.75,5101.95
12236,2024-03-19 14:51:00,5100.2,5102.5,5099.7,5101.0
12237,2024-03-19 14:52:00,5101.9,5102.0,5097.8,5100.0
12238,2024-03-19 14:53:00,5098.1,5100.0,5097.8,5099.0
12239,2024-03-19 14:54:00,5097.9,5101.6,5097.85,5100.85
12240,2024-03-19 14:55:00,5100.8,5100.9,5098.4,5100.0
12241,2024-03-19 14:56:00,5098.15,5100.0,5097.9,5098.65
12242,2024-03-19 14:57:00,5098.55,5101.0,5098.05,5100.9
12243,2024-03-19 14:58:00,5098.75,5101.0,5098.35,5099.85
12244,2024-03-19 14:59:00,5100.9,5100.9,5097.7,5100.9
12245,2024-03-19 15:00:00,5098.55,5107.0,5098.45,5102.85
12246,2024-03-19 15:01:00,5102.9,5104.2,5097.8,5103.95
12247,2024-03-19 15:02:00,5104.3,5104.3,5100.2,5100.45
12248,2024-03-19 15:03:00,5100.4,5104.85,5097.8,5101.6
12249,2024-03-19 15:04:00,5101.7,5102.35,5097.05,5099.6
12250,2024-03-19 15:05:00,5099.5,5105.85,5099.5,5105.4
12251,2024-03-19 15:06:00,5105.3,5105.3,5102.0,5102.0
12252,2024-03-19 15:07:00,5101.9,5104.95,5101.0,5104.95
12253,2024-03-19 15:08:00,5103.1,5108.95,5103.1,5107.3
12254,2024-03-19 15:09:00,5105.2,5111.85,5105.0,5111.85
12255,2024-03-19 15:10:00,5111.35,5111.35,5105.0,5105.1
12256,2024-03-19 15:11:00,5105.3,5105.3,5105.0,5105.0
12257,2024-03-19 15:12:00,5105.05,5105.05,5105.0,5105.05
12258,2024-03-19 15:13:00,5105.0,5106.0,5105.0,5105.9
12259,2024-03-19 15:14:00,5105.75,5109.1,5105.0,5106.8
12260,2024-03-19 15:15:00,5106.7,5110.0,5106.05,5109.05
12261,2024-03-19 15:16:00,5107.65,5108.15,5105.0,5105.3
12262,2024-03-19 15:17:00,5105.1,5105.3,5105.0,5105.1
12263,2024-03-19 15:18:00,5105.0,5105.15,5105.0,5105.0
12264,2024-03-19 15:19:00,5105.05,5105.15,5105.0,5105.1
12265,2024-03-19 15:20:00,5105.05,5105.15,5104.15,5104.65
12266,2024-03-19 15:21:00,5104.6,5106.0,5104.15,5105.0
12267,2024-03-19 15:22:00,5105.05,5105.95,5105.0,5105.05
12268,2024-03-19 15:23:00,5105.0,5105.05,5105.0,5105.0
12269,2024-03-19 15:24:00,5105.05,5105.05,5105.0,5105.05
12270,2024-03-19 15:25:00,5105.1,5111.95,5105.1,5110.0
12271,2024-03-19 15:26:00,5110.3,5110.45,5109.95,5110.1
12272,2024-03-19 15:27:00,5110.05,5110.2,5110.0,5110.15
12273,2024-03-19 15:28:00,5110.1,5114.65,5110.0,5114.65
12274,2024-03-19 15:29:00,5111.05,5114.65,5105.05,5110.0
12275,2024-03-20 09:14:00,5115.1,5115.1,5115.1,5115.1
12276,2024-03-20 09:15:00,5115.55,5149.95,5115.55,5134.4
12277,2024-03-20 09:16:00,5137.6,5140.0,5122.45,5140.0
12278,2024-03-20 09:17:00,5135.45,5139.85,5130.0,5139.85
12279,2024-03-20 09:18:00,5136.25,5144.0,5136.25,5143.9
12280,2024-03-20 09:19:00,5140.2,5143.9,5135.0,5136.1
12281,2024-03-20 09:20:00,5135.0,5135.95,5125.25,5127.8
12282,2024-03-20 09:21:00,5129.35,5129.6,5120.0,5120.0
12283,2024-03-20 09:22:00,5119.8,5122.2,5111.05,5118.35
12284,2024-03-20 09:23:00,5115.05,5120.0,5114.8,5118.6
12285,2024-03-20 09:24:00,5116.55,5122.75,5115.55,5122.75
12286,2024-03-20 09:25:00,5119.6,5122.65,5114.0,5114.0
12287,2024-03-20 09:26:00,5116.45,5119.95,5113.9,5115.9
12288,2024-03-20 09:27:00,5112.55,5114.95,5110.05,5110.05
12289,2024-03-20 09:28:00,5113.2,5113.2,5106.7,5108.3
12290,2024-03-20 09:29:00,5105.75,5109.95,5105.1,5105.1
12291,2024-03-20 09:30:00,5105.0,5110.0,5105.0,5108.8
12292,2024-03-20 09:31:00,5105.05,5108.1,5094.9,5094.9
12293,2024-03-20 09:32:00,5097.5,5098.35,5091.05,5094.25
12294,2024-03-20 09:33:00,5093.95,5097.45,5092.05,5095.25
12295,2024-03-20 09:34:00,5095.85,5098.0,5094.0,5094.0
12296,2024-03-20 09:35:00,5095.0,5097.0,5094.0,5097.0
12297,2024-03-20 09:36:00,5098.0,5100.0,5094.0,5100.0
12298,2024-03-20 09:37:00,5100.9,5102.8,5098.7,5102.35
12299,2024-03-20 09:38:00,5100.05,5102.3,5095.0,5096.2
12300,2024-03-20 09:39:00,5097.85,5097.85,5096.2,5097.85
12301,2024-03-20 09:40:00,5099.85,5104.3,5097.85,5104.3
12302,2024-03-20 09:41:00,5105.0,5105.55,5101.55,5104.05
12303,2024-03-20 09:42:00,5105.55,5105.55,5103.5,5105.55
12304,2024-03-20 09:43:00,5104.0,5106.0,5104.0,5105.9
12305,2024-03-20 09:44:00,5105.05,5106.0,5100.15,5103.15
12306,2024-03-20 09:45:00,5103.3,5106.9,5101.6,5106.65
12307,2024-03-20 09:46:00,5108.4,5113.45,5108.2,5113.4
12308,2024-03-20 09:47:00,5114.0,5116.55,5111.95,5115.0
12309,2024-03-20 09:48:00,5114.95,5118.0,5113.4,5115.4
12310,2024-03-20 09:49:00,5116.45,5124.9,5116.45,5121.3
12311,2024-03-20 09:50:00,5124.2,5125.8,5121.3,5122.75
12312,2024-03-20 09:51:00,5123.05,5124.0,5121.0,5121.75
12313,2024-03-20 09:52:00,5120.0,5124.4,5120.0,5122.1
12314,2024-03-20 09:53:00,5124.4,5124.4,5119.65,5120.45
12315,2024-03-20 09:54:00,5119.95,5119.95,5112.45,5113.0
12316,2024-03-20 09:55:00,5114.3,5119.85,5111.1,5113.75
12317,2024-03-20 09:56:00,5113.85,5117.45,5113.85,5116.95
12318,2024-03-20 09:57:00,5116.9,5116.9,5113.85,5115.0
12319,2024-03-20 09:58:00,5112.0,5115.0,5111.1,5114.0
12320,2024-03-20 09:59:00,5113.4,5113.4,5104.15,5108.95
12321,2024-03-20 10:00:00,5108.55,5112.3,5107.9,5112.3
12322,2024-03-20 10:01:00,5112.0,5112.0,5100.0,5101.3
12323,2024-03-20 10:02:00,5104.0,5104.0,5100.0,5101.0
12324,2024-03-20 10:03:00,5100.05,5100.95,5098.0,5100.95
12325,2024-03-20 10:04:00,5100.0,5104.95,5098.0,5099.35
12326,2024-03-20 10:05:00,5101.0,5101.0,5095.0,5100.3
12327,2024-03-20 10:06:00,5102.4,5102.65,5099.4,5099.95
12328,2024-03-20 10:07:00,5099.9,5101.95,5098.0,5100.0
12329,2024-03-20 10:08:00,5099.0,5099.0,5094.05,5095.0
12330,2024-03-20 10:09:00,5096.95,5102.3,5095.6,5101.9
12331,2024-03-20 10:10:00,5101.0,5102.65,5099.2,5099.2
12332,2024-03-20 10:11:00,5101.85,5101.85,5095.0,5096.05
12333,2024-03-20 10:12:00,5095.0,5098.9,5095.0,5097.0
12334,2024-03-20 10:13:00,5095.05,5099.1,5095.05,5095.05
12335,2024-03-20 10:14:00,5095.0,5097.95,5093.2,5096.0
12336,2024-03-20 10:15:00,5096.4,5099.2,5095.0,5098.0
12337,2024-03-20 10:16:00,5100.0,5100.0,5099.2,5099.2
12338,2024-03-20 10:17:00,5100.0,5100.05,5097.45,5097.85
12339,2024-03-20 10:18:00,5100.05,5100.05,5090.0,5090.05
12340,2024-03-20 10:19:00,5093.45,5093.45,5088.0,5088.0
12341,2024-03-20 10:20:00,5086.0,5087.2,5082.1,5082.2
12342,2024-03-20 10:21:00,5084.65,5087.65,5082.2,5085.85
12343,2024-03-20 10:22:00,5087.75,5087.75,5082.6,5083.55
12344,2024-03-20 10:23:00,5084.0,5086.1,5082.2,5085.0
12345,2024-03-20 10:24:00,5086.1,5086.85,5082.55,5085.0
12346,2024-03-20 10:25:00,5085.2,5085.2,5082.05,5084.65
12347,2024-03-20 10:26:00,5084.0,5087.9,5082.5,5086.05
12348,2024-03-20 10:27:00,5089.4,5090.0,5087.25,5088.9
12349,2024-03-20 10:28:00,5088.7,5088.7,5085.0,5085.0
12350,2024-03-20 10:29:00,5083.5,5083.5,5079.2,5080.0
12351,2024-03-20 10:30:00,5079.2,5080.0,5075.1,5076.0
12352,2024-03-20 10:31:00,5075.0,5079.8,5075.0,5079.8
12353,2024-03-20 10:32:00,5080.0,5080.0,5075.1,5076.6
12354,2024-03-20 10:33:00,5076.1,5079.9,5073.55,5077.05
12355,2024-03-20 10:34:00,5077.1,5079.35,5073.05,5079.35
12356,2024-03-20 10:35:00,5077.25,5079.35,5076.4,5076.4
12357,2024-03-20 10:36:00,5078.55,5079.75,5077.05,5079.65
12358,2024-03-20 10:37:00,5080.2,5085.3,5079.6,5084.1
12359,2024-03-20 10:38:00,5083.65,5083.65,5079.65,5083.0
12360,2024-03-20 10:39:00,5083.05,5085.0,5080.75,5084.45
12361,2024-03-20 10:40:00,5085.0,5087.4,5085.0,5087.2
12362,2024-03-20 10:41:00,5087.9,5089.6,5087.25,5087.3
12363,2024-03-20 10:42:00,5087.1,5089.25,5085.0,5086.0
12364,2024-03-20 10:43:00,5085.0,5086.0,5081.1,5082.0
12365,2024-03-20 10:44:00,5083.85,5085.45,5081.0,5083.0
12366,2024-03-20 10:45:00,5082.9,5085.2,5074.55,5077.8
12367,2024-03-20 10:46:00,5075.55,5080.0,5074.35,5075.05
12368,2024-03-20 10:47:00,5077.65,5077.7,5075.0,5075.0
12369,2024-03-20 10:48:00,5077.7,5077.9,5075.0,5077.9
12370,2024-03-20 10:49:00,5079.05,5080.0,5077.6,5078.1
12371,2024-03-20 10:50:00,5079.0,5079.85,5075.25,5075.45
12372,2024-03-20 10:51:00,5077.0,5077.8,5071.0,5071.05
12373,2024-03-20 10:52:00,5074.85,5076.95,5072.55,5073.0
12374,2024-03-20 10:53:00,5074.95,5078.0,5073.05,5076.25
12375,2024-03-20 10:54:00,5076.15,5078.65,5076.05,5076.15
12376,2024-03-20 10:55:00,5076.9,5080.0,5074.5,5077.1
12377,2024-03-20 10:56:00,5079.95,5081.35,5077.35,5079.65
12378,2024-03-20 10:57:00,5079.6,5087.3,5079.6,5083.35
12379,2024-03-20 10:58:00,5083.4,5092.8,5083.35,5091.0
12380,2024-03-20 10:59:00,5093.35,5099.9,5091.35,5097.05
12381,2024-03-20 11:00:00,5097.0,5099.3,5094.0,5095.65
12382,2024-03-20 11:01:00,5097.85,5097.85,5094.0,5094.0
12383,2024-03-20 11:02:00,5095.0,5095.95,5092.05,5095.0
12384,2024-03-20 11:03:00,5094.0,5095.5,5092.0,5092.0
12385,2024-03-20 11:04:00,5087.55,5089.7,5085.0,5085.4
12386,2024-03-20 11:05:00,5087.35,5087.35,5081.55,5083.0
12387,2024-03-20 11:06:00,5084.95,5087.9,5083.0,5085.55
12388,2024-03-20 11:07:00,5086.75,5088.0,5085.55,5086.85
12389,2024-03-20 11:08:00,5087.5,5089.85,5087.05,5088.3
12390,2024-03-20 11:09:00,5089.95,5091.6,5087.1,5087.1
12391,2024-03-20 11:10:00,5090.75,5096.1,5088.55,5093.45
12392,2024-03-20 11:11:00,5096.85,5098.0,5094.1,5096.6
12393,2024-03-20 11:12:00,5098.0,5099.45,5095.0,5095.0
12394,2024-03-20 11:13:00,5096.35,5097.85,5090.65,5092.7
12395,2024-03-20 11:14:00,5092.65,5097.95,5092.65,5094.6
12396,2024-03-20 11:15:00,5094.75,5094.75,5090.7,5090.7
12397,2024-03-20 11:16:00,5092.65,5093.45,5090.0,5090.0
12398,2024-03-20 11:17:00,5089.0,5092.15,5089.0,5089.1
12399,2024-03-20 11:18:00,5089.2,5092.15,5089.0,5089.0
12400,2024-03-20 11:19:00,5089.7,5092.55,5089.15,5089.4
12401,2024-03-20 11:20:00,5091.8,5091.8,5087.1,5089.6
12402,2024-03-20 11:21:00,5087.65,5092.95,5087.05,5090.85
12403,2024-03-20 11:22:00,5091.0,5094.95,5088.0,5088.0
12404,2024-03-20 11:23:00,5089.95,5092.35,5088.55,5088.9
12405,2024-03-20 11:24:00,5091.8,5092.0,5088.0,5088.0
12406,2024-03-20 11:25:00,5087.05,5089.05,5086.85,5089.05
12407,2024-03-20 11:26:00,5087.05,5088.75,5085.55,5087.75
12408,2024-03-20 11:27:00,5086.7,5089.05,5086.15,5088.95
12409,2024-03-20 11:28:00,5088.9,5091.0,5088.4,5089.95
12410,2024-03-20 11:29:00,5091.0,5092.0,5089.9,5092.0
12411,2024-03-20 11:30:00,5090.05,5092.0,5085.35,5088.5
12412,2024-03-20 11:31:00,5089.0,5089.8,5085.35,5088.35
12413,2024-03-20 11:32:00,5085.35,5090.0,5084.15,5090.0
12414,2024-03-20 11:33:00,5088.65,5090.0,5088.5,5090.0
12415,2024-03-20 11:34:00,5089.25,5090.0,5086.8,5089.85
12416,2024-03-20 11:35:00,5089.95,5090.0,5086.8,5087.85
12417,2024-03-20 11:36:00,5090.0,5090.0,5087.8,5089.0
12418,2024-03-20 11:37:00,5089.95,5090.0,5087.55,5089.0
12419,2024-03-20 11:38:00,5087.4,5089.15,5087.35,5089.15
12420,2024-03-20 11:39:00,5087.6,5090.0,5087.6,5090.0
12421,2024-03-20 11:40:00,5087.65,5089.6,5087.35,5088.85
12422,2024-03-20 11:41:00,5087.4,5090.0,5087.4,5090.0
12423,2024-03-20 11:42:00,5087.6,5090.0,5087.25,5090.0
12424,2024-03-20 11:43:00,5089.5,5098.0,5089.4,5098.0
12425,2024-03-20 11:44:00,5096.95,5099.9,5095.55,5097.75
12426,2024-03-20 11:45:00,5097.95,5099.0,5096.6,5097.95
12427,2024-03-20 11:46:00,5097.15,5098.0,5095.65,5097.5
12428,2024-03-20 11:47:00,5095.85,5099.5,5094.6,5099.45
12429,2024-03-20 11:48:00,5099.5,5099.95,5097.5,5097.5
12430,2024-03-20 11:49:00,5097.65,5098.0,5093.85,5097.95
12431,2024-03-20 11:50:00,5095.5,5097.95,5092.05,5092.05
12432,2024-03-20 11:51:00,5093.85,5096.95,5092.0,5093.95
12433,2024-03-20 11:52:00,5093.55,5095.0,5092.0,5095.0
12434,2024-03-20 11:53:00,5096.4,5098.0,5092.5,5095.4
12435,2024-03-20 11:54:00,5095.95,5098.65,5095.95,5096.0
12436,2024-03-20 11:55:00,5097.95,5098.85,5094.05,5096.0
12437,2024-03-20 11:56:00,5094.1,5094.95,5087.1,5089.9
12438,2024-03-20 11:57:00,5087.55,5089.8,5087.4,5089.4
12439,2024-03-20 11:58:00,5089.3,5092.5,5086.25,5092.35
12440,2024-03-20 11:59:00,5090.95,5098.7,5090.0,5098.7
12441,2024-03-20 12:00:00,5095.9,5098.55,5095.9,5098.45
12442,2024-03-20 12:01:00,5096.05,5098.6,5095.15,5098.6
12443,2024-03-20 12:02:00,5098.7,5098.9,5097.1,5098.0
12444,2024-03-20 12:03:00,5098.4,5098.85,5096.05,5098.7
12445,2024-03-20 12:04:00,5096.4,5098.85,5095.15,5098.85
12446,2024-03-20 12:05:00,5098.75,5098.85,5096.55,5098.75
12447,2024-03-20 12:06:00,5097.1,5098.85,5097.05,5097.15
12448,2024-03-20 12:07:00,5098.15,5098.65,5096.8,5098.65
12449,2024-03-20 12:08:00,5096.6,5098.8,5095.55,5097.8
12450,2024-03-20 12:09:00,5098.0,5098.0,5095.65,5096.05
12451,2024-03-20 12:10:00,5097.95,5098.0,5095.0,5096.6
12452,2024-03-20 12:11:00,5095.0,5096.6,5095.0,5095.0
12453,2024-03-20 12:12:00,5096.0,5097.85,5095.0,5096.0
12454,2024-03-20 12:13:00,5097.35,5097.95,5095.0,5097.5
12455,2024-03-20 12:14:00,5095.1,5097.8,5095.0,5097.75
12456,2024-03-20 12:15:00,5097.7,5097.7,5095.0,5097.0
12457,2024-03-20 12:16:00,5095.0,5097.0,5095.0,5097.0
12458,2024-03-20 12:17:00,5096.8,5098.0,5095.0,5095.0
12459,2024-03-20 12:18:00,5097.95,5097.95,5095.0,5097.35
12460,2024-03-20 12:19:00,5095.05,5097.0,5095.0,5096.9
12461,2024-03-20 12:20:00,5095.0,5097.0,5095.0,5095.05
12462,2024-03-20 12:21:00,5097.0,5097.0,5095.05,5096.95
12463,2024-03-20 12:22:00,5095.05,5097.0,5095.05,5096.7
12464,2024-03-20 12:23:00,5095.1,5096.7,5095.0,5095.0
12465,2024-03-20 12:24:00,5096.65,5096.65,5095.0,5096.65
12466,2024-03-20 12:25:00,5095.0,5097.0,5095.0,5097.0
12467,2024-03-20 12:26:00,5095.1,5097.0,5095.1,5095.35
12468,2024-03-20 12:27:00,5097.0,5097.0,5095.4,5097.0
12469,2024-03-20 12:28:00,5095.55,5097.0,5095.0,5095.05
12470,2024-03-20 12:29:00,5097.0,5097.0,5095.0,5095.0
12471,2024-03-20 12:30:00,5096.9,5097.0,5095.0,5096.95
12472,2024-03-20 12:31:00,5095.0,5097.0,5095.0,5096.95
12473,2024-03-20 12:32:00,5095.05,5097.0,5095.0,5095.05
12474,2024-03-20 12:33:00,5096.8,5097.0,5095.0,5097.0
12475,2024-03-20 12:34:00,5095.25,5097.0,5095.25,5097.0
12476,2024-03-20 12:35:00,5095.25,5097.0,5095.05,5096.85
12477,2024-03-20 12:36:00,5095.25,5097.0,5095.25,5096.1
12478,2024-03-20 12:37:00,5095.25,5096.95,5095.0,5096.85
12479,2024-03-20 12:38:00,5095.05,5096.95,5095.0,5096.9
12480,2024-03-20 12:39:00,5095.05,5097.0,5095.05,5097.0
12481,2024-03-20 12:40:00,5095.2,5097.0,5095.1,5097.0
12482,2024-03-20 12:41:00,5095.15,5097.0,5095.0,5095.0
12483,2024-03-20 12:42:00,5096.9,5096.95,5094.05,5096.65
12484,2024-03-20 12:43:00,5094.65,5097.0,5094.4,5097.0
12485,2024-03-20 12:44:00,5095.05,5097.0,5095.0,5096.8
12486,2024-03-20 12:45:00,5096.9,5097.0,5095.0,5096.95
12487,2024-03-20 12:46:00,5095.0,5097.0,5095.0,5096.95
12488,2024-03-20 12:47:00,5095.05,5096.8,5095.0,5096.5
12489,2024-03-20 12:48:00,5095.0,5096.55,5095.0,5096.55
12490,2024-03-20 12:49:00,5095.0,5097.0,5095.0,5096.95
12491,2024-03-20 12:50:00,5095.0,5096.95,5095.0,5096.95
12492,2024-03-20 12:51:00,5095.05,5098.85,5095.0,5098.85
12493,2024-03-20 12:52:00,5097.65,5098.9,5095.0,5097.75
12494,2024-03-20 12:53:00,5095.3,5099.25,5095.3,5097.75
12495,2024-03-20 12:54:00,5095.4,5098.25,5095.4,5097.95
12496,2024-03-20 12:55:00,5095.6,5097.0,5095.6,5097.0
12497,2024-03-20 12:56:00,5095.65,5098.0,5095.65,5097.85
12498,2024-03-20 12:57:00,5095.75,5097.8,5095.75,5095.75
12499,2024-03-20 12:58:00,5097.0,5097.0,5095.0,5097.0
12500,2024-03-20 12:59:00,5095.2,5097.0,5095.05,5096.95
12501,2024-03-20 13:00:00,5095.1,5097.0,5095.0,5095.0
12502,2024-03-20 13:01:00,5097.0,5097.0,5095.0,5095.0
12503,2024-03-20 13:02:00,5097.0,5097.0,5095.0,5097.0
12504,2024-03-20 13:03:00,5095.15,5097.0,5095.1,5097.0
12505,2024-03-20 13:04:00,5095.1,5097.0,5095.1,5097.0
12506,2024-03-20 13:05:00,5095.1,5097.0,5095.05,5097.0
12507,2024-03-20 13:06:00,5096.0,5097.0,5095.1,5097.0
12508,2024-03-20 13:07:00,5095.15,5097.0,5095.1,5096.95
12509,2024-03-20 13:08:00,5095.3,5097.0,5095.15,5096.9
12510,2024-03-20 13:09:00,5095.15,5097.0,5095.15,5097.0
12511,2024-03-20 13:10:00,5095.25,5097.0,5095.2,5097.0
12512,2024-03-20 13:11:00,5096.95,5097.0,5095.4,5097.0
12513,2024-03-20 13:12:00,5095.5,5097.0,5095.2,5097.0
12514,2024-03-20 13:13:00,5095.2,5097.0,5095.05,5096.0
12515,2024-03-20 13:14:00,5096.95,5096.95,5095.15,5096.9
12516,2024-03-20 13:15:00,5096.95,5096.95,5095.35,5095.6
12517,2024-03-20 13:16:00,5096.9,5096.9,5095.65,5096.9
12518,2024-03-20 13:17:00,5096.25,5097.0,5095.55,5096.95
12519,2024-03-20 13:18:00,5095.65,5096.95,5095.1,5095.1
12520,2024-03-20 13:19:00,5096.85,5097.0,5095.0,5096.95
12521,2024-03-20 13:20:00,5095.25,5097.0,5095.25,5096.55
12522,2024-03-20 13:21:00,5096.6,5096.6,5095.5,5096.6
12523,2024-03-20 13:22:00,5095.5,5096.6,5095.0,5096.6
12524,2024-03-20 13:23:00,5096.8,5097.0,5096.0,5097.0
12525,2024-03-20 13:24:00,5095.05,5096.9,5095.0,5096.0
12526,2024-03-20 13:25:00,5095.0,5100.0,5095.0,5100.0
12527,2024-03-20 13:26:00,5099.05,5106.85,5099.0,5102.6
12528,2024-03-20 13:27:00,5104.65,5105.95,5102.0,5105.0
12529,2024-03-20 13:28:00,5102.85,5106.9,5102.85,5106.7
12530,2024-03-20 13:29:00,5104.1,5107.7,5104.0,5105.5
12531,2024-03-20 13:30:00,5104.0,5106.75,5099.0,5099.9
12532,2024-03-20 13:31:00,5099.0,5099.9,5096.35,5099.2
12533,2024-03-20 13:32:00,5096.95,5099.4,5095.75,5095.85
12534,2024-03-20 13:33:00,5097.75,5097.9,5095.15,5097.9
12535,2024-03-20 13:34:00,5097.6,5097.6,5095.0,5095.0
12536,2024-03-20 13:35:00,5095.15,5096.7,5095.0,5095.4
12537,2024-03-20 13:36:00,5095.45,5095.85,5087.75,5093.2
12538,2024-03-20 13:37:00,5092.05,5094.9,5092.0,5094.9
12539,2024-03-20 13:38:00,5092.05,5098.3,5092.0,5096.4
12540,2024-03-20 13:39:00,5098.5,5099.65,5095.0,5099.65
12541,2024-03-20 13:40:00,5097.95,5105.0,5097.95,5105.0
12542,2024-03-20 13:41:00,5103.8,5105.85,5101.9,5104.95
12543,2024-03-20 13:42:00,5103.05,5104.95,5099.0,5100.0
12544,2024-03-20 13:43:00,5099.0,5100.0,5099.0,5100.0
12545,2024-03-20 13:44:00,5099.0,5101.55,5099.0,5100.0
12546,2024-03-20 13:45:00,5100.55,5102.35,5098.0,5099.75
12547,2024-03-20 13:46:00,5099.0,5100.0,5099.0,5100.0
12548,2024-03-20 13:47:00,5099.0,5100.0,5099.0,5099.0
12549,2024-03-20 13:48:00,5099.95,5099.95,5098.0,5098.85
12550,2024-03-20 13:49:00,5098.9,5099.3,5096.0,5096.0
12551,2024-03-20 13:50:00,5095.0,5099.2,5089.85,5097.05
12552,2024-03-20 13:51:00,5099.15,5099.15,5095.2,5098.95
12553,2024-03-20 13:52:00,5097.15,5100.0,5097.0,5097.5
12554,2024-03-20 13:53:00,5097.0,5097.0,5093.15,5095.15
12555,2024-03-20 13:54:00,5095.2,5095.55,5091.05,5095.0
12556,2024-03-20 13:55:00,5095.5,5099.0,5092.75,5099.0
12557,2024-03-20 13:56:00,5095.75,5099.05,5094.5,5098.9
12558,2024-03-20 13:57:00,5098.95,5099.4,5095.6,5099.35
12559,2024-03-20 13:58:00,5097.7,5099.25,5093.55,5097.9
12560,2024-03-20 13:59:00,5095.9,5099.4,5095.15,5099.3
12561,2024-03-20 14:00:00,5099.35,5100.0,5096.85,5097.4
12562,2024-03-20 14:01:00,5096.85,5099.3,5096.85,5099.25
12563,2024-03-20 14:02:00,5099.3,5099.3,5096.85,5099.1
12564,2024-03-20 14:03:00,5097.1,5099.15,5095.0,5096.8
12565,2024-03-20 14:04:00,5099.05,5099.15,5096.8,5098.95
12566,2024-03-20 14:05:00,5096.8,5099.05,5096.8,5096.85
12567,2024-03-20 14:06:00,5098.8,5099.3,5096.8,5099.2
12568,2024-03-20 14:07:00,5097.05,5099.2,5097.0,5099.0
12569,2024-03-20 14:08:00,5099.3,5100.0,5099.0,5099.85
12570,2024-03-20 14:09:00,5099.0,5100.0,5099.0,5100.0
12571,2024-03-20 14:10:00,5099.0,5100.0,5099.0,5099.95
12572,2024-03-20 14:11:00,5099.1,5100.0,5099.0,5100.0
12573,2024-03-20 14:12:00,5099.05,5100.0,5099.0,5099.95
12574,2024-03-20 14:13:00,5099.0,5100.0,5099.0,5100.0
12575,2024-03-20 14:14:00,5099.95,5100.0,5099.0,5099.95
12576,2024-03-20 14:15:00,5099.0,5100.0,5099.0,5100.0
12577,2024-03-20 14:16:00,5099.95,5100.0,5099.0,5100.0
12578,2024-03-20 14:17:00,5099.1,5100.95,5099.0,5100.0
12579,2024-03-20 14:18:00,5099.6,5100.15,5099.05,5099.95
12580,2024-03-20 14:19:00,5099.65,5105.45,5099.0,5101.1
12581,2024-03-20 14:20:00,5099.0,5103.4,5099.0,5100.7
12582,2024-03-20 14:21:00,5100.0,5100.0,5097.0,5097.0
12583,2024-03-20 14:22:00,5098.0,5099.95,5097.0,5099.9
12584,2024-03-20 14:23:00,5099.95,5099.95,5099.0,5099.9
12585,2024-03-20 14:24:00,5099.0,5099.9,5099.0,5099.9
12586,2024-03-20 14:25:00,5099.95,5100.0,5099.0,5099.0
12587,2024-03-20 14:26:00,5099.95,5100.0,5099.0,5099.8
12588,2024-03-20 14:27:00,5099.85,5100.0,5099.0,5099.95
12589,2024-03-20 14:28:00,5099.0,5100.0,5099.0,5099.95
12590,2024-03-20 14:29:00,5099.2,5100.0,5099.0,5099.95
12591,2024-03-20 14:30:00,5100.0,5100.0,5099.0,5099.95
12592,2024-03-20 14:31:00,5099.0,5099.95,5099.0,5099.9
12593,2024-03-20 14:32:00,5099.0,5100.0,5099.0,5099.95
12594,2024-03-20 14:33:00,5099.0,5099.9,5099.0,5099.9
12595,2024-03-20 14:34:00,5099.0,5099.95,5099.0,5099.9
12596,2024-03-20 14:35:00,5099.0,5100.0,5099.0,5099.9
12597,2024-03-20 14:36:00,5099.95,5100.0,5099.0,5099.9
12598,2024-03-20 14:37:00,5099.0,5100.0,5099.0,5099.95
12599,2024-03-20 14:38:00,5099.0,5100.0,5099.0,5099.9
12600,2024-03-20 14:39:00,5100.0,5100.0,5099.0,5099.95
12601,2024-03-20 14:40:00,5099.0,5100.0,5099.0,5099.95
12602,2024-03-20 14:41:00,5100.0,5100.0,5099.0,5099.0
12603,2024-03-20 14:42:00,5099.9,5100.0,5099.0,5099.95
12604,2024-03-20 14:43:00,5099.0,5100.0,5099.0,5099.95
12605,2024-03-20 14:44:00,5099.0,5100.0,5099.0,5099.0
12606,2024-03-20 14:45:00,5099.95,5100.0,5099.0,5099.95
12607,2024-03-20 14:46:00,5099.0,5100.0,5099.0,5100.0
12608,2024-03-20 14:47:00,5099.95,5100.0,5099.0,5099.0
12609,2024-03-20 14:48:00,5099.95,5100.0,5099.0,5099.95
12610,2024-03-20 14:49:00,5099.0,5100.0,5099.0,5099.8
12611,2024-03-20 14:50:00,5099.1,5099.85,5099.0,5099.0
12612,2024-03-20 14:51:00,5099.05,5101.0,5099.0,5101.0
12613,2024-03-20 14:52:00,5101.95,5103.45,5099.0,5100.15
12614,2024-03-20 14:53:00,5099.1,5100.15,5099.0,5099.55
12615,2024-03-20 14:54:00,5099.6,5100.7,5099.0,5099.0
12616,2024-03-20 14:55:00,5100.25,5100.25,5099.0,5099.0
12617,2024-03-20 14:56:00,5099.75,5099.75,5099.0,5099.55
12618,2024-03-20 14:57:00,5099.6,5100.0,5099.0,5099.0
12619,2024-03-20 14:58:00,5099.15,5099.95,5099.0,5099.0
12620,2024-03-20 14:59:00,5099.05,5101.1,5099.0,5101.1
12621,2024-03-20 15:00:00,5099.55,5100.75,5099.0,5099.05
12622,2024-03-20 15:01:00,5099.0,5100.25,5099.0,5099.0
12623,2024-03-20 15:02:00,5099.05,5099.15,5099.0,5099.1
12624,2024-03-20 15:03:00,5099.85,5101.15,5099.0,5099.0
12625,2024-03-20 15:04:00,5099.55,5100.8,5099.0,5100.8
12626,2024-03-20 15:05:00,5099.1,5100.8,5099.0,5099.05
12627,2024-03-20 15:06:00,5099.0,5100.0,5099.0,5099.55
12628,2024-03-20 15:07:00,5099.7,5099.7,5099.0,5099.05
12629,2024-03-20 15:08:00,5099.0,5100.0,5099.0,5100.0
12630,2024-03-20 15:09:00,5099.35,5109.7,5099.0,5109.7
12631,2024-03-20 15:10:00,5105.95,5106.6,5099.8,5101.0
12632,2024-03-20 15:11:00,5100.95,5103.35,5100.05,5101.0
12633,2024-03-20 15:12:00,5101.8,5101.8,5099.35,5100.8
12634,2024-03-20 15:13:00,5101.0,5101.0,5099.0,5099.05
12635,2024-03-20 15:14:00,5099.15,5105.55,5099.0,5101.6
12636,2024-03-20 15:15:00,5101.8,5103.2,5099.35,5100.9
12637,2024-03-20 15:16:00,5101.7,5102.05,5099.2,5100.55
12638,2024-03-20 15:17:00,5100.7,5100.75,5099.0,5099.4
12639,2024-03-20 15:18:00,5099.2,5099.6,5099.0,5099.35
12640,2024-03-20 15:19:00,5099.4,5099.4,5099.0,5099.0
12641,2024-03-20 15:20:00,5099.05,5102.65,5099.0,5099.3
12642,2024-03-20 15:21:00,5100.4,5100.65,5099.0,5099.0
12643,2024-03-20 15:22:00,5099.15,5099.3,5099.0,5099.0
12644,2024-03-20 15:23:00,5099.15,5099.2,5099.0,5099.05
12645,2024-03-20 15:24:00,5099.0,5100.0,5099.0,5100.0
12646,2024-03-20 15:25:00,5099.95,5100.0,5099.0,5099.0
12647,2024-03-20 15:26:00,5099.05,5099.9,5099.0,5099.0
12648,2024-03-20 15:27:00,5099.1,5118.75,5099.1,5110.85
12649,2024-03-20 15:28:00,5110.0,5114.0,5110.0,5110.1
12650,2024-03-20 15:29:00,5110.05,5110.1,5110.0,5110.1
12651,2024-03-21 09:14:00,5160.0,5160.0,5160.0,5160.0
12652,2024-03-21 09:15:00,5158.75,5186.0,5147.45,5181.7
12653,2024-03-21 09:16:00,5181.65,5184.25,5166.1,5174.85
12654,2024-03-21 09:17:00,5171.45,5178.75,5165.25,5176.0
12655,2024-03-21 09:18:00,5172.75,5192.9,5172.75,5184.1
12656,2024-03-21 09:19:00,5185.25,5185.25,5170.3,5178.2
12657,2024-03-21 09:20:00,5175.1,5178.4,5160.05,5166.4
12658,2024-03-21 09:21:00,5166.55,5177.45,5165.15,5168.9
12659,2024-03-21 09:22:00,5170.0,5172.1,5165.25,5165.45
12660,2024-03-21 09:23:00,5165.0,5165.25,5155.0,5155.1
12661,2024-03-21 09:24:00,5155.15,5159.2,5151.25,5151.6
12662,2024-03-21 09:25:00,5154.2,5161.0,5152.0,5159.05
12663,2024-03-21 09:26:00,5158.15,5160.85,5156.3,5158.55
12664,2024-03-21 09:27:00,5160.0,5168.0,5157.7,5168.0
12665,2024-03-21 09:28:00,5169.0,5173.45,5163.95,5164.6
12666,2024-03-21 09:29:00,5166.7,5166.7,5161.55,5163.9
12667,2024-03-21 09:30:00,5163.85,5172.7,5163.85,5165.95
12668,2024-03-21 09:31:00,5162.5,5170.7,5162.5,5167.55
12669,2024-03-21 09:32:00,5167.6,5172.0,5164.55,5172.0
12670,2024-03-21 09:33:00,5172.05,5172.2,5168.5,5172.0
12671,2024-03-21 09:34:00,5172.1,5173.6,5162.2,5162.2
12672,2024-03-21 09:35:00,5165.2,5171.0,5162.25,5171.0
12673,2024-03-21 09:36:00,5169.9,5178.1,5169.9,5177.0
12674,2024-03-21 09:37:00,5179.75,5179.75,5172.7,5177.35
12675,2024-03-21 09:38:00,5177.3,5177.3,5166.2,5168.5
12676,2024-03-21 09:39:00,5166.55,5169.4,5161.0,5165.45
12677,2024-03-21 09:40:00,5166.55,5166.8,5157.45,5158.05
12678,2024-03-21 09:41:00,5156.9,5156.9,5144.95,5145.0
12679,2024-03-21 09:42:00,5144.95,5146.45,5138.8,5144.95
12680,2024-03-21 09:43:00,5146.4,5146.4,5140.0,5140.3
12681,2024-03-21 09:44:00,5141.6,5145.0,5140.3,5142.8
12682,2024-03-21 09:45:00,5145.15,5145.15,5140.1,5142.0
12683,2024-03-21 09:46:00,5141.35,5142.95,5139.85,5139.85
12684,2024-03-21 09:47:00,5138.5,5141.0,5135.25,5139.0
12685,2024-03-21 09:48:00,5138.9,5141.0,5135.55,5139.25
12686,2024-03-21 09:49:00,5140.0,5141.0,5137.0,5140.7
12687,2024-03-21 09:50:00,5140.0,5140.7,5133.35,5134.0
12688,2024-03-21 09:51:00,5136.0,5138.85,5135.0,5138.85
12689,2024-03-21 09:52:00,5138.75,5140.0,5138.75,5139.8
12690,2024-03-21 09:53:00,5140.0,5141.0,5137.05,5139.65
12691,2024-03-21 09:54:00,5138.05,5140.0,5138.05,5139.85
12692,2024-03-21 09:55:00,5139.3,5141.0,5137.5,5139.5
12693,2024-03-21 09:56:00,5140.45,5140.45,5139.05,5140.0
12694,2024-03-21 09:57:00,5139.0,5141.0,5137.55,5140.0
12695,2024-03-21 09:58:00,5140.1,5149.95,5139.9,5148.55
12696,2024-03-21 09:59:00,5149.7,5153.95,5147.05,5150.3
12697,2024-03-21 10:00:00,5147.3,5151.9,5144.55,5151.9
12698,2024-03-21 10:01:00,5152.4,5154.0,5150.85,5152.85
12699,2024-03-21 10:02:00,5154.0,5160.95,5152.9,5160.0
12700,2024-03-21 10:03:00,5160.1,5170.0,5160.1,5169.05
12701,2024-03-21 10:04:00,5169.4,5177.0,5168.7,5177.0
12702,2024-03-21 10:05:00,5177.8,5179.15,5173.55,5174.8
12703,2024-03-21 10:06:00,5175.9,5179.7,5175.1,5176.3
12704,2024-03-21 10:07:00,5176.9,5176.9,5170.05,5171.95
12705,2024-03-21 10:08:00,5170.05,5173.0,5163.05,5172.45
12706,2024-03-21 10:09:00,5170.75,5174.4,5169.6,5173.85
12707,2024-03-21 10:10:00,5173.8,5179.0,5167.65,5174.75
12708,2024-03-21 10:11:00,5172.75,5174.9,5165.15,5170.35
12709,2024-03-21 10:12:00,5171.15,5179.7,5171.05,5177.8
12710,2024-03-21 10:13:00,5178.0,5180.0,5172.85,5178.0
12711,2024-03-21 10:14:00,5177.75,5179.4,5173.2,5177.85
12712,2024-03-21 10:15:00,5177.8,5177.8,5171.5,5175.0
12713,2024-03-21 10:16:00,5174.05,5175.8,5165.6,5173.05
12714,2024-03-21 10:17:00,5175.3,5175.4,5170.3,5172.9
12715,2024-03-21 10:18:00,5172.65,5176.85,5172.65,5175.0
12716,2024-03-21 10:19:00,5176.85,5178.45,5172.9,5174.45
12717,2024-03-21 10:20:00,5175.9,5176.0,5170.55,5173.55
12718,2024-03-21 10:21:00,5175.3,5176.8,5172.25,5172.9
12719,2024-03-21 10:22:00,5173.2,5173.2,5168.15,5168.25
12720,2024-03-21 10:23:00,5168.15,5174.25,5165.1,5172.45
12721,2024-03-21 10:24:00,5172.3,5173.95,5170.05,5170.05
12722,2024-03-21 10:25:00,5170.75,5173.95,5170.75,5172.0
12723,2024-03-21 10:26:00,5172.95,5174.95,5171.6,5173.15
12724,2024-03-21 10:27:00,5174.05,5177.55,5171.6,5173.4
12725,2024-03-21 10:28:00,5172.4,5175.4,5165.0,5167.05
12726,2024-03-21 10:29:00,5166.05,5175.2,5165.15,5173.05
12727,2024-03-21 10:30:00,5175.0,5175.85,5169.35,5171.35
12728,2024-03-21 10:31:00,5174.4,5174.9,5167.7,5167.7
12729,2024-03-21 10:32:00,5167.85,5169.85,5166.8,5169.15
12730,2024-03-21 10:33:00,5170.75,5173.9,5164.55,5169.8
12731,2024-03-21 10:34:00,5167.6,5169.9,5163.15,5167.1
12732,2024-03-21 10:35:00,5164.55,5167.1,5164.2,5166.25
12733,2024-03-21 10:36:00,5164.75,5168.45,5161.95,5165.65
12734,2024-03-21 10:37:00,5165.35,5170.0,5164.7,5169.65
12735,2024-03-21 10:38:00,5168.9,5169.6,5166.8,5168.85
12736,2024-03-21 10:39:00,5167.0,5170.0,5167.0,5170.0
12737,2024-03-21 10:40:00,5168.4,5170.0,5167.0,5168.3
12738,2024-03-21 10:41:00,5165.15,5166.95,5160.1,5163.95
12739,2024-03-21 10:42:00,5162.45,5164.9,5160.05,5163.55
12740,2024-03-21 10:43:00,5164.3,5165.5,5156.85,5159.05
12741,2024-03-21 10:44:00,5159.0,5160.0,5151.1,5157.05
12742,2024-03-21 10:45:00,5157.25,5159.4,5154.1,5157.7
12743,2024-03-21 10:46:00,5158.95,5158.95,5153.85,5158.75
12744,2024-03-21 10:47:00,5158.8,5162.95,5157.35,5162.95
12745,2024-03-21 10:48:00,5163.4,5163.85,5158.15,5161.9
12746,2024-03-21 10:49:00,5160.2,5163.35,5159.3,5162.45
12747,2024-03-21 10:50:00,5162.35,5163.4,5159.75,5162.8
12748,2024-03-21 10:51:00,5164.0,5165.0,5158.35,5158.35
12749,2024-03-21 10:52:00,5158.45,5159.9,5152.5,5154.75
12750,2024-03-21 10:53:00,5153.2,5154.7,5151.05,5151.3
12751,2024-03-21 10:54:00,5153.3,5154.6,5150.0,5153.95
12752,2024-03-21 10:55:00,5153.0,5160.8,5152.0,5160.8
12753,2024-03-21 10:56:00,5161.45,5163.0,5160.4,5161.3
12754,2024-03-21 10:57:00,5162.55,5165.0,5160.0,5164.1
12755,2024-03-21 10:58:00,5165.0,5166.1,5163.8,5165.0
12756,2024-03-21 10:59:00,5164.85,5166.85,5161.5,5162.7
12757,2024-03-21 11:00:00,5164.6,5165.0,5162.95,5165.0
12758,2024-03-21 11:01:00,5164.9,5165.0,5160.0,5160.0
12759,2024-03-21 11:02:00,5160.3,5162.65,5160.0,5162.65
12760,2024-03-21 11:03:00,5162.05,5162.35,5160.0,5162.35
12761,2024-03-21 11:04:00,5162.95,5164.85,5160.0,5164.85
12762,2024-03-21 11:05:00,5162.1,5164.7,5160.05,5162.9
12763,2024-03-21 11:06:00,5163.55,5163.55,5160.0,5162.4
12764,2024-03-21 11:07:00,5160.75,5165.0,5160.0,5164.85
12765,2024-03-21 11:08:00,5163.05,5165.0,5161.45,5165.0
12766,2024-03-21 11:09:00,5163.4,5165.0,5160.7,5163.75
12767,2024-03-21 11:10:00,5162.25,5165.0,5160.75,5163.25
12768,2024-03-21 11:11:00,5163.5,5165.0,5163.5,5165.0
12769,2024-03-21 11:12:00,5164.0,5165.0,5163.25,5163.7
12770,2024-03-21 11:13:00,5163.75,5163.75,5160.0,5160.0
12771,2024-03-21 11:14:00,5162.35,5164.15,5160.0,5163.15
12772,2024-03-21 11:15:00,5164.0,5164.0,5160.0,5163.25
12773,2024-03-21 11:16:00,5160.4,5163.3,5160.4,5161.0
12774,2024-03-21 11:17:00,5160.1,5163.3,5160.0,5163.2
12775,2024-03-21 11:18:00,5163.1,5163.1,5160.0,5160.05
12776,2024-03-21 11:19:00,5162.4,5162.4,5160.0,5160.05
12777,2024-03-21 11:20:00,5160.0,5164.95,5159.5,5162.05
12778,2024-03-21 11:21:00,5162.45,5163.8,5160.3,5163.4
12779,2024-03-21 11:22:00,5161.05,5165.0,5160.6,5164.25
12780,2024-03-21 11:23:00,5163.7,5165.0,5162.1,5165.0
12781,2024-03-21 11:24:00,5162.95,5165.0,5160.35,5163.25
12782,2024-03-21 11:25:00,5161.7,5165.0,5160.1,5162.0
12783,2024-03-21 11:26:00,5162.05,5163.45,5160.0,5160.5
12784,2024-03-21 11:27:00,5161.9,5163.85,5160.0,5161.3
12785,2024-03-21 11:28:00,5160.1,5161.3,5160.0,5160.1
12786,2024-03-21 11:29:00,5161.55,5162.0,5160.0,5162.0
12787,2024-03-21 11:30:00,5160.15,5162.0,5160.05,5160.45
12788,2024-03-21 11:31:00,5161.85,5162.0,5160.0,5160.35
12789,2024-03-21 11:32:00,5160.0,5160.5,5160.0,5160.5
12790,2024-03-21 11:33:00,5162.0,5162.3,5160.0,5160.1
12791,2024-03-21 11:34:00,5162.25,5162.3,5160.0,5161.95
12792,2024-03-21 11:35:00,5160.1,5161.45,5155.75,5161.45
12793,2024-03-21 11:36:00,5161.0,5163.55,5159.05,5163.05
12794,2024-03-21 11:37:00,5163.65,5165.9,5163.0,5164.45
12795,2024-03-21 11:38:00,5164.95,5165.0,5159.0,5159.35
12796,2024-03-21 11:39:00,5159.05,5159.05,5150.0,5150.0
12797,2024-03-21 11:40:00,5147.55,5151.95,5144.55,5147.0
12798,2024-03-21 11:41:00,5148.8,5149.0,5144.3,5145.5
12799,2024-03-21 11:42:00,5144.3,5152.0,5144.3,5147.2
12800,2024-03-21 11:43:00,5147.0,5149.95,5147.0,5148.05
12801,2024-03-21 11:44:00,5149.5,5149.9,5147.0,5147.0
12802,2024-03-21 11:45:00,5147.45,5155.9,5147.45,5154.25
12803,2024-03-21 11:46:00,5154.1,5155.2,5153.2,5154.0
12804,2024-03-21 11:47:00,5154.7,5156.8,5152.0,5153.0
12805,2024-03-21 11:48:00,5152.95,5153.0,5152.0,5152.65
12806,2024-03-21 11:49:00,5154.1,5155.75,5152.0,5153.0
12807,2024-03-21 11:50:00,5152.45,5153.0,5152.25,5152.25
12808,2024-03-21 11:51:00,5152.3,5152.3,5152.0,5152.0
12809,2024-03-21 11:52:00,5152.05,5158.75,5150.0,5156.35
12810,2024-03-21 11:53:00,5156.4,5158.05,5156.1,5156.4
12811,2024-03-21 11:54:00,5156.35,5159.9,5155.25,5158.1
12812,2024-03-21 11:55:00,5158.05,5158.05,5154.3,5157.6
12813,2024-03-21 11:56:00,5156.15,5157.5,5153.55,5155.25
12814,2024-03-21 11:57:00,5155.55,5155.55,5153.0,5154.0
12815,2024-03-21 11:58:00,5154.5,5155.15,5154.0,5154.05
12816,2024-03-21 11:59:00,5155.1,5155.25,5154.0,5155.15
12817,2024-03-21 12:00:00,5154.2,5155.15,5154.0,5155.1
12818,2024-03-21 12:01:00,5155.05,5157.75,5154.0,5157.75
12819,2024-03-21 12:02:00,5157.7,5158.15,5154.0,5156.6
12820,2024-03-21 12:03:00,5156.55,5157.5,5155.15,5157.5
12821,2024-03-21 12:04:00,5158.1,5158.1,5154.05,5154.05
12822,2024-03-21 12:05:00,5154.0,5154.3,5154.0,5154.1
12823,2024-03-21 12:06:00,5154.0,5155.0,5154.0,5154.15
12824,2024-03-21 12:07:00,5154.1,5154.15,5153.0,5153.0
12825,2024-03-21 12:08:00,5153.05,5154.7,5153.0,5153.2
12826,2024-03-21 12:09:00,5154.65,5154.7,5150.05,5150.9
12827,2024-03-21 12:10:00,5150.0,5152.5,5141.0,5152.25
12828,2024-03-21 12:11:00,5155.0,5157.55,5155.0,5156.05
12829,2024-03-21 12:12:00,5157.7,5157.85,5144.5,5145.1
12830,2024-03-21 12:13:00,5146.05,5146.05,5139.55,5142.7
12831,2024-03-21 12:14:00,5142.65,5145.55,5139.0,5142.3
12832,2024-03-21 12:15:00,5141.85,5141.85,5137.1,5140.0
12833,2024-03-21 12:16:00,5143.45,5145.7,5138.6,5138.85
12834,2024-03-21 12:17:00,5139.45,5144.5,5136.0,5140.0
12835,2024-03-21 12:18:00,5138.8,5143.1,5136.4,5142.8
12836,2024-03-21 12:19:00,5144.7,5149.9,5143.35,5143.75
12837,2024-03-21 12:20:00,5143.7,5144.4,5140.45,5144.0
12838,2024-03-21 12:21:00,5144.4,5144.4,5141.15,5142.3
12839,2024-03-21 12:22:00,5143.9,5143.9,5137.3,5141.1
12840,2024-03-21 12:23:00,5141.05,5145.0,5140.55,5143.25
12841,2024-03-21 12:24:00,5143.6,5145.25,5138.4,5139.05
12842,2024-03-21 12:25:00,5138.95,5140.0,5133.65,5133.65
12843,2024-03-21 12:26:00,5133.85,5135.0,5130.3,5131.25
12844,2024-03-21 12:27:00,5131.85,5137.55,5131.35,5134.85
12845,2024-03-21 12:28:00,5132.95,5137.5,5132.1,5137.2
12846,2024-03-21 12:29:00,5135.25,5137.95,5135.0,5135.25
12847,2024-03-21 12:30:00,5135.0,5137.95,5135.0,5135.3
12848,2024-03-21 12:31:00,5135.15,5138.95,5135.05,5137.7
12849,2024-03-21 12:32:00,5137.65,5139.1,5136.1,5139.1
12850,2024-03-21 12:33:00,5140.0,5140.0,5138.2,5138.2
12851,2024-03-21 12:34:00,5138.3,5140.0,5138.2,5139.05
12852,2024-03-21 12:35:00,5138.0,5141.6,5138.0,5139.0
12853,2024-03-21 12:36:00,5140.0,5140.0,5138.0,5138.3
12854,2024-03-21 12:37:00,5139.15,5140.45,5138.35,5139.45
12855,2024-03-21 12:38:00,5139.4,5140.95,5138.05,5139.9
12856,2024-03-21 12:39:00,5138.0,5140.0,5138.0,5139.55
12857,2024-03-21 12:40:00,5139.35,5140.0,5139.25,5139.25
12858,2024-03-21 12:41:00,5140.0,5140.0,5137.5,5137.8
12859,2024-03-21 12:42:00,5137.75,5139.75,5137.0,5137.0
12860,2024-03-21 12:43:00,5137.1,5139.15,5137.0,5137.1
12861,2024-03-21 12:44:00,5137.0,5139.15,5137.0,5139.15
12862,2024-03-21 12:45:00,5138.85,5140.0,5138.0,5139.4
12863,2024-03-21 12:46:00,5138.85,5143.95,5138.0,5139.5
12864,2024-03-21 12:47:00,5139.55,5140.0,5138.0,5138.9
12865,2024-03-21 12:48:00,5140.0,5142.4,5138.9,5140.0
12866,2024-03-21 12:49:00,5139.9,5140.0,5138.0,5139.65
12867,2024-03-21 12:50:00,5139.15,5140.0,5138.5,5138.8
12868,2024-03-21 12:51:00,5139.0,5142.0,5138.0,5142.0
12869,2024-03-21 12:52:00,5140.0,5143.45,5138.1,5143.45
12870,2024-03-21 12:53:00,5142.0,5145.6,5142.0,5143.95
12871,2024-03-21 12:54:00,5144.55,5144.9,5141.55,5143.6
12872,2024-03-21 12:55:00,5142.05,5146.85,5142.05,5146.8
12873,2024-03-21 12:56:00,5144.45,5146.85,5144.45,5146.85
12874,2024-03-21 12:57:00,5146.8,5146.85,5144.5,5146.5
12875,2024-03-21 12:58:00,5146.75,5148.45,5144.5,5147.25
12876,2024-03-21 12:59:00,5145.9,5147.95,5144.5,5147.9
12877,2024-03-21 13:00:00,5146.55,5148.0,5145.0,5145.05
12878,2024-03-21 13:01:00,5145.1,5150.0,5144.0,5148.8
12879,2024-03-21 13:02:00,5149.4,5150.45,5146.55,5149.05
12880,2024-03-21 13:03:00,5146.6,5149.9,5145.45,5146.9
12881,2024-03-21 13:04:00,5147.55,5150.0,5146.05,5147.0
12882,2024-03-21 13:05:00,5147.1,5149.7,5146.0,5147.15
12883,2024-03-21 13:06:00,5149.35,5149.4,5146.0,5147.1
12884,2024-03-21 13:07:00,5146.0,5146.7,5144.5,5145.0
12885,2024-03-21 13:08:00,5145.05,5148.25,5145.0,5148.25
12886,2024-03-21 13:09:00,5146.25,5148.35,5145.0,5145.0
12887,2024-03-21 13:10:00,5145.35,5147.5,5144.5,5145.05
12888,2024-03-21 13:11:00,5145.2,5147.0,5145.0,5146.9
12889,2024-03-21 13:12:00,5145.15,5147.9,5145.1,5146.0
12890,2024-03-21 13:13:00,5145.9,5147.9,5145.0,5145.6
12891,2024-03-21 13:14:00,5147.65,5147.65,5144.5,5146.35
12892,2024-03-21 13:15:00,5145.0,5147.0,5143.5,5143.5
12893,2024-03-21 13:16:00,5143.6,5145.0,5143.0,5143.6
12894,2024-03-21 13:17:00,5144.0,5144.0,5140.35,5140.9
12895,2024-03-21 13:18:00,5140.75,5143.15,5139.05,5139.45
12896,2024-03-21 13:19:00,5139.0,5140.0,5136.45,5138.55
12897,2024-03-21 13:20:00,5139.3,5139.3,5137.7,5138.85
12898,2024-03-21 13:21:00,5139.0,5140.0,5138.5,5138.75
12899,2024-03-21 13:22:00,5138.7,5140.0,5138.45,5138.8
12900,2024-03-21 13:23:00,5140.0,5140.0,5138.0,5138.0
12901,2024-03-21 13:24:00,5137.4,5141.9,5136.8,5139.2
12902,2024-03-21 13:25:00,5140.0,5143.45,5140.0,5141.45
12903,2024-03-21 13:26:00,5140.3,5142.1,5140.05,5141.15
12904,2024-03-21 13:27:00,5140.15,5142.4,5139.55,5140.0
12905,2024-03-21 13:28:00,5140.35,5142.15,5138.8,5140.3
12906,2024-03-21 13:29:00,5140.8,5142.65,5140.3,5141.0
12907,2024-03-21 13:30:00,5140.95,5142.5,5140.3,5140.3
12908,2024-03-21 13:31:00,5140.55,5142.0,5140.3,5140.35
12909,2024-03-21 13:32:00,5140.4,5142.75,5140.3,5140.3
12910,2024-03-21 13:33:00,5140.35,5142.8,5140.3,5140.3
12911,2024-03-21 13:34:00,5140.35,5142.9,5140.3,5142.9
12912,2024-03-21 13:35:00,5142.45,5145.0,5140.3,5142.8
12913,2024-03-21 13:36:00,5142.85,5147.55,5142.8,5147.55
12914,2024-03-21 13:37:00,5146.25,5147.9,5145.0,5145.0
12915,2024-03-21 13:38:00,5145.1,5147.35,5145.0,5146.45
12916,2024-03-21 13:39:00,5145.9,5150.0,5145.0,5147.8
12917,2024-03-21 13:40:00,5148.0,5150.0,5147.15,5147.15
12918,2024-03-21 13:41:00,5147.2,5149.35,5145.0,5149.35
12919,2024-03-21 13:42:00,5147.8,5153.0,5146.65,5149.25
12920,2024-03-21 13:43:00,5149.45,5152.0,5148.25,5148.45
12921,2024-03-21 13:44:00,5148.4,5152.95,5148.4,5150.05
12922,2024-03-21 13:45:00,5150.15,5152.0,5148.45,5148.5
12923,2024-03-21 13:46:00,5147.3,5153.0,5147.3,5152.0
12924,2024-03-21 13:47:00,5151.9,5153.0,5150.0,5150.05
12925,2024-03-21 13:48:00,5150.1,5151.35,5145.5,5148.05
12926,2024-03-21 13:49:00,5147.3,5149.0,5145.0,5148.8
12927,2024-03-21 13:50:00,5148.75,5150.65,5148.0,5150.0
12928,2024-03-21 13:51:00,5150.1,5152.95,5148.05,5148.3
12929,2024-03-21 13:52:00,5148.35,5150.8,5148.3,5149.95
12930,2024-03-21 13:53:00,5150.0,5150.0,5147.6,5148.9
12931,2024-03-21 13:54:00,5148.95,5150.0,5148.9,5148.9
12932,2024-03-21 13:55:00,5149.0,5151.2,5147.0,5148.8
12933,2024-03-21 13:56:00,5149.75,5149.75,5145.0,5146.05
12934,2024-03-21 13:57:00,5146.0,5147.0,5145.0,5146.25
12935,2024-03-21 13:58:00,5145.0,5145.8,5145.0,5145.0
12936,2024-03-21 13:59:00,5145.05,5145.2,5145.0,5145.0
12937,2024-03-21 14:00:00,5145.1,5147.1,5145.0,5145.9
12938,2024-03-21 14:01:00,5147.2,5151.55,5145.1,5151.55
12939,2024-03-21 14:02:00,5150.8,5152.1,5150.0,5150.95
12940,2024-03-21 14:03:00,5151.0,5151.0,5145.65,5147.05
12941,2024-03-21 14:04:00,5147.3,5148.55,5145.4,5146.95
12942,2024-03-21 14:05:00,5146.4,5148.45,5145.25,5145.25
12943,2024-03-21 14:06:00,5145.95,5148.5,5145.05,5145.9
12944,2024-03-21 14:07:00,5147.85,5149.75,5145.85,5147.45
12945,2024-03-21 14:08:00,5147.95,5149.25,5145.65,5146.8
12946,2024-03-21 14:09:00,5146.6,5149.05,5146.45,5149.05
12947,2024-03-21 14:10:00,5149.0,5153.0,5149.0,5152.95
12948,2024-03-21 14:11:00,5153.0,5153.0,5150.3,5150.3
12949,2024-03-21 14:12:00,5150.5,5151.95,5149.0,5150.0
12950,2024-03-21 14:13:00,5149.6,5151.7,5149.0,5150.3
12951,2024-03-21 14:14:00,5150.65,5153.0,5150.65,5152.85
12952,2024-03-21 14:15:00,5152.35,5152.6,5149.0,5149.0
12953,2024-03-21 14:16:00,5149.05,5151.95,5149.0,5149.9
12954,2024-03-21 14:17:00,5149.95,5151.8,5149.6,5150.05
12955,2024-03-21 14:18:00,5149.9,5152.85,5149.0,5152.25
12956,2024-03-21 14:19:00,5152.0,5152.8,5150.1,5150.75
12957,2024-03-21 14:20:00,5150.5,5157.15,5150.5,5156.25
12958,2024-03-21 14:21:00,5156.65,5159.7,5155.0,5156.45
12959,2024-03-21 14:22:00,5157.75,5159.65,5155.0,5158.5
12960,2024-03-21 14:23:00,5158.55,5162.95,5157.7,5158.9
12961,2024-03-21 14:24:00,5159.9,5160.3,5158.1,5160.1
12962,2024-03-21 14:25:00,5160.15,5165.0,5160.15,5162.8
12963,2024-03-21 14:26:00,5163.2,5164.2,5161.7,5161.7
12964,2024-03-21 14:27:00,5162.0,5162.0,5160.85,5161.3
12965,2024-03-21 14:28:00,5161.6,5162.0,5160.25,5160.85
12966,2024-03-21 14:29:00,5161.4,5162.95,5160.8,5162.4
12967,2024-03-21 14:30:00,5162.35,5165.0,5162.0,5164.25
12968,2024-03-21 14:31:00,5164.95,5165.4,5160.85,5160.85
12969,2024-03-21 14:32:00,5161.05,5165.8,5160.75,5163.5
12970,2024-03-21 14:33:00,5163.65,5165.0,5163.5,5164.2
12971,2024-03-21 14:34:00,5164.15,5165.0,5160.55,5162.4
12972,2024-03-21 14:35:00,5164.6,5165.0,5162.85,5164.15
12973,2024-03-21 14:36:00,5164.95,5165.7,5164.25,5164.6
12974,2024-03-21 14:37:00,5165.0,5165.0,5163.2,5164.75
12975,2024-03-21 14:38:00,5164.85,5166.6,5163.65,5164.55
12976,2024-03-21 14:39:00,5165.7,5167.95,5164.05,5165.0
12977,2024-03-21 14:40:00,5165.35,5167.0,5161.6,5162.5
12978,2024-03-21 14:41:00,5164.45,5165.0,5161.95,5165.0
12979,2024-03-21 14:42:00,5164.4,5166.6,5163.8,5165.0
12980,2024-03-21 14:43:00,5165.05,5168.0,5165.05,5167.2
12981,2024-03-21 14:44:00,5168.0,5170.0,5167.05,5168.8
12982,2024-03-21 14:45:00,5169.95,5171.9,5161.95,5162.75
12983,2024-03-21 14:46:00,5162.0,5162.35,5156.05,5157.2
12984,2024-03-21 14:47:00,5157.1,5157.7,5152.8,5154.0
12985,2024-03-21 14:48:00,5155.2,5161.7,5154.0,5158.75
12986,2024-03-21 14:49:00,5160.6,5162.2,5156.15,5161.3
12987,2024-03-21 14:50:00,5161.25,5161.35,5156.4,5156.5
12988,2024-03-21 14:51:00,5157.3,5158.1,5155.0,5157.65
12989,2024-03-21 14:52:00,5155.0,5164.95,5155.0,5164.15
12990,2024-03-21 14:53:00,5164.2,5164.2,5153.15,5153.6
12991,2024-03-21 14:54:00,5153.5,5153.95,5145.2,5146.1
12992,2024-03-21 14:55:00,5147.0,5152.7,5143.1,5149.7
12993,2024-03-21 14:56:00,5149.5,5150.9,5144.45,5146.2
12994,2024-03-21 14:57:00,5149.35,5151.8,5145.0,5151.3
12995,2024-03-21 14:58:00,5151.4,5151.4,5145.65,5146.9
12996,2024-03-21 14:59:00,5145.9,5149.75,5144.0,5146.95
12997,2024-03-21 15:00:00,5146.8,5150.75,5143.3,5147.3
12998,2024-03-21 15:01:00,5147.9,5153.95,5146.95,5146.95
12999,2024-03-21 15:02:00,5147.9,5150.05,5146.75,5148.75
13000,2024-03-21 15:03:00,5148.7,5149.0,5145.25,5149.0
13001,2024-03-21 15:04:00,5148.95,5152.8,5146.95,5152.8
13002,2024-03-21 15:05:00,5152.4,5155.2,5150.5,5153.8
13003,2024-03-21 15:06:00,5155.0,5163.0,5152.5,5163.0
13004,2024-03-21 15:07:00,5162.95,5165.0,5159.35,5160.05
13005,2024-03-21 15:08:00,5162.1,5165.0,5157.4,5163.7
13006,2024-03-21 15:09:00,5163.55,5164.95,5161.1,5163.05
13007,2024-03-21 15:10:00,5165.0,5165.0,5161.6,5164.75
13008,2024-03-21 15:11:00,5165.0,5165.0,5164.05,5164.55
13009,2024-03-21 15:12:00,5164.6,5165.0,5164.55,5165.0
13010,2024-03-21 15:13:00,5164.95,5165.0,5162.3,5163.25
13011,2024-03-21 15:14:00,5163.5,5165.0,5161.9,5163.85
13012,2024-03-21 15:15:00,5164.4,5165.0,5161.75,5163.85
13013,2024-03-21 15:16:00,5164.95,5165.0,5158.8,5159.65
13014,2024-03-21 15:17:00,5159.85,5163.3,5157.05,5161.05
13015,2024-03-21 15:18:00,5161.0,5162.0,5158.0,5159.15
13016,2024-03-21 15:19:00,5158.5,5161.45,5157.0,5160.4
13017,2024-03-21 15:20:00,5159.35,5165.0,5158.25,5161.7
13018,2024-03-21 15:21:00,5162.35,5165.0,5160.55,5164.05
13019,2024-03-21 15:22:00,5164.95,5165.0,5161.35,5164.65
13020,2024-03-21 15:23:00,5164.75,5165.0,5162.5,5164.95
13021,2024-03-21 15:24:00,5165.0,5165.0,5162.75,5164.0
13022,2024-03-21 15:25:00,5163.45,5164.0,5161.95,5163.95
13023,2024-03-21 15:26:00,5164.0,5165.0,5162.3,5165.0
13024,2024-03-21 15:27:00,5164.55,5165.0,5164.0,5164.55
13025,2024-03-21 15:28:00,5164.05,5165.0,5157.95,5159.0
13026,2024-03-21 15:29:00,5164.3,5164.9,5151.55,5151.9
13027,2024-03-22 09:14:00,5044.95,5044.95,5044.95,5044.95
13028,2024-03-22 09:15:00,5012.15,5044.95,5010.0,5042.9
13029,2024-03-22 09:16:00,5043.05,5050.0,5029.15,5029.15
13030,2024-03-22 09:17:00,5026.55,5031.55,5007.8,5012.95
13031,2024-03-22 09:18:00,5013.0,5016.0,5007.15,5010.8
13032,2024-03-22 09:19:00,5006.05,5013.4,5002.9,5009.35
13033,2024-03-22 09:20:00,5009.6,5009.6,4985.0,4989.15
13034,2024-03-22 09:21:00,4985.4,5005.45,4985.4,4999.25
13035,2024-03-22 09:22:00,4996.9,4999.9,4986.55,4998.25
13036,2024-03-22 09:23:00,4999.25,5001.95,4985.0,4992.95
13037,2024-03-22 09:24:00,4992.8,4994.7,4983.55,4988.75
13038,2024-03-22 09:25:00,4986.65,4994.45,4986.65,4993.0
13039,2024-03-22 09:26:00,4994.0,4994.0,4981.0,4982.85
13040,2024-03-22 09:27:00,4982.75,4984.45,4975.0,4978.85
13041,2024-03-22 09:28:00,4981.05,4982.45,4977.45,4980.0
13042,2024-03-22 09:29:00,4978.0,4980.0,4975.0,4976.75
13043,2024-03-22 09:30:00,4976.5,4976.5,4962.0,4962.1
13044,2024-03-22 09:31:00,4963.8,4964.8,4955.3,4964.0
13045,2024-03-22 09:32:00,4965.85,4966.65,4957.65,4957.65
13046,2024-03-22 09:33:00,4959.05,4963.35,4956.1,4956.25
13047,2024-03-22 09:34:00,4956.95,4960.0,4955.0,4956.55
13048,2024-03-22 09:35:00,4960.3,4960.3,4945.2,4948.5
13049,2024-03-22 09:36:00,4947.3,4963.35,4946.0,4959.85
13050,2024-03-22 09:37:00,4961.55,4963.25,4956.0,4958.05
13051,2024-03-22 09:38:00,4958.0,4960.0,4950.6,4957.15
13052,2024-03-22 09:39:00,4956.55,4972.0,4956.55,4972.0
13053,2024-03-22 09:40:00,4973.95,4974.55,4962.15,4967.75
13054,2024-03-22 09:41:00,4966.0,4972.95,4964.85,4971.85
13055,2024-03-22 09:42:00,4971.05,4978.0,4969.95,4977.1
13056,2024-03-22 09:43:00,4977.0,4985.0,4976.6,4980.0
13057,2024-03-22 09:44:00,4978.2,4981.15,4974.0,4975.1
13058,2024-03-22 09:45:00,4977.1,4980.75,4974.0,4978.7
13059,2024-03-22 09:46:00,4976.25,4980.0,4975.5,4978.0
13060,2024-03-22 09:47:00,4977.05,4980.0,4976.5,4979.0
13061,2024-03-22 09:48:00,4978.95,4984.85,4978.5,4982.8
13062,2024-03-22 09:49:00,4983.0,4985.65,4981.15,4985.45
13063,2024-03-22 09:50:00,4982.7,4985.65,4982.0,4985.65
13064,2024-03-22 09:51:00,4985.45,4985.65,4980.85,4984.35
13065,2024-03-22 09:52:00,4981.75,4988.0,4981.0,4987.95
13066,2024-03-22 09:53:00,4987.9,4988.0,4985.7,4987.6
13067,2024-03-22 09:54:00,4986.9,4991.0,4984.05,4989.8
13068,2024-03-22 09:55:00,4990.95,5003.05,4989.75,5000.0
13069,2024-03-22 09:56:00,5002.0,5002.0,5000.0,5001.6
13070,2024-03-22 09:57:00,5000.15,5007.0,5000.0,5005.6
13071,2024-03-22 09:58:00,5005.65,5015.0,5004.25,5014.95
13072,2024-03-22 09:59:00,5015.0,5019.0,5011.65,5012.0
13073,2024-03-22 10:00:00,5011.8,5013.85,5005.55,5005.55
13074,2024-03-22 10:01:00,5004.7,5011.55,5002.05,5009.15
13075,2024-03-22 10:02:00,5009.0,5009.4,5003.05,5005.95
13076,2024-03-22 10:03:00,5006.0,5009.5,5004.0,5006.85
13077,2024-03-22 10:04:00,5005.75,5008.2,5005.0,5007.95
13078,2024-03-22 10:05:00,5007.9,5011.55,5005.1,5011.0
13079,2024-03-22 10:06:00,5010.1,5012.0,5009.95,5012.0
13080,2024-03-22 10:07:00,5010.5,5015.85,5010.0,5015.2
13081,2024-03-22 10:08:00,5014.85,5015.0,5010.55,5013.3
13082,2024-03-22 10:09:00,5013.0,5015.0,5012.0,5014.4
13083,2024-03-22 10:10:00,5015.0,5018.95,5014.0,5015.1
13084,2024-03-22 10:11:00,5015.05,5015.05,5010.0,5012.3
13085,2024-03-22 10:12:00,5012.05,5018.5,5011.5,5016.35
13086,2024-03-22 10:13:00,5017.0,5018.5,5014.95,5014.95
13087,2024-03-22 10:14:00,5014.0,5014.95,5010.0,5014.55
13088,2024-03-22 10:15:00,5012.0,5013.95,5008.95,5012.95
13089,2024-03-22 10:16:00,5012.0,5012.95,5010.05,5012.0
13090,2024-03-22 10:17:00,5011.65,5013.0,5010.75,5013.0
13091,2024-03-22 10:18:00,5012.95,5018.2,5012.95,5014.5
13092,2024-03-22 10:19:00,5015.2,5015.25,5011.55,5012.45
13093,2024-03-22 10:20:00,5012.9,5014.75,5011.0,5013.9
13094,2024-03-22 10:21:00,5012.6,5012.6,5002.55,5005.2
13095,2024-03-22 10:22:00,5002.05,5007.15,5002.0,5004.0
13096,2024-03-22 10:23:00,5005.6,5008.05,5003.55,5007.75
13097,2024-03-22 10:24:00,5006.65,5009.95,5005.55,5008.3
13098,2024-03-22 10:25:00,5011.0,5011.0,5004.05,5006.45
13099,2024-03-22 10:26:00,5006.5,5007.0,5004.0,5006.45
13100,2024-03-22 10:27:00,5006.4,5013.85,5006.4,5010.0
13101,2024-03-22 10:28:00,5012.75,5015.0,5011.0,5014.0
13102,2024-03-22 10:29:00,5012.05,5015.0,5011.0,5011.0
13103,2024-03-22 10:30:00,5013.0,5013.0,5005.55,5008.95
13104,2024-03-22 10:31:00,5006.4,5009.2,5005.0,5007.7
13105,2024-03-22 10:32:00,5007.0,5009.75,5006.0,5009.75
13106,2024-03-22 10:33:00,5010.0,5015.0,5009.0,5011.95
13107,2024-03-22 10:34:00,5010.2,5018.0,5010.2,5015.0
13108,2024-03-22 10:35:00,5015.75,5015.85,5009.75,5010.0
13109,2024-03-22 10:36:00,5008.05,5013.2,5008.05,5010.0
13110,2024-03-22 10:37:00,5009.85,5010.0,5005.0,5006.0
13111,2024-03-22 10:38:00,5006.6,5008.05,5006.0,5007.0
13112,2024-03-22 10:39:00,5007.6,5010.0,5006.0,5009.95
13113,2024-03-22 10:40:00,5009.0,5010.0,5006.05,5009.4
13114,2024-03-22 10:41:00,5007.4,5009.9,5001.0,5006.35
13115,2024-03-22 10:42:00,5006.2,5006.9,5003.0,5004.65
13116,2024-03-22 10:43:00,5004.0,5006.7,5003.05,5005.6
13117,2024-03-22 10:44:00,5004.45,5007.0,5003.25,5005.3
13118,2024-03-22 10:45:00,5006.4,5006.85,5002.0,5002.0
13119,2024-03-22 10:46:00,5002.8,5002.8,4992.0,4996.65
13120,2024-03-22 10:47:00,4996.55,4998.0,4995.0,4997.0
13121,2024-03-22 10:48:00,4995.55,4997.95,4995.0,4996.2
13122,2024-03-22 10:49:00,4996.1,4996.25,4992.45,4993.0
13123,2024-03-22 10:50:00,4992.55,4992.95,4990.05,4992.0
13124,2024-03-22 10:51:00,4990.75,4995.0,4990.1,4994.15
13125,2024-03-22 10:52:00,4994.0,4995.95,4992.2,4995.3
13126,2024-03-22 10:53:00,4995.55,5005.95,4995.55,5002.55
13127,2024-03-22 10:54:00,5002.0,5007.0,5000.05,5006.45
13128,2024-03-22 10:55:00,5006.4,5007.4,5001.7,5007.4
13129,2024-03-22 10:56:00,5006.75,5009.0,5006.35,5008.0
13130,2024-03-22 10:57:00,5007.95,5007.95,5004.0,5006.25
13131,2024-03-22 10:58:00,5005.0,5006.15,5003.0,5003.1
13132,2024-03-22 10:59:00,5003.0,5005.75,5001.95,5003.0
13133,2024-03-22 11:00:00,5003.1,5004.7,5003.05,5004.2
13134,2024-03-22 11:01:00,5004.15,5010.0,5003.1,5010.0
13135,2024-03-22 11:02:00,5011.7,5013.9,5010.0,5013.9
13136,2024-03-22 11:03:00,5014.0,5024.45,5012.6,5023.15
13137,2024-03-22 11:04:00,5023.85,5023.85,5018.0,5023.0
13138,2024-03-22 11:05:00,5023.1,5026.0,5020.0,5022.95
13139,2024-03-22 11:06:00,5021.5,5023.15,5020.0,5021.45
13140,2024-03-22 11:07:00,5023.0,5024.65,5020.25,5021.2
13141,2024-03-22 11:08:00,5021.6,5029.0,5021.2,5028.9
13142,2024-03-22 11:09:00,5028.85,5032.0,5025.45,5032.0
13143,2024-03-22 11:10:00,5034.85,5034.85,5026.05,5027.55
13144,2024-03-22 11:11:00,5026.15,5031.7,5026.05,5029.75
13145,2024-03-22 11:12:00,5028.1,5032.0,5027.0,5030.15
13146,2024-03-22 11:13:00,5031.95,5032.0,5026.0,5027.05
13147,2024-03-22 11:14:00,5027.0,5027.0,5021.5,5026.0
13148,2024-03-22 11:15:00,5026.55,5031.0,5025.0,5029.8
13149,2024-03-22 11:16:00,5028.4,5033.0,5028.4,5031.55
13150,2024-03-22 11:17:00,5030.3,5037.3,5030.1,5036.8
13151,2024-03-22 11:18:00,5039.8,5040.2,5036.1,5037.8
13152,2024-03-22 11:19:00,5036.55,5044.65,5036.55,5042.0
13153,2024-03-22 11:20:00,5044.75,5044.75,5039.35,5040.95
13154,2024-03-22 11:21:00,5041.3,5043.0,5040.2,5042.0
13155,2024-03-22 11:22:00,5040.9,5047.05,5040.4,5044.05
13156,2024-03-22 11:23:00,5046.1,5055.0,5045.0,5054.8
13157,2024-03-22 11:24:00,5055.0,5058.8,5054.0,5055.0
13158,2024-03-22 11:25:00,5056.0,5059.95,5055.1,5059.05
13159,2024-03-22 11:26:00,5058.15,5071.7,5058.15,5070.0
13160,2024-03-22 11:27:00,5071.95,5072.05,5067.0,5071.1
13161,2024-03-22 11:28:00,5072.0,5072.45,5067.0,5068.2
13162,2024-03-22 11:29:00,5068.95,5071.9,5067.7,5070.5
13163,2024-03-22 11:30:00,5069.75,5071.9,5067.95,5067.95
13164,2024-03-22 11:31:00,5067.5,5069.4,5067.0,5068.0
13165,2024-03-22 11:32:00,5068.5,5069.9,5067.0,5067.0
13166,2024-03-22 11:33:00,5067.9,5076.15,5067.0,5075.95
13167,2024-03-22 11:34:00,5078.0,5078.0,5067.0,5068.55
13168,2024-03-22 11:35:00,5066.9,5070.0,5061.75,5069.95
13169,2024-03-22 11:36:00,5069.05,5069.15,5062.9,5065.05
13170,2024-03-22 11:37:00,5064.0,5066.7,5060.0,5060.6
13171,2024-03-22 11:38:00,5063.45,5063.45,5055.15,5060.0
13172,2024-03-22 11:39:00,5059.95,5062.0,5058.05,5062.0
13173,2024-03-22 11:40:00,5062.9,5065.0,5058.2,5061.85
13174,2024-03-22 11:41:00,5061.1,5067.0,5061.1,5066.9
13175,2024-03-22 11:42:00,5066.85,5066.85,5061.15,5062.45
13176,2024-03-22 11:43:00,5062.0,5062.0,5053.25,5053.55
13177,2024-03-22 11:44:00,5053.0,5055.05,5051.65,5055.05
13178,2024-03-22 11:45:00,5053.05,5057.8,5053.0,5055.5
13179,2024-03-22 11:46:00,5053.7,5056.75,5053.15,5055.0
13180,2024-03-22 11:47:00,5054.75,5060.0,5053.15,5058.05
13181,2024-03-22 11:48:00,5058.15,5062.0,5058.15,5061.95
13182,2024-03-22 11:49:00,5061.0,5065.95,5059.0,5065.9
13183,2024-03-22 11:50:00,5066.0,5066.0,5062.0,5063.4
13184,2024-03-22 11:51:00,5063.3,5071.6,5063.3,5065.15
13185,2024-03-22 11:52:00,5065.6,5066.65,5061.05,5064.0
13186,2024-03-22 11:53:00,5067.0,5074.8,5065.0,5069.15
13187,2024-03-22 11:54:00,5069.1,5070.0,5066.45,5069.8
13188,2024-03-22 11:55:00,5069.7,5069.7,5062.2,5064.0
13189,2024-03-22 11:56:00,5064.1,5065.0,5061.05,5062.05
13190,2024-03-22 11:57:00,5061.1,5064.0,5060.95,5063.65
13191,2024-03-22 11:58:00,5061.5,5063.6,5058.5,5058.55
13192,2024-03-22 11:59:00,5058.5,5060.0,5054.0,5055.75
13193,2024-03-22 12:00:00,5053.05,5060.0,5053.05,5059.0
13194,2024-03-22 12:01:00,5059.05,5060.0,5059.0,5059.15
13195,2024-03-22 12:02:00,5059.05,5059.15,5059.0,5059.0
13196,2024-03-22 12:03:00,5059.05,5059.9,5055.0,5059.8
13197,2024-03-22 12:04:00,5059.0,5060.0,5058.7,5059.0
13198,2024-03-22 12:05:00,5059.05,5059.1,5056.25,5059.1
13199,2024-03-22 12:06:00,5059.05,5059.2,5058.05,5059.0
13200,2024-03-22 12:07:00,5058.1,5062.0,5058.05,5060.0
13201,2024-03-22 12:08:00,5059.45,5059.95,5059.0,5059.5
13202,2024-03-22 12:09:00,5059.45,5060.0,5055.55,5057.65
13203,2024-03-22 12:10:00,5057.95,5059.0,5050.55,5050.55
13204,2024-03-22 12:11:00,5050.15,5051.0,5044.75,5046.0
13205,2024-03-22 12:12:00,5045.2,5046.1,5036.25,5036.25
13206,2024-03-22 12:13:00,5036.95,5036.95,5031.05,5034.0
13207,2024-03-22 12:14:00,5033.95,5034.0,5029.7,5032.3
13208,2024-03-22 12:15:00,5032.2,5033.95,5030.0,5033.8
13209,2024-03-22 12:16:00,5034.0,5034.0,5030.85,5031.95
13210,2024-03-22 12:17:00,5032.0,5034.0,5032.0,5032.95
13211,2024-03-22 12:18:00,5032.05,5033.0,5022.55,5026.6
13212,2024-03-22 12:19:00,5024.95,5024.95,5020.55,5021.2
13213,2024-03-22 12:20:00,5023.35,5027.55,5021.75,5027.35
13214,2024-03-22 12:21:00,5029.5,5030.0,5025.0,5027.15
13215,2024-03-22 12:22:00,5026.6,5028.75,5022.15,5028.75
13216,2024-03-22 12:23:00,5027.2,5031.25,5025.0,5030.1
13217,2024-03-22 12:24:00,5030.9,5034.1,5029.0,5033.2
13218,2024-03-22 12:25:00,5032.9,5035.0,5032.55,5033.2
13219,2024-03-22 12:26:00,5033.15,5033.15,5028.5,5028.5
13220,2024-03-22 12:27:00,5028.95,5028.95,5025.25,5027.65
13221,2024-03-22 12:28:00,5027.7,5030.0,5025.0,5025.0
13222,2024-03-22 12:29:00,5025.05,5026.65,5022.65,5025.05
13223,2024-03-22 12:30:00,5025.15,5026.0,5023.7,5026.0
13224,2024-03-22 12:31:00,5025.15,5028.7,5022.5,5027.85
13225,2024-03-22 12:32:00,5025.3,5030.0,5025.1,5030.0
13226,2024-03-22 12:33:00,5029.1,5032.45,5028.05,5032.4
13227,2024-03-22 12:34:00,5033.6,5039.65,5031.3,5036.0
13228,2024-03-22 12:35:00,5039.3,5039.35,5035.0,5035.3
13229,2024-03-22 12:36:00,5035.2,5042.45,5033.8,5042.2
13230,2024-03-22 12:37:00,5042.35,5043.0,5039.55,5042.95
13231,2024-03-22 12:38:00,5042.0,5042.3,5039.0,5039.3
13232,2024-03-22 12:39:00,5039.25,5042.0,5034.25,5042.0
13233,2024-03-22 12:40:00,5040.7,5042.0,5040.7,5040.7
13234,2024-03-22 12:41:00,5040.5,5040.5,5035.9,5039.95
13235,2024-03-22 12:42:00,5040.0,5040.05,5038.55,5040.0
13236,2024-03-22 12:43:00,5039.95,5041.0,5039.5,5041.0
13237,2024-03-22 12:44:00,5040.2,5041.8,5039.0,5040.7
13238,2024-03-22 12:45:00,5040.65,5040.65,5036.25,5037.5
13239,2024-03-22 12:46:00,5037.45,5042.0,5037.45,5040.05
13240,2024-03-22 12:47:00,5040.0,5042.0,5038.6,5041.4
13241,2024-03-22 12:48:00,5041.35,5048.0,5037.1,5045.35
13242,2024-03-22 12:49:00,5046.7,5049.0,5045.35,5046.5
13243,2024-03-22 12:50:00,5046.0,5046.0,5041.35,5041.35
13244,2024-03-22 12:51:00,5040.1,5041.9,5038.1,5040.8
13245,2024-03-22 12:52:00,5040.75,5040.75,5033.6,5033.65
13246,2024-03-22 12:53:00,5035.05,5037.95,5033.65,5035.45
13247,2024-03-22 12:54:00,5036.3,5040.7,5035.4,5040.0
13248,2024-03-22 12:55:00,5040.1,5040.15,5037.0,5037.0
13249,2024-03-22 12:56:00,5039.2,5040.0,5038.05,5038.1
13250,2024-03-22 12:57:00,5038.0,5038.1,5034.05,5035.1
13251,2024-03-22 12:58:00,5036.7,5040.0,5035.1,5035.4
13252,2024-03-22 12:59:00,5039.15,5039.95,5037.1,5038.1
13253,2024-03-22 13:00:00,5037.15,5040.0,5035.75,5038.15
13254,2024-03-22 13:01:00,5038.0,5038.0,5037.0,5037.0
13255,2024-03-22 13:02:00,5037.35,5038.9,5037.1,5037.5
13256,2024-03-22 13:03:00,5037.4,5043.25,5037.4,5041.25
13257,2024-03-22 13:04:00,5041.2,5041.25,5040.0,5040.05
13258,2024-03-22 13:05:00,5040.0,5040.05,5037.3,5037.3
13259,2024-03-22 13:06:00,5037.05,5037.9,5036.05,5036.4
13260,2024-03-22 13:07:00,5036.15,5040.65,5036.0,5039.25
13261,2024-03-22 13:08:00,5039.05,5041.15,5037.6,5040.55
13262,2024-03-22 13:09:00,5041.1,5041.2,5039.85,5040.6
13263,2024-03-22 13:10:00,5041.15,5041.15,5039.25,5039.25
13264,2024-03-22 13:11:00,5039.35,5040.75,5037.2,5037.2
13265,2024-03-22 13:12:00,5037.15,5040.25,5035.75,5037.7
13266,2024-03-22 13:13:00,5039.65,5039.7,5037.65,5037.75
13267,2024-03-22 13:14:00,5037.7,5039.0,5035.95,5035.95
13268,2024-03-22 13:15:00,5035.4,5038.95,5034.0,5034.0
13269,2024-03-22 13:16:00,5033.05,5034.05,5028.6,5028.95
13270,2024-03-22 13:17:00,5030.0,5030.0,5027.45,5027.9
13271,2024-03-22 13:18:00,5027.6,5029.95,5027.45,5029.3
13272,2024-03-22 13:19:00,5029.2,5029.8,5027.05,5027.05
13273,2024-03-22 13:20:00,5027.95,5028.05,5024.9,5024.9
13274,2024-03-22 13:21:00,5025.0,5028.5,5024.5,5024.9
13275,2024-03-22 13:22:00,5024.0,5024.5,5021.0,5021.0
13276,2024-03-22 13:23:00,5020.2,5021.95,5020.0,5020.5
13277,2024-03-22 13:24:00,5020.05,5024.65,5018.0,5021.05
13278,2024-03-22 13:25:00,5021.95,5022.0,5020.0,5020.35
13279,2024-03-22 13:26:00,5022.0,5024.2,5018.15,5018.15
13280,2024-03-22 13:27:00,5019.05,5024.0,5019.05,5023.4
13281,2024-03-22 13:28:00,5022.7,5024.1,5019.2,5020.7
13282,2024-03-22 13:29:00,5020.75,5024.95,5020.35,5021.3
13283,2024-03-22 13:30:00,5021.25,5025.35,5020.5,5021.75
13284,2024-03-22 13:31:00,5021.4,5023.95,5020.35,5020.4
13285,2024-03-22 13:32:00,5020.45,5023.6,5020.0,5020.0
13286,2024-03-22 13:33:00,5021.9,5024.2,5019.2,5019.75
13287,2024-03-22 13:34:00,5023.45,5023.45,5015.0,5020.1
13288,2024-03-22 13:35:00,5016.9,5018.9,5016.05,5016.3
13289,2024-03-22 13:36:00,5018.4,5020.15,5016.35,5016.35
13290,2024-03-22 13:37:00,5016.4,5016.45,5016.1,5016.2
13291,2024-03-22 13:38:00,5018.35,5019.35,5016.0,5016.35
13292,2024-03-22 13:39:00,5016.05,5018.9,5016.0,5016.0
13293,2024-03-22 13:40:00,5016.05,5018.4,5014.0,5015.6
13294,2024-03-22 13:41:00,5015.35,5016.95,5014.0,5015.1
13295,2024-03-22 13:42:00,5015.45,5021.85,5014.25,5015.0
13296,2024-03-22 13:43:00,5014.95,5017.05,5013.0,5013.25
13297,2024-03-22 13:44:00,5014.15,5017.15,5013.25,5013.25
13298,2024-03-22 13:45:00,5015.0,5015.8,5013.0,5013.1
13299,2024-03-22 13:46:00,5013.0,5015.5,5012.1,5012.65
13300,2024-03-22 13:47:00,5012.6,5014.35,5011.1,5011.15
13301,2024-03-22 13:48:00,5011.1,5012.0,5007.75,5009.4
13302,2024-03-22 13:49:00,5009.0,5012.35,5008.65,5010.0
13303,2024-03-22 13:50:00,5012.4,5012.4,5009.55,5010.15
13304,2024-03-22 13:51:00,5010.0,5010.0,5007.0,5007.0
13305,2024-03-22 13:52:00,5007.05,5010.0,5007.0,5010.0
13306,2024-03-22 13:53:00,5009.0,5010.35,5007.8,5009.05
13307,2024-03-22 13:54:00,5009.0,5012.1,5009.0,5009.0
13308,2024-03-22 13:55:00,5009.95,5016.6,5009.0,5015.15
13309,2024-03-22 13:56:00,5014.05,5016.65,5010.45,5013.7
13310,2024-03-22 13:57:00,5016.25,5019.3,5013.05,5018.7
13311,2024-03-22 13:58:00,5016.55,5020.0,5016.5,5017.4
13312,2024-03-22 13:59:00,5017.05,5021.95,5017.05,5020.45
13313,2024-03-22 14:00:00,5019.1,5020.95,5018.15,5018.5
13314,2024-03-22 14:01:00,5018.25,5020.0,5012.15,5012.15
13315,2024-03-22 14:02:00,5012.1,5016.9,5010.0,5012.4
13316,2024-03-22 14:03:00,5010.4,5014.95,5010.1,5011.25
13317,2024-03-22 14:04:00,5011.0,5013.15,5009.0,5011.9
13318,2024-03-22 14:05:00,5014.9,5016.35,5010.3,5010.5
13319,2024-03-22 14:06:00,5010.4,5012.05,5009.0,5010.85
13320,2024-03-22 14:07:00,5011.95,5014.2,5009.15,5011.8
13321,2024-03-22 14:08:00,5010.8,5014.5,5010.8,5011.0
13322,2024-03-22 14:09:00,5011.15,5018.05,5011.0,5015.2
13323,2024-03-22 14:10:00,5015.15,5016.95,5013.35,5015.2
13324,2024-03-22 14:11:00,5014.0,5016.7,5013.0,5013.0
13325,2024-03-22 14:12:00,5015.5,5016.0,5013.0,5013.0
13326,2024-03-22 14:13:00,5013.05,5014.75,5012.05,5012.4
13327,2024-03-22 14:14:00,5012.35,5014.65,5011.7,5011.75
13328,2024-03-22 14:15:00,5011.8,5013.45,5010.0,5010.0
13329,2024-03-22 14:16:00,5010.05,5018.65,5010.0,5013.95
13330,2024-03-22 14:17:00,5013.05,5016.9,5013.05,5015.45
13331,2024-03-22 14:18:00,5014.05,5018.0,5011.5,5012.3
13332,2024-03-22 14:19:00,5012.1,5015.35,5011.0,5013.0
13333,2024-03-22 14:20:00,5013.8,5015.15,5011.25,5011.8
13334,2024-03-22 14:21:00,5012.05,5022.0,5011.05,5019.7
13335,2024-03-22 14:22:00,5019.05,5027.25,5017.6,5025.0
13336,2024-03-22 14:23:00,5026.9,5026.9,5021.6,5026.9
13337,2024-03-22 14:24:00,5026.0,5027.9,5021.4,5024.15
13338,2024-03-22 14:25:00,5024.2,5026.0,5020.05,5020.6
13339,2024-03-22 14:26:00,5020.65,5023.95,5020.0,5022.5
13340,2024-03-22 14:27:00,5022.6,5025.7,5020.35,5020.6
13341,2024-03-22 14:28:00,5020.35,5023.1,5018.1,5019.8
13342,2024-03-22 14:29:00,5019.35,5020.0,5015.0,5015.8
13343,2024-03-22 14:30:00,5016.0,5019.0,5012.0,5012.0
13344,2024-03-22 14:31:00,5012.1,5013.45,5009.0,5009.55
13345,2024-03-22 14:32:00,5009.05,5014.0,5009.05,5012.0
13346,2024-03-22 14:33:00,5012.3,5013.95,5009.25,5009.25
13347,2024-03-22 14:34:00,5010.0,5013.25,5009.1,5009.75
13348,2024-03-22 14:35:00,5010.0,5015.85,5009.1,5013.45
13349,2024-03-22 14:36:00,5014.8,5014.8,5010.15,5011.0
13350,2024-03-22 14:37:00,5011.05,5017.45,5011.0,5013.7
13351,2024-03-22 14:38:00,5012.0,5014.35,5010.1,5014.35
13352,2024-03-22 14:39:00,5015.55,5015.6,5012.4,5014.0
13353,2024-03-22 14:40:00,5015.9,5017.9,5012.55,5013.45
13354,2024-03-22 14:41:00,5013.0,5015.75,5011.95,5011.95
13355,2024-03-22 14:42:00,5012.0,5018.0,5012.0,5016.85
13356,2024-03-22 14:43:00,5016.95,5017.85,5014.2,5016.95
13357,2024-03-22 14:44:00,5018.0,5019.4,5016.0,5016.05
13358,2024-03-22 14:45:00,5016.85,5020.0,5015.0,5018.75
13359,2024-03-22 14:46:00,5016.7,5019.8,5015.0,5017.2
13360,2024-03-22 14:47:00,5017.0,5017.05,5012.7,5016.0
13361,2024-03-22 14:48:00,5014.1,5016.0,5010.05,5010.5
13362,2024-03-22 14:49:00,5011.45,5014.1,5010.0,5010.0
13363,2024-03-22 14:50:00,5010.9,5013.7,5010.05,5013.7
13364,2024-03-22 14:51:00,5011.0,5014.95,5010.5,5010.6
13365,2024-03-22 14:52:00,5010.55,5012.45,5010.0,5011.0
13366,2024-03-22 14:53:00,5012.0,5012.0,5011.0,5011.05
13367,2024-03-22 14:54:00,5011.0,5012.55,5009.05,5009.25
13368,2024-03-22 14:55:00,5009.95,5009.95,5007.2,5007.6
13369,2024-03-22 14:56:00,5009.0,5009.0,5007.0,5007.15
13370,2024-03-22 14:57:00,5007.2,5009.35,5007.0,5008.95
13371,2024-03-22 14:58:00,5009.0,5009.0,5007.0,5007.1
13372,2024-03-22 14:59:00,5007.0,5010.0,5007.0,5008.3
13373,2024-03-22 15:00:00,5009.0,5010.0,5002.0,5002.1
13374,2024-03-22 15:01:00,5001.4,5009.7,5001.0,5006.25
13375,2024-03-22 15:02:00,5005.95,5008.1,5004.0,5006.8
13376,2024-03-22 15:03:00,5006.75,5009.85,5005.8,5008.8
13377,2024-03-22 15:04:00,5009.4,5009.4,5005.9,5008.35
13378,2024-03-22 15:05:00,5006.0,5008.25,5005.0,5006.6
13379,2024-03-22 15:06:00,5006.2,5006.6,5002.45,5004.15
13380,2024-03-22 15:07:00,5003.0,5004.95,5001.1,5001.95
13381,2024-03-22 15:08:00,5001.15,5008.75,5001.05,5007.25
13382,2024-03-22 15:09:00,5007.3,5009.95,5006.8,5009.25
13383,2024-03-22 15:10:00,5007.2,5009.2,5006.9,5007.1
13384,2024-03-22 15:11:00,5007.05,5007.25,5002.55,5003.25
13385,2024-03-22 15:12:00,5003.0,5004.5,5003.0,5004.4
13386,2024-03-22 15:13:00,5004.5,5008.0,5004.0,5004.1
13387,2024-03-22 15:14:00,5004.0,5004.5,5003.2,5003.3
13388,2024-03-22 15:15:00,5003.35,5006.35,5002.95,5002.95
13389,2024-03-22 15:16:00,5002.5,5007.0,5001.0,5005.3
13390,2024-03-22 15:17:00,5005.05,5005.8,5004.0,5004.6
13391,2024-03-22 15:18:00,5004.65,5005.0,5000.05,5001.25
13392,2024-03-22 15:19:00,5002.55,5005.0,5000.05,5003.8
13393,2024-03-22 15:20:00,5003.7,5003.7,5000.25,5002.0
13394,2024-03-22 15:21:00,5002.15,5003.95,5001.15,5002.05
13395,2024-03-22 15:22:00,5002.15,5007.05,5002.0,5007.05
13396,2024-03-22 15:23:00,5005.15,5008.0,5005.0,5006.95
13397,2024-03-22 15:24:00,5006.9,5008.4,5005.0,5007.5
13398,2024-03-22 15:25:00,5007.25,5008.3,5005.8,5006.65
13399,2024-03-22 15:26:00,5006.6,5006.6,5003.4,5004.0
13400,2024-03-22 15:27:00,5004.75,5006.95,5003.1,5004.15
13401,2024-03-22 15:28:00,5005.0,5008.0,5004.3,5008.0
13402,2024-03-22 15:29:00,5006.65,5008.0,5003.9,5008.0
13403,2024-03-26 09:15:00,5004.95,5022.9,5004.2,5019.25
13404,2024-03-26 09:16:00,5018.9,5044.95,5016.25,5036.25
13405,2024-03-26 09:17:00,5032.65,5036.1,5027.2,5031.45
13406,2024-03-26 09:18:00,5030.25,5035.0,5027.2,5031.35
13407,2024-03-26 09:19:00,5033.1,5038.85,5029.05,5035.9
13408,2024-03-26 09:20:00,5038.8,5040.75,5025.05,5027.6
13409,2024-03-26 09:21:00,5030.0,5030.0,5021.75,5021.75
13410,2024-03-26 09:22:00,5023.35,5025.0,5011.7,5012.1
13411,2024-03-26 09:23:00,5013.8,5013.8,4996.6,4996.6
13412,2024-03-26 09:24:00,5001.2,5008.25,4999.1,5004.55
13413,2024-03-26 09:25:00,5006.4,5010.0,5002.7,5009.95
13414,2024-03-26 09:26:00,5005.05,5008.25,5002.45,5005.0
13415,2024-03-26 09:27:00,5005.5,5008.9,5003.75,5008.5
13416,2024-03-26 09:28:00,5008.3,5014.6,5008.3,5012.25
13417,2024-03-26 09:29:00,5014.75,5014.75,5010.05,5012.0
13418,2024-03-26 09:30:00,5011.95,5012.0,5004.5,5005.0
13419,2024-03-26 09:31:00,5008.85,5010.0,4999.85,4999.85
13420,2024-03-26 09:32:00,4999.5,5001.15,4996.0,4998.0
13421,2024-03-26 09:33:00,4998.1,5002.1,4994.0,4996.55
13422,2024-03-26 09:34:00,4996.2,5002.05,4996.0,5002.05
13423,2024-03-26 09:35:00,5000.0,5000.0,4992.4,4992.4
13424,2024-03-26 09:36:00,4992.0,4996.45,4992.0,4996.45
13425,2024-03-26 09:37:00,4994.3,4997.45,4994.2,4997.45
13426,2024-03-26 09:38:00,4996.0,4997.45,4994.1,4996.95
13427,2024-03-26 09:39:00,4995.95,4997.8,4995.1,4997.8
13428,2024-03-26 09:40:00,4997.0,4999.35,4995.1,4997.1
13429,2024-03-26 09:41:00,4997.15,4997.15,4994.05,4995.0
13430,2024-03-26 09:42:00,4994.0,4995.0,4986.05,4987.0
13431,2024-03-26 09:43:00,4987.5,4994.0,4987.0,4992.9
13432,2024-03-26 09:44:00,4992.0,4993.45,4990.9,4992.9
13433,2024-03-26 09:45:00,4994.0,4994.45,4991.65,4992.9
13434,2024-03-26 09:46:00,4991.05,4992.5,4986.2,4988.0
13435,2024-03-26 09:47:00,4988.35,4988.95,4986.95,4988.0
13436,2024-03-26 09:48:00,4988.25,4990.25,4988.05,4989.7
13437,2024-03-26 09:49:00,4990.0,4990.0,4986.05,4988.9
13438,2024-03-26 09:50:00,4987.55,4994.15,4987.5,4994.15
13439,2024-03-26 09:51:00,4993.0,4994.95,4992.0,4993.05
13440,2024-03-26 09:52:00,4994.0,4994.2,4990.25,4992.25
13441,2024-03-26 09:53:00,4992.3,4995.0,4991.0,4994.1
13442,2024-03-26 09:54:00,4992.9,4994.1,4992.6,4994.1
13443,2024-03-26 09:55:00,4995.0,4995.0,4993.8,4995.0
13444,2024-03-26 09:56:00,4994.45,5001.1,4994.0,5001.1
13445,2024-03-26 09:57:00,5000.0,5004.9,4998.35,5003.75
13446,2024-03-26 09:58:00,5003.1,5005.35,5000.0,5005.35
13447,2024-03-26 09:59:00,5005.1,5009.0,5003.4,5008.0
13448,2024-03-26 10:00:00,5008.1,5009.0,5001.05,5003.0
13449,2024-03-26 10:01:00,5002.0,5002.9,5000.0,5001.8
13450,2024-03-26 10:02:00,5002.6,5004.3,5001.05,5002.0
13451,2024-03-26 10:03:00,5001.15,5003.8,5001.0,5002.0
13452,2024-03-26 10:04:00,5001.95,5002.75,4994.1,4995.0
13453,2024-03-26 10:05:00,4994.15,5003.95,4994.15,5003.8
13454,2024-03-26 10:06:00,5003.75,5003.75,4996.1,5000.0
13455,2024-03-26 10:07:00,4997.7,4997.75,4995.0,4995.1
13456,2024-03-26 10:08:00,4996.7,4996.7,4992.0,4993.0
13457,2024-03-26 10:09:00,4992.5,4993.3,4987.05,4988.95
13458,2024-03-26 10:10:00,4987.0,4987.0,4983.8,4984.0
13459,2024-03-26 10:11:00,4985.0,4987.0,4984.0,4987.0
13460,2024-03-26 10:12:00,4986.95,4988.5,4985.0,4988.5
13461,2024-03-26 10:13:00,4988.45,4990.7,4987.25,4990.4
13462,2024-03-26 10:14:00,4991.3,4993.85,4989.8,4990.5
13463,2024-03-26 10:15:00,4992.3,4993.0,4989.05,4993.0
13464,2024-03-26 10:16:00,4992.75,4998.45,4991.0,4998.0
13465,2024-03-26 10:17:00,4997.8,4997.95,4995.95,4996.5
13466,2024-03-26 10:18:00,4997.95,5000.0,4996.2,4997.0
13467,2024-03-26 10:19:00,4997.85,4999.45,4995.5,4995.5
13468,2024-03-26 10:20:00,4995.0,4999.0,4994.8,4998.95
13469,2024-03-26 10:21:00,5000.0,5001.0,4997.0,5001.0
13470,2024-03-26 10:22:00,4997.8,5000.9,4993.85,4995.6
13471,2024-03-26 10:23:00,4998.7,4998.7,4994.85,4995.9
13472,2024-03-26 10:24:00,4996.0,4996.8,4994.15,4996.8
13473,2024-03-26 10:25:00,4996.75,4997.3,4994.45,4997.0
13474,2024-03-26 10:26:00,4995.0,4999.15,4994.9,4997.0
13475,2024-03-26 10:27:00,4996.1,4998.05,4996.0,4998.05
13476,2024-03-26 10:28:00,4997.55,4997.95,4995.0,4995.0
13477,2024-03-26 10:29:00,4996.9,5000.0,4995.0,5000.0
13478,2024-03-26 10:30:00,4999.95,5007.1,4998.0,5003.25
13479,2024-03-26 10:31:00,5003.95,5008.35,5002.7,5008.35
13480,2024-03-26 10:32:00,5008.45,5009.0,5005.7,5006.4
13481,2024-03-26 10:33:00,5008.0,5008.1,5005.0,5005.0
13482,2024-03-26 10:34:00,5005.1,5005.1,5001.4,5003.2
13483,2024-03-26 10:35:00,5000.4,5001.85,4998.05,4999.45
13484,2024-03-26 10:36:00,4998.05,4999.95,4996.6,4999.95
13485,2024-03-26 10:37:00,5000.0,5000.0,4996.1,4996.6
13486,2024-03-26 10:38:00,4997.0,4997.0,4990.25,4992.3
13487,2024-03-26 10:39:00,4990.5,4992.35,4990.0,4991.5
13488,2024-03-26 10:40:00,4995.0,4996.0,4992.3,4994.1
13489,2024-03-26 10:41:00,4996.0,4996.0,4994.5,4996.0
13490,2024-03-26 10:42:00,4995.2,4996.0,4994.15,4996.0
13491,2024-03-26 10:43:00,4995.8,4996.45,4992.6,4992.6
13492,2024-03-26 10:44:00,4994.95,4996.45,4993.5,4996.45
13493,2024-03-26 10:45:00,4994.9,4996.4,4993.7,4995.3
13494,2024-03-26 10:46:00,4993.95,4996.5,4992.0,4994.35
13495,2024-03-26 10:47:00,4991.05,4996.45,4991.05,4994.2
13496,2024-03-26 10:48:00,4992.2,4994.15,4991.0,4992.15
13497,2024-03-26 10:49:00,4991.05,4992.15,4990.6,4992.15
13498,2024-03-26 10:50:00,4991.7,4991.7,4990.25,4991.7
13499,2024-03-26 10:51:00,4991.1,4992.1,4991.0,4991.9
13500,2024-03-26 10:52:00,4992.15,4993.45,4991.0,4991.8
13501,2024-03-26 10:53:00,4991.0,4991.0,4985.1,4985.1
13502,2024-03-26 10:54:00,4985.6,4985.6,4979.1,4980.7
13503,2024-03-26 10:55:00,4981.45,4985.15,4981.05,4985.15
13504,2024-03-26 10:56:00,4985.0,4985.8,4983.0,4983.0
13505,2024-03-26 10:57:00,4984.35,4984.35,4979.1,4980.0
13506,2024-03-26 10:58:00,4981.3,4984.8,4980.0,4983.45
13507,2024-03-26 10:59:00,4983.35,4983.35,4979.1,4980.0
13508,2024-03-26 11:00:00,4979.0,4980.0,4978.0,4980.0
13509,2024-03-26 11:01:00,4978.85,4980.0,4978.8,4980.0
13510,2024-03-26 11:02:00,4978.9,4979.5,4976.05,4977.1
13511,2024-03-26 11:03:00,4976.05,4980.0,4976.0,4976.2
13512,2024-03-26 11:04:00,4976.15,4979.65,4975.0,4978.95
13513,2024-03-26 11:05:00,4978.9,4979.0,4975.0,4976.9
13514,2024-03-26 11:06:00,4977.0,4977.0,4975.0,4975.45
13515,2024-03-26 11:07:00,4975.0,4975.45,4973.5,4974.95
13516,2024-03-26 11:08:00,4974.85,4975.05,4973.0,4975.0
13517,2024-03-26 11:09:00,4974.4,4976.7,4974.4,4976.7
13518,2024-03-26 11:10:00,4976.35,4977.2,4975.15,4977.2
13519,2024-03-26 11:11:00,4975.9,4977.7,4975.15,4976.0
13520,2024-03-26 11:12:00,4977.65,4978.05,4975.7,4978.05
13521,2024-03-26 11:13:00,4975.7,4976.75,4973.0,4974.65
13522,2024-03-26 11:14:00,4975.0,4975.4,4974.0,4975.0
13523,2024-03-26 11:15:00,4974.05,4977.95,4974.05,4977.95
13524,2024-03-26 11:16:00,4978.4,4979.0,4977.0,4979.0
13525,2024-03-26 11:17:00,4978.4,4986.0,4978.4,4986.0
13526,2024-03-26 11:18:00,4987.35,4987.35,4983.6,4985.45
13527,2024-03-26 11:19:00,4985.0,4987.0,4985.0,4985.4
13528,2024-03-26 11:20:00,4986.25,4986.9,4984.9,4986.85
13529,2024-03-26 11:21:00,4986.5,4986.95,4985.65,4985.7
13530,2024-03-26 11:22:00,4986.95,4988.9,4986.15,4988.0
13531,2024-03-26 11:23:00,4987.9,4989.45,4987.9,4989.45
13532,2024-03-26 11:24:00,4989.5,4990.0,4989.45,4990.0
13533,2024-03-26 11:25:00,4989.8,4990.0,4989.8,4990.0
13534,2024-03-26 11:26:00,4989.75,4997.35,4989.75,4996.0
13535,2024-03-26 11:27:00,4995.15,4997.35,4995.1,4997.0
13536,2024-03-26 11:28:00,4996.0,4997.0,4996.0,4997.0
13537,2024-03-26 11:29:00,4996.6,4998.35,4996.6,4998.35
13538,2024-03-26 11:30:00,4998.0,4999.5,4996.65,4998.95
13539,2024-03-26 11:31:00,4997.2,4998.7,4996.0,4997.0
13540,2024-03-26 11:32:00,4996.1,4997.0,4993.05,4995.1
13541,2024-03-26 11:33:00,4995.0,4995.9,4994.55,4995.05
13542,2024-03-26 11:34:00,4995.0,4996.5,4993.05,4996.45
13543,2024-03-26 11:35:00,4996.5,4997.0,4994.0,4996.45
13544,2024-03-26 11:36:00,4996.75,4996.75,4990.55,4990.55
13545,2024-03-26 11:37:00,4992.75,4992.75,4985.0,4985.75
13546,2024-03-26 11:38:00,4987.05,4988.55,4985.1,4986.65
13547,2024-03-26 11:39:00,4985.7,4987.8,4985.0,4986.05
13548,2024-03-26 11:40:00,4985.5,4986.05,4984.9,4984.9
13549,2024-03-26 11:41:00,4985.05,4988.05,4985.05,4988.0
13550,2024-03-26 11:42:00,4988.05,4993.2,4988.05,4992.6
13551,2024-03-26 11:43:00,4991.35,4993.45,4990.05,4991.9
13552,2024-03-26 11:44:00,4990.45,4994.5,4990.45,4993.2
13553,2024-03-26 11:45:00,4991.25,4994.3,4991.25,4993.45
13554,2024-03-26 11:46:00,4993.8,4993.8,4992.05,4992.5
13555,2024-03-26 11:47:00,4991.45,4994.0,4991.45,4993.95
13556,2024-03-26 11:48:00,4994.0,4995.0,4992.3,4995.0
13557,2024-03-26 11:49:00,4993.45,4995.0,4993.35,4994.65
13558,2024-03-26 11:50:00,4994.9,4995.0,4993.4,4994.8
13559,2024-03-26 11:51:00,4993.55,4994.8,4991.1,4992.6
13560,2024-03-26 11:52:00,4991.15,4993.5,4991.0,4993.0
13561,2024-03-26 11:53:00,4991.0,4993.3,4991.0,4991.5
13562,2024-03-26 11:54:00,4991.05,4992.95,4991.0,4991.5
13563,2024-03-26 11:55:00,4991.85,4992.05,4990.0,4991.75
13564,2024-03-26 11:56:00,4992.1,4992.65,4990.05,4992.05
13565,2024-03-26 11:57:00,4991.0,4993.15,4991.0,4992.8
13566,2024-03-26 11:58:00,4993.05,4993.1,4991.0,4993.05
13567,2024-03-26 11:59:00,4991.8,4993.3,4991.2,4992.05
13568,2024-03-26 12:00:00,4993.05,4993.3,4991.2,4993.3
13569,2024-03-26 12:01:00,4993.25,4995.0,4991.2,4994.15
13570,2024-03-26 12:02:00,4994.1,4995.15,4991.7,4995.05
13571,2024-03-26 12:03:00,4996.45,4997.0,4995.0,4996.9
13572,2024-03-26 12:04:00,4995.85,4997.0,4995.0,4995.45
13573,2024-03-26 12:05:00,4996.95,4996.95,4995.0,4995.9
13574,2024-03-26 12:06:00,4996.4,4997.75,4995.0,4995.8
13575,2024-03-26 12:07:00,4995.0,4995.9,4995.0,4995.05
13576,2024-03-26 12:08:00,4995.0,4995.15,4995.0,4995.0
13577,2024-03-26 12:09:00,4994.5,4995.5,4991.2,4995.45
13578,2024-03-26 12:10:00,4995.0,4996.0,4995.0,4995.0
13579,2024-03-26 12:11:00,4995.05,4995.4,4991.2,4995.0
13580,2024-03-26 12:12:00,4995.05,4995.05,4995.0,4995.05
13581,2024-03-26 12:13:00,4995.0,4995.05,4994.9,4995.0
13582,2024-03-26 12:14:00,4995.05,4995.05,4995.0,4995.0
13583,2024-03-26 12:15:00,4995.05,4995.05,4995.0,4995.0
13584,2024-03-26 12:16:00,4995.05,4996.8,4994.85,4996.2
13585,2024-03-26 12:17:00,4995.75,4997.9,4995.05,4996.45
13586,2024-03-26 12:18:00,4996.3,4996.85,4995.0,4995.05
13587,2024-03-26 12:19:00,4995.0,4995.05,4995.0,4995.0
13588,2024-03-26 12:20:00,4994.9,4995.0,4988.1,4989.85
13589,2024-03-26 12:21:00,4989.1,4989.9,4987.05,4988.45
13590,2024-03-26 12:22:00,4988.0,4988.0,4985.45,4985.6
13591,2024-03-26 12:23:00,4985.45,4985.45,4984.25,4984.85
13592,2024-03-26 12:24:00,4984.75,4987.4,4984.75,4985.25
13593,2024-03-26 12:25:00,4985.9,4986.7,4984.6,4984.6
13594,2024-03-26 12:26:00,4986.25,4987.4,4985.0,4986.6
13595,2024-03-26 12:27:00,4987.0,4987.9,4985.95,4986.8
13596,2024-03-26 12:28:00,4986.0,4986.2,4981.0,4981.25
13597,2024-03-26 12:29:00,4981.2,4981.2,4978.0,4978.0
13598,2024-03-26 12:30:00,4978.4,4979.6,4978.0,4979.6
13599,2024-03-26 12:31:00,4980.0,4980.0,4975.0,4977.95
13600,2024-03-26 12:32:00,4977.85,4979.8,4976.35,4979.05
13601,2024-03-26 12:33:00,4978.45,4978.5,4976.55,4977.0
13602,2024-03-26 12:34:00,4977.05,4980.0,4976.9,4977.05
13603,2024-03-26 12:35:00,4978.35,4979.05,4977.15,4979.05
13604,2024-03-26 12:36:00,4978.05,4980.2,4977.95,4980.0
13605,2024-03-26 12:37:00,4980.2,4980.2,4978.0,4979.6
13606,2024-03-26 12:38:00,4978.3,4979.45,4977.95,4979.4
13607,2024-03-26 12:39:00,4979.2,4981.8,4979.0,4981.75
13608,2024-03-26 12:40:00,4980.15,4983.4,4980.1,4983.4
13609,2024-03-26 12:41:00,4985.25,4985.25,4983.15,4984.9
13610,2024-03-26 12:42:00,4984.0,4988.9,4984.0,4986.1
13611,2024-03-26 12:43:00,4985.85,4985.9,4984.35,4984.55
13612,2024-03-26 12:44:00,4985.25,4987.45,4984.4,4987.45
13613,2024-03-26 12:45:00,4987.2,4987.75,4985.15,4987.3
13614,2024-03-26 12:46:00,4987.45,4987.65,4985.35,4987.5
13615,2024-03-26 12:47:00,4986.85,4986.9,4984.55,4985.0
13616,2024-03-26 12:48:00,4985.45,4987.0,4984.55,4984.9
13617,2024-03-26 12:49:00,4987.0,4987.0,4984.9,4986.85
13618,2024-03-26 12:50:00,4986.95,4987.0,4984.55,4984.6
13619,2024-03-26 12:51:00,4986.0,4986.65,4984.5,4986.5
13620,2024-03-26 12:52:00,4984.6,4988.85,4984.0,4987.05
13621,2024-03-26 12:53:00,4985.1,4987.05,4984.55,4986.0
13622,2024-03-26 12:54:00,4986.9,4989.4,4984.85,4988.45
13623,2024-03-26 12:55:00,4988.95,4988.95,4985.05,4987.0
13624,2024-03-26 12:56:00,4985.5,4988.85,4985.5,4988.5
13625,2024-03-26 12:57:00,4988.4,4988.6,4987.0,4988.25
13626,2024-03-26 12:58:00,4987.0,4991.95,4987.0,4991.65
13627,2024-03-26 12:59:00,4990.05,4993.5,4989.9,4992.9
13628,2024-03-26 13:00:00,4993.4,4995.0,4991.85,4992.95
13629,2024-03-26 13:01:00,4992.9,4993.5,4991.1,4992.2
13630,2024-03-26 13:02:00,4991.5,4992.5,4991.4,4991.4
13631,2024-03-26 13:03:00,4991.5,4991.5,4990.1,4990.45
13632,2024-03-26 13:04:00,4990.7,4990.95,4990.0,4990.0
13633,2024-03-26 13:05:00,4990.45,4990.95,4989.9,4990.6
13634,2024-03-26 13:06:00,4992.2,4992.2,4989.9,4991.35
13635,2024-03-26 13:07:00,4991.3,4991.5,4990.2,4990.2
13636,2024-03-26 13:08:00,4991.25,4992.0,4990.2,4990.65
13637,2024-03-26 13:09:00,4990.2,4991.5,4990.0,4991.3
13638,2024-03-26 13:10:00,4990.25,4993.85,4990.0,4993.85
13639,2024-03-26 13:11:00,4992.75,4994.15,4991.85,4992.5
13640,2024-03-26 13:12:00,4990.0,4992.5,4990.0,4992.0
13641,2024-03-26 13:13:00,4991.45,4993.6,4991.45,4992.25
13642,2024-03-26 13:14:00,4992.45,4993.2,4992.0,4993.2
13643,2024-03-26 13:15:00,4992.7,4994.15,4992.0,4992.1
13644,2024-03-26 13:16:00,4992.05,4994.1,4992.0,4993.95
13645,2024-03-26 13:17:00,4993.35,4994.15,4993.0,4994.15
13646,2024-03-26 13:18:00,4994.2,4995.0,4994.0,4995.0
13647,2024-03-26 13:19:00,4994.0,4996.5,4994.0,4996.5
13648,2024-03-26 13:20:00,4996.6,4997.35,4995.0,4995.0
13649,2024-03-26 13:21:00,4995.85,4996.45,4995.0,4995.9
13650,2024-03-26 13:22:00,4995.05,4996.1,4992.0,4992.05
13651,2024-03-26 13:23:00,4993.0,4994.1,4992.0,4992.3
13652,2024-03-26 13:24:00,4992.0,4993.4,4992.0,4992.0
13653,2024-03-26 13:25:00,4993.15,4993.15,4990.05,4992.25
13654,2024-03-26 13:26:00,4990.3,4992.5,4990.05,4991.9
13655,2024-03-26 13:27:00,4990.55,4992.8,4990.5,4991.85
13656,2024-03-26 13:28:00,4991.65,4992.9,4990.6,4991.35
13657,2024-03-26 13:29:00,4992.0,4995.0,4992.0,4993.45
13658,2024-03-26 13:30:00,4993.5,4994.75,4992.3,4993.5
13659,2024-03-26 13:31:00,4993.8,4995.25,4993.1,4995.0
13660,2024-03-26 13:32:00,4995.15,4997.5,4993.4,4994.95
13661,2024-03-26 13:33:00,4995.05,4996.1,4995.0,4995.3
13662,2024-03-26 13:34:00,4995.45,4995.5,4995.0,4995.4
13663,2024-03-26 13:35:00,4995.3,4995.5,4993.25,4995.45
13664,2024-03-26 13:36:00,4993.75,4995.5,4993.55,4995.5
13665,2024-03-26 13:37:00,4995.3,4995.8,4995.0,4995.8
13666,2024-03-26 13:38:00,4995.9,4996.0,4995.5,4996.0
13667,2024-03-26 13:39:00,4995.5,4996.0,4992.0,4992.45
13668,2024-03-26 13:40:00,4993.55,4994.55,4992.0,4992.0
13669,2024-03-26 13:41:00,4992.55,4993.6,4992.0,4992.8
13670,2024-03-26 13:42:00,4992.0,4993.8,4992.0,4992.0
13671,2024-03-26 13:43:00,4992.05,4995.15,4992.0,4994.0
13672,2024-03-26 13:44:00,4994.3,4995.5,4994.0,4995.0
13673,2024-03-26 13:45:00,4995.2,4996.15,4994.0,4995.8
13674,2024-03-26 13:46:00,4995.7,4996.15,4995.0,4995.9
13675,2024-03-26 13:47:00,4996.0,4996.65,4996.0,4996.25
13676,2024-03-26 13:48:00,4996.0,4996.6,4995.0,4995.85
13677,2024-03-26 13:49:00,4995.5,4995.85,4990.0,4991.2
13678,2024-03-26 13:50:00,4991.8,4993.15,4986.0,4986.65
13679,2024-03-26 13:51:00,4988.0,4988.85,4986.3,4988.0
13680,2024-03-26 13:52:00,4988.05,4991.6,4988.0,4991.6
13681,2024-03-26 13:53:00,4990.05,4991.1,4989.8,4991.0
13682,2024-03-26 13:54:00,4990.0,4990.45,4989.5,4989.7
13683,2024-03-26 13:55:00,4989.5,4990.0,4985.0,4986.3
13684,2024-03-26 13:56:00,4987.45,4989.45,4987.1,4988.7
13685,2024-03-26 13:57:00,4988.0,4991.4,4988.0,4991.4
13686,2024-03-26 13:58:00,4991.65,4995.65,4990.1,4994.8
13687,2024-03-26 13:59:00,4993.3,4995.9,4993.15,4995.25
13688,2024-03-26 14:00:00,4995.15,4995.85,4995.0,4995.5
13689,2024-03-26 14:01:00,4995.9,4996.0,4995.0,4995.8
13690,2024-03-26 14:02:00,4996.0,4997.0,4995.0,4995.05
13691,2024-03-26 14:03:00,4995.6,4996.2,4995.0,4995.35
13692,2024-03-26 14:04:00,4995.7,4996.2,4995.0,4996.2
13693,2024-03-26 14:05:00,4996.05,4997.0,4995.0,4997.0
13694,2024-03-26 14:06:00,4996.8,4996.8,4995.05,4995.7
13695,2024-03-26 14:07:00,4996.0,4999.0,4995.55,4999.0
13696,2024-03-26 14:08:00,4998.6,4998.95,4998.4,4998.7
13697,2024-03-26 14:09:00,4998.4,4999.0,4997.5,4999.0
13698,2024-03-26 14:10:00,4998.95,4999.0,4997.0,4998.3
13699,2024-03-26 14:11:00,4998.2,4998.95,4997.0,4997.0
13700,2024-03-26 14:12:00,4998.05,4998.35,4996.35,4996.95
13701,2024-03-26 14:13:00,4996.9,4998.35,4996.35,4997.95
13702,2024-03-26 14:14:00,4996.35,4997.95,4995.95,4997.5
13703,2024-03-26 14:15:00,4996.3,4997.5,4994.7,4994.7
13704,2024-03-26 14:16:00,4995.0,4996.4,4993.0,4995.45
13705,2024-03-26 14:17:00,4995.25,4995.7,4992.55,4994.5
13706,2024-03-26 14:18:00,4994.75,4994.95,4992.05,4993.9
13707,2024-03-26 14:19:00,4992.05,4993.75,4988.0,4990.25
13708,2024-03-26 14:20:00,4988.55,4992.75,4988.55,4992.75
13709,2024-03-26 14:21:00,4992.25,4998.2,4991.45,4996.35
13710,2024-03-26 14:22:00,4998.3,4998.5,4994.25,4997.8
13711,2024-03-26 14:23:00,4997.9,4999.25,4994.8,4998.95
13712,2024-03-26 14:24:00,4998.0,4999.0,4997.1,4999.0
13713,2024-03-26 14:25:00,4998.7,4999.05,4998.05,4999.0
13714,2024-03-26 14:26:00,4998.75,5001.45,4998.5,5000.55
13715,2024-03-26 14:27:00,5001.45,5001.45,5000.0,5000.35
13716,2024-03-26 14:28:00,5001.4,5001.45,5000.6,5001.45
13717,2024-03-26 14:29:00,5001.3,5001.95,5000.0,5000.45
13718,2024-03-26 14:30:00,5000.0,5000.85,5000.0,5000.0
13719,2024-03-26 14:31:00,5000.45,5000.45,4998.25,4998.25
13720,2024-03-26 14:32:00,4999.25,5000.0,4998.0,4998.45
13721,2024-03-26 14:33:00,4998.0,4999.75,4998.0,4998.25
13722,2024-03-26 14:34:00,4998.05,4999.45,4998.0,4998.0
13723,2024-03-26 14:35:00,4998.1,4998.1,4990.05,4992.45
13724,2024-03-26 14:36:00,4992.55,4994.3,4989.9,4989.9
13725,2024-03-26 14:37:00,4989.95,4991.7,4989.3,4989.75
13726,2024-03-26 14:38:00,4991.3,4992.05,4988.0,4988.0
13727,2024-03-26 14:39:00,4990.45,4992.5,4988.95,4990.0
13728,2024-03-26 14:40:00,4989.05,4989.7,4988.0,4989.5
13729,2024-03-26 14:41:00,4988.85,4989.5,4987.25,4987.3
13730,2024-03-26 14:42:00,4987.7,4989.0,4986.3,4987.6
13731,2024-03-26 14:43:00,4988.0,4988.0,4986.5,4986.95
13732,2024-03-26 14:44:00,4986.5,4987.3,4986.5,4987.3
13733,2024-03-26 14:45:00,4987.25,4988.4,4986.5,4987.0
13734,2024-03-26 14:46:00,4987.4,4988.25,4986.5,4987.0
13735,2024-03-26 14:47:00,4988.1,4988.8,4985.05,4986.0
13736,2024-03-26 14:48:00,4986.05,4986.9,4984.55,4985.0
13737,2024-03-26 14:49:00,4984.0,4986.9,4982.9,4983.1
13738,2024-03-26 14:50:00,4984.9,4985.15,4982.0,4984.1
13739,2024-03-26 14:51:00,4982.05,4984.1,4980.05,4981.25
13740,2024-03-26 14:52:00,4981.3,4983.6,4980.0,4981.25
13741,2024-03-26 14:53:00,4981.15,4984.0,4980.8,4982.4
13742,2024-03-26 14:54:00,4982.5,4984.05,4980.75,4983.85
13743,2024-03-26 14:55:00,4983.5,4985.0,4983.5,4984.3
13744,2024-03-26 14:56:00,4984.2,4984.4,4981.8,4984.0
13745,2024-03-26 14:57:00,4984.05,4984.75,4978.0,4978.0
13746,2024-03-26 14:58:00,4981.2,4981.45,4978.0,4978.6
13747,2024-03-26 14:59:00,4981.15,4981.8,4978.6,4978.65
13748,2024-03-26 15:00:00,4978.6,4983.0,4978.6,4982.3
13749,2024-03-26 15:01:00,4981.8,4982.4,4978.3,4979.0
13750,2024-03-26 15:02:00,4979.85,4980.3,4979.0,4980.05
13751,2024-03-26 15:03:00,4979.4,4980.05,4978.0,4978.55
13752,2024-03-26 15:04:00,4979.65,4980.0,4977.7,4979.3
13753,2024-03-26 15:05:00,4979.8,4980.2,4977.0,4977.95
13754,2024-03-26 15:06:00,4979.6,4979.6,4976.35,4978.2
13755,2024-03-26 15:07:00,4978.25,4979.55,4975.0,4975.0
13756,2024-03-26 15:08:00,4976.25,4977.8,4975.05,4976.9
13757,2024-03-26 15:09:00,4977.75,4977.95,4974.0,4977.85
13758,2024-03-26 15:10:00,4977.75,4978.05,4974.8,4977.4
13759,2024-03-26 15:11:00,4977.6,4977.9,4977.0,4977.55
13760,2024-03-26 15:12:00,4977.9,4984.15,4977.45,4982.65
13761,2024-03-26 15:13:00,4982.8,4984.0,4980.05,4982.45
13762,2024-03-26 15:14:00,4982.6,4983.2,4979.85,4982.2
13763,2024-03-26 15:15:00,4980.0,4982.6,4978.0,4980.65
13764,2024-03-26 15:16:00,4978.1,4980.7,4975.95,4976.05
13765,2024-03-26 15:17:00,4977.15,4977.5,4973.95,4974.4
13766,2024-03-26 15:18:00,4976.7,4976.8,4971.7,4973.25
13767,2024-03-26 15:19:00,4974.05,4978.45,4971.6,4972.9
13768,2024-03-26 15:20:00,4972.0,4972.65,4970.0,4971.5
13769,2024-03-26 15:21:00,4971.6,4975.05,4970.05,4972.9
13770,2024-03-26 15:22:00,4973.7,4975.0,4970.55,4973.0
13771,2024-03-26 15:23:00,4974.0,4974.1,4971.05,4973.35
13772,2024-03-26 15:24:00,4973.7,4974.15,4970.05,4972.15
13773,2024-03-26 15:25:00,4965.0,4970.85,4964.0,4966.2
13774,2024-03-26 15:26:00,4968.5,4972.0,4966.0,4969.55
13775,2024-03-26 15:27:00,4969.95,4973.7,4965.7,4972.1
13776,2024-03-26 15:28:00,4973.0,4973.5,4970.0,4972.0
13777,2024-03-26 15:29:00,4972.95,4973.45,4969.9,4970.15
13778,2024-03-27 09:15:00,4992.0,5002.9,4981.05,4996.25
13779,2024-03-27 09:16:00,4999.95,5001.0,4976.2,4981.6
13780,2024-03-27 09:17:00,4979.8,4985.0,4976.35,4984.0
13781,2024-03-27 09:18:00,4984.1,4984.1,4976.1,4977.9
13782,2024-03-27 09:19:00,4979.95,4981.0,4969.2,4970.0
13783,2024-03-27 09:20:00,4971.6,4974.35,4965.5,4973.35
13784,2024-03-27 09:21:00,4971.2,4975.0,4966.0,4967.95
13785,2024-03-27 09:22:00,4969.45,4970.0,4965.0,4970.0
13786,2024-03-27 09:23:00,4971.9,4975.95,4970.0,4973.75
13787,2024-03-27 09:24:00,4972.2,4975.95,4971.2,4971.35
13788,2024-03-27 09:25:00,4973.0,4976.95,4973.0,4976.2
13789,2024-03-27 09:26:00,4974.8,4984.4,4974.0,4984.35
13790,2024-03-27 09:27:00,4984.0,4985.0,4982.0,4982.0
13791,2024-03-27 09:28:00,4983.8,4984.95,4980.2,4984.55
13792,2024-03-27 09:29:00,4981.95,4985.0,4981.7,4981.75
13793,2024-03-27 09:30:00,4981.0,4983.1,4978.45,4981.35
13794,2024-03-27 09:31:00,4979.85,4983.35,4977.25,4979.15
13795,2024-03-27 09:32:00,4977.35,4979.9,4977.05,4977.05
13796,2024-03-27 09:33:00,4975.6,4979.25,4975.0,4975.55
13797,2024-03-27 09:34:00,4976.0,4978.9,4975.4,4976.1
13798,2024-03-27 09:35:00,4976.05,4980.0,4976.05,4980.0
13799,2024-03-27 09:36:00,4979.0,4981.2,4978.9,4981.2
13800,2024-03-27 09:37:00,4980.0,4984.3,4980.0,4984.3
13801,2024-03-27 09:38:00,4982.0,4984.95,4980.1,4980.1
13802,2024-03-27 09:39:00,4980.65,4985.0,4980.1,4981.0
13803,2024-03-27 09:40:00,4982.0,4982.9,4977.05,4979.7
13804,2024-03-27 09:41:00,4979.65,4979.8,4976.1,4979.6
13805,2024-03-27 09:42:00,4977.1,4979.45,4972.75,4972.75
13806,2024-03-27 09:43:00,4972.1,4975.95,4971.55,4974.85
13807,2024-03-27 09:44:00,4972.75,4975.7,4961.65,4962.25
13808,2024-03-27 09:45:00,4964.25,4964.9,4960.8,4964.9
13809,2024-03-27 09:46:00,4964.95,4964.95,4960.0,4960.0
13810,2024-03-27 09:47:00,4960.15,4968.4,4960.0,4966.05
13811,2024-03-27 09:48:00,4965.8,4967.9,4962.85,4963.15
13812,2024-03-27 09:49:00,4963.4,4967.45,4963.05,4966.4
13813,2024-03-27 09:50:00,4965.0,4965.8,4961.0,4962.1
13814,2024-03-27 09:51:00,4963.0,4964.15,4962.0,4962.0
13815,2024-03-27 09:52:00,4962.45,4962.45,4955.2,4955.8
13816,2024-03-27 09:53:00,4955.7,4958.6,4955.7,4958.0
13817,2024-03-27 09:54:00,4956.0,4960.0,4955.65,4959.2
13818,2024-03-27 09:55:00,4956.3,4959.85,4956.0,4957.0
13819,2024-03-27 09:56:00,4957.2,4957.6,4954.0,4956.0
13820,2024-03-27 09:57:00,4955.2,4960.0,4954.0,4960.0
13821,2024-03-27 09:58:00,4958.1,4959.95,4957.2,4958.0
13822,2024-03-27 09:59:00,4961.25,4962.4,4958.0,4958.8
13823,2024-03-27 10:00:00,4958.75,4962.0,4958.0,4960.15
13824,2024-03-27 10:01:00,4961.0,4961.45,4958.65,4961.05
13825,2024-03-27 10:02:00,4961.0,4962.45,4959.2,4962.45
13826,2024-03-27 10:03:00,4960.3,4962.45,4957.75,4957.75
13827,2024-03-27 10:04:00,4959.2,4960.6,4957.0,4957.55
13828,2024-03-27 10:05:00,4958.9,4958.9,4955.45,4956.75
13829,2024-03-27 10:06:00,4955.05,4958.6,4955.05,4956.0
13830,2024-03-27 10:07:00,4955.75,4955.95,4955.0,4955.25
13831,2024-03-27 10:08:00,4955.35,4965.0,4955.25,4964.0
13832,2024-03-27 10:09:00,4964.4,4966.15,4961.4,4963.5
13833,2024-03-27 10:10:00,4965.45,4972.95,4963.2,4971.2
13834,2024-03-27 10:11:00,4971.0,4972.95,4968.05,4970.0
13835,2024-03-27 10:12:00,4970.25,4970.25,4966.25,4968.0
13836,2024-03-27 10:13:00,4968.9,4970.1,4966.6,4966.6
13837,2024-03-27 10:14:00,4966.55,4968.3,4962.6,4964.2
13838,2024-03-27 10:15:00,4962.55,4966.3,4961.4,4965.0
13839,2024-03-27 10:16:00,4965.5,4970.0,4964.95,4964.95
13840,2024-03-27 10:17:00,4964.75,4969.95,4964.3,4969.95
13841,2024-03-27 10:18:00,4969.9,4971.65,4967.55,4969.1
13842,2024-03-27 10:19:00,4969.0,4972.55,4968.6,4972.55
13843,2024-03-27 10:20:00,4970.4,4972.8,4969.25,4969.25
13844,2024-03-27 10:21:00,4969.7,4969.7,4967.05,4968.9
13845,2024-03-27 10:22:00,4967.05,4971.85,4967.05,4970.0
13846,2024-03-27 10:23:00,4970.1,4970.1,4967.0,4967.0
13847,2024-03-27 10:24:00,4967.45,4967.45,4961.0,4961.05
13848,2024-03-27 10:25:00,4962.1,4963.75,4960.1,4962.35
13849,2024-03-27 10:26:00,4960.95,4965.0,4960.95,4965.0
13850,2024-03-27 10:27:00,4963.9,4966.35,4962.0,4966.35
13851,2024-03-27 10:28:00,4965.8,4968.05,4962.6,4966.0
13852,2024-03-27 10:29:00,4966.05,4969.4,4966.05,4968.55
13853,2024-03-27 10:30:00,4966.05,4968.75,4966.05,4968.75
13854,2024-03-27 10:31:00,4966.85,4968.7,4966.0,4967.2
13855,2024-03-27 10:32:00,4966.0,4974.0,4966.0,4973.05
13856,2024-03-27 10:33:00,4973.4,4975.0,4972.05,4972.05
13857,2024-03-27 10:34:00,4971.65,4974.85,4970.15,4971.05
13858,2024-03-27 10:35:00,4972.55,4973.9,4970.0,4971.25
13859,2024-03-27 10:36:00,4973.95,4975.0,4971.75,4972.05
13860,2024-03-27 10:37:00,4972.0,4976.0,4971.1,4975.0
13861,2024-03-27 10:38:00,4974.95,4977.7,4972.55,4975.0
13862,2024-03-27 10:39:00,4973.7,4979.95,4973.45,4977.95
13863,2024-03-27 10:40:00,4976.2,4979.95,4975.3,4977.8
13864,2024-03-27 10:41:00,4977.15,4979.8,4977.1,4977.15
13865,2024-03-27 10:42:00,4979.55,4979.55,4977.1,4977.6
13866,2024-03-27 10:43:00,4977.5,4978.0,4977.0,4977.0
13867,2024-03-27 10:44:00,4976.85,4977.0,4975.2,4977.0
13868,2024-03-27 10:45:00,4977.4,4977.55,4975.05,4975.8
13869,2024-03-27 10:46:00,4975.75,4979.85,4975.15,4976.6
13870,2024-03-27 10:47:00,4978.4,4979.85,4976.35,4977.5
13871,2024-03-27 10:48:00,4977.15,4979.9,4977.0,4978.75
13872,2024-03-27 10:49:00,4977.2,4980.0,4977.0,4978.2
13873,2024-03-27 10:50:00,4980.0,4980.9,4977.65,4978.3
13874,2024-03-27 10:51:00,4979.25,4979.25,4970.1,4970.1
13875,2024-03-27 10:52:00,4971.35,4971.35,4965.3,4965.3
13876,2024-03-27 10:53:00,4965.1,4972.4,4965.0,4970.15
13877,2024-03-27 10:54:00,4971.7,4971.7,4969.9,4969.9
13878,2024-03-27 10:55:00,4968.05,4972.5,4968.0,4972.05
13879,2024-03-27 10:56:00,4971.0,4971.75,4969.0,4969.05
13880,2024-03-27 10:57:00,4969.4,4973.4,4969.0,4972.0
13881,2024-03-27 10:58:00,4972.75,4974.6,4972.0,4972.65
13882,2024-03-27 10:59:00,4972.25,4974.85,4972.0,4972.05
13883,2024-03-27 11:00:00,4972.45,4974.15,4972.0,4972.15
13884,2024-03-27 11:01:00,4974.1,4974.1,4970.05,4970.05
13885,2024-03-27 11:02:00,4970.2,4970.7,4970.0,4970.15
13886,2024-03-27 11:03:00,4970.0,4972.8,4970.0,4971.55
13887,2024-03-27 11:04:00,4971.05,4974.5,4970.3,4974.35
13888,2024-03-27 11:05:00,4973.4,4974.35,4972.0,4973.0
13889,2024-03-27 11:06:00,4972.0,4974.85,4971.55,4971.55
13890,2024-03-27 11:07:00,4971.9,4975.0,4971.5,4973.8
13891,2024-03-27 11:08:00,4972.75,4978.3,4972.75,4974.3
13892,2024-03-27 11:09:00,4974.15,4975.75,4971.05,4971.75
13893,2024-03-27 11:10:00,4971.6,4973.05,4965.6,4967.0
13894,2024-03-27 11:11:00,4965.6,4968.55,4965.6,4966.4
13895,2024-03-27 11:12:00,4966.45,4968.75,4965.1,4966.4
13896,2024-03-27 11:13:00,4965.55,4968.3,4965.0,4965.0
13897,2024-03-27 11:14:00,4965.05,4969.9,4965.0,4967.2
13898,2024-03-27 11:15:00,4967.3,4968.5,4965.1,4965.25
13899,2024-03-27 11:16:00,4965.1,4967.65,4965.1,4966.0
13900,2024-03-27 11:17:00,4966.7,4968.7,4965.15,4966.1
13901,2024-03-27 11:18:00,4966.4,4968.55,4966.0,4966.0
13902,2024-03-27 11:19:00,4966.1,4968.1,4966.0,4966.0
13903,2024-03-27 11:20:00,4966.05,4966.05,4965.0,4965.0
13904,2024-03-27 11:21:00,4966.25,4967.25,4965.0,4966.05
13905,2024-03-27 11:22:00,4965.0,4966.95,4964.0,4965.55
13906,2024-03-27 11:23:00,4965.0,4966.0,4965.0,4965.0
13907,2024-03-27 11:24:00,4965.4,4965.4,4965.0,4965.2
13908,2024-03-27 11:25:00,4965.0,4966.9,4965.0,4965.0
13909,2024-03-27 11:26:00,4965.05,4967.45,4965.0,4965.1
13910,2024-03-27 11:27:00,4967.4,4967.45,4965.0,4965.05
13911,2024-03-27 11:28:00,4965.0,4967.5,4965.0,4965.1
13912,2024-03-27 11:29:00,4967.25,4967.7,4965.05,4965.3
13913,2024-03-27 11:30:00,4966.75,4971.0,4965.0,4969.0
13914,2024-03-27 11:31:00,4970.85,4974.95,4969.0,4971.3
13915,2024-03-27 11:32:00,4971.15,4972.35,4970.0,4970.05
13916,2024-03-27 11:33:00,4970.0,4970.0,4966.45,4968.3
13917,2024-03-27 11:34:00,4967.25,4969.35,4965.5,4966.5
13918,2024-03-27 11:35:00,4968.7,4968.7,4965.0,4965.05
13919,2024-03-27 11:36:00,4965.0,4967.35,4965.0,4965.05
13920,2024-03-27 11:37:00,4967.05,4967.05,4965.05,4965.25
13921,2024-03-27 11:38:00,4965.05,4969.65,4965.05,4966.05
13922,2024-03-27 11:39:00,4967.85,4968.2,4965.0,4966.0
13923,2024-03-27 11:40:00,4965.95,4968.65,4965.0,4965.7
13924,2024-03-27 11:41:00,4965.85,4969.95,4965.75,4969.25
13925,2024-03-27 11:42:00,4967.05,4969.35,4965.0,4965.05
13926,2024-03-27 11:43:00,4965.15,4966.4,4965.0,4965.0
13927,2024-03-27 11:44:00,4966.25,4966.25,4965.0,4965.0
13928,2024-03-27 11:45:00,4966.15,4966.15,4965.0,4965.95
13929,2024-03-27 11:46:00,4965.3,4966.0,4965.0,4965.0
13930,2024-03-27 11:47:00,4965.05,4966.0,4965.0,4966.0
13931,2024-03-27 11:48:00,4965.95,4966.0,4965.0,4965.05
13932,2024-03-27 11:49:00,4966.0,4967.1,4965.0,4965.55
13933,2024-03-27 11:50:00,4965.0,4966.0,4964.0,4965.0
13934,2024-03-27 11:51:00,4965.15,4968.4,4964.0,4965.7
13935,2024-03-27 11:52:00,4965.3,4969.0,4965.0,4967.65
13936,2024-03-27 11:53:00,4968.45,4970.75,4967.65,4967.95
13937,2024-03-27 11:54:00,4967.65,4969.65,4966.3,4968.5
13938,2024-03-27 11:55:00,4968.75,4968.95,4965.8,4965.85
13939,2024-03-27 11:56:00,4965.9,4967.95,4965.0,4965.35
13940,2024-03-27 11:57:00,4965.0,4967.1,4965.0,4965.0
13941,2024-03-27 11:58:00,4965.05,4968.85,4965.0,4965.0
13942,2024-03-27 11:59:00,4965.95,4967.85,4965.0,4967.1
13943,2024-03-27 12:00:00,4965.2,4967.6,4965.0,4966.6
13944,2024-03-27 12:01:00,4966.4,4968.7,4965.05,4967.45
13945,2024-03-27 12:02:00,4966.6,4968.7,4965.35,4966.8
13946,2024-03-27 12:03:00,4966.85,4969.0,4965.6,4967.0
13947,2024-03-27 12:04:00,4965.65,4968.95,4965.35,4968.55
13948,2024-03-27 12:05:00,4968.85,4970.0,4967.45,4968.25
13949,2024-03-27 12:06:00,4967.65,4968.45,4966.35,4967.7
13950,2024-03-27 12:07:00,4966.3,4969.75,4966.0,4969.75
13951,2024-03-27 12:08:00,4968.2,4972.1,4967.3,4969.15
13952,2024-03-27 12:09:00,4969.6,4972.0,4969.05,4972.0
13953,2024-03-27 12:10:00,4971.0,4971.95,4967.6,4969.0
13954,2024-03-27 12:11:00,4967.65,4969.0,4967.0,4968.9
13955,2024-03-27 12:12:00,4967.5,4969.0,4966.1,4967.5
13956,2024-03-27 12:13:00,4967.45,4969.0,4966.0,4966.4
13957,2024-03-27 12:14:00,4966.0,4968.6,4965.55,4966.0
13958,2024-03-27 12:15:00,4966.05,4966.15,4965.0,4965.15
13959,2024-03-27 12:16:00,4965.1,4967.2,4965.0,4966.25
13960,2024-03-27 12:17:00,4966.5,4967.55,4965.0,4965.65
13961,2024-03-27 12:18:00,4966.0,4968.0,4966.0,4966.7
13962,2024-03-27 12:19:00,4966.8,4966.9,4966.0,4966.05
13963,2024-03-27 12:20:00,4966.2,4968.0,4966.0,4966.55
13964,2024-03-27 12:21:00,4967.55,4969.0,4966.0,4966.05
13965,2024-03-27 12:22:00,4967.0,4968.25,4966.0,4967.1
13966,2024-03-27 12:23:00,4967.65,4968.3,4966.0,4966.1
13967,2024-03-27 12:24:00,4966.25,4968.05,4966.0,4966.0
13968,2024-03-27 12:25:00,4966.05,4968.1,4966.0,4966.05
13969,2024-03-27 12:26:00,4966.0,4968.25,4966.0,4966.0
13970,2024-03-27 12:27:00,4966.05,4968.1,4966.0,4966.05
13971,2024-03-27 12:28:00,4966.0,4967.95,4966.0,4966.05
13972,2024-03-27 12:29:00,4966.3,4966.85,4965.0,4965.0
13973,2024-03-27 12:30:00,4965.1,4966.25,4965.0,4966.05
13974,2024-03-27 12:31:00,4966.1,4966.25,4966.0,4966.1
13975,2024-03-27 12:32:00,4966.05,4967.0,4966.0,4967.0
13976,2024-03-27 12:33:00,4966.05,4966.35,4966.0,4966.0
13977,2024-03-27 12:34:00,4966.05,4966.15,4966.0,4966.05
13978,2024-03-27 12:35:00,4966.0,4968.25,4966.0,4966.15
13979,2024-03-27 12:36:00,4966.1,4968.1,4966.0,4966.1
13980,2024-03-27 12:37:00,4966.4,4966.4,4966.0,4966.0
13981,2024-03-27 12:38:00,4966.05,4966.1,4966.0,4966.0
13982,2024-03-27 12:39:00,4966.05,4966.3,4966.0,4966.0
13983,2024-03-27 12:40:00,4966.6,4967.7,4966.0,4966.0
13984,2024-03-27 12:41:00,4966.05,4967.5,4966.0,4966.1
13985,2024-03-27 12:42:00,4966.0,4968.5,4966.0,4966.4
13986,2024-03-27 12:43:00,4966.35,4968.65,4966.0,4966.0
13987,2024-03-27 12:44:00,4966.05,4968.0,4966.0,4966.0
13988,2024-03-27 12:45:00,4966.05,4968.0,4966.0,4966.05
13989,2024-03-27 12:46:00,4966.0,4966.35,4966.0,4966.05
13990,2024-03-27 12:47:00,4966.0,4966.5,4965.5,4966.0
13991,2024-03-27 12:48:00,4966.05,4967.4,4966.0,4966.0
13992,2024-03-27 12:49:00,4966.05,4967.5,4966.0,4966.0
13993,2024-03-27 12:50:00,4966.05,4968.0,4966.0,4968.0
13994,2024-03-27 12:51:00,4966.15,4968.75,4966.1,4966.55
13995,2024-03-27 12:52:00,4966.3,4966.85,4966.0,4966.0
13996,2024-03-27 12:53:00,4966.2,4967.9,4966.0,4966.0
13997,2024-03-27 12:54:00,4966.05,4967.95,4966.0,4966.0
13998,2024-03-27 12:55:00,4966.1,4967.95,4966.0,4966.0
13999,2024-03-27 12:56:00,4966.05,4967.7,4966.0,4966.0
14000,2024-03-27 12:57:00,4966.05,4967.05,4965.8,4967.05
14001,2024-03-27 12:58:00,4965.6,4966.9,4965.55,4965.6
14002,2024-03-27 12:59:00,4965.8,4966.9,4965.6,4965.75
14003,2024-03-27 13:00:00,4965.8,4966.0,4965.25,4965.25
14004,2024-03-27 13:01:00,4965.45,4965.8,4965.0,4965.15
14005,2024-03-27 13:02:00,4965.2,4966.0,4965.15,4965.15
14006,2024-03-27 13:03:00,4965.2,4965.3,4965.0,4965.15
14007,2024-03-27 13:04:00,4965.2,4965.35,4965.15,4965.15
14008,2024-03-27 13:05:00,4965.2,4966.0,4965.15,4965.15
14009,2024-03-27 13:06:00,4965.2,4966.0,4965.15,4965.2
14010,2024-03-27 13:07:00,4965.95,4966.0,4965.15,4965.2
14011,2024-03-27 13:08:00,4965.25,4966.0,4965.2,4965.2
14012,2024-03-27 13:09:00,4965.4,4965.4,4965.15,4965.15
14013,2024-03-27 13:10:00,4965.2,4966.0,4965.15,4965.2
14014,2024-03-27 13:11:00,4965.5,4965.55,4965.2,4965.2
14015,2024-03-27 13:12:00,4965.25,4965.4,4960.1,4960.1
14016,2024-03-27 13:13:00,4960.0,4961.25,4960.0,4960.6
14017,2024-03-27 13:14:00,4960.2,4962.3,4960.0,4962.0
14018,2024-03-27 13:15:00,4962.95,4963.6,4962.0,4962.5
14019,2024-03-27 13:16:00,4962.0,4962.2,4962.0,4962.0
14020,2024-03-27 13:17:00,4962.05,4964.15,4962.0,4962.0
14021,2024-03-27 13:18:00,4961.0,4962.35,4960.05,4961.0
14022,2024-03-27 13:19:00,4961.05,4963.0,4961.0,4962.0
14023,2024-03-27 13:20:00,4962.05,4963.95,4962.0,4962.15
14024,2024-03-27 13:21:00,4962.2,4963.8,4960.05,4960.1
14025,2024-03-27 13:22:00,4960.05,4960.45,4955.0,4956.8
14026,2024-03-27 13:23:00,4955.0,4958.5,4955.0,4955.0
14027,2024-03-27 13:24:00,4955.05,4956.4,4951.25,4951.6
14028,2024-03-27 13:25:00,4951.4,4952.5,4951.05,4951.1
14029,2024-03-27 13:26:00,4951.05,4952.0,4950.6,4950.7
14030,2024-03-27 13:27:00,4950.55,4952.5,4950.0,4950.1
14031,2024-03-27 13:28:00,4950.2,4952.0,4950.0,4952.0
14032,2024-03-27 13:29:00,4950.15,4951.45,4950.0,4950.0
14033,2024-03-27 13:30:00,4950.05,4952.35,4950.0,4950.65
14034,2024-03-27 13:31:00,4950.6,4953.9,4950.1,4950.9
14035,2024-03-27 13:32:00,4950.7,4951.0,4950.0,4950.0
14036,2024-03-27 13:33:00,4950.05,4952.0,4950.0,4950.1
14037,2024-03-27 13:34:00,4950.25,4950.45,4950.1,4950.15
14038,2024-03-27 13:35:00,4950.1,4950.1,4941.0,4941.0
14039,2024-03-27 13:36:00,4941.5,4944.0,4941.0,4941.5
14040,2024-03-27 13:37:00,4941.75,4944.0,4940.0,4940.2
14041,2024-03-27 13:38:00,4940.15,4942.2,4937.75,4939.45
14042,2024-03-27 13:39:00,4939.25,4941.95,4937.05,4940.05
14043,2024-03-27 13:40:00,4940.4,4940.45,4937.0,4937.0
14044,2024-03-27 13:41:00,4936.95,4939.1,4936.0,4937.05
14045,2024-03-27 13:42:00,4938.05,4938.95,4936.0,4937.15
14046,2024-03-27 13:43:00,4936.95,4936.95,4933.05,4934.0
14047,2024-03-27 13:44:00,4935.0,4936.9,4933.5,4936.7
14048,2024-03-27 13:45:00,4936.55,4937.45,4935.0,4935.45
14049,2024-03-27 13:46:00,4936.0,4936.5,4934.75,4935.0
14050,2024-03-27 13:47:00,4934.8,4937.0,4933.8,4933.8
14051,2024-03-27 13:48:00,4934.0,4934.0,4932.05,4932.3
14052,2024-03-27 13:49:00,4931.85,4933.0,4930.0,4930.3
14053,2024-03-27 13:50:00,4930.25,4931.0,4926.05,4926.05
14054,2024-03-27 13:51:00,4926.3,4930.1,4926.1,4926.35
14055,2024-03-27 13:52:00,4926.3,4930.9,4926.05,4927.35
14056,2024-03-27 13:53:00,4927.3,4930.0,4925.65,4926.0
14057,2024-03-27 13:54:00,4926.05,4927.35,4925.0,4927.35
14058,2024-03-27 13:55:00,4929.3,4929.3,4926.0,4926.05
14059,2024-03-27 13:56:00,4926.0,4926.65,4925.0,4925.25
14060,2024-03-27 13:57:00,4925.2,4927.0,4925.0,4925.1
14061,2024-03-27 13:58:00,4925.0,4926.65,4925.0,4925.0
14062,2024-03-27 13:59:00,4925.05,4927.35,4925.0,4925.0
14063,2024-03-27 14:00:00,4925.3,4927.0,4925.0,4927.0
14064,2024-03-27 14:01:00,4925.85,4926.95,4924.05,4924.7
14065,2024-03-27 14:02:00,4924.6,4926.6,4922.75,4925.05
14066,2024-03-27 14:03:00,4924.8,4926.9,4923.5,4926.5
14067,2024-03-27 14:04:00,4924.6,4925.35,4924.0,4924.0
14068,2024-03-27 14:05:00,4924.2,4925.0,4924.0,4924.15
14069,2024-03-27 14:06:00,4924.1,4925.0,4924.0,4924.05
14070,2024-03-27 14:07:00,4924.0,4925.85,4924.0,4924.0
14071,2024-03-27 14:08:00,4924.65,4926.45,4923.5,4925.3
14072,2024-03-27 14:09:00,4925.35,4926.5,4923.15,4923.25
14073,2024-03-27 14:10:00,4923.2,4926.55,4923.2,4925.05
14074,2024-03-27 14:11:00,4925.1,4926.5,4923.6,4923.6
14075,2024-03-27 14:12:00,4923.5,4925.0,4923.0,4924.35
14076,2024-03-27 14:13:00,4924.0,4927.35,4922.05,4925.8
14077,2024-03-27 14:14:00,4923.6,4926.3,4922.65,4924.0
14078,2024-03-27 14:15:00,4924.05,4924.65,4923.5,4924.2
14079,2024-03-27 14:16:00,4923.6,4925.15,4922.0,4922.0
14080,2024-03-27 14:17:00,4921.75,4922.8,4921.0,4921.65
14081,2024-03-27 14:18:00,4922.2,4925.95,4921.15,4922.2
14082,2024-03-27 14:19:00,4922.3,4925.2,4921.1,4921.95
14083,2024-03-27 14:20:00,4923.3,4924.75,4921.1,4921.5
14084,2024-03-27 14:21:00,4921.3,4925.35,4921.15,4923.25
14085,2024-03-27 14:22:00,4923.3,4924.4,4921.05,4922.0
14086,2024-03-27 14:23:00,4923.65,4924.45,4920.1,4920.1
14087,2024-03-27 14:24:00,4920.05,4921.0,4920.0,4920.05
14088,2024-03-27 14:25:00,4920.1,4921.0,4919.45,4919.55
14089,2024-03-27 14:26:00,4919.6,4921.0,4919.55,4920.05
14090,2024-03-27 14:27:00,4920.0,4920.55,4919.6,4919.7
14091,2024-03-27 14:28:00,4919.65,4919.85,4918.0,4919.35
14092,2024-03-27 14:29:00,4918.8,4919.0,4916.75,4916.85
14093,2024-03-27 14:30:00,4916.9,4918.3,4915.0,4916.6
14094,2024-03-27 14:31:00,4916.25,4920.0,4915.05,4917.9
14095,2024-03-27 14:32:00,4917.15,4921.0,4916.0,4919.1
14096,2024-03-27 14:33:00,4919.5,4921.0,4917.2,4921.0
14097,2024-03-27 14:34:00,4919.55,4922.55,4917.7,4919.4
14098,2024-03-27 14:35:00,4919.15,4922.8,4918.65,4919.9
14099,2024-03-27 14:36:00,4919.75,4922.6,4919.65,4919.8
14100,2024-03-27 14:37:00,4919.75,4924.0,4919.75,4921.75
14101,2024-03-27 14:38:00,4922.95,4922.95,4917.35,4918.5
14102,2024-03-27 14:39:00,4918.0,4924.45,4917.35,4920.7
14103,2024-03-27 14:40:00,4920.85,4924.5,4920.1,4920.4
14104,2024-03-27 14:41:00,4920.15,4922.0,4918.8,4918.8
14105,2024-03-27 14:42:00,4918.75,4922.5,4918.6,4919.0
14106,2024-03-27 14:43:00,4918.9,4920.4,4917.9,4918.45
14107,2024-03-27 14:44:00,4918.4,4920.8,4917.0,4917.25
14108,2024-03-27 14:45:00,4917.55,4920.6,4917.15,4920.5
14109,2024-03-27 14:46:00,4920.25,4920.5,4918.6,4919.35
14110,2024-03-27 14:47:00,4918.9,4922.85,4918.75,4918.95
14111,2024-03-27 14:48:00,4920.0,4920.05,4918.75,4919.05
14112,2024-03-27 14:49:00,4920.35,4921.85,4918.8,4919.05
14113,2024-03-27 14:50:00,4919.15,4923.65,4919.15,4921.05
14114,2024-03-27 14:51:00,4921.0,4923.9,4921.0,4921.9
14115,2024-03-27 14:52:00,4922.65,4922.65,4920.0,4920.35
14116,2024-03-27 14:53:00,4920.2,4922.9,4919.2,4919.6
14117,2024-03-27 14:54:00,4919.7,4922.8,4918.2,4922.8
14118,2024-03-27 14:55:00,4919.6,4921.45,4918.15,4921.35
14119,2024-03-27 14:56:00,4920.0,4920.0,4917.0,4917.85
14120,2024-03-27 14:57:00,4917.8,4921.0,4917.0,4919.9
14121,2024-03-27 14:58:00,4919.7,4919.9,4917.0,4919.05
14122,2024-03-27 14:59:00,4918.6,4920.25,4917.5,4919.65
14123,2024-03-27 15:00:00,4919.6,4922.3,4916.9,4922.0
14124,2024-03-27 15:01:00,4921.6,4925.0,4920.05,4923.7
14125,2024-03-27 15:02:00,4923.65,4924.8,4921.45,4922.95
14126,2024-03-27 15:03:00,4921.7,4924.7,4921.4,4922.2
14127,2024-03-27 15:04:00,4923.95,4924.8,4921.4,4924.8
14128,2024-03-27 15:05:00,4922.65,4925.0,4922.05,4923.85
14129,2024-03-27 15:06:00,4923.9,4926.0,4922.65,4924.35
14130,2024-03-27 15:07:00,4928.0,4928.0,4922.7,4923.65
14131,2024-03-27 15:08:00,4924.15,4925.0,4923.25,4924.45
14132,2024-03-27 15:09:00,4924.5,4927.05,4920.0,4927.05
14133,2024-03-27 15:10:00,4926.05,4929.7,4925.0,4929.05
14134,2024-03-27 15:11:00,4929.35,4930.85,4926.55,4926.55
14135,2024-03-27 15:12:00,4926.5,4926.95,4925.0,4925.1
14136,2024-03-27 15:13:00,4925.25,4927.55,4924.85,4927.55
14137,2024-03-27 15:14:00,4925.0,4929.55,4924.9,4928.1
14138,2024-03-27 15:15:00,4928.0,4930.05,4927.25,4928.1
14139,2024-03-27 15:16:00,4928.0,4930.05,4927.25,4928.15
14140,2024-03-27 15:17:00,4927.6,4928.95,4927.25,4928.95
14141,2024-03-27 15:18:00,4928.1,4929.2,4927.3,4928.1
14142,2024-03-27 15:19:00,4928.15,4932.75,4925.4,4932.35
14143,2024-03-27 15:20:00,4932.15,4935.0,4932.15,4935.0
14144,2024-03-27 15:21:00,4934.5,4935.0,4934.15,4934.9
14145,2024-03-27 15:22:00,4934.5,4935.0,4933.65,4933.65
14146,2024-03-27 15:23:00,4933.75,4936.4,4933.65,4935.75
14147,2024-03-27 15:24:00,4935.7,4937.05,4933.1,4937.05
14148,2024-03-27 15:25:00,4936.95,4938.85,4936.0,4938.0
14149,2024-03-27 15:26:00,4935.35,4938.0,4934.85,4935.1
14150,2024-03-27 15:27:00,4936.2,4939.75,4925.55,4925.55
14151,2024-03-27 15:28:00,4925.0,4932.95,4924.05,4929.95
14152,2024-03-27 15:29:00,4929.25,4929.95,4915.0,4920.0
14153,2024-03-28 09:15:00,4938.7,4947.0,4925.0,4929.35
14154,2024-03-28 09:16:00,4926.9,4932.95,4921.45,4923.1
14155,2024-03-28 09:17:00,4925.1,4930.0,4916.75,4929.95
14156,2024-03-28 09:18:00,4928.25,4931.9,4926.0,4928.45
14157,2024-03-28 09:19:00,4928.5,4931.4,4918.55,4918.75
14158,2024-03-28 09:20:00,4920.2,4924.5,4917.75,4923.4
14159,2024-03-28 09:21:00,4923.85,4924.15,4911.9,4914.3
14160,2024-03-28 09:22:00,4914.0,4919.95,4911.15,4916.5
14161,2024-03-28 09:23:00,4916.95,4919.5,4912.0,4915.05
14162,2024-03-28 09:24:00,4915.15,4922.0,4912.45,4921.8
14163,2024-03-28 09:25:00,4921.85,4922.0,4911.6,4919.45
14164,2024-03-28 09:26:00,4917.6,4920.25,4913.1,4920.25
14165,2024-03-28 09:27:00,4919.0,4922.95,4917.8,4922.95
14166,2024-03-28 09:28:00,4922.9,4925.0,4921.0,4925.0
14167,2024-03-28 09:29:00,4923.9,4925.45,4920.45,4924.9
14168,2024-03-28 09:30:00,4924.85,4924.85,4915.0,4916.6
14169,2024-03-28 09:31:00,4915.0,4916.95,4912.2,4912.55
14170,2024-03-28 09:32:00,4912.95,4913.9,4910.15,4912.0
14171,2024-03-28 09:33:00,4910.25,4914.65,4910.0,4913.95
14172,2024-03-28 09:34:00,4913.75,4919.4,4910.0,4915.95
14173,2024-03-28 09:35:00,4915.9,4916.0,4910.1,4911.2
14174,2024-03-28 09:36:00,4912.0,4912.0,4908.05,4909.0
14175,2024-03-28 09:37:00,4910.0,4911.75,4909.0,4911.2
14176,2024-03-28 09:38:00,4911.15,4918.8,4911.15,4918.55
14177,2024-03-28 09:39:00,4918.7,4919.15,4913.95,4917.25
14178,2024-03-28 09:40:00,4917.5,4918.15,4913.05,4915.4
14179,2024-03-28 09:41:00,4915.35,4918.8,4915.3,4918.0
14180,2024-03-28 09:42:00,4918.05,4920.0,4918.0,4919.95
14181,2024-03-28 09:43:00,4920.0,4927.4,4920.0,4924.95
14182,2024-03-28 09:44:00,4925.0,4928.0,4924.95,4927.95
14183,2024-03-28 09:45:00,4927.85,4928.0,4924.9,4926.85
14184,2024-03-28 09:46:00,4926.75,4927.2,4922.7,4926.55
14185,2024-03-28 09:47:00,4926.5,4928.0,4925.95,4926.95
14186,2024-03-28 09:48:00,4926.9,4928.0,4923.65,4927.9
14187,2024-03-28 09:49:00,4927.85,4928.0,4925.0,4927.5
14188,2024-03-28 09:50:00,4927.8,4928.0,4925.1,4926.95
14189,2024-03-28 09:51:00,4927.0,4928.0,4925.8,4928.0
14190,2024-03-28 09:52:00,4927.95,4928.0,4927.8,4928.0
14191,2024-03-28 09:53:00,4927.95,4928.0,4926.0,4927.8
14192,2024-03-28 09:54:00,4927.75,4928.0,4925.7,4927.95
14193,2024-03-28 09:55:00,4927.8,4928.0,4925.75,4927.85
14194,2024-03-28 09:56:00,4927.7,4929.75,4927.25,4927.25
14195,2024-03-28 09:57:00,4927.3,4929.45,4926.25,4929.1
14196,2024-03-28 09:58:00,4927.4,4929.5,4921.45,4921.45
14197,2024-03-28 09:59:00,4921.15,4924.35,4915.0,4924.35
14198,2024-03-28 10:00:00,4924.9,4926.6,4922.45,4925.35
14199,2024-03-28 10:01:00,4924.35,4928.9,4923.0,4928.75
14200,2024-03-28 10:02:00,4928.7,4928.7,4921.4,4926.95
14201,2024-03-28 10:03:00,4926.9,4927.0,4925.2,4926.2
14202,2024-03-28 10:04:00,4926.6,4926.95,4925.25,4926.85
14203,2024-03-28 10:05:00,4926.9,4927.0,4924.5,4926.8
14204,2024-03-28 10:06:00,4926.75,4926.75,4921.8,4921.8
14205,2024-03-28 10:07:00,4921.85,4925.0,4921.85,4925.0
14206,2024-03-28 10:08:00,4924.95,4925.0,4919.8,4922.7
14207,2024-03-28 10:09:00,4921.85,4921.85,4919.05,4919.95
14208,2024-03-28 10:10:00,4919.65,4920.5,4917.05,4919.95
14209,2024-03-28 10:11:00,4918.7,4919.85,4916.0,4919.5
14210,2024-03-28 10:12:00,4918.4,4918.95,4915.55,4916.2
14211,2024-03-28 10:13:00,4915.9,4918.95,4915.0,4917.2
14212,2024-03-28 10:14:00,4917.15,4919.0,4915.05,4916.6
14213,2024-03-28 10:15:00,4916.25,4918.9,4915.0,4918.45
14214,2024-03-28 10:16:00,4918.5,4920.1,4917.85,4919.25
14215,2024-03-28 10:17:00,4919.1,4920.1,4917.05,4919.75
14216,2024-03-28 10:18:00,4917.85,4920.1,4915.55,4915.55
14217,2024-03-28 10:19:00,4919.5,4921.35,4917.0,4920.0
14218,2024-03-28 10:20:00,4919.6,4921.1,4917.4,4920.05
14219,2024-03-28 10:21:00,4919.6,4920.5,4916.1,4919.95
14220,2024-03-28 10:22:00,4917.85,4919.95,4913.95,4915.95
14221,2024-03-28 10:23:00,4916.35,4916.35,4912.0,4915.25
14222,2024-03-28 10:24:00,4913.8,4915.9,4912.0,4915.5
14223,2024-03-28 10:25:00,4915.35,4915.35,4912.0,4915.0
14224,2024-03-28 10:26:00,4913.95,4915.0,4912.05,4912.05
14225,2024-03-28 10:27:00,4912.1,4915.0,4912.0,4914.95
14226,2024-03-28 10:28:00,4913.8,4915.0,4911.4,4914.95
14227,2024-03-28 10:29:00,4912.0,4914.9,4911.0,4912.3
14228,2024-03-28 10:30:00,4913.7,4914.95,4911.1,4912.3
14229,2024-03-28 10:31:00,4913.05,4915.0,4911.4,4915.0
14230,2024-03-28 10:32:00,4914.55,4915.0,4912.0,4914.9
14231,2024-03-28 10:33:00,4914.1,4915.0,4912.25,4915.0
14232,2024-03-28 10:34:00,4914.05,4915.0,4912.3,4915.0
14233,2024-03-28 10:35:00,4913.35,4919.0,4912.2,4918.95
14234,2024-03-28 10:36:00,4916.9,4923.9,4915.65,4923.9
14235,2024-03-28 10:37:00,4923.85,4925.0,4921.55,4924.55
14236,2024-03-28 10:38:00,4925.0,4925.0,4922.35,4924.95
14237,2024-03-28 10:39:00,4924.45,4925.0,4923.1,4924.35
14238,2024-03-28 10:40:00,4924.0,4925.0,4919.45,4924.7
14239,2024-03-28 10:41:00,4924.35,4925.0,4921.95,4924.9
14240,2024-03-28 10:42:00,4924.95,4925.0,4924.05,4924.85
14241,2024-03-28 10:43:00,4923.85,4926.0,4922.9,4925.85
14242,2024-03-28 10:44:00,4925.6,4927.0,4922.95,4926.9
14243,2024-03-28 10:45:00,4926.45,4927.0,4925.0,4926.95
14244,2024-03-28 10:46:00,4926.85,4928.0,4925.25,4928.0
14245,2024-03-28 10:47:00,4927.9,4928.0,4924.0,4924.0
14246,2024-03-28 10:48:00,4923.45,4925.0,4923.05,4925.0
14247,2024-03-28 10:49:00,4924.95,4925.0,4924.1,4924.1
14248,2024-03-28 10:50:00,4924.95,4925.0,4924.0,4925.0
14249,2024-03-28 10:51:00,4924.95,4925.0,4924.1,4925.0
14250,2024-03-28 10:52:00,4924.8,4926.0,4923.15,4923.15
14251,2024-03-28 10:53:00,4924.9,4926.0,4923.4,4923.55
14252,2024-03-28 10:54:00,4924.9,4925.0,4923.65,4925.0
14253,2024-03-28 10:55:00,4924.95,4925.0,4924.15,4925.0
14254,2024-03-28 10:56:00,4924.75,4925.0,4924.0,4925.0
14255,2024-03-28 10:57:00,4924.95,4925.0,4923.1,4923.1
14256,2024-03-28 10:58:00,4924.05,4925.0,4923.15,4923.95
14257,2024-03-28 10:59:00,4924.95,4925.0,4923.95,4925.0
14258,2024-03-28 11:00:00,4924.95,4925.0,4924.0,4925.0
14259,2024-03-28 11:01:00,4924.95,4925.0,4924.0,4925.0
14260,2024-03-28 11:02:00,4924.6,4929.6,4924.6,4929.0
14261,2024-03-28 11:03:00,4928.95,4929.0,4927.15,4927.85
14262,2024-03-28 11:04:00,4927.8,4928.0,4926.7,4926.9
14263,2024-03-28 11:05:00,4926.85,4927.75,4926.45,4926.8
14264,2024-03-28 11:06:00,4926.65,4927.0,4925.0,4926.9
14265,2024-03-28 11:07:00,4926.85,4928.0,4926.0,4928.0
14266,2024-03-28 11:08:00,4927.9,4928.0,4926.5,4927.5
14267,2024-03-28 11:09:00,4928.0,4928.45,4926.55,4927.0
14268,2024-03-28 11:10:00,4926.4,4926.95,4923.0,4926.0
14269,2024-03-28 11:11:00,4925.8,4929.0,4923.15,4925.0
14270,2024-03-28 11:12:00,4924.95,4926.1,4924.65,4926.05
14271,2024-03-28 11:13:00,4926.0,4926.95,4925.0,4926.75
14272,2024-03-28 11:14:00,4925.0,4926.0,4923.5,4925.8
14273,2024-03-28 11:15:00,4924.9,4925.0,4923.0,4924.0
14274,2024-03-28 11:16:00,4923.85,4925.0,4923.0,4924.9
14275,2024-03-28 11:17:00,4923.7,4925.35,4923.0,4924.6
14276,2024-03-28 11:18:00,4923.9,4925.95,4922.75,4925.95
14277,2024-03-28 11:19:00,4925.9,4925.9,4922.7,4924.4
14278,2024-03-28 11:20:00,4923.55,4925.0,4922.6,4925.0
14279,2024-03-28 11:21:00,4924.8,4925.0,4924.25,4924.55
14280,2024-03-28 11:22:00,4924.75,4925.0,4923.5,4925.0
14281,2024-03-28 11:23:00,4924.75,4925.0,4924.75,4924.95
14282,2024-03-28 11:24:00,4924.85,4924.95,4923.6,4924.0
14283,2024-03-28 11:25:00,4924.1,4925.45,4924.0,4925.0
14284,2024-03-28 11:26:00,4925.05,4925.05,4924.9,4925.0
14285,2024-03-28 11:27:00,4924.85,4925.0,4924.55,4925.0
14286,2024-03-28 11:28:00,4924.95,4925.0,4924.0,4924.95
14287,2024-03-28 11:29:00,4924.9,4929.85,4923.25,4929.85
14288,2024-03-28 11:30:00,4929.8,4937.55,4929.5,4934.0
14289,2024-03-28 11:31:00,4934.15,4935.0,4931.9,4932.95
14290,2024-03-28 11:32:00,4932.9,4935.0,4932.55,4933.85
14291,2024-03-28 11:33:00,4933.35,4934.95,4932.85,4934.9
14292,2024-03-28 11:34:00,4934.8,4939.6,4934.5,4938.45
14293,2024-03-28 11:35:00,4940.0,4940.0,4939.35,4939.8
14294,2024-03-28 11:36:00,4939.7,4941.0,4939.55,4940.95
14295,2024-03-28 11:37:00,4940.7,4943.35,4939.0,4939.0
14296,2024-03-28 11:38:00,4939.85,4939.95,4939.05,4939.95
14297,2024-03-28 11:39:00,4939.15,4939.95,4939.05,4939.95
14298,2024-03-28 11:40:00,4939.9,4939.95,4939.55,4939.9
14299,2024-03-28 11:41:00,4939.95,4939.95,4939.05,4939.95
14300,2024-03-28 11:42:00,4939.9,4945.25,4939.6,4944.0
14301,2024-03-28 11:43:00,4944.8,4948.0,4944.0,4946.75
14302,2024-03-28 11:44:00,4946.9,4948.0,4939.0,4940.0
14303,2024-03-28 11:45:00,4939.95,4941.0,4939.0,4940.9
14304,2024-03-28 11:46:00,4940.8,4941.25,4937.1,4941.0
14305,2024-03-28 11:47:00,4940.0,4945.0,4939.8,4944.4
14306,2024-03-28 11:48:00,4943.4,4943.4,4938.05,4941.7
14307,2024-03-28 11:49:00,4942.85,4942.85,4937.05,4938.15
14308,2024-03-28 11:50:00,4938.1,4941.1,4937.85,4941.05
14309,2024-03-28 11:51:00,4941.0,4944.9,4941.0,4943.7
14310,2024-03-28 11:52:00,4943.1,4945.0,4943.1,4944.65
14311,2024-03-28 11:53:00,4944.25,4947.2,4944.15,4946.25
14312,2024-03-28 11:54:00,4945.7,4946.75,4938.15,4940.25
14313,2024-03-28 11:55:00,4942.0,4943.6,4936.55,4941.65
14314,2024-03-28 11:56:00,4941.6,4942.05,4937.05,4939.6
14315,2024-03-28 11:57:00,4939.2,4939.9,4936.95,4939.2
14316,2024-03-28 11:58:00,4939.85,4939.85,4937.0,4939.05
14317,2024-03-28 11:59:00,4939.8,4940.0,4935.7,4935.7
14318,2024-03-28 12:00:00,4935.0,4937.0,4930.3,4936.95
14319,2024-03-28 12:01:00,4936.65,4936.95,4932.6,4933.65
14320,2024-03-28 12:02:00,4934.65,4935.0,4931.15,4932.0
14321,2024-03-28 12:03:00,4931.95,4939.4,4930.5,4938.9
14322,2024-03-28 12:04:00,4938.35,4939.95,4936.7,4939.15
14323,2024-03-28 12:05:00,4939.9,4939.9,4936.0,4938.35
14324,2024-03-28 12:06:00,4938.6,4939.95,4936.1,4937.2
14325,2024-03-28 12:07:00,4937.85,4939.75,4937.2,4938.05
14326,2024-03-28 12:08:00,4938.45,4938.45,4935.0,4937.0
14327,2024-03-28 12:09:00,4936.5,4939.1,4934.5,4936.1
14328,2024-03-28 12:10:00,4936.95,4937.95,4934.05,4937.0
14329,2024-03-28 12:11:00,4936.9,4938.3,4936.6,4936.6
14330,2024-03-28 12:12:00,4935.85,4937.0,4933.0,4936.3
14331,2024-03-28 12:13:00,4936.25,4936.75,4932.75,4935.8
14332,2024-03-28 12:14:00,4935.55,4937.0,4934.65,4936.45
14333,2024-03-28 12:15:00,4936.4,4939.75,4936.35,4938.55
14334,2024-03-28 12:16:00,4938.2,4939.5,4936.6,4937.5
14335,2024-03-28 12:17:00,4938.2,4940.0,4937.95,4939.6
14336,2024-03-28 12:18:00,4939.95,4944.95,4939.6,4943.7
14337,2024-03-28 12:19:00,4942.0,4943.7,4941.15,4943.7
14338,2024-03-28 12:20:00,4943.05,4947.0,4942.15,4946.5
14339,2024-03-28 12:21:00,4945.5,4948.0,4945.35,4945.85
14340,2024-03-28 12:22:00,4946.3,4948.5,4945.3,4947.6
14341,2024-03-28 12:23:00,4946.65,4948.35,4945.65,4946.55
14342,2024-03-28 12:24:00,4947.5,4948.4,4945.7,4947.65
14343,2024-03-28 12:25:00,4947.2,4950.0,4945.8,4948.0
14344,2024-03-28 12:26:00,4949.0,4950.0,4948.0,4948.1
14345,2024-03-28 12:27:00,4948.75,4950.0,4947.2,4948.7
14346,2024-03-28 12:28:00,4947.15,4948.7,4942.1,4943.65
14347,2024-03-28 12:29:00,4944.65,4946.85,4943.1,4945.0
14348,2024-03-28 12:30:00,4944.95,4948.0,4944.55,4946.05
14349,2024-03-28 12:31:00,4946.0,4947.0,4944.0,4945.7
14350,2024-03-28 12:32:00,4945.4,4946.5,4944.0,4944.15
14351,2024-03-28 12:33:00,4944.6,4946.0,4943.1,4943.25
14352,2024-03-28 12:34:00,4944.2,4945.9,4943.35,4945.9
14353,2024-03-28 12:35:00,4945.1,4950.0,4945.1,4946.4
14354,2024-03-28 12:36:00,4946.35,4950.0,4943.65,4950.0
14355,2024-03-28 12:37:00,4949.35,4950.0,4945.45,4949.8
14356,2024-03-28 12:38:00,4949.0,4949.4,4945.35,4948.3
14357,2024-03-28 12:39:00,4948.95,4950.0,4947.1,4949.05
14358,2024-03-28 12:40:00,4949.7,4949.95,4948.0,4949.9
14359,2024-03-28 12:41:00,4949.85,4949.85,4946.2,4948.55
14360,2024-03-28 12:42:00,4948.0,4949.0,4947.05,4948.9
14361,2024-03-28 12:43:00,4948.95,4948.95,4946.0,4947.25
14362,2024-03-28 12:44:00,4947.2,4948.9,4945.2,4948.9
14363,2024-03-28 12:45:00,4948.45,4948.45,4943.0,4943.0
14364,2024-03-28 12:46:00,4942.0,4944.65,4939.2,4944.65
14365,2024-03-28 12:47:00,4944.6,4944.6,4939.95,4942.9
14366,2024-03-28 12:48:00,4942.85,4944.7,4940.0,4944.0
14367,2024-03-28 12:49:00,4943.85,4945.0,4941.75,4944.7
14368,2024-03-28 12:50:00,4945.0,4945.0,4942.45,4944.95
14369,2024-03-28 12:51:00,4944.9,4945.0,4941.55,4945.0
14370,2024-03-28 12:52:00,4944.95,4944.95,4941.0,4943.7
14371,2024-03-28 12:53:00,4943.65,4944.0,4941.0,4942.95
14372,2024-03-28 12:54:00,4942.9,4943.0,4938.75,4942.0
14373,2024-03-28 12:55:00,4942.95,4943.0,4938.55,4942.95
14374,2024-03-28 12:56:00,4942.9,4944.95,4939.3,4942.1
14375,2024-03-28 12:57:00,4942.05,4943.55,4939.5,4940.05
14376,2024-03-28 12:58:00,4941.45,4941.75,4937.5,4937.5
14377,2024-03-28 12:59:00,4940.8,4940.8,4935.05,4938.85
14378,2024-03-28 13:00:00,4937.95,4938.0,4934.05,4937.5
14379,2024-03-28 13:01:00,4937.45,4938.0,4935.05,4936.65
14380,2024-03-28 13:02:00,4937.95,4937.95,4934.0,4934.0
14381,2024-03-28 13:03:00,4936.45,4941.35,4934.0,4940.7
14382,2024-03-28 13:04:00,4940.65,4940.95,4939.0,4940.95
14383,2024-03-28 13:05:00,4940.8,4941.4,4939.0,4940.6
14384,2024-03-28 13:06:00,4940.0,4941.0,4939.75,4939.75
14385,2024-03-28 13:07:00,4939.85,4941.0,4939.0,4941.0
14386,2024-03-28 13:08:00,4940.9,4942.0,4939.0,4939.9
14387,2024-03-28 13:09:00,4939.8,4940.0,4937.7,4939.95
14388,2024-03-28 13:10:00,4939.7,4941.0,4935.85,4940.0
14389,2024-03-28 13:11:00,4941.0,4941.0,4939.95,4940.9
14390,2024-03-28 13:12:00,4940.65,4941.0,4937.0,4938.85
14391,2024-03-28 13:13:00,4939.4,4939.9,4937.0,4939.85
14392,2024-03-28 13:14:00,4939.8,4941.9,4939.0,4941.7
14393,2024-03-28 13:15:00,4941.3,4941.65,4940.0,4940.0
14394,2024-03-28 13:16:00,4940.7,4940.95,4939.0,4940.35
14395,2024-03-28 13:17:00,4940.6,4940.8,4935.05,4935.05
14396,2024-03-28 13:18:00,4936.5,4940.45,4936.0,4940.0
14397,2024-03-28 13:19:00,4940.2,4941.0,4939.0,4940.4
14398,2024-03-28 13:20:00,4940.0,4940.0,4934.55,4937.95
14399,2024-03-28 13:21:00,4937.15,4939.7,4937.15,4939.5
14400,2024-03-28 13:22:00,4939.1,4941.0,4937.75,4939.95
14401,2024-03-28 13:23:00,4939.8,4940.0,4937.05,4937.05
14402,2024-03-28 13:24:00,4938.4,4939.85,4936.0,4939.25
14403,2024-03-28 13:25:00,4939.0,4939.9,4935.0,4935.0
14404,2024-03-28 13:26:00,4935.2,4939.3,4935.2,4937.5
14405,2024-03-28 13:27:00,4938.2,4939.9,4936.5,4939.15
14406,2024-03-28 13:28:00,4939.55,4940.0,4936.5,4936.5
14407,2024-03-28 13:29:00,4937.15,4939.0,4935.65,4937.65
14408,2024-03-28 13:30:00,4937.75,4938.7,4935.0,4937.7
14409,2024-03-28 13:31:00,4936.85,4938.0,4936.05,4937.05
14410,2024-03-28 13:32:00,4937.8,4938.7,4936.0,4937.7
14411,2024-03-28 13:33:00,4935.45,4939.05,4934.6,4936.45
14412,2024-03-28 13:34:00,4936.4,4936.5,4934.05,4935.95
14413,2024-03-28 13:35:00,4935.9,4936.0,4933.0,4935.0
14414,2024-03-28 13:36:00,4934.05,4936.1,4933.05,4935.8
14415,2024-03-28 13:37:00,4936.1,4939.95,4934.25,4939.5
14416,2024-03-28 13:38:00,4939.9,4939.95,4939.0,4939.85
14417,2024-03-28 13:39:00,4939.9,4939.9,4937.8,4937.8
14418,2024-03-28 13:40:00,4937.15,4940.0,4936.75,4938.0
14419,2024-03-28 13:41:00,4938.9,4940.0,4936.25,4939.45
14420,2024-03-28 13:42:00,4939.4,4939.5,4936.55,4938.75
14421,2024-03-28 13:43:00,4938.9,4938.9,4933.55,4936.5
14422,2024-03-28 13:44:00,4936.15,4939.15,4933.8,4937.9
14423,2024-03-28 13:45:00,4937.95,4939.3,4936.55,4936.55
14424,2024-03-28 13:46:00,4938.35,4940.0,4935.5,4937.0
14425,2024-03-28 13:47:00,4938.9,4941.5,4937.05,4940.25
14426,2024-03-28 13:48:00,4940.0,4941.95,4938.05,4939.95
14427,2024-03-28 13:49:00,4940.0,4942.2,4938.0,4942.1
14428,2024-03-28 13:50:00,4942.35,4942.4,4936.55,4937.2
14429,2024-03-28 13:51:00,4939.35,4939.95,4937.25,4939.4
14430,2024-03-28 13:52:00,4938.5,4939.0,4937.1,4938.0
14431,2024-03-28 13:53:00,4938.75,4939.85,4937.0,4939.55
14432,2024-03-28 13:54:00,4939.4,4939.4,4938.1,4938.95
14433,2024-03-28 13:55:00,4938.9,4940.0,4938.35,4939.2
14434,2024-03-28 13:56:00,4939.75,4940.0,4935.6,4938.9
14435,2024-03-28 13:57:00,4938.95,4938.95,4936.15,4936.15
14436,2024-03-28 13:58:00,4936.1,4939.0,4935.0,4938.3
14437,2024-03-28 13:59:00,4938.1,4939.0,4937.55,4937.55
14438,2024-03-28 14:00:00,4938.0,4938.45,4937.05,4937.05
14439,2024-03-28 14:01:00,4937.45,4937.45,4933.05,4935.95
14440,2024-03-28 14:02:00,4935.0,4938.0,4933.0,4936.95
14441,2024-03-28 14:03:00,4936.45,4938.65,4933.55,4937.6
14442,2024-03-28 14:04:00,4936.65,4938.8,4935.8,4938.0
14443,2024-03-28 14:05:00,4937.45,4937.45,4935.05,4936.45
14444,2024-03-28 14:06:00,4936.85,4938.95,4935.15,4938.8
14445,2024-03-28 14:07:00,4939.3,4940.0,4937.25,4940.0
14446,2024-03-28 14:08:00,4939.95,4940.0,4938.65,4938.65
14447,2024-03-28 14:09:00,4939.15,4940.0,4936.3,4940.0
14448,2024-03-28 14:10:00,4939.9,4940.0,4936.35,4939.7
14449,2024-03-28 14:11:00,4939.75,4940.0,4937.1,4939.55
14450,2024-03-28 14:12:00,4939.6,4940.0,4936.6,4938.3
14451,2024-03-28 14:13:00,4939.45,4942.0,4936.9,4939.9
14452,2024-03-28 14:14:00,4939.8,4942.0,4939.8,4941.7
14453,2024-03-28 14:15:00,4942.0,4942.0,4938.3,4939.55
14454,2024-03-28 14:16:00,4940.0,4945.0,4939.55,4944.8
14455,2024-03-28 14:17:00,4942.55,4944.95,4942.2,4944.95
14456,2024-03-28 14:18:00,4944.7,4944.95,4941.6,4944.95
14457,2024-03-28 14:19:00,4943.65,4944.95,4943.65,4944.5
14458,2024-03-28 14:20:00,4944.95,4944.95,4942.0,4942.05
14459,2024-03-28 14:21:00,4942.85,4944.9,4941.0,4942.15
14460,2024-03-28 14:22:00,4942.1,4946.2,4941.9,4945.05
14461,2024-03-28 14:23:00,4945.3,4947.0,4943.2,4945.35
14462,2024-03-28 14:24:00,4945.9,4947.5,4944.4,4945.8
14463,2024-03-28 14:25:00,4946.9,4948.5,4941.8,4946.1
14464,2024-03-28 14:26:00,4946.2,4949.95,4946.1,4948.15
14465,2024-03-28 14:27:00,4948.2,4950.0,4947.85,4948.0
14466,2024-03-28 14:28:00,4948.05,4949.9,4944.5,4947.55
14467,2024-03-28 14:29:00,4947.5,4949.0,4941.4,4944.15
14468,2024-03-28 14:30:00,4944.95,4945.0,4940.45,4944.05
14469,2024-03-28 14:31:00,4942.55,4947.3,4940.8,4943.75
14470,2024-03-28 14:32:00,4946.3,4947.0,4943.95,4945.1
14471,2024-03-28 14:33:00,4945.05,4948.45,4944.45,4945.05
14472,2024-03-28 14:34:00,4944.65,4947.7,4944.5,4944.95
14473,2024-03-28 14:35:00,4945.2,4950.0,4945.0,4947.65
14474,2024-03-28 14:36:00,4949.45,4949.9,4944.65,4948.05
14475,2024-03-28 14:37:00,4949.6,4950.0,4947.3,4949.45
14476,2024-03-28 14:38:00,4949.4,4957.45,4949.0,4954.4
14477,2024-03-28 14:39:00,4954.25,4958.2,4953.9,4956.95
14478,2024-03-28 14:40:00,4956.15,4960.0,4954.9,4957.2
14479,2024-03-28 14:41:00,4958.05,4960.4,4957.0,4959.0
14480,2024-03-28 14:42:00,4957.45,4960.0,4957.05,4958.5
14481,2024-03-28 14:43:00,4959.25,4961.45,4956.5,4959.95
14482,2024-03-28 14:44:00,4958.4,4964.2,4958.15,4961.7
14483,2024-03-28 14:45:00,4962.2,4965.95,4961.7,4962.8
14484,2024-03-28 14:46:00,4962.0,4965.0,4960.0,4962.8
14485,2024-03-28 14:47:00,4965.95,4967.0,4961.95,4963.0
14486,2024-03-28 14:48:00,4965.25,4967.4,4962.0,4964.9
14487,2024-03-28 14:49:00,4965.4,4966.45,4963.25,4965.75
14488,2024-03-28 14:50:00,4964.75,4966.4,4963.0,4963.4
14489,2024-03-28 14:51:00,4963.3,4964.95,4961.05,4964.0
14490,2024-03-28 14:52:00,4963.75,4965.0,4963.05,4963.95
14491,2024-03-28 14:53:00,4963.7,4964.3,4962.1,4962.55
14492,2024-03-28 14:54:00,4962.6,4964.5,4961.35,4961.95
14493,2024-03-28 14:55:00,4961.85,4963.9,4957.05,4958.0
14494,2024-03-28 14:56:00,4957.9,4957.9,4950.0,4950.65
14495,2024-03-28 14:57:00,4949.1,4953.75,4949.1,4952.55
14496,2024-03-28 14:58:00,4951.9,4952.5,4945.1,4947.05
14497,2024-03-28 14:59:00,4946.65,4949.45,4945.4,4946.4
14498,2024-03-28 15:00:00,4946.3,4946.65,4938.7,4940.6
14499,2024-03-28 15:01:00,4940.55,4944.55,4940.0,4942.2
14500,2024-03-28 15:02:00,4944.5,4946.25,4942.2,4942.65
14501,2024-03-28 15:03:00,4944.7,4944.7,4940.1,4941.4
14502,2024-03-28 15:04:00,4942.4,4942.4,4935.2,4939.25
14503,2024-03-28 15:05:00,4939.3,4943.6,4938.6,4943.6
14504,2024-03-28 15:06:00,4941.8,4944.5,4940.55,4941.25
14505,2024-03-28 15:07:00,4940.3,4942.8,4935.75,4940.9
14506,2024-03-28 15:08:00,4939.0,4942.05,4936.05,4938.55
14507,2024-03-28 15:09:00,4936.35,4936.35,4931.2,4931.2
14508,2024-03-28 15:10:00,4931.25,4931.95,4930.0,4930.95
14509,2024-03-28 15:11:00,4930.75,4932.75,4930.0,4930.55
14510,2024-03-28 15:12:00,4930.5,4933.45,4930.0,4931.0
14511,2024-03-28 15:13:00,4931.05,4931.35,4928.0,4928.75
14512,2024-03-28 15:14:00,4929.0,4929.9,4926.2,4927.2
14513,2024-03-28 15:15:00,4929.35,4930.0,4927.55,4929.6
14514,2024-03-28 15:16:00,4929.4,4930.4,4927.65,4929.4
14515,2024-03-28 15:17:00,4929.65,4935.95,4929.65,4935.95
14516,2024-03-28 15:18:00,4933.2,4938.8,4933.15,4938.1
14517,2024-03-28 15:19:00,4938.8,4938.8,4935.9,4938.0
14518,2024-03-28 15:20:00,4938.05,4938.5,4935.75,4937.95
14519,2024-03-28 15:21:00,4938.0,4940.0,4937.2,4939.55
14520,2024-03-28 15:22:00,4937.35,4940.8,4935.15,4935.4
14521,2024-03-28 15:23:00,4935.25,4942.35,4935.0,4940.1
14522,2024-03-28 15:24:00,4940.15,4942.2,4937.35,4940.75
14523,2024-03-28 15:25:00,4940.8,4946.0,4939.0,4944.5
14524,2024-03-28 15:26:00,4945.05,4948.6,4944.8,4946.5
14525,2024-03-28 15:27:00,4946.4,4948.0,4942.0,4942.2
14526,2024-03-28 15:28:00,4945.65,4948.95,4939.0,4940.1
14527,2024-03-28 15:29:00,4944.15,4949.1,4930.0,4939.0
14528,2024-04-01 09:14:00,4955.0,4955.0,4955.0,4955.0
14529,2024-04-01 09:15:00,4968.35,4968.35,4942.1,4952.9
14530,2024-04-01 09:16:00,4955.8,4964.65,4946.6,4956.35
14531,2024-04-01 09:17:00,4955.3,4959.9,4951.6,4954.0
14532,2024-04-01 09:18:00,4952.35,4954.85,4948.05,4953.0
14533,2024-04-01 09:19:00,4952.95,4967.9,4950.1,4965.8
14534,2024-04-01 09:20:00,4963.55,4965.95,4958.0,4959.9
14535,2024-04-01 09:21:00,4958.05,4959.9,4955.0,4956.9
14536,2024-04-01 09:22:00,4955.65,4957.0,4953.35,4956.45
14537,2024-04-01 09:23:00,4956.35,4965.0,4954.85,4963.05
14538,2024-04-01 09:24:00,4962.65,4965.5,4961.8,4964.9
14539,2024-04-01 09:25:00,4969.95,4969.95,4962.9,4965.15
14540,2024-04-01 09:26:00,4965.0,4968.5,4965.0,4968.5
14541,2024-04-01 09:27:00,4968.95,4969.0,4962.1,4964.6
14542,2024-04-01 09:28:00,4961.15,4963.9,4953.1,4959.75
14543,2024-04-01 09:29:00,4956.85,4961.1,4956.05,4961.1
14544,2024-04-01 09:30:00,4960.8,4965.0,4960.1,4962.85
14545,2024-04-01 09:31:00,4965.0,4965.0,4961.05,4963.75
14546,2024-04-01 09:32:00,4962.55,4968.0,4961.1,4967.85
14547,2024-04-01 09:33:00,4966.1,4968.0,4962.1,4967.35
14548,2024-04-01 09:34:00,4966.85,4968.0,4963.15,4968.0
14549,2024-04-01 09:35:00,4967.45,4977.55,4967.45,4974.5
14550,2024-04-01 09:36:00,4975.0,4978.0,4974.1,4975.0
14551,2024-04-01 09:37:00,4975.05,4978.85,4974.9,4976.0
14552,2024-04-01 09:38:00,4977.7,4978.85,4976.0,4976.0
14553,2024-04-01 09:39:00,4976.9,4979.75,4976.05,4978.15
14554,2024-04-01 09:40:00,4978.1,4978.1,4972.65,4975.4
14555,2024-04-01 09:41:00,4975.35,4977.05,4971.5,4972.35
14556,2024-04-01 09:42:00,4972.5,4972.5,4960.0,4960.0
14557,2024-04-01 09:43:00,4961.35,4961.35,4956.0,4957.95
14558,2024-04-01 09:44:00,4956.0,4959.85,4955.0,4958.65
14559,2024-04-01 09:45:00,4958.45,4961.45,4950.35,4950.35
14560,2024-04-01 09:46:00,4950.0,4952.8,4946.25,4946.25
14561,2024-04-01 09:47:00,4947.1,4949.7,4941.2,4948.1
14562,2024-04-01 09:48:00,4946.4,4949.95,4942.0,4945.1
14563,2024-04-01 09:49:00,4946.05,4946.15,4942.8,4942.8
14564,2024-04-01 09:50:00,4943.0,4944.95,4942.4,4944.4
14565,2024-04-01 09:51:00,4943.4,4944.05,4937.0,4938.35
14566,2024-04-01 09:52:00,4937.6,4941.05,4936.0,4937.0
14567,2024-04-01 09:53:00,4937.3,4942.7,4935.35,4941.35
14568,2024-04-01 09:54:00,4940.05,4942.75,4939.1,4940.0
14569,2024-04-01 09:55:00,4940.05,4941.1,4936.1,4939.95
14570,2024-04-01 09:56:00,4938.15,4940.9,4935.15,4937.55
14571,2024-04-01 09:57:00,4935.1,4938.1,4935.1,4937.65
14572,2024-04-01 09:58:00,4937.0,4940.0,4937.0,4940.0
14573,2024-04-01 09:59:00,4937.35,4942.45,4935.05,4942.35
14574,2024-04-01 10:00:00,4941.45,4944.75,4938.7,4940.0
14575,2024-04-01 10:01:00,4940.15,4940.15,4935.1,4936.05
14576,2024-04-01 10:02:00,4935.0,4937.25,4932.0,4932.0
14577,2024-04-01 10:03:00,4933.0,4933.0,4930.05,4930.4
14578,2024-04-01 10:04:00,4931.0,4931.0,4930.0,4931.0
14579,2024-04-01 10:05:00,4930.0,4933.1,4930.0,4931.0
14580,2024-04-01 10:06:00,4930.6,4932.2,4928.0,4929.35
14581,2024-04-01 10:07:00,4928.0,4934.7,4928.0,4930.05
14582,2024-04-01 10:08:00,4931.3,4935.0,4930.0,4935.0
14583,2024-04-01 10:09:00,4933.95,4933.95,4930.0,4932.45
14584,2024-04-01 10:10:00,4931.35,4934.85,4930.0,4934.4
14585,2024-04-01 10:11:00,4933.15,4934.55,4928.0,4928.0
14586,2024-04-01 10:12:00,4929.95,4929.95,4925.0,4929.0
14587,2024-04-01 10:13:00,4926.05,4932.95,4926.0,4928.9
14588,2024-04-01 10:14:00,4928.55,4931.55,4926.0,4927.5
14589,2024-04-01 10:15:00,4928.65,4929.85,4925.0,4925.0
14590,2024-04-01 10:16:00,4926.25,4927.35,4925.0,4925.0
14591,2024-04-01 10:17:00,4925.5,4925.5,4925.0,4925.0
14592,2024-04-01 10:18:00,4925.1,4926.1,4922.55,4924.0
14593,2024-04-01 10:19:00,4922.0,4923.75,4920.0,4922.55
14594,2024-04-01 10:20:00,4920.1,4921.95,4920.0,4920.0
14595,2024-04-01 10:21:00,4920.2,4922.0,4920.0,4922.0
14596,2024-04-01 10:22:00,4921.0,4927.45,4921.0,4924.75
14597,2024-04-01 10:23:00,4925.3,4927.5,4924.05,4925.55
14598,2024-04-01 10:24:00,4925.2,4926.55,4923.65,4924.35
14599,2024-04-01 10:25:00,4923.6,4926.7,4923.0,4926.7
14600,2024-04-01 10:26:00,4924.45,4926.85,4923.6,4925.3
14601,2024-04-01 10:27:00,4924.55,4925.75,4922.0,4922.55
14602,2024-04-01 10:28:00,4924.8,4924.8,4921.0,4922.35
14603,2024-04-01 10:29:00,4921.6,4922.85,4920.05,4920.6
14604,2024-04-01 10:30:00,4920.65,4924.55,4920.5,4923.2
14605,2024-04-01 10:31:00,4921.65,4923.25,4920.05,4920.1
14606,2024-04-01 10:32:00,4921.1,4922.95,4920.05,4922.55
14607,2024-04-01 10:33:00,4922.4,4922.4,4920.05,4920.05
14608,2024-04-01 10:34:00,4921.5,4922.1,4920.0,4920.0
14609,2024-04-01 10:35:00,4918.9,4918.9,4915.05,4915.05
14610,2024-04-01 10:36:00,4915.5,4919.5,4915.05,4919.4
14611,2024-04-01 10:37:00,4918.55,4921.4,4916.0,4921.05
14612,2024-04-01 10:38:00,4919.35,4920.25,4916.6,4918.0
14613,2024-04-01 10:39:00,4918.35,4919.9,4916.0,4916.95
14614,2024-04-01 10:40:00,4916.45,4921.1,4916.05,4917.25
14615,2024-04-01 10:41:00,4919.1,4919.1,4916.45,4916.45
14616,2024-04-01 10:42:00,4917.1,4917.6,4915.0,4915.0
14617,2024-04-01 10:43:00,4916.1,4917.7,4915.0,4917.3
14618,2024-04-01 10:44:00,4917.25,4918.6,4915.0,4917.25
14619,2024-04-01 10:45:00,4917.95,4921.45,4916.0,4916.0
14620,2024-04-01 10:46:00,4915.15,4917.1,4915.0,4916.0
14621,2024-04-01 10:47:00,4916.4,4918.1,4914.05,4916.65
14622,2024-04-01 10:48:00,4915.0,4918.15,4914.1,4916.3
14623,2024-04-01 10:49:00,4915.45,4919.45,4914.0,4915.25
14624,2024-04-01 10:50:00,4914.55,4916.8,4913.3,4913.35
14625,2024-04-01 10:51:00,4914.05,4915.95,4912.0,4912.0
14626,2024-04-01 10:52:00,4912.95,4914.4,4912.0,4912.75
14627,2024-04-01 10:53:00,4912.7,4915.0,4912.0,4912.7
14628,2024-04-01 10:54:00,4914.0,4914.0,4912.0,4912.0
14629,2024-04-01 10:55:00,4912.35,4914.0,4911.7,4911.7
14630,2024-04-01 10:56:00,4911.35,4913.8,4910.2,4910.2
14631,2024-04-01 10:57:00,4910.4,4912.45,4910.0,4910.0
14632,2024-04-01 10:58:00,4910.45,4911.25,4910.0,4911.15
14633,2024-04-01 10:59:00,4911.25,4913.7,4910.0,4910.1
14634,2024-04-01 11:00:00,4910.95,4913.0,4910.0,4910.05
14635,2024-04-01 11:01:00,4910.0,4911.5,4909.0,4909.0
14636,2024-04-01 11:02:00,4909.1,4909.4,4901.65,4903.35
14637,2024-04-01 11:03:00,4904.7,4905.35,4902.0,4903.25
14638,2024-04-01 11:04:00,4903.85,4905.05,4902.0,4902.4
14639,2024-04-01 11:05:00,4902.05,4902.1,4900.0,4901.0
14640,2024-04-01 11:06:00,4900.05,4902.0,4900.05,4900.95
14641,2024-04-01 11:07:00,4901.1,4903.9,4898.0,4900.7
14642,2024-04-01 11:08:00,4898.1,4899.75,4892.95,4895.0
14643,2024-04-01 11:09:00,4892.0,4894.35,4890.15,4891.55
14644,2024-04-01 11:10:00,4892.15,4896.7,4892.15,4896.0
14645,2024-04-01 11:11:00,4896.3,4897.95,4893.5,4896.65
14646,2024-04-01 11:12:00,4896.6,4896.6,4893.0,4896.35
14647,2024-04-01 11:13:00,4893.6,4895.4,4893.25,4895.15
14648,2024-04-01 11:14:00,4894.45,4897.0,4894.0,4896.45
14649,2024-04-01 11:15:00,4894.2,4898.95,4894.0,4895.75
14650,2024-04-01 11:16:00,4895.4,4899.4,4895.0,4898.4
14651,2024-04-01 11:17:00,4898.7,4905.0,4898.7,4905.0
14652,2024-04-01 11:18:00,4903.0,4905.2,4900.0,4904.25
14653,2024-04-01 11:19:00,4904.15,4904.95,4901.45,4902.75
14654,2024-04-01 11:20:00,4902.7,4905.0,4902.15,4902.3
14655,2024-04-01 11:21:00,4902.45,4907.7,4902.3,4905.0
14656,2024-04-01 11:22:00,4905.5,4905.6,4905.0,4905.05
14657,2024-04-01 11:23:00,4905.2,4907.55,4905.0,4905.0
14658,2024-04-01 11:24:00,4906.0,4907.6,4905.0,4906.75
14659,2024-04-01 11:25:00,4907.0,4910.9,4907.0,4908.0
14660,2024-04-01 11:26:00,4908.25,4914.0,4908.25,4913.35
14661,2024-04-01 11:27:00,4913.1,4913.1,4910.0,4910.0
14662,2024-04-01 11:28:00,4910.4,4911.9,4910.0,4910.65
14663,2024-04-01 11:29:00,4910.0,4912.9,4910.0,4910.55
14664,2024-04-01 11:30:00,4910.5,4910.55,4908.5,4908.5
14665,2024-04-01 11:31:00,4909.95,4910.0,4906.75,4906.75
14666,2024-04-01 11:32:00,4906.7,4906.7,4897.5,4897.5
14667,2024-04-01 11:33:00,4898.85,4898.85,4893.0,4893.15
14668,2024-04-01 11:34:00,4893.1,4899.9,4891.3,4895.7
14669,2024-04-01 11:35:00,4898.4,4898.4,4895.0,4895.1
14670,2024-04-01 11:36:00,4896.0,4897.0,4893.0,4893.45
14671,2024-04-01 11:37:00,4893.15,4895.2,4891.2,4891.2
14672,2024-04-01 11:38:00,4891.8,4895.0,4891.05,4891.05
14673,2024-04-01 11:39:00,4892.15,4892.15,4890.1,4890.9
14674,2024-04-01 11:40:00,4890.6,4891.0,4888.05,4889.85
14675,2024-04-01 11:41:00,4889.9,4897.45,4888.0,4895.6
14676,2024-04-01 11:42:00,4893.5,4895.7,4890.0,4890.0
14677,2024-04-01 11:43:00,4891.15,4892.0,4888.6,4888.7
14678,2024-04-01 11:44:00,4888.65,4891.55,4888.05,4888.8
14679,2024-04-01 11:45:00,4888.7,4891.45,4888.25,4889.3
14680,2024-04-01 11:46:00,4888.55,4891.45,4888.45,4890.85
14681,2024-04-01 11:47:00,4889.3,4890.8,4887.1,4887.1
14682,2024-04-01 11:48:00,4887.8,4890.0,4887.6,4887.7
14683,2024-04-01 11:49:00,4888.9,4889.45,4886.7,4888.7
14684,2024-04-01 11:50:00,4887.0,4890.0,4886.5,4887.4
14685,2024-04-01 11:51:00,4888.35,4890.0,4887.4,4887.55
14686,2024-04-01 11:52:00,4887.9,4890.0,4887.5,4887.5
14687,2024-04-01 11:53:00,4889.05,4889.9,4887.3,4888.55
14688,2024-04-01 11:54:00,4888.5,4890.0,4887.25,4889.55
14689,2024-04-01 11:55:00,4887.4,4890.2,4887.3,4888.05
14690,2024-04-01 11:56:00,4890.0,4890.2,4887.0,4887.0
14691,2024-04-01 11:57:00,4888.2,4890.6,4887.15,4888.6
14692,2024-04-01 11:58:00,4887.4,4889.8,4887.0,4888.05
14693,2024-04-01 11:59:00,4889.15,4889.95,4887.5,4888.25
14694,2024-04-01 12:00:00,4888.9,4896.25,4888.25,4888.45
14695,2024-04-01 12:01:00,4889.05,4891.15,4888.45,4889.3
14696,2024-04-01 12:02:00,4889.0,4890.2,4888.45,4890.2
14697,2024-04-01 12:03:00,4888.5,4891.2,4888.45,4889.5
14698,2024-04-01 12:04:00,4888.75,4890.0,4888.45,4889.25
14699,2024-04-01 12:05:00,4888.85,4890.0,4888.5,4889.65
14700,2024-04-01 12:06:00,4890.0,4891.45,4888.5,4889.3
14701,2024-04-01 12:07:00,4889.05,4894.5,4888.55,4888.55
14702,2024-04-01 12:08:00,4888.5,4889.2,4886.9,4887.8
14703,2024-04-01 12:09:00,4886.35,4888.45,4886.3,4888.0
14704,2024-04-01 12:10:00,4887.0,4888.0,4882.05,4882.75
14705,2024-04-01 12:11:00,4884.2,4885.9,4882.35,4884.45
14706,2024-04-01 12:12:00,4883.3,4885.85,4882.35,4882.75
14707,2024-04-01 12:13:00,4882.35,4885.0,4882.0,4882.65
14708,2024-04-01 12:14:00,4881.65,4883.9,4881.0,4881.05
14709,2024-04-01 12:15:00,4882.2,4882.75,4881.0,4881.75
14710,2024-04-01 12:16:00,4881.0,4883.8,4881.0,4881.6
14711,2024-04-01 12:17:00,4882.3,4884.85,4881.0,4881.45
14712,2024-04-01 12:18:00,4881.15,4883.15,4881.0,4881.0
14713,2024-04-01 12:19:00,4883.0,4883.0,4881.0,4882.35
14714,2024-04-01 12:20:00,4882.3,4884.95,4880.3,4883.55
14715,2024-04-01 12:21:00,4881.75,4883.75,4880.3,4880.4
14716,2024-04-01 12:22:00,4882.25,4885.2,4880.05,4883.75
14717,2024-04-01 12:23:00,4882.1,4886.85,4882.1,4884.1
14718,2024-04-01 12:24:00,4883.4,4885.7,4883.05,4884.0
14719,2024-04-01 12:25:00,4884.75,4886.0,4883.0,4885.55
14720,2024-04-01 12:26:00,4883.05,4886.0,4882.65,4884.35
14721,2024-04-01 12:27:00,4885.55,4885.7,4882.9,4884.85
14722,2024-04-01 12:28:00,4882.35,4884.6,4882.0,4884.5
14723,2024-04-01 12:29:00,4882.85,4884.9,4881.6,4884.55
14724,2024-04-01 12:30:00,4884.95,4884.95,4881.6,4881.9
14725,2024-04-01 12:31:00,4883.05,4883.85,4881.5,4882.0
14726,2024-04-01 12:32:00,4882.8,4885.7,4882.0,4883.1
14727,2024-04-01 12:33:00,4883.15,4886.0,4882.05,4882.55
14728,2024-04-01 12:34:00,4882.35,4884.0,4882.0,4882.5
14729,2024-04-01 12:35:00,4883.3,4884.9,4882.0,4883.0
14730,2024-04-01 12:36:00,4882.0,4884.55,4882.0,4882.0
14731,2024-04-01 12:37:00,4883.35,4884.85,4882.0,4882.0
14732,2024-04-01 12:38:00,4882.8,4883.0,4881.15,4882.75
14733,2024-04-01 12:39:00,4882.2,4882.95,4880.15,4880.85
14734,2024-04-01 12:40:00,4880.05,4882.45,4880.0,4880.9
14735,2024-04-01 12:41:00,4881.95,4882.05,4880.0,4880.0
14736,2024-04-01 12:42:00,4880.05,4882.75,4880.0,4880.6
14737,2024-04-01 12:43:00,4882.3,4885.0,4880.6,4881.5
14738,2024-04-01 12:44:00,4881.15,4883.95,4881.15,4883.6
14739,2024-04-01 12:45:00,4883.75,4886.15,4882.0,4882.95
14740,2024-04-01 12:46:00,4882.0,4885.4,4882.0,4884.8
14741,2024-04-01 12:47:00,4884.95,4884.95,4882.05,4884.25
14742,2024-04-01 12:48:00,4884.4,4889.35,4883.1,4887.9
14743,2024-04-01 12:49:00,4885.85,4888.0,4885.05,4888.0
14744,2024-04-01 12:50:00,4885.9,4893.85,4885.25,4890.0
14745,2024-04-01 12:51:00,4888.0,4891.1,4888.0,4888.0
14746,2024-04-01 12:52:00,4888.15,4891.35,4888.0,4888.0
14747,2024-04-01 12:53:00,4888.9,4889.75,4888.0,4888.0
14748,2024-04-01 12:54:00,4888.1,4889.85,4885.6,4885.85
14749,2024-04-01 12:55:00,4886.85,4888.8,4885.85,4886.8
14750,2024-04-01 12:56:00,4885.8,4889.0,4885.8,4886.0
14751,2024-04-01 12:57:00,4887.0,4887.8,4885.0,4885.0
14752,2024-04-01 12:58:00,4885.6,4887.95,4885.0,4885.0
14753,2024-04-01 12:59:00,4885.95,4888.8,4885.0,4886.2
14754,2024-04-01 13:00:00,4886.15,4887.8,4885.0,4887.0
14755,2024-04-01 13:01:00,4887.05,4887.95,4887.0,4887.0
14756,2024-04-01 13:02:00,4885.0,4887.0,4883.85,4886.9
14757,2024-04-01 13:03:00,4885.85,4888.45,4885.85,4886.9
14758,2024-04-01 13:04:00,4885.85,4888.75,4884.8,4884.8
14759,2024-04-01 13:05:00,4885.05,4887.0,4884.0,4885.6
14760,2024-04-01 13:06:00,4885.0,4885.55,4881.1,4881.95
14761,2024-04-01 13:07:00,4882.05,4882.4,4880.0,4880.7
14762,2024-04-01 13:08:00,4882.05,4882.05,4880.0,4880.0
14763,2024-04-01 13:09:00,4881.1,4882.0,4880.0,4880.0
14764,2024-04-01 13:10:00,4880.1,4882.0,4880.0,4880.2
14765,2024-04-01 13:11:00,4880.7,4882.0,4880.0,4881.2
14766,2024-04-01 13:12:00,4882.55,4882.55,4880.0,4880.25
14767,2024-04-01 13:13:00,4880.1,4881.45,4875.05,4876.25
14768,2024-04-01 13:14:00,4877.1,4877.1,4874.05,4874.9
14769,2024-04-01 13:15:00,4874.85,4876.95,4873.05,4875.1
14770,2024-04-01 13:16:00,4874.0,4876.3,4873.1,4874.95
14771,2024-04-01 13:17:00,4874.0,4877.0,4874.0,4874.1
14772,2024-04-01 13:18:00,4875.0,4876.65,4874.0,4874.0
14773,2024-04-01 13:19:00,4874.05,4874.95,4873.2,4874.0
14774,2024-04-01 13:20:00,4874.4,4875.0,4873.05,4873.9
14775,2024-04-01 13:21:00,4874.85,4874.85,4873.05,4873.5
14776,2024-04-01 13:22:00,4874.6,4875.0,4873.15,4874.0
14777,2024-04-01 13:23:00,4873.55,4875.0,4873.05,4873.05
14778,2024-04-01 13:24:00,4874.4,4875.0,4873.05,4874.75
14779,2024-04-01 13:25:00,4873.15,4879.95,4873.15,4878.4
14780,2024-04-01 13:26:00,4877.3,4879.65,4877.3,4878.2
14781,2024-04-01 13:27:00,4877.9,4878.2,4875.65,4877.0
14782,2024-04-01 13:28:00,4875.9,4878.9,4875.85,4875.9
14783,2024-04-01 13:29:00,4876.4,4879.95,4875.9,4878.9
14784,2024-04-01 13:30:00,4878.05,4882.0,4878.0,4879.6
14785,2024-04-01 13:31:00,4877.55,4880.45,4876.0,4879.05
14786,2024-04-01 13:32:00,4877.15,4881.4,4876.0,4880.65
14787,2024-04-01 13:33:00,4878.55,4880.7,4878.5,4879.0
14788,2024-04-01 13:34:00,4879.1,4880.7,4878.5,4879.45
14789,2024-04-01 13:35:00,4878.65,4885.3,4878.65,4883.2
14790,2024-04-01 13:36:00,4880.95,4887.0,4880.0,4883.75
14791,2024-04-01 13:37:00,4883.0,4883.55,4881.1,4882.25
14792,2024-04-01 13:38:00,4881.35,4883.6,4881.0,4881.0
14793,2024-04-01 13:39:00,4881.05,4883.3,4880.65,4881.65
14794,2024-04-01 13:40:00,4882.2,4882.2,4880.0,4881.8
14795,2024-04-01 13:41:00,4881.0,4881.75,4877.0,4877.35
14796,2024-04-01 13:42:00,4877.2,4877.8,4875.4,4876.75
14797,2024-04-01 13:43:00,4875.4,4878.45,4875.25,4875.25
14798,2024-04-01 13:44:00,4876.0,4878.8,4875.5,4875.5
14799,2024-04-01 13:45:00,4875.65,4875.85,4875.0,4875.85
14800,2024-04-01 13:46:00,4875.0,4875.85,4874.05,4874.05
14801,2024-04-01 13:47:00,4874.0,4874.1,4873.0,4873.8
14802,2024-04-01 13:48:00,4874.7,4874.9,4872.4,4872.7
14803,2024-04-01 13:49:00,4872.65,4874.1,4872.0,4873.0
14804,2024-04-01 13:50:00,4872.0,4876.4,4872.0,4875.0
14805,2024-04-01 13:51:00,4873.4,4875.5,4873.0,4873.2
14806,2024-04-01 13:52:00,4874.2,4875.1,4873.1,4873.25
14807,2024-04-01 13:53:00,4873.2,4875.3,4873.0,4874.05
14808,2024-04-01 13:54:00,4873.2,4875.15,4873.0,4873.4
14809,2024-04-01 13:55:00,4872.7,4874.05,4872.05,4873.4
14810,2024-04-01 13:56:00,4872.95,4875.0,4872.75,4873.45
14811,2024-04-01 13:57:00,4873.4,4874.75,4872.5,4872.8
14812,2024-04-01 13:58:00,4872.4,4874.75,4872.4,4873.2
14813,2024-04-01 13:59:00,4872.9,4875.0,4872.05,4873.65
14814,2024-04-01 14:00:00,4874.95,4874.95,4872.7,4872.85
14815,2024-04-01 14:01:00,4873.2,4873.95,4872.8,4873.75
14816,2024-04-01 14:02:00,4872.85,4873.7,4872.0,4872.45
14817,2024-04-01 14:03:00,4873.2,4873.25,4872.0,4872.05
14818,2024-04-01 14:04:00,4872.15,4873.1,4872.0,4872.35
14819,2024-04-01 14:05:00,4872.45,4873.05,4872.0,4872.55
14820,2024-04-01 14:06:00,4872.0,4873.3,4871.0,4871.7
14821,2024-04-01 14:07:00,4871.0,4873.1,4871.0,4871.45
14822,2024-04-01 14:08:00,4872.45,4872.45,4870.2,4871.6
14823,2024-04-01 14:09:00,4870.15,4872.0,4870.0,4870.2
14824,2024-04-01 14:10:00,4870.0,4870.65,4867.95,4867.95
14825,2024-04-01 14:11:00,4868.4,4868.5,4866.5,4868.5
14826,2024-04-01 14:12:00,4867.65,4871.9,4867.25,4870.65
14827,2024-04-01 14:13:00,4870.05,4873.9,4869.5,4872.05
14828,2024-04-01 14:14:00,4870.2,4872.0,4867.0,4867.0
14829,2024-04-01 14:15:00,4868.0,4869.9,4867.0,4867.8
14830,2024-04-01 14:16:00,4867.35,4877.95,4867.3,4874.3
14831,2024-04-01 14:17:00,4872.35,4874.3,4868.25,4869.45
14832,2024-04-01 14:18:00,4868.85,4874.95,4868.85,4872.95
14833,2024-04-01 14:19:00,4870.6,4872.95,4869.45,4869.5
14834,2024-04-01 14:20:00,4869.45,4873.95,4869.0,4870.85
14835,2024-04-01 14:21:00,4871.45,4877.4,4870.0,4874.1
14836,2024-04-01 14:22:00,4874.55,4875.75,4873.45,4873.45
14837,2024-04-01 14:23:00,4874.15,4874.15,4870.0,4870.95
14838,2024-04-01 14:24:00,4870.0,4872.8,4869.0,4869.0
14839,2024-04-01 14:25:00,4870.0,4872.8,4869.0,4869.0
14840,2024-04-01 14:26:00,4870.1,4873.0,4868.0,4869.0
14841,2024-04-01 14:27:00,4869.45,4873.2,4867.25,4869.45
14842,2024-04-01 14:28:00,4871.4,4871.95,4868.05,4868.95
14843,2024-04-01 14:29:00,4869.9,4872.0,4867.75,4870.5
14844,2024-04-01 14:30:00,4870.0,4873.7,4868.55,4870.0
14845,2024-04-01 14:31:00,4870.45,4872.7,4868.0,4869.75
14846,2024-04-01 14:32:00,4871.75,4874.9,4870.05,4874.9
14847,2024-04-01 14:33:00,4872.5,4876.0,4871.55,4875.0
14848,2024-04-01 14:34:00,4875.05,4878.0,4875.0,4876.55
14849,2024-04-01 14:35:00,4875.15,4876.55,4873.05,4874.0
14850,2024-04-01 14:36:00,4873.05,4876.5,4872.1,4874.6
14851,2024-04-01 14:37:00,4874.5,4876.35,4872.0,4874.7
14852,2024-04-01 14:38:00,4873.25,4876.0,4872.6,4874.35
14853,2024-04-01 14:39:00,4873.2,4874.7,4872.05,4874.4
14854,2024-04-01 14:40:00,4874.35,4874.4,4872.05,4874.35
14855,2024-04-01 14:41:00,4872.15,4874.4,4872.0,4874.35
14856,2024-04-01 14:42:00,4872.15,4874.4,4872.05,4872.5
14857,2024-04-01 14:43:00,4874.0,4874.0,4872.0,4872.0
14858,2024-04-01 14:44:00,4873.0,4876.6,4872.0,4872.5
14859,2024-04-01 14:45:00,4873.9,4876.3,4872.0,4873.3
14860,2024-04-01 14:46:00,4875.3,4877.0,4872.4,4876.0
14861,2024-04-01 14:47:00,4877.35,4877.35,4874.0,4874.1
14862,2024-04-01 14:48:00,4874.7,4877.05,4872.45,4876.95
14863,2024-04-01 14:49:00,4874.5,4876.95,4872.55,4875.9
14864,2024-04-01 14:50:00,4874.15,4876.0,4872.5,4874.3
14865,2024-04-01 14:51:00,4872.65,4875.0,4872.0,4874.6
14866,2024-04-01 14:52:00,4875.0,4877.0,4874.5,4875.75
14867,2024-04-01 14:53:00,4878.0,4878.0,4875.6,4877.6
14868,2024-04-01 14:54:00,4876.95,4878.0,4875.6,4876.0
14869,2024-04-01 14:55:00,4876.85,4878.0,4875.65,4875.65
14870,2024-04-01 14:56:00,4876.0,4878.0,4875.0,4876.55
14871,2024-04-01 14:57:00,4877.8,4878.0,4875.0,4875.0
14872,2024-04-01 14:58:00,4875.65,4879.6,4875.0,4877.5
14873,2024-04-01 14:59:00,4878.5,4884.0,4877.5,4884.0
14874,2024-04-01 15:00:00,4887.0,4887.0,4877.95,4877.95
14875,2024-04-01 15:01:00,4878.0,4881.75,4877.9,4881.75
14876,2024-04-01 15:02:00,4880.9,4881.7,4878.65,4879.95
14877,2024-04-01 15:03:00,4879.0,4883.9,4878.8,4879.9
14878,2024-04-01 15:04:00,4879.0,4882.0,4877.5,4881.25
14879,2024-04-01 15:05:00,4879.65,4881.25,4877.5,4878.9
14880,2024-04-01 15:06:00,4880.0,4880.2,4877.95,4879.8
14881,2024-04-01 15:07:00,4878.15,4880.0,4877.5,4877.55
14882,2024-04-01 15:08:00,4881.0,4881.0,4877.5,4877.9
14883,2024-04-01 15:09:00,4878.7,4881.0,4876.15,4879.0
14884,2024-04-01 15:10:00,4880.95,4880.95,4876.1,4876.95
14885,2024-04-01 15:11:00,4876.1,4879.0,4876.1,4877.0
14886,2024-04-01 15:12:00,4878.5,4880.95,4877.0,4878.15
14887,2024-04-01 15:13:00,4878.45,4878.95,4877.0,4877.5
14888,2024-04-01 15:14:00,4877.4,4879.8,4877.0,4878.15
14889,2024-04-01 15:15:00,4878.05,4883.95,4878.05,4882.15
14890,2024-04-01 15:16:00,4882.2,4884.0,4880.4,4880.8
14891,2024-04-01 15:17:00,4880.55,4882.0,4880.0,4880.75
14892,2024-04-01 15:18:00,4880.05,4880.8,4877.05,4878.65
14893,2024-04-01 15:19:00,4879.2,4879.95,4877.0,4877.4
14894,2024-04-01 15:20:00,4879.8,4880.1,4877.1,4877.25
14895,2024-04-01 15:21:00,4879.7,4882.45,4879.0,4882.05
14896,2024-04-01 15:22:00,4882.45,4883.0,4882.0,4882.05
14897,2024-04-01 15:23:00,4882.15,4885.0,4882.1,4885.0
14898,2024-04-01 15:24:00,4884.95,4888.0,4882.0,4888.0
14899,2024-04-01 15:25:00,4887.75,4888.85,4886.25,4888.35
14900,2024-04-01 15:26:00,4888.65,4888.75,4888.0,4888.35
14901,2024-04-01 15:27:00,4888.95,4890.0,4888.35,4889.95
14902,2024-04-01 15:28:00,4889.85,4890.0,4888.05,4889.85
14903,2024-04-01 15:29:00,4890.0,4890.0,4889.45,4889.8
14904,2024-04-02 09:14:00,4881.9,4881.9,4881.9,4881.9
14905,2024-04-02 09:15:00,4880.0,4880.95,4871.7,4877.0
14906,2024-04-02 09:16:00,4876.5,4889.0,4876.35,4888.9
14907,2024-04-02 09:17:00,4885.85,4896.35,4885.85,4892.0
14908,2024-04-02 09:18:00,4891.95,4894.4,4886.85,4887.25
14909,2024-04-02 09:19:00,4888.0,4888.0,4878.0,4882.05
14910,2024-04-02 09:20:00,4882.15,4886.55,4879.4,4882.8
14911,2024-04-02 09:21:00,4881.05,4881.05,4870.9,4874.95
14912,2024-04-02 09:22:00,4872.95,4876.95,4872.0,4872.95
14913,2024-04-02 09:23:00,4872.05,4872.95,4866.8,4870.5
14914,2024-04-02 09:24:00,4871.0,4873.75,4869.4,4869.4
14915,2024-04-02 09:25:00,4869.85,4874.5,4869.4,4872.0
14916,2024-04-02 09:26:00,4873.8,4882.35,4872.0,4880.0
14917,2024-04-02 09:27:00,4879.95,4882.0,4877.1,4881.95
14918,2024-04-02 09:28:00,4883.95,4886.0,4883.15,4885.0
14919,2024-04-02 09:29:00,4886.0,4888.0,4880.1,4882.65
14920,2024-04-02 09:30:00,4881.85,4884.0,4877.8,4881.95
14921,2024-04-02 09:31:00,4882.0,4884.0,4880.0,4880.0
14922,2024-04-02 09:32:00,4881.5,4883.9,4876.3,4876.35
14923,2024-04-02 09:33:00,4876.3,4883.85,4875.05,4882.95
14924,2024-04-02 09:34:00,4881.4,4883.9,4880.0,4882.0
14925,2024-04-02 09:35:00,4880.0,4882.5,4878.2,4882.0
14926,2024-04-02 09:36:00,4882.2,4885.0,4882.0,4884.0
14927,2024-04-02 09:37:00,4880.6,4882.9,4880.0,4882.9
14928,2024-04-02 09:38:00,4881.65,4883.25,4875.55,4876.3
14929,2024-04-02 09:39:00,4876.0,4880.0,4875.5,4880.0
14930,2024-04-02 09:40:00,4879.0,4880.0,4876.4,4878.0
14931,2024-04-02 09:41:00,4878.1,4882.8,4878.0,4882.3
14932,2024-04-02 09:42:00,4882.35,4884.95,4881.35,4884.0
14933,2024-04-02 09:43:00,4884.4,4889.45,4884.0,4888.0
14934,2024-04-02 09:44:00,4885.0,4891.0,4885.0,4891.0
14935,2024-04-02 09:45:00,4891.8,4894.0,4889.7,4892.0
14936,2024-04-02 09:46:00,4893.35,4896.3,4892.0,4895.0
14937,2024-04-02 09:47:00,4894.05,4896.0,4892.5,4896.0
14938,2024-04-02 09:48:00,4894.5,4900.0,4894.5,4897.6
14939,2024-04-02 09:49:00,4899.6,4900.0,4897.6,4900.0
14940,2024-04-02 09:50:00,4900.5,4903.05,4897.6,4902.9
14941,2024-04-02 09:51:00,4902.65,4902.85,4899.0,4900.0
14942,2024-04-02 09:52:00,4902.0,4902.6,4896.75,4897.1
14943,2024-04-02 09:53:00,4897.9,4897.9,4892.65,4892.75
14944,2024-04-02 09:54:00,4894.85,4900.0,4894.85,4900.0
14945,2024-04-02 09:55:00,4901.45,4905.0,4900.0,4902.45
14946,2024-04-02 09:56:00,4905.0,4905.0,4900.0,4903.65
14947,2024-04-02 09:57:00,4904.0,4904.0,4900.75,4903.5
14948,2024-04-02 09:58:00,4903.45,4903.5,4901.05,4903.0
14949,2024-04-02 09:59:00,4902.95,4902.95,4895.0,4895.0
14950,2024-04-02 10:00:00,4894.95,4900.9,4894.95,4900.45
14951,2024-04-02 10:01:00,4900.5,4900.5,4896.45,4897.0
14952,2024-04-02 10:02:00,4896.75,4897.5,4894.7,4895.7
14953,2024-04-02 10:03:00,4895.0,4897.8,4893.05,4893.45
14954,2024-04-02 10:04:00,4895.3,4895.3,4890.0,4890.15
14955,2024-04-02 10:05:00,4887.95,4890.85,4887.7,4889.0
14956,2024-04-02 10:06:00,4889.45,4890.95,4885.0,4885.0
14957,2024-04-02 10:07:00,4886.5,4886.65,4883.25,4884.0
14958,2024-04-02 10:08:00,4884.8,4884.8,4881.05,4881.05
14959,2024-04-02 10:09:00,4881.95,4884.3,4881.0,4884.3
14960,2024-04-02 10:10:00,4886.4,4886.4,4883.95,4885.3
14961,2024-04-02 10:11:00,4886.4,4890.35,4885.35,4890.25
14962,2024-04-02 10:12:00,4891.0,4891.0,4890.0,4890.25
14963,2024-04-02 10:13:00,4890.0,4891.0,4890.0,4891.0
14964,2024-04-02 10:14:00,4891.1,4891.1,4890.0,4890.0
14965,2024-04-02 10:15:00,4890.95,4890.95,4886.6,4886.7
14966,2024-04-02 10:16:00,4886.75,4888.0,4886.6,4886.6
14967,2024-04-02 10:17:00,4888.0,4888.0,4885.0,4885.4
14968,2024-04-02 10:18:00,4887.2,4900.0,4887.2,4896.5
14969,2024-04-02 10:19:00,4898.5,4900.65,4896.55,4900.3
14970,2024-04-02 10:20:00,4900.0,4903.0,4900.0,4902.85
14971,2024-04-02 10:21:00,4901.05,4905.0,4900.75,4900.75
14972,2024-04-02 10:22:00,4903.4,4905.0,4900.75,4903.2
14973,2024-04-02 10:23:00,4901.35,4908.0,4900.55,4901.7
14974,2024-04-02 10:24:00,4901.3,4903.8,4900.0,4900.6
14975,2024-04-02 10:25:00,4900.5,4900.65,4899.3,4900.65
14976,2024-04-02 10:26:00,4900.0,4900.0,4895.55,4896.55
14977,2024-04-02 10:27:00,4898.2,4898.6,4896.6,4898.3
14978,2024-04-02 10:28:00,4897.5,4897.5,4896.1,4896.1
14979,2024-04-02 10:29:00,4896.8,4896.8,4896.1,4896.1
14980,2024-04-02 10:30:00,4896.4,4896.4,4890.1,4891.55
14981,2024-04-02 10:31:00,4893.0,4895.0,4892.0,4894.0
14982,2024-04-02 10:32:00,4893.05,4896.6,4891.65,4893.85
14983,2024-04-02 10:33:00,4891.7,4893.75,4891.7,4892.85
14984,2024-04-02 10:34:00,4892.5,4892.85,4892.0,4892.65
14985,2024-04-02 10:35:00,4893.0,4898.0,4892.65,4898.0
14986,2024-04-02 10:36:00,4896.2,4897.95,4896.0,4896.0
14987,2024-04-02 10:37:00,4896.5,4898.0,4895.0,4895.0
14988,2024-04-02 10:38:00,4894.6,4895.0,4891.25,4892.85
14989,2024-04-02 10:39:00,4894.95,4895.0,4893.5,4894.8
14990,2024-04-02 10:40:00,4894.0,4894.95,4893.5,4893.5
14991,2024-04-02 10:41:00,4893.55,4893.55,4892.0,4892.0
14992,2024-04-02 10:42:00,4892.1,4892.1,4886.0,4886.0
14993,2024-04-02 10:43:00,4886.1,4890.05,4885.0,4885.4
14994,2024-04-02 10:44:00,4885.35,4890.9,4885.0,4887.25
14995,2024-04-02 10:45:00,4887.0,4887.0,4884.0,4884.05
14996,2024-04-02 10:46:00,4885.55,4886.45,4884.0,4884.0
14997,2024-04-02 10:47:00,4885.6,4885.6,4884.05,4885.0
14998,2024-04-02 10:48:00,4884.2,4885.0,4884.0,4884.9
14999,2024-04-02 10:49:00,4884.65,4884.7,4884.0,4884.7
15000,2024-04-02 10:50:00,4884.9,4891.6,4884.0,4891.6
15001,2024-04-02 10:51:00,4891.55,4892.95,4886.2,4887.0
15002,2024-04-02 10:52:00,4886.95,4899.35,4886.2,4891.0
15003,2024-04-02 10:53:00,4890.05,4897.95,4890.0,4895.0
15004,2024-04-02 10:54:00,4893.95,4893.95,4886.55,4888.95
15005,2024-04-02 10:55:00,4886.6,4890.75,4886.6,4890.0
15006,2024-04-02 10:56:00,4888.95,4890.25,4888.1,4890.0
15007,2024-04-02 10:57:00,4889.0,4895.0,4888.25,4895.0
15008,2024-04-02 10:58:00,4894.9,4898.7,4893.35,4894.4
15009,2024-04-02 10:59:00,4895.0,4895.0,4891.0,4891.0
15010,2024-04-02 11:00:00,4890.35,4891.0,4887.05,4887.65
15011,2024-04-02 11:01:00,4888.2,4888.3,4886.65,4887.65
15012,2024-04-02 11:02:00,4890.0,4891.15,4887.0,4890.0
15013,2024-04-02 11:03:00,4889.95,4892.0,4889.95,4890.7
15014,2024-04-02 11:04:00,4890.05,4890.65,4887.15,4890.05
15015,2024-04-02 11:05:00,4888.2,4890.8,4887.2,4889.85
15016,2024-04-02 11:06:00,4889.8,4891.45,4886.6,4889.55
15017,2024-04-02 11:07:00,4888.35,4890.75,4886.6,4890.5
15018,2024-04-02 11:08:00,4890.55,4890.55,4886.6,4886.95
15019,2024-04-02 11:09:00,4887.05,4892.95,4885.6,4885.95
15020,2024-04-02 11:10:00,4886.0,4887.25,4885.0,4886.6
15021,2024-04-02 11:11:00,4886.55,4886.55,4883.8,4883.9
15022,2024-04-02 11:12:00,4883.8,4884.0,4883.0,4883.95
15023,2024-04-02 11:13:00,4883.1,4884.0,4882.0,4882.1
15024,2024-04-02 11:14:00,4881.85,4883.8,4881.0,4883.75
15025,2024-04-02 11:15:00,4882.3,4884.0,4881.3,4882.0
15026,2024-04-02 11:16:00,4882.05,4882.85,4881.9,4882.65
15027,2024-04-02 11:17:00,4882.6,4884.9,4882.6,4884.5
15028,2024-04-02 11:18:00,4884.55,4885.0,4884.05,4884.5
15029,2024-04-02 11:19:00,4884.9,4884.9,4884.0,4884.35
15030,2024-04-02 11:20:00,4884.4,4884.4,4883.0,4884.0
15031,2024-04-02 11:21:00,4883.95,4884.05,4882.5,4882.5
15032,2024-04-02 11:22:00,4882.55,4882.75,4882.0,4882.75
15033,2024-04-02 11:23:00,4882.7,4882.75,4881.1,4882.0
15034,2024-04-02 11:24:00,4881.0,4882.75,4881.0,4882.7
15035,2024-04-02 11:25:00,4881.15,4881.95,4877.4,4880.0
15036,2024-04-02 11:26:00,4879.25,4880.0,4877.0,4879.95
15037,2024-04-02 11:27:00,4879.9,4880.0,4877.05,4878.4
15038,2024-04-02 11:28:00,4878.75,4880.0,4878.75,4879.0
15039,2024-04-02 11:29:00,4879.5,4879.5,4878.85,4879.1
15040,2024-04-02 11:30:00,4879.05,4881.35,4879.05,4880.3
15041,2024-04-02 11:31:00,4882.0,4882.75,4879.3,4879.6
15042,2024-04-02 11:32:00,4880.0,4881.2,4880.0,4880.95
15043,2024-04-02 11:33:00,4880.0,4882.5,4880.0,4881.85
15044,2024-04-02 11:34:00,4882.0,4883.0,4881.0,4883.0
15045,2024-04-02 11:35:00,4882.0,4882.9,4881.0,4882.2
15046,2024-04-02 11:36:00,4881.1,4883.0,4880.0,4882.4
15047,2024-04-02 11:37:00,4882.5,4883.0,4881.0,4881.0
15048,2024-04-02 11:38:00,4881.05,4881.05,4879.05,4880.0
15049,2024-04-02 11:39:00,4879.05,4881.0,4879.0,4881.0
15050,2024-04-02 11:40:00,4879.9,4881.85,4879.9,4880.0
15051,2024-04-02 11:41:00,4880.8,4880.8,4880.0,4880.55
15052,2024-04-02 11:42:00,4880.65,4881.8,4880.05,4881.0
15053,2024-04-02 11:43:00,4880.05,4882.0,4880.0,4880.95
15054,2024-04-02 11:44:00,4880.25,4882.0,4880.0,4881.25
15055,2024-04-02 11:45:00,4880.5,4881.2,4880.0,4880.0
15056,2024-04-02 11:46:00,4880.9,4883.7,4880.0,4883.7
15057,2024-04-02 11:47:00,4880.5,4881.85,4880.0,4880.45
15058,2024-04-02 11:48:00,4880.15,4882.75,4880.15,4881.0
15059,2024-04-02 11:49:00,4882.4,4883.0,4880.6,4880.95
15060,2024-04-02 11:50:00,4884.0,4884.9,4880.6,4884.55
15061,2024-04-02 11:51:00,4882.5,4887.4,4882.5,4887.1
15062,2024-04-02 11:52:00,4885.45,4885.45,4883.65,4884.1
15063,2024-04-02 11:53:00,4884.9,4885.8,4883.65,4884.55
15064,2024-04-02 11:54:00,4884.65,4885.5,4884.0,4884.35
15065,2024-04-02 11:55:00,4884.4,4884.4,4884.0,4884.4
15066,2024-04-02 11:56:00,4884.45,4884.9,4884.4,4884.75
15067,2024-04-02 11:57:00,4884.4,4886.3,4884.4,4886.3
15068,2024-04-02 11:58:00,4886.55,4886.55,4884.4,4885.0
15069,2024-04-02 11:59:00,4885.95,4889.8,4885.95,4888.8
15070,2024-04-02 12:00:00,4888.75,4888.75,4888.0,4888.0
15071,2024-04-02 12:01:00,4888.05,4888.05,4885.85,4888.0
15072,2024-04-02 12:02:00,4888.05,4888.05,4888.0,4888.0
15073,2024-04-02 12:03:00,4888.05,4888.05,4888.0,4888.0
15074,2024-04-02 12:04:00,4888.05,4888.05,4886.55,4886.55
15075,2024-04-02 12:05:00,4886.6,4886.6,4886.55,4886.55
15076,2024-04-02 12:06:00,4886.6,4886.6,4886.55,4886.55
15077,2024-04-02 12:07:00,4886.6,4886.7,4886.55,4886.6
15078,2024-04-02 12:08:00,4886.55,4886.6,4886.55,4886.55
15079,2024-04-02 12:09:00,4886.6,4886.7,4886.55,4886.55
15080,2024-04-02 12:10:00,4886.6,4886.65,4886.55,4886.65
15081,2024-04-02 12:11:00,4886.7,4886.7,4885.15,4886.7
15082,2024-04-02 12:12:00,4886.65,4886.75,4885.1,4886.7
15083,2024-04-02 12:13:00,4886.75,4889.8,4886.7,4887.6
15084,2024-04-02 12:14:00,4888.35,4888.95,4887.4,4887.4
15085,2024-04-02 12:15:00,4887.3,4890.75,4887.25,4890.7
15086,2024-04-02 12:16:00,4890.65,4890.65,4890.0,4890.0
15087,2024-04-02 12:17:00,4890.05,4890.05,4890.0,4890.0
15088,2024-04-02 12:18:00,4890.05,4890.15,4888.15,4890.05
15089,2024-04-02 12:19:00,4890.0,4890.15,4890.0,4890.1
15090,2024-04-02 12:20:00,4890.15,4892.0,4890.1,4890.3
15091,2024-04-02 12:21:00,4890.2,4893.4,4890.2,4892.0
15092,2024-04-02 12:22:00,4892.1,4895.0,4890.8,4892.2
15093,2024-04-02 12:23:00,4890.85,4892.9,4890.5,4890.8
15094,2024-04-02 12:24:00,4890.7,4897.45,4890.7,4896.0
15095,2024-04-02 12:25:00,4894.1,4898.95,4894.1,4896.65
15096,2024-04-02 12:26:00,4896.0,4896.55,4894.2,4894.2
15097,2024-04-02 12:27:00,4894.0,4894.2,4891.65,4891.7
15098,2024-04-02 12:28:00,4891.65,4896.65,4891.65,4892.95
15099,2024-04-02 12:29:00,4894.1,4894.1,4891.8,4893.3
15100,2024-04-02 12:30:00,4891.85,4896.2,4891.75,4893.8
15101,2024-04-02 12:31:00,4893.85,4895.85,4893.85,4895.7
15102,2024-04-02 12:32:00,4895.0,4895.75,4892.05,4893.0
15103,2024-04-02 12:33:00,4893.35,4893.35,4892.5,4892.5
15104,2024-04-02 12:34:00,4892.55,4892.55,4890.0,4890.0
15105,2024-04-02 12:35:00,4890.35,4890.45,4888.0,4888.0
15106,2024-04-02 12:36:00,4888.05,4888.05,4887.1,4887.65
15107,2024-04-02 12:37:00,4887.6,4894.15,4887.0,4888.5
15108,2024-04-02 12:38:00,4888.45,4888.5,4888.0,4888.0
15109,2024-04-02 12:39:00,4888.1,4888.15,4888.0,4888.0
15110,2024-04-02 12:40:00,4888.05,4888.45,4887.0,4888.05
15111,2024-04-02 12:41:00,4889.9,4892.85,4888.05,4888.7
15112,2024-04-02 12:42:00,4891.35,4893.5,4889.1,4889.7
15113,2024-04-02 12:43:00,4889.9,4890.05,4889.7,4890.05
15114,2024-04-02 12:44:00,4890.0,4890.15,4889.7,4889.7
15115,2024-04-02 12:45:00,4889.85,4890.0,4889.7,4890.0
15116,2024-04-02 12:46:00,4889.95,4892.65,4889.95,4890.1
15117,2024-04-02 12:47:00,4890.2,4890.25,4890.0,4890.0
15118,2024-04-02 12:48:00,4891.7,4895.0,4890.0,4890.95
15119,2024-04-02 12:49:00,4891.0,4893.9,4890.95,4891.5
15120,2024-04-02 12:50:00,4891.45,4894.15,4891.45,4893.8
15121,2024-04-02 12:51:00,4892.8,4894.95,4892.6,4894.0
15122,2024-04-02 12:52:00,4894.05,4895.7,4892.95,4894.05
15123,2024-04-02 12:53:00,4894.0,4895.45,4894.0,4894.85
15124,2024-04-02 12:54:00,4894.0,4894.85,4893.75,4894.05
15125,2024-04-02 12:55:00,4894.45,4895.75,4893.6,4895.65
15126,2024-04-02 12:56:00,4895.6,4896.8,4894.05,4894.45
15127,2024-04-02 12:57:00,4894.6,4896.9,4894.6,4896.8
15128,2024-04-02 12:58:00,4896.85,4898.0,4896.3,4897.65
15129,2024-04-02 12:59:00,4897.0,4899.5,4896.3,4897.0
15130,2024-04-02 13:00:00,4897.05,4898.95,4897.0,4898.2
15131,2024-04-02 13:01:00,4898.0,4898.9,4898.0,4898.3
15132,2024-04-02 13:02:00,4898.65,4899.0,4898.25,4898.95
15133,2024-04-02 13:03:00,4898.9,4899.5,4898.9,4898.9
15134,2024-04-02 13:04:00,4898.95,4899.05,4898.0,4899.05
15135,2024-04-02 13:05:00,4899.0,4899.5,4897.5,4899.0
15136,2024-04-02 13:06:00,4899.1,4899.1,4897.55,4898.25
15137,2024-04-02 13:07:00,4897.55,4899.0,4897.25,4897.9
15138,2024-04-02 13:08:00,4897.55,4899.45,4897.55,4897.55
15139,2024-04-02 13:09:00,4898.8,4898.8,4897.15,4897.35
15140,2024-04-02 13:10:00,4897.55,4898.1,4897.0,4897.55
15141,2024-04-02 13:11:00,4897.65,4897.65,4897.55,4897.6
15142,2024-04-02 13:12:00,4897.55,4897.6,4896.35,4897.45
15143,2024-04-02 13:13:00,4896.35,4897.45,4896.35,4896.35
15144,2024-04-02 13:14:00,4896.5,4896.5,4895.5,4895.6
15145,2024-04-02 13:15:00,4895.65,4895.65,4895.6,4895.6
15146,2024-04-02 13:16:00,4895.65,4895.65,4895.6,4895.6
15147,2024-04-02 13:17:00,4895.65,4895.65,4892.2,4892.55
15148,2024-04-02 13:18:00,4892.65,4892.65,4891.05,4892.6
15149,2024-04-02 13:19:00,4892.55,4892.7,4890.65,4891.0
15150,2024-04-02 13:20:00,4892.65,4892.7,4892.6,4892.6
15151,2024-04-02 13:21:00,4892.65,4892.65,4892.15,4892.6
15152,2024-04-02 13:22:00,4892.65,4892.65,4892.15,4892.65
15153,2024-04-02 13:23:00,4895.0,4895.95,4893.05,4895.0
15154,2024-04-02 13:24:00,4895.35,4895.35,4895.0,4895.0
15155,2024-04-02 13:25:00,4895.1,4898.25,4894.35,4896.25
15156,2024-04-02 13:26:00,4896.2,4896.9,4895.0,4895.0
15157,2024-04-02 13:27:00,4896.9,4896.9,4894.55,4895.0
15158,2024-04-02 13:28:00,4895.8,4895.8,4895.0,4895.0
15159,2024-04-02 13:29:00,4895.15,4895.15,4895.0,4895.0
15160,2024-04-02 13:30:00,4895.05,4895.05,4895.0,4895.05
15161,2024-04-02 13:31:00,4895.0,4895.05,4895.0,4895.0
15162,2024-04-02 13:32:00,4895.05,4895.05,4893.65,4894.55
15163,2024-04-02 13:33:00,4893.65,4894.0,4892.3,4893.65
15164,2024-04-02 13:34:00,4893.7,4893.7,4893.65,4893.65
15165,2024-04-02 13:35:00,4893.7,4896.45,4893.7,4893.7
15166,2024-04-02 13:36:00,4893.75,4893.75,4892.05,4893.7
15167,2024-04-02 13:37:00,4893.75,4893.75,4892.15,4893.75
15168,2024-04-02 13:38:00,4893.7,4893.75,4892.2,4893.7
15169,2024-04-02 13:39:00,4892.5,4893.75,4892.15,4893.7
15170,2024-04-02 13:40:00,4893.75,4893.75,4892.3,4893.7
15171,2024-04-02 13:41:00,4893.75,4893.75,4892.3,4893.7
15172,2024-04-02 13:42:00,4893.75,4893.75,4887.2,4888.0
15173,2024-04-02 13:43:00,4888.9,4889.95,4887.25,4888.95
15174,2024-04-02 13:44:00,4889.35,4889.35,4888.95,4888.95
15175,2024-04-02 13:45:00,4889.0,4889.0,4888.95,4888.95
15176,2024-04-02 13:46:00,4889.0,4889.0,4888.0,4889.0
15177,2024-04-02 13:47:00,4888.95,4889.1,4888.95,4889.0
15178,2024-04-02 13:48:00,4888.95,4889.4,4888.95,4888.95
15179,2024-04-02 13:49:00,4889.7,4889.95,4888.95,4888.95
15180,2024-04-02 13:50:00,4889.4,4890.4,4888.95,4890.4
15181,2024-04-02 13:51:00,4890.65,4891.2,4889.1,4890.0
15182,2024-04-02 13:52:00,4890.55,4890.55,4888.95,4890.0
15183,2024-04-02 13:53:00,4890.05,4890.05,4890.0,4890.05
15184,2024-04-02 13:54:00,4890.0,4890.05,4888.15,4888.15
15185,2024-04-02 13:55:00,4889.9,4889.95,4888.15,4889.95
15186,2024-04-02 13:56:00,4889.9,4892.55,4889.9,4890.0
15187,2024-04-02 13:57:00,4890.2,4890.2,4889.0,4890.0
15188,2024-04-02 13:58:00,4890.05,4890.05,4890.0,4890.05
15189,2024-04-02 13:59:00,4890.0,4890.5,4890.0,4890.05
15190,2024-04-02 14:00:00,4890.4,4890.4,4890.0,4890.05
15191,2024-04-02 14:01:00,4890.0,4890.2,4890.0,4890.1
15192,2024-04-02 14:02:00,4890.05,4892.65,4890.05,4890.05
15193,2024-04-02 14:03:00,4890.1,4891.75,4890.0,4890.05
15194,2024-04-02 14:04:00,4890.25,4891.15,4890.05,4890.1
15195,2024-04-02 14:05:00,4890.7,4890.7,4888.05,4890.15
15196,2024-04-02 14:06:00,4890.1,4894.7,4890.1,4894.25
15197,2024-04-02 14:07:00,4894.3,4894.3,4894.25,4894.3
15198,2024-04-02 14:08:00,4894.25,4895.1,4894.0,4894.25
15199,2024-04-02 14:09:00,4894.35,4894.35,4894.0,4894.25
15200,2024-04-02 14:10:00,4894.3,4894.3,4892.85,4894.3
15201,2024-04-02 14:11:00,4894.25,4895.8,4894.25,4894.25
15202,2024-04-02 14:12:00,4894.3,4894.3,4894.25,4894.3
15203,2024-04-02 14:13:00,4894.25,4894.3,4894.25,4894.25
15204,2024-04-02 14:14:00,4894.3,4894.7,4891.35,4894.3
15205,2024-04-02 14:15:00,4894.25,4894.3,4894.25,4894.25
15206,2024-04-02 14:16:00,4894.3,4894.3,4894.25,4894.25
15207,2024-04-02 14:17:00,4894.0,4894.3,4894.0,4894.25
15208,2024-04-02 14:18:00,4894.3,4894.3,4894.25,4894.25
15209,2024-04-02 14:19:00,4894.3,4894.3,4894.25,4894.3
15210,2024-04-02 14:20:00,4894.25,4894.3,4894.25,4894.25
15211,2024-04-02 14:21:00,4894.3,4894.3,4894.25,4894.25
15212,2024-04-02 14:22:00,4894.3,4894.3,4894.0,4894.25
15213,2024-04-02 14:23:00,4894.3,4894.3,4894.25,4894.25
15214,2024-04-02 14:24:00,4894.3,4897.45,4894.25,4894.5
15215,2024-04-02 14:25:00,4894.55,4896.45,4894.25,4895.0
15216,2024-04-02 14:26:00,4894.95,4894.95,4894.3,4894.3
15217,2024-04-02 14:27:00,4894.35,4894.35,4894.25,4894.3
15218,2024-04-02 14:28:00,4894.35,4894.35,4894.3,4894.3
15219,2024-04-02 14:29:00,4894.35,4894.35,4894.3,4894.35
15220,2024-04-02 14:30:00,4894.3,4894.35,4894.0,4894.3
15221,2024-04-02 14:31:00,4894.35,4897.95,4894.0,4895.8
15222,2024-04-02 14:32:00,4895.45,4896.05,4893.35,4894.3
15223,2024-04-02 14:33:00,4894.35,4896.25,4894.3,4894.85
15224,2024-04-02 14:34:00,4894.9,4894.9,4893.0,4894.85
15225,2024-04-02 14:35:00,4894.9,4897.95,4894.3,4894.85
15226,2024-04-02 14:36:00,4895.7,4895.7,4894.85,4894.85
15227,2024-04-02 14:37:00,4895.0,4895.3,4894.85,4894.85
15228,2024-04-02 14:38:00,4894.9,4894.9,4894.85,4894.85
15229,2024-04-02 14:39:00,4894.9,4894.9,4894.85,4894.85
15230,2024-04-02 14:40:00,4894.9,4894.9,4893.0,4894.85
15231,2024-04-02 14:41:00,4894.9,4894.9,4894.85,4894.85
15232,2024-04-02 14:42:00,4894.9,4894.9,4894.85,4894.85
15233,2024-04-02 14:43:00,4894.9,4894.9,4894.85,4894.85
15234,2024-04-02 14:44:00,4894.9,4894.9,4894.85,4894.85
15235,2024-04-02 14:45:00,4894.9,4894.9,4893.6,4894.85
15236,2024-04-02 14:46:00,4893.7,4895.3,4893.3,4895.3
15237,2024-04-02 14:47:00,4894.85,4895.3,4894.85,4894.9
15238,2024-04-02 14:48:00,4894.85,4894.9,4894.85,4894.9
15239,2024-04-02 14:49:00,4894.85,4894.9,4894.85,4894.9
15240,2024-04-02 14:50:00,4894.85,4894.9,4893.0,4894.85
15241,2024-04-02 14:51:00,4894.9,4894.9,4894.85,4894.85
15242,2024-04-02 14:52:00,4894.9,4894.9,4894.2,4894.85
15243,2024-04-02 14:53:00,4894.9,4894.9,4894.85,4894.85
15244,2024-04-02 14:54:00,4894.9,4894.9,4894.85,4894.9
15245,2024-04-02 14:55:00,4894.85,4894.9,4894.85,4894.85
15246,2024-04-02 14:56:00,4894.9,4894.9,4894.5,4894.9
15247,2024-04-02 14:57:00,4894.85,4894.9,4894.0,4894.9
15248,2024-04-02 14:58:00,4894.85,4894.9,4894.85,4894.85
15249,2024-04-02 14:59:00,4894.9,4894.9,4891.65,4894.85
15250,2024-04-02 15:00:00,4893.5,4916.35,4892.6,4916.35
15251,2024-04-02 15:01:00,4916.4,4917.95,4909.0,4909.7
15252,2024-04-02 15:02:00,4908.75,4911.0,4904.65,4906.0
15253,2024-04-02 15:03:00,4906.7,4907.65,4901.7,4903.0
15254,2024-04-02 15:04:00,4902.55,4906.0,4902.55,4904.85
15255,2024-04-02 15:05:00,4904.5,4908.9,4902.5,4907.95
15256,2024-04-02 15:06:00,4908.9,4909.3,4901.25,4901.25
15257,2024-04-02 15:07:00,4901.0,4903.95,4897.45,4898.8
15258,2024-04-02 15:08:00,4898.75,4899.35,4896.9,4899.25
15259,2024-04-02 15:09:00,4899.05,4908.8,4898.85,4908.8
15260,2024-04-02 15:10:00,4903.8,4904.05,4899.05,4901.1
15261,2024-04-02 15:11:00,4901.15,4901.15,4899.0,4899.65
15262,2024-04-02 15:12:00,4898.85,4902.95,4898.4,4899.25
15263,2024-04-02 15:13:00,4900.0,4901.65,4898.85,4899.95
15264,2024-04-02 15:14:00,4898.4,4901.6,4897.6,4899.25
15265,2024-04-02 15:15:00,4899.2,4901.75,4897.5,4899.5
15266,2024-04-02 15:16:00,4898.2,4899.6,4898.05,4898.1
15267,2024-04-02 15:17:00,4898.35,4899.0,4897.9,4898.95
15268,2024-04-02 15:18:00,4900.0,4901.4,4897.55,4899.4
15269,2024-04-02 15:19:00,4899.35,4899.4,4898.1,4898.45
15270,2024-04-02 15:20:00,4898.4,4898.7,4895.6,4897.5
15271,2024-04-02 15:21:00,4897.05,4900.0,4897.05,4899.4
15272,2024-04-02 15:22:00,4899.85,4899.85,4898.1,4898.35
15273,2024-04-02 15:23:00,4898.3,4900.0,4898.1,4899.0
15274,2024-04-02 15:24:00,4898.85,4899.0,4898.1,4898.8
15275,2024-04-02 15:25:00,4898.95,4900.0,4898.05,4899.8
15276,2024-04-02 15:26:00,4899.1,4902.55,4898.0,4899.7
15277,2024-04-02 15:27:00,4899.4,4900.0,4896.55,4898.45
15278,2024-04-02 15:28:00,4899.15,4903.0,4895.0,4895.05
15279,2024-04-02 15:29:00,4897.9,4899.0,4890.0,4895.2
15280,2024-04-03 09:14:00,4900.75,4900.75,4900.75,4900.75
15281,2024-04-03 09:15:00,4883.05,4891.6,4880.75,4882.55
15282,2024-04-03 09:16:00,4881.65,4883.7,4870.6,4883.7
15283,2024-04-03 09:17:00,4879.7,4884.0,4876.0,4879.25
15284,2024-04-03 09:18:00,4879.9,4889.95,4877.05,4885.1
15285,2024-04-03 09:19:00,4886.8,4891.55,4881.35,4890.35
15286,2024-04-03 09:20:00,4890.0,4891.95,4885.3,4887.55
15287,2024-04-03 09:21:00,4888.9,4896.95,4887.3,4894.9
15288,2024-04-03 09:22:00,4894.95,4903.5,4894.25,4899.45
15289,2024-04-03 09:23:00,4900.0,4903.0,4899.15,4901.8
15290,2024-04-03 09:24:00,4901.2,4904.95,4892.8,4893.0
15291,2024-04-03 09:25:00,4894.8,4895.65,4888.9,4889.95
15292,2024-04-03 09:26:00,4888.1,4895.6,4887.85,4893.45
15293,2024-04-03 09:27:00,4892.5,4899.7,4891.65,4899.15
15294,2024-04-03 09:28:00,4899.0,4900.0,4896.5,4897.0
15295,2024-04-03 09:29:00,4898.9,4899.9,4895.9,4899.4
15296,2024-04-03 09:30:00,4897.5,4899.85,4896.3,4899.85
15297,2024-04-03 09:31:00,4899.6,4900.0,4897.55,4898.1
15298,2024-04-03 09:32:00,4898.15,4903.9,4896.05,4902.0
15299,2024-04-03 09:33:00,4903.8,4910.95,4903.8,4910.0
15300,2024-04-03 09:34:00,4909.55,4910.0,4903.0,4905.0
15301,2024-04-03 09:35:00,4905.05,4909.95,4905.05,4908.95
15302,2024-04-03 09:36:00,4910.0,4911.0,4903.3,4906.0
15303,2024-04-03 09:37:00,4904.9,4906.0,4903.0,4905.85
15304,2024-04-03 09:38:00,4905.9,4908.6,4903.0,4906.0
15305,2024-04-03 09:39:00,4905.45,4906.1,4901.0,4903.15
15306,2024-04-03 09:40:00,4903.0,4904.35,4897.5,4901.35
15307,2024-04-03 09:41:00,4903.0,4905.0,4902.0,4903.05
15308,2024-04-03 09:42:00,4905.0,4905.0,4899.05,4902.85
15309,2024-04-03 09:43:00,4902.0,4904.75,4901.15,4903.45
15310,2024-04-03 09:44:00,4901.15,4903.4,4901.0,4901.35
15311,2024-04-03 09:45:00,4901.8,4901.95,4900.0,4900.25
15312,2024-04-03 09:46:00,4900.0,4901.25,4898.0,4900.45
15313,2024-04-03 09:47:00,4898.25,4900.75,4896.15,4896.15
15314,2024-04-03 09:48:00,4898.5,4899.85,4895.0,4896.3
15315,2024-04-03 09:49:00,4895.0,4895.3,4892.0,4893.5
15316,2024-04-03 09:50:00,4893.05,4895.55,4893.05,4895.1
15317,2024-04-03 09:51:00,4894.95,4895.1,4892.4,4892.4
15318,2024-04-03 09:52:00,4893.0,4893.0,4890.0,4891.0
15319,2024-04-03 09:53:00,4890.0,4891.05,4889.05,4890.0
15320,2024-04-03 09:54:00,4890.75,4896.45,4890.0,4894.0
15321,2024-04-03 09:55:00,4893.95,4896.95,4891.5,4891.8
15322,2024-04-03 09:56:00,4892.5,4893.45,4890.4,4891.8
15323,2024-04-03 09:57:00,4893.15,4895.9,4891.8,4893.25
15324,2024-04-03 09:58:00,4893.95,4896.0,4891.8,4895.75
15325,2024-04-03 09:59:00,4897.9,4898.0,4893.9,4898.0
15326,2024-04-03 10:00:00,4897.05,4898.4,4895.0,4895.7
15327,2024-04-03 10:01:00,4894.25,4897.0,4894.25,4896.4
15328,2024-04-03 10:02:00,4894.25,4899.0,4894.25,4898.2
15329,2024-04-03 10:03:00,4899.95,4900.85,4897.5,4897.6
15330,2024-04-03 10:04:00,4897.5,4902.0,4897.5,4901.0
15331,2024-04-03 10:05:00,4900.7,4903.0,4897.05,4897.1
15332,2024-04-03 10:06:00,4897.0,4899.0,4893.5,4895.85
15333,2024-04-03 10:07:00,4893.35,4898.35,4892.0,4898.35
15334,2024-04-03 10:08:00,4894.7,4900.0,4893.95,4893.95
15335,2024-04-03 10:09:00,4894.05,4900.0,4894.05,4896.2
15336,2024-04-03 10:10:00,4895.55,4899.65,4895.05,4896.85
15337,2024-04-03 10:11:00,4897.3,4899.0,4896.9,4898.8
15338,2024-04-03 10:12:00,4897.45,4902.8,4897.45,4902.8
15339,2024-04-03 10:13:00,4900.85,4904.0,4900.0,4900.05
15340,2024-04-03 10:14:00,4900.25,4901.0,4899.4,4900.05
15341,2024-04-03 10:15:00,4900.0,4902.1,4900.0,4902.05
15342,2024-04-03 10:16:00,4902.1,4904.0,4901.1,4902.45
15343,2024-04-03 10:17:00,4902.0,4906.1,4901.6,4906.05
15344,2024-04-03 10:18:00,4906.1,4910.0,4903.8,4904.55
15345,2024-04-03 10:19:00,4904.5,4908.0,4901.0,4901.2
15346,2024-04-03 10:20:00,4901.3,4902.55,4898.0,4898.0
15347,2024-04-03 10:21:00,4900.2,4905.0,4900.0,4905.0
15348,2024-04-03 10:22:00,4904.95,4905.0,4900.55,4900.55
15349,2024-04-03 10:23:00,4901.55,4902.65,4898.6,4900.0
15350,2024-04-03 10:24:00,4900.05,4902.8,4899.2,4900.15
15351,2024-04-03 10:25:00,4900.6,4902.5,4900.0,4901.0
15352,2024-04-03 10:26:00,4901.1,4901.1,4897.8,4899.2
15353,2024-04-03 10:27:00,4899.3,4903.6,4899.15,4901.0
15354,2024-04-03 10:28:00,4900.6,4903.55,4900.2,4901.35
15355,2024-04-03 10:29:00,4902.2,4903.5,4901.15,4901.2
15356,2024-04-03 10:30:00,4901.15,4902.9,4901.05,4902.35
15357,2024-04-03 10:31:00,4901.0,4903.0,4900.3,4901.6
15358,2024-04-03 10:32:00,4901.5,4904.75,4900.0,4901.4
15359,2024-04-03 10:33:00,4901.0,4903.65,4900.85,4901.25
15360,2024-04-03 10:34:00,4901.3,4910.0,4901.2,4910.0
15361,2024-04-03 10:35:00,4908.8,4916.95,4908.8,4915.65
15362,2024-04-03 10:36:00,4916.65,4918.95,4915.0,4915.3
15363,2024-04-03 10:37:00,4915.0,4917.4,4911.85,4912.2
15364,2024-04-03 10:38:00,4912.1,4915.2,4912.1,4914.85
15365,2024-04-03 10:39:00,4912.45,4914.8,4912.15,4913.95
15366,2024-04-03 10:40:00,4914.3,4914.8,4912.6,4913.75
15367,2024-04-03 10:41:00,4913.7,4919.4,4913.35,4916.35
15368,2024-04-03 10:42:00,4916.15,4916.2,4902.0,4902.0
15369,2024-04-03 10:43:00,4903.05,4906.45,4900.3,4901.95
15370,2024-04-03 10:44:00,4901.9,4905.95,4901.05,4905.4
15371,2024-04-03 10:45:00,4906.35,4910.15,4901.85,4902.05
15372,2024-04-03 10:46:00,4901.85,4901.95,4897.65,4900.0
15373,2024-04-03 10:47:00,4900.1,4900.45,4897.0,4899.9
15374,2024-04-03 10:48:00,4900.15,4901.0,4898.2,4900.0
15375,2024-04-03 10:49:00,4900.25,4901.6,4899.3,4901.3
15376,2024-04-03 10:50:00,4901.25,4901.3,4900.3,4900.9
15377,2024-04-03 10:51:00,4900.35,4901.0,4900.0,4900.6
15378,2024-04-03 10:52:00,4900.0,4900.55,4899.5,4900.2
15379,2024-04-03 10:53:00,4900.15,4906.25,4900.05,4900.9
15380,2024-04-03 10:54:00,4900.05,4901.0,4900.05,4900.9
15381,2024-04-03 10:55:00,4900.95,4904.7,4900.9,4904.65
15382,2024-04-03 10:56:00,4903.75,4903.75,4900.9,4901.0
15383,2024-04-03 10:57:00,4900.95,4903.9,4900.95,4901.4
15384,2024-04-03 10:58:00,4901.3,4903.9,4901.0,4901.1
15385,2024-04-03 10:59:00,4901.0,4903.0,4900.8,4900.8
15386,2024-04-03 11:00:00,4900.9,4903.9,4900.55,4902.05
15387,2024-04-03 11:01:00,4901.4,4902.6,4900.85,4901.2
15388,2024-04-03 11:02:00,4901.05,4901.25,4897.3,4900.0
15389,2024-04-03 11:03:00,4900.05,4901.0,4900.0,4900.0
15390,2024-04-03 11:04:00,4900.25,4903.55,4900.0,4902.25
15391,2024-04-03 11:05:00,4901.3,4903.9,4900.65,4903.9
15392,2024-04-03 11:06:00,4904.8,4911.85,4904.0,4908.6
15393,2024-04-03 11:07:00,4908.65,4909.15,4907.0,4907.0
15394,2024-04-03 11:08:00,4905.2,4906.2,4904.0,4906.05
15395,2024-04-03 11:09:00,4906.0,4914.0,4906.0,4912.65
15396,2024-04-03 11:10:00,4910.45,4915.0,4910.0,4912.05
15397,2024-04-03 11:11:00,4911.15,4914.75,4911.05,4912.85
15398,2024-04-03 11:12:00,4912.5,4913.35,4910.4,4911.9
15399,2024-04-03 11:13:00,4911.25,4914.75,4908.05,4908.75
15400,2024-04-03 11:14:00,4910.0,4911.15,4908.2,4908.8
15401,2024-04-03 11:15:00,4908.3,4914.0,4908.2,4913.95
15402,2024-04-03 11:16:00,4914.0,4917.1,4913.0,4916.55
15403,2024-04-03 11:17:00,4916.35,4921.0,4916.35,4918.95
15404,2024-04-03 11:18:00,4918.0,4922.0,4918.0,4920.8
15405,2024-04-03 11:19:00,4922.0,4924.5,4921.0,4924.35
15406,2024-04-03 11:20:00,4924.1,4927.85,4921.5,4925.55
15407,2024-04-03 11:21:00,4926.75,4928.0,4921.6,4926.8
15408,2024-04-03 11:22:00,4926.95,4929.0,4925.4,4927.4
15409,2024-04-03 11:23:00,4926.0,4929.45,4925.65,4926.4
15410,2024-04-03 11:24:00,4927.0,4929.0,4926.55,4928.9
15411,2024-04-03 11:25:00,4928.75,4931.0,4928.0,4929.1
15412,2024-04-03 11:26:00,4930.0,4933.0,4926.55,4927.9
15413,2024-04-03 11:27:00,4927.85,4929.0,4925.3,4925.4
15414,2024-04-03 11:28:00,4925.5,4926.75,4925.3,4926.0
15415,2024-04-03 11:29:00,4926.05,4926.75,4926.05,4926.35
15416,2024-04-03 11:30:00,4926.75,4932.0,4926.0,4932.0
15417,2024-04-03 11:31:00,4931.0,4932.0,4926.9,4926.9
15418,2024-04-03 11:32:00,4926.8,4931.75,4926.75,4931.0
15419,2024-04-03 11:33:00,4930.5,4930.7,4927.2,4930.05
15420,2024-04-03 11:34:00,4930.0,4930.05,4927.2,4927.25
15421,2024-04-03 11:35:00,4927.2,4929.55,4927.2,4928.95
15422,2024-04-03 11:36:00,4929.25,4930.05,4928.25,4929.45
15423,2024-04-03 11:37:00,4929.7,4930.0,4927.2,4927.2
15424,2024-04-03 11:38:00,4928.15,4929.95,4925.3,4926.2
15425,2024-04-03 11:39:00,4925.35,4926.9,4925.0,4925.0
15426,2024-04-03 11:40:00,4924.35,4924.35,4917.0,4917.15
15427,2024-04-03 11:41:00,4919.0,4919.2,4914.25,4914.25
15428,2024-04-03 11:42:00,4914.5,4914.5,4907.9,4910.7
15429,2024-04-03 11:43:00,4911.4,4915.0,4909.65,4912.9
15430,2024-04-03 11:44:00,4914.45,4914.45,4906.65,4906.65
15431,2024-04-03 11:45:00,4906.6,4911.2,4901.0,4908.3
15432,2024-04-03 11:46:00,4908.0,4913.65,4908.0,4912.0
15433,2024-04-03 11:47:00,4912.05,4915.0,4911.2,4912.0
15434,2024-04-03 11:48:00,4911.55,4912.8,4910.0,4911.05
15435,2024-04-03 11:49:00,4911.0,4914.75,4911.0,4913.55
15436,2024-04-03 11:50:00,4913.85,4915.95,4912.8,4913.85
15437,2024-04-03 11:51:00,4912.0,4915.05,4910.5,4913.9
15438,2024-04-03 11:52:00,4911.2,4915.0,4911.2,4913.65
15439,2024-04-03 11:53:00,4912.55,4914.65,4912.1,4912.65
15440,2024-04-03 11:54:00,4914.65,4914.65,4911.0,4912.0
15441,2024-04-03 11:55:00,4911.5,4911.6,4910.5,4910.5
15442,2024-04-03 11:56:00,4910.8,4913.5,4910.5,4910.55
15443,2024-04-03 11:57:00,4910.5,4914.45,4910.5,4910.75
15444,2024-04-03 11:58:00,4911.1,4913.5,4910.5,4910.5
15445,2024-04-03 11:59:00,4910.55,4913.7,4910.5,4911.05
15446,2024-04-03 12:00:00,4910.75,4912.9,4910.5,4911.2
15447,2024-04-03 12:01:00,4911.75,4913.95,4911.05,4911.75
15448,2024-04-03 12:02:00,4913.25,4913.85,4910.0,4910.0
15449,2024-04-03 12:03:00,4910.5,4910.5,4908.0,4908.45
15450,2024-04-03 12:04:00,4908.25,4910.0,4908.1,4908.5
15451,2024-04-03 12:05:00,4908.1,4910.0,4907.0,4908.45
15452,2024-04-03 12:06:00,4908.25,4909.95,4908.0,4908.25
15453,2024-04-03 12:07:00,4908.3,4909.9,4907.7,4908.35
15454,2024-04-03 12:08:00,4908.5,4912.0,4907.6,4910.5
15455,2024-04-03 12:09:00,4910.85,4912.4,4910.55,4912.25
15456,2024-04-03 12:10:00,4912.15,4916.3,4912.15,4915.0
15457,2024-04-03 12:11:00,4914.3,4915.0,4913.0,4913.0
15458,2024-04-03 12:12:00,4913.3,4914.9,4908.95,4911.05
15459,2024-04-03 12:13:00,4910.7,4911.05,4909.65,4909.7
15460,2024-04-03 12:14:00,4909.6,4909.8,4905.55,4907.45
15461,2024-04-03 12:15:00,4908.65,4912.45,4907.35,4910.15
15462,2024-04-03 12:16:00,4909.55,4911.85,4908.0,4908.15
15463,2024-04-03 12:17:00,4908.7,4912.0,4908.15,4909.15
15464,2024-04-03 12:18:00,4909.45,4911.8,4905.5,4905.5
15465,2024-04-03 12:19:00,4905.7,4907.65,4901.5,4904.05
15466,2024-04-03 12:20:00,4904.0,4906.0,4903.95,4905.0
15467,2024-04-03 12:21:00,4904.4,4906.0,4902.0,4902.0
15468,2024-04-03 12:22:00,4901.95,4903.45,4901.05,4902.0
15469,2024-04-03 12:23:00,4902.2,4903.2,4901.1,4902.0
15470,2024-04-03 12:24:00,4902.1,4902.3,4901.1,4901.15
15471,2024-04-03 12:25:00,4902.0,4903.75,4901.1,4901.2
15472,2024-04-03 12:26:00,4901.4,4904.0,4901.25,4901.5
15473,2024-04-03 12:27:00,4901.4,4906.55,4901.4,4902.25
15474,2024-04-03 12:28:00,4901.85,4902.75,4898.1,4898.3
15475,2024-04-03 12:29:00,4900.0,4902.45,4899.05,4900.75
15476,2024-04-03 12:30:00,4899.8,4901.0,4896.35,4896.35
15477,2024-04-03 12:31:00,4897.2,4901.95,4897.2,4900.0
15478,2024-04-03 12:32:00,4899.45,4902.0,4898.35,4899.1
15479,2024-04-03 12:33:00,4899.55,4900.0,4898.2,4900.0
15480,2024-04-03 12:34:00,4898.2,4900.0,4898.2,4898.3
15481,2024-04-03 12:35:00,4899.15,4901.85,4899.15,4900.75
15482,2024-04-03 12:36:00,4900.2,4901.0,4900.05,4900.2
15483,2024-04-03 12:37:00,4900.75,4902.0,4900.2,4901.0
15484,2024-04-03 12:38:00,4901.2,4902.0,4901.0,4901.6
15485,2024-04-03 12:39:00,4901.7,4901.85,4899.65,4900.0
15486,2024-04-03 12:40:00,4899.9,4900.75,4899.0,4899.85
15487,2024-04-03 12:41:00,4899.4,4901.0,4899.1,4900.0
15488,2024-04-03 12:42:00,4900.75,4901.0,4900.0,4900.2
15489,2024-04-03 12:43:00,4900.75,4901.0,4900.2,4901.0
15490,2024-04-03 12:44:00,4900.95,4902.0,4900.95,4901.3
15491,2024-04-03 12:45:00,4901.0,4902.0,4900.0,4900.75
15492,2024-04-03 12:46:00,4900.5,4903.5,4900.5,4902.9
15493,2024-04-03 12:47:00,4903.5,4903.5,4902.0,4902.05
15494,2024-04-03 12:48:00,4903.45,4903.5,4900.5,4900.5
15495,2024-04-03 12:49:00,4900.75,4901.0,4900.05,4900.1
15496,2024-04-03 12:50:00,4900.35,4901.0,4900.05,4900.9
15497,2024-04-03 12:51:00,4900.85,4903.0,4900.85,4903.0
15498,2024-04-03 12:52:00,4901.85,4902.7,4900.0,4900.0
15499,2024-04-03 12:53:00,4900.75,4900.75,4900.0,4900.0
15500,2024-04-03 12:54:00,4900.75,4900.75,4900.0,4900.7
15501,2024-04-03 12:55:00,4900.75,4900.75,4900.0,4900.0
15502,2024-04-03 12:56:00,4901.0,4901.0,4899.9,4900.0
15503,2024-04-03 12:57:00,4900.15,4900.75,4900.0,4900.5
15504,2024-04-03 12:58:00,4900.4,4900.75,4900.4,4900.4
15505,2024-04-03 12:59:00,4900.55,4900.75,4900.4,4900.4
15506,2024-04-03 13:00:00,4900.55,4900.55,4900.4,4900.4
15507,2024-04-03 13:01:00,4900.45,4900.75,4899.0,4900.05
15508,2024-04-03 13:02:00,4900.15,4901.0,4900.0,4900.1
15509,2024-04-03 13:03:00,4900.35,4900.65,4900.05,4900.05
15510,2024-04-03 13:04:00,4900.1,4901.0,4898.35,4900.05
15511,2024-04-03 13:05:00,4900.0,4900.15,4898.4,4899.15
15512,2024-04-03 13:06:00,4899.55,4900.0,4898.15,4898.3
15513,2024-04-03 13:07:00,4898.0,4900.35,4898.0,4900.0
15514,2024-04-03 13:08:00,4900.35,4900.35,4898.0,4898.0
15515,2024-04-03 13:09:00,4899.7,4899.8,4895.75,4897.45
15516,2024-04-03 13:10:00,4896.7,4899.55,4895.75,4897.35
15517,2024-04-03 13:11:00,4898.4,4899.0,4897.3,4898.0
15518,2024-04-03 13:12:00,4897.5,4899.0,4897.0,4897.05
15519,2024-04-03 13:13:00,4898.85,4899.0,4897.05,4898.1
15520,2024-04-03 13:14:00,4899.95,4899.95,4897.2,4897.25
15521,2024-04-03 13:15:00,4897.2,4898.0,4895.75,4895.75
15522,2024-04-03 13:16:00,4896.1,4896.15,4895.0,4895.6
15523,2024-04-03 13:17:00,4895.55,4899.95,4895.55,4899.3
15524,2024-04-03 13:18:00,4898.7,4899.5,4895.05,4896.0
15525,2024-04-03 13:19:00,4895.45,4899.2,4895.3,4898.0
15526,2024-04-03 13:20:00,4898.5,4898.6,4897.0,4897.0
15527,2024-04-03 13:21:00,4897.65,4897.65,4895.75,4895.75
15528,2024-04-03 13:22:00,4896.95,4899.65,4895.7,4897.5
15529,2024-04-03 13:23:00,4898.45,4899.95,4897.0,4897.1
15530,2024-04-03 13:24:00,4898.9,4899.7,4896.1,4896.35
15531,2024-04-03 13:25:00,4897.0,4898.0,4895.25,4897.05
15532,2024-04-03 13:26:00,4897.15,4899.8,4897.1,4898.1
15533,2024-04-03 13:27:00,4897.1,4900.0,4897.1,4898.0
15534,2024-04-03 13:28:00,4899.65,4899.85,4897.0,4897.2
15535,2024-04-03 13:29:00,4898.35,4899.75,4897.1,4898.0
15536,2024-04-03 13:30:00,4899.7,4899.7,4897.1,4897.25
15537,2024-04-03 13:31:00,4897.4,4899.0,4897.0,4897.0
15538,2024-04-03 13:32:00,4898.6,4899.0,4897.0,4899.0
15539,2024-04-03 13:33:00,4898.0,4899.0,4898.0,4898.0
15540,2024-04-03 13:34:00,4898.3,4898.5,4897.0,4898.2
15541,2024-04-03 13:35:00,4897.65,4898.95,4897.0,4897.1
15542,2024-04-03 13:36:00,4897.0,4898.0,4896.0,4897.05
15543,2024-04-03 13:37:00,4899.85,4899.85,4897.05,4899.3
15544,2024-04-03 13:38:00,4898.0,4900.0,4898.0,4899.4
15545,2024-04-03 13:39:00,4899.3,4901.0,4899.0,4900.0
15546,2024-04-03 13:40:00,4900.75,4900.75,4898.0,4900.0
15547,2024-04-03 13:41:00,4899.0,4900.0,4898.0,4899.95
15548,2024-04-03 13:42:00,4898.0,4900.0,4897.7,4898.05
15549,2024-04-03 13:43:00,4898.15,4900.0,4897.15,4899.95
15550,2024-04-03 13:44:00,4898.0,4900.0,4897.1,4897.4
15551,2024-04-03 13:45:00,4897.75,4900.0,4897.55,4899.75
15552,2024-04-03 13:46:00,4898.0,4900.0,4897.6,4899.55
15553,2024-04-03 13:47:00,4899.45,4900.0,4897.7,4898.85
15554,2024-04-03 13:48:00,4898.8,4900.0,4897.55,4900.0
15555,2024-04-03 13:49:00,4899.3,4900.0,4897.6,4899.05
15556,2024-04-03 13:50:00,4899.45,4900.75,4897.95,4900.4
15557,2024-04-03 13:51:00,4900.0,4900.75,4900.0,4900.0
15558,2024-04-03 13:52:00,4900.35,4901.05,4900.0,4900.05
15559,2024-04-03 13:53:00,4900.0,4900.75,4900.0,4900.3
15560,2024-04-03 13:54:00,4900.05,4901.0,4898.2,4898.2
15561,2024-04-03 13:55:00,4899.95,4899.95,4898.0,4898.65
15562,2024-04-03 13:56:00,4899.2,4899.7,4898.0,4898.15
15563,2024-04-03 13:57:00,4898.95,4899.7,4898.15,4899.15
15564,2024-04-03 13:58:00,4898.05,4900.0,4897.1,4897.1
15565,2024-04-03 13:59:00,4897.9,4898.85,4891.05,4894.6
15566,2024-04-03 14:00:00,4894.8,4894.9,4888.5,4889.0
15567,2024-04-03 14:01:00,4888.15,4888.15,4885.0,4886.5
15568,2024-04-03 14:02:00,4887.65,4888.9,4886.0,4887.0
15569,2024-04-03 14:03:00,4888.0,4888.85,4885.5,4885.5
15570,2024-04-03 14:04:00,4886.1,4890.0,4886.0,4886.25
15571,2024-04-03 14:05:00,4886.3,4887.95,4886.0,4886.0
15572,2024-04-03 14:06:00,4887.9,4887.95,4886.0,4886.0
15573,2024-04-03 14:07:00,4886.05,4886.95,4886.0,4886.45
15574,2024-04-03 14:08:00,4886.95,4889.9,4886.45,4887.15
15575,2024-04-03 14:09:00,4887.05,4889.9,4887.05,4887.3
15576,2024-04-03 14:10:00,4889.65,4890.1,4887.0,4888.1
15577,2024-04-03 14:11:00,4889.95,4890.9,4888.05,4888.85
15578,2024-04-03 14:12:00,4890.0,4891.7,4888.3,4891.1
15579,2024-04-03 14:13:00,4892.0,4892.0,4888.7,4890.85
15580,2024-04-03 14:14:00,4891.0,4891.95,4890.0,4890.05
15581,2024-04-03 14:15:00,4891.9,4892.0,4888.5,4891.5
15582,2024-04-03 14:16:00,4890.8,4891.9,4890.0,4890.0
15583,2024-04-03 14:17:00,4890.35,4891.6,4889.05,4889.05
15584,2024-04-03 14:18:00,4890.0,4890.95,4888.15,4889.05
15585,2024-04-03 14:19:00,4888.9,4890.0,4888.15,4889.4
15586,2024-04-03 14:20:00,4890.0,4890.0,4888.0,4888.0
15587,2024-04-03 14:21:00,4889.9,4891.0,4888.0,4890.0
15588,2024-04-03 14:22:00,4888.1,4890.0,4887.1,4887.9
15589,2024-04-03 14:23:00,4887.1,4889.95,4886.4,4888.55
15590,2024-04-03 14:24:00,4889.3,4890.0,4888.0,4888.0
15591,2024-04-03 14:25:00,4889.9,4890.0,4887.0,4888.4
15592,2024-04-03 14:26:00,4886.55,4888.15,4885.0,4886.0
15593,2024-04-03 14:27:00,4886.5,4887.9,4879.1,4879.15
15594,2024-04-03 14:28:00,4880.0,4880.0,4878.25,4879.3
15595,2024-04-03 14:29:00,4880.0,4882.2,4879.0,4881.0
15596,2024-04-03 14:30:00,4881.55,4883.0,4879.5,4880.2
15597,2024-04-03 14:31:00,4881.0,4881.15,4879.0,4879.1
15598,2024-04-03 14:32:00,4878.0,4880.95,4877.7,4879.0
15599,2024-04-03 14:33:00,4879.35,4881.0,4878.15,4879.0
15600,2024-04-03 14:34:00,4879.05,4880.0,4879.0,4879.2
15601,2024-04-03 14:35:00,4880.85,4880.85,4879.0,4879.2
15602,2024-04-03 14:36:00,4879.3,4881.55,4878.3,4879.4
15603,2024-04-03 14:37:00,4878.3,4880.0,4878.3,4879.9
15604,2024-04-03 14:38:00,4879.7,4880.0,4877.2,4878.2
15605,2024-04-03 14:39:00,4878.35,4879.35,4877.15,4879.1
15606,2024-04-03 14:40:00,4878.5,4880.0,4878.5,4879.2
15607,2024-04-03 14:41:00,4878.8,4879.3,4876.65,4876.85
15608,2024-04-03 14:42:00,4878.75,4879.05,4876.65,4876.9
15609,2024-04-03 14:43:00,4876.75,4877.95,4876.0,4876.0
15610,2024-04-03 14:44:00,4876.3,4877.8,4876.0,4876.1
15611,2024-04-03 14:45:00,4876.45,4877.7,4875.05,4875.9
15612,2024-04-03 14:46:00,4876.2,4878.5,4875.2,4876.2
15613,2024-04-03 14:47:00,4876.95,4878.5,4875.05,4876.15
15614,2024-04-03 14:48:00,4876.0,4878.5,4875.05,4876.05
15615,2024-04-03 14:49:00,4875.05,4877.75,4875.0,4876.2
15616,2024-04-03 14:50:00,4875.05,4876.05,4875.0,4875.75
15617,2024-04-03 14:51:00,4875.0,4876.75,4875.0,4875.0
15618,2024-04-03 14:52:00,4875.4,4877.0,4874.0,4877.0
15619,2024-04-03 14:53:00,4876.55,4878.75,4876.55,4878.7
15620,2024-04-03 14:54:00,4877.0,4878.5,4875.3,4878.45
15621,2024-04-03 14:55:00,4878.4,4878.45,4875.75,4876.15
15622,2024-04-03 14:56:00,4877.0,4877.0,4875.0,4875.0
15623,2024-04-03 14:57:00,4875.25,4875.25,4873.6,4873.9
15624,2024-04-03 14:58:00,4873.55,4873.7,4870.2,4872.1
15625,2024-04-03 14:59:00,4871.05,4877.0,4871.05,4875.1
15626,2024-04-03 15:00:00,4875.9,4877.0,4873.0,4873.3
15627,2024-04-03 15:01:00,4873.25,4876.45,4870.0,4870.0
15628,2024-04-03 15:02:00,4871.0,4872.9,4870.1,4870.55
15629,2024-04-03 15:03:00,4870.95,4874.2,4870.95,4873.05
15630,2024-04-03 15:04:00,4872.95,4873.6,4870.0,4873.6
15631,2024-04-03 15:05:00,4873.4,4873.6,4870.05,4870.95
15632,2024-04-03 15:06:00,4872.55,4873.4,4870.0,4871.65
15633,2024-04-03 15:07:00,4871.1,4873.25,4870.95,4871.5
15634,2024-04-03 15:08:00,4871.6,4872.0,4870.0,4870.8
15635,2024-04-03 15:09:00,4870.5,4874.9,4870.0,4874.85
15636,2024-04-03 15:10:00,4875.65,4875.65,4871.1,4871.75
15637,2024-04-03 15:11:00,4871.65,4871.65,4869.5,4869.95
15638,2024-04-03 15:12:00,4869.7,4875.25,4869.0,4871.25
15639,2024-04-03 15:13:00,4871.3,4871.4,4869.0,4869.25
15640,2024-04-03 15:14:00,4870.0,4870.0,4869.05,4869.65
15641,2024-04-03 15:15:00,4869.9,4870.0,4868.0,4870.0
15642,2024-04-03 15:16:00,4869.05,4870.0,4869.05,4869.7
15643,2024-04-03 15:17:00,4869.65,4870.0,4868.75,4868.75
15644,2024-04-03 15:18:00,4869.15,4870.0,4867.6,4869.4
15645,2024-04-03 15:19:00,4869.95,4869.95,4868.15,4868.8
15646,2024-04-03 15:20:00,4868.85,4869.9,4867.3,4867.4
15647,2024-04-03 15:21:00,4868.0,4868.0,4866.35,4866.6
15648,2024-04-03 15:22:00,4866.4,4866.6,4865.1,4865.8
15649,2024-04-03 15:23:00,4865.85,4867.0,4865.8,4866.0
15650,2024-04-03 15:24:00,4865.8,4866.0,4864.25,4865.0
15651,2024-04-03 15:25:00,4864.65,4865.0,4864.15,4864.65
15652,2024-04-03 15:26:00,4864.75,4866.0,4864.15,4866.0
15653,2024-04-03 15:27:00,4865.5,4870.0,4865.05,4868.9
15654,2024-04-03 15:28:00,4865.1,4868.9,4865.1,4868.75
15655,2024-04-03 15:29:00,4869.5,4874.0,4866.0,4871.25
15656,2024-04-04 09:14:00,4901.95,4901.95,4901.95,4901.95
15657,2024-04-04 09:15:00,4900.15,4907.95,4891.05,4899.25
15658,2024-04-04 09:16:00,4892.2,4906.2,4892.2,4901.55
15659,2024-04-04 09:17:00,4899.0,4900.5,4893.2,4896.05
15660,2024-04-04 09:18:00,4896.55,4900.45,4892.0,4892.15
15661,2024-04-04 09:19:00,4892.1,4895.0,4887.0,4894.05
15662,2024-04-04 09:20:00,4894.0,4896.6,4889.05,4889.05
15663,2024-04-04 09:21:00,4887.1,4891.8,4887.1,4890.0
15664,2024-04-04 09:22:00,4889.85,4892.8,4888.05,4888.5
15665,2024-04-04 09:23:00,4890.0,4893.5,4887.0,4888.3
15666,2024-04-04 09:24:00,4890.6,4895.15,4888.85,4894.9
15667,2024-04-04 09:25:00,4892.6,4895.4,4891.4,4892.15
15668,2024-04-04 09:26:00,4894.3,4896.15,4891.6,4891.6
15669,2024-04-04 09:27:00,4891.65,4895.9,4891.6,4893.6
15670,2024-04-04 09:28:00,4895.45,4897.1,4892.0,4893.0
15671,2024-04-04 09:29:00,4893.6,4902.45,4892.2,4895.4
15672,2024-04-04 09:30:00,4892.05,4897.95,4890.1,4890.1
15673,2024-04-04 09:31:00,4888.9,4888.9,4877.7,4882.95
15674,2024-04-04 09:32:00,4884.7,4890.0,4882.45,4884.45
15675,2024-04-04 09:33:00,4883.95,4889.95,4883.35,4887.65
15676,2024-04-04 09:34:00,4887.7,4889.95,4886.45,4886.45
15677,2024-04-04 09:35:00,4888.6,4889.05,4884.0,4884.2
15678,2024-04-04 09:36:00,4886.65,4889.3,4884.15,4885.3
15679,2024-04-04 09:37:00,4885.55,4889.55,4885.3,4887.1
15680,2024-04-04 09:38:00,4887.05,4888.95,4885.3,4885.5
15681,2024-04-04 09:39:00,4885.9,4887.6,4884.0,4886.85
15682,2024-04-04 09:40:00,4886.8,4890.25,4883.0,4883.0
15683,2024-04-04 09:41:00,4882.15,4885.15,4880.25,4883.25
15684,2024-04-04 09:42:00,4881.4,4884.95,4881.0,4883.0
15685,2024-04-04 09:43:00,4884.6,4886.1,4881.15,4885.05
15686,2024-04-04 09:44:00,4884.1,4884.5,4877.0,4877.4
15687,2024-04-04 09:45:00,4879.8,4883.95,4875.25,4883.0
15688,2024-04-04 09:46:00,4883.65,4884.0,4877.0,4877.0
15689,2024-04-04 09:47:00,4879.8,4882.7,4877.0,4879.45
15690,2024-04-04 09:48:00,4878.15,4880.0,4873.0,4873.55
15691,2024-04-04 09:49:00,4873.2,4878.65,4873.2,4875.0
15692,2024-04-04 09:50:00,4876.6,4877.0,4873.1,4877.0
15693,2024-04-04 09:51:00,4874.55,4879.95,4874.0,4876.0
15694,2024-04-04 09:52:00,4876.05,4885.5,4873.55,4878.95
15695,2024-04-04 09:53:00,4880.15,4880.7,4873.1,4873.85
15696,2024-04-04 09:54:00,4874.8,4874.95,4867.0,4867.45
15697,2024-04-04 09:55:00,4867.4,4872.25,4866.5,4867.4
15698,2024-04-04 09:56:00,4868.95,4875.7,4866.1,4871.0
15699,2024-04-04 09:57:00,4873.55,4880.2,4873.55,4877.0
15700,2024-04-04 09:58:00,4876.15,4876.15,4871.2,4871.25
15701,2024-04-04 09:59:00,4871.35,4873.85,4871.2,4871.75
15702,2024-04-04 10:00:00,4871.95,4874.85,4871.25,4872.8
15703,2024-04-04 10:01:00,4874.8,4874.8,4872.0,4872.0
15704,2024-04-04 10:02:00,4871.95,4876.05,4870.6,4872.95
15705,2024-04-04 10:03:00,4873.0,4875.5,4872.05,4874.3
15706,2024-04-04 10:04:00,4874.35,4874.35,4871.65,4872.0
15707,2024-04-04 10:05:00,4873.35,4875.3,4872.55,4872.55
15708,2024-04-04 10:06:00,4872.05,4878.15,4872.05,4878.15
15709,2024-04-04 10:07:00,4876.2,4878.3,4874.0,4874.35
15710,2024-04-04 10:08:00,4874.3,4876.9,4872.7,4875.0
15711,2024-04-04 10:09:00,4874.55,4877.3,4874.25,4877.15
15712,2024-04-04 10:10:00,4875.25,4877.35,4874.6,4876.8
15713,2024-04-04 10:11:00,4877.0,4877.6,4873.0,4874.0
15714,2024-04-04 10:12:00,4874.15,4879.85,4874.0,4879.85
15715,2024-04-04 10:13:00,4878.0,4880.0,4872.0,4872.55
15716,2024-04-04 10:14:00,4872.3,4874.95,4872.0,4872.0
15717,2024-04-04 10:15:00,4873.1,4873.2,4870.1,4870.6
15718,2024-04-04 10:16:00,4871.0,4877.65,4871.0,4876.8
15719,2024-04-04 10:17:00,4877.6,4882.0,4875.55,4879.65
15720,2024-04-04 10:18:00,4880.15,4895.5,4880.15,4893.0
15721,2024-04-04 10:19:00,4892.95,4896.0,4892.0,4892.7
15722,2024-04-04 10:20:00,4894.75,4894.75,4888.45,4891.05
15723,2024-04-04 10:21:00,4893.2,4894.0,4888.9,4891.6
15724,2024-04-04 10:22:00,4891.65,4898.0,4891.55,4891.55
15725,2024-04-04 10:23:00,4891.15,4896.0,4891.1,4893.05
15726,2024-04-04 10:24:00,4892.65,4895.25,4891.1,4891.2
15727,2024-04-04 10:25:00,4892.85,4892.85,4886.6,4887.45
15728,2024-04-04 10:26:00,4887.55,4891.55,4886.2,4888.9
15729,2024-04-04 10:27:00,4889.5,4897.1,4889.5,4892.85
15730,2024-04-04 10:28:00,4893.95,4894.05,4889.9,4890.15
15731,2024-04-04 10:29:00,4891.95,4894.95,4888.95,4889.8
15732,2024-04-04 10:30:00,4889.0,4893.8,4889.0,4891.35
15733,2024-04-04 10:31:00,4892.0,4894.0,4891.35,4892.35
15734,2024-04-04 10:32:00,4892.1,4893.85,4891.35,4892.0
15735,2024-04-04 10:33:00,4893.65,4894.0,4891.65,4892.05
15736,2024-04-04 10:34:00,4893.0,4894.0,4892.15,4893.05
15737,2024-04-04 10:35:00,4893.0,4894.0,4891.7,4892.95
15738,2024-04-04 10:36:00,4892.9,4894.0,4890.0,4890.0
15739,2024-04-04 10:37:00,4896.95,4896.95,4891.1,4892.0
15740,2024-04-04 10:38:00,4891.8,4895.1,4891.8,4893.7
15741,2024-04-04 10:39:00,4898.0,4905.0,4894.0,4898.65
15742,2024-04-04 10:40:00,4899.1,4902.6,4898.05,4899.95
15743,2024-04-04 10:41:00,4901.95,4903.3,4899.05,4901.75
15744,2024-04-04 10:42:00,4901.1,4908.7,4899.7,4900.0
15745,2024-04-04 10:43:00,4902.35,4907.15,4899.85,4900.0
15746,2024-04-04 10:44:00,4899.9,4910.0,4899.85,4904.35
15747,2024-04-04 10:45:00,4905.15,4907.6,4903.55,4904.5
15748,2024-04-04 10:46:00,4904.85,4906.6,4903.65,4904.35
15749,2024-04-04 10:47:00,4905.0,4905.0,4903.6,4904.6
15750,2024-04-04 10:48:00,4905.0,4905.0,4899.0,4900.1
15751,2024-04-04 10:49:00,4900.8,4904.25,4898.0,4899.5
15752,2024-04-04 10:50:00,4899.6,4900.85,4896.0,4896.0
15753,2024-04-04 10:51:00,4897.25,4899.9,4894.6,4894.95
15754,2024-04-04 10:52:00,4895.0,4897.3,4882.1,4882.85
15755,2024-04-04 10:53:00,4882.65,4884.2,4877.05,4877.1
15756,2024-04-04 10:54:00,4877.05,4882.5,4877.05,4878.15
15757,2024-04-04 10:55:00,4880.0,4887.5,4878.05,4884.95
15758,2024-04-04 10:56:00,4882.5,4887.1,4881.7,4885.9
15759,2024-04-04 10:57:00,4885.0,4887.9,4884.1,4887.9
15760,2024-04-04 10:58:00,4890.95,4890.95,4882.85,4882.85
15761,2024-04-04 10:59:00,4882.8,4884.35,4880.6,4883.25
15762,2024-04-04 11:00:00,4881.2,4885.0,4881.05,4885.0
15763,2024-04-04 11:01:00,4883.8,4887.65,4882.6,4887.65
15764,2024-04-04 11:02:00,4887.6,4888.3,4882.75,4882.8
15765,2024-04-04 11:03:00,4882.85,4885.0,4882.05,4882.85
15766,2024-04-04 11:04:00,4883.7,4885.0,4881.55,4881.85
15767,2024-04-04 11:05:00,4881.65,4883.0,4881.5,4883.0
15768,2024-04-04 11:06:00,4885.0,4885.0,4882.35,4884.5
15769,2024-04-04 11:07:00,4883.05,4888.15,4883.0,4886.1
15770,2024-04-04 11:08:00,4886.0,4888.8,4885.5,4887.25
15771,2024-04-04 11:09:00,4888.65,4889.75,4886.25,4888.1
15772,2024-04-04 11:10:00,4888.25,4889.85,4881.4,4882.7
15773,2024-04-04 11:11:00,4883.2,4884.35,4879.25,4879.25
15774,2024-04-04 11:12:00,4879.4,4882.4,4878.55,4879.85
15775,2024-04-04 11:13:00,4879.9,4883.0,4879.9,4883.0
15776,2024-04-04 11:14:00,4882.1,4887.8,4881.6,4884.45
15777,2024-04-04 11:15:00,4885.0,4888.15,4881.15,4881.85
15778,2024-04-04 11:16:00,4882.6,4885.0,4881.75,4883.7
15779,2024-04-04 11:17:00,4883.65,4886.95,4881.4,4885.5
15780,2024-04-04 11:18:00,4886.75,4887.65,4884.95,4887.65
15781,2024-04-04 11:19:00,4886.9,4890.9,4885.0,4885.5
15782,2024-04-04 11:20:00,4885.2,4889.8,4884.95,4887.7
15783,2024-04-04 11:21:00,4888.05,4888.7,4885.1,4885.6
15784,2024-04-04 11:22:00,4886.05,4890.0,4886.05,4887.1
15785,2024-04-04 11:23:00,4887.0,4888.55,4885.0,4885.4
15786,2024-04-04 11:24:00,4886.65,4887.35,4885.0,4885.05
15787,2024-04-04 11:25:00,4885.0,4885.0,4882.55,4883.9
15788,2024-04-04 11:26:00,4885.0,4885.0,4880.4,4881.25
15789,2024-04-04 11:27:00,4881.35,4884.35,4880.4,4882.45
15790,2024-04-04 11:28:00,4882.4,4886.6,4880.4,4883.3
15791,2024-04-04 11:29:00,4882.0,4883.65,4880.4,4880.7
15792,2024-04-04 11:30:00,4881.0,4883.9,4880.4,4881.0
15793,2024-04-04 11:31:00,4881.6,4883.85,4880.4,4881.75
15794,2024-04-04 11:32:00,4881.0,4883.5,4878.05,4878.1
15795,2024-04-04 11:33:00,4879.2,4881.55,4875.0,4875.45
15796,2024-04-04 11:34:00,4875.05,4876.8,4871.5,4873.3
15797,2024-04-04 11:35:00,4874.3,4877.3,4871.5,4876.0
15798,2024-04-04 11:36:00,4874.1,4878.1,4873.8,4875.0
15799,2024-04-04 11:37:00,4875.15,4875.15,4873.0,4873.7
15800,2024-04-04 11:38:00,4874.0,4877.8,4873.0,4876.05
15801,2024-04-04 11:39:00,4877.1,4877.1,4874.0,4875.05
15802,2024-04-04 11:40:00,4876.0,4878.35,4873.0,4873.05
15803,2024-04-04 11:41:00,4873.35,4876.05,4872.0,4872.8
15804,2024-04-04 11:42:00,4873.1,4876.8,4872.45,4876.8
15805,2024-04-04 11:43:00,4876.75,4877.6,4875.05,4875.3
15806,2024-04-04 11:44:00,4875.15,4877.35,4873.15,4875.0
15807,2024-04-04 11:45:00,4875.45,4876.85,4874.0,4875.2
15808,2024-04-04 11:46:00,4875.35,4875.75,4873.15,4873.8
15809,2024-04-04 11:47:00,4873.25,4875.85,4873.2,4873.65
15810,2024-04-04 11:48:00,4874.35,4879.35,4874.35,4876.75
15811,2024-04-04 11:49:00,4876.35,4882.45,4875.1,4879.1
15812,2024-04-04 11:50:00,4879.2,4881.0,4876.3,4876.75
15813,2024-04-04 11:51:00,4876.8,4878.8,4875.0,4875.05
15814,2024-04-04 11:52:00,4875.0,4876.45,4872.25,4872.3
15815,2024-04-04 11:53:00,4873.5,4875.2,4872.0,4872.0
15816,2024-04-04 11:54:00,4872.1,4875.05,4871.8,4873.85
15817,2024-04-04 11:55:00,4873.55,4874.1,4870.35,4870.35
15818,2024-04-04 11:56:00,4870.2,4875.05,4870.0,4874.15
15819,2024-04-04 11:57:00,4872.45,4873.3,4869.95,4870.0
15820,2024-04-04 11:58:00,4869.65,4871.5,4869.05,4871.5
15821,2024-04-04 11:59:00,4872.75,4872.75,4868.5,4870.0
15822,2024-04-04 12:00:00,4869.95,4870.05,4868.5,4868.65
15823,2024-04-04 12:01:00,4868.5,4870.0,4868.0,4870.0
15824,2024-04-04 12:02:00,4868.9,4870.0,4868.15,4869.3
15825,2024-04-04 12:03:00,4869.25,4870.0,4868.35,4868.55
15826,2024-04-04 12:04:00,4868.5,4872.05,4868.35,4868.8
15827,2024-04-04 12:05:00,4869.95,4872.0,4868.25,4870.3
15828,2024-04-04 12:06:00,4870.95,4872.05,4868.25,4870.95
15829,2024-04-04 12:07:00,4870.0,4871.9,4869.95,4870.05
15830,2024-04-04 12:08:00,4871.95,4871.95,4870.0,4870.0
15831,2024-04-04 12:09:00,4870.05,4872.0,4869.0,4869.6
15832,2024-04-04 12:10:00,4869.65,4870.0,4869.5,4869.85
15833,2024-04-04 12:11:00,4869.75,4875.0,4869.65,4871.7
15834,2024-04-04 12:12:00,4872.05,4875.95,4870.4,4871.7
15835,2024-04-04 12:13:00,4871.55,4879.05,4869.85,4870.7
15836,2024-04-04 12:14:00,4870.65,4875.45,4869.1,4874.9
15837,2024-04-04 12:15:00,4873.65,4879.4,4873.65,4876.9
15838,2024-04-04 12:16:00,4875.0,4876.2,4870.25,4874.5
15839,2024-04-04 12:17:00,4874.55,4874.55,4870.55,4873.65
15840,2024-04-04 12:18:00,4872.25,4876.0,4870.55,4871.3
15841,2024-04-04 12:19:00,4872.0,4877.0,4870.5,4876.05
15842,2024-04-04 12:20:00,4875.15,4878.7,4872.4,4876.65
15843,2024-04-04 12:21:00,4878.65,4879.0,4873.0,4877.65
15844,2024-04-04 12:22:00,4876.6,4879.95,4875.25,4877.1
15845,2024-04-04 12:23:00,4877.05,4879.95,4875.0,4877.35
15846,2024-04-04 12:24:00,4876.1,4876.7,4875.0,4875.9
15847,2024-04-04 12:25:00,4876.0,4876.6,4875.0,4875.05
15848,2024-04-04 12:26:00,4875.0,4877.95,4871.0,4872.65
15849,2024-04-04 12:27:00,4872.2,4876.6,4871.55,4876.05
15850,2024-04-04 12:28:00,4875.3,4876.9,4871.6,4876.9
15851,2024-04-04 12:29:00,4876.5,4876.6,4872.05,4874.05
15852,2024-04-04 12:30:00,4875.75,4877.8,4873.75,4877.65
15853,2024-04-04 12:31:00,4876.6,4880.0,4875.15,4876.35
15854,2024-04-04 12:32:00,4876.25,4882.0,4875.7,4879.2
15855,2024-04-04 12:33:00,4879.15,4885.0,4877.95,4880.3
15856,2024-04-04 12:34:00,4880.05,4880.55,4876.0,4877.05
15857,2024-04-04 12:35:00,4879.0,4880.55,4877.2,4879.3
15858,2024-04-04 12:36:00,4880.15,4886.55,4880.15,4884.65
15859,2024-04-04 12:37:00,4884.6,4886.0,4882.35,4885.45
15860,2024-04-04 12:38:00,4885.95,4886.0,4882.15,4884.9
15861,2024-04-04 12:39:00,4883.5,4884.0,4881.65,4882.7
15862,2024-04-04 12:40:00,4882.9,4885.0,4881.35,4884.25
15863,2024-04-04 12:41:00,4884.8,4885.95,4882.05,4884.2
15864,2024-04-04 12:42:00,4885.05,4888.0,4884.0,4888.0
15865,2024-04-04 12:43:00,4887.9,4894.8,4887.1,4892.4
15866,2024-04-04 12:44:00,4893.35,4894.0,4886.4,4890.65
15867,2024-04-04 12:45:00,4889.4,4894.0,4889.4,4893.7
15868,2024-04-04 12:46:00,4893.65,4896.5,4890.8,4895.95
15869,2024-04-04 12:47:00,4895.45,4895.45,4891.05,4891.5
15870,2024-04-04 12:48:00,4891.65,4894.4,4890.0,4890.3
15871,2024-04-04 12:49:00,4891.5,4894.0,4890.0,4891.15
15872,2024-04-04 12:50:00,4891.05,4892.0,4889.05,4891.05
15873,2024-04-04 12:51:00,4891.0,4894.0,4889.15,4893.65
15874,2024-04-04 12:52:00,4892.8,4898.7,4892.1,4896.0
15875,2024-04-04 12:53:00,4897.7,4899.0,4896.0,4896.35
15876,2024-04-04 12:54:00,4896.1,4900.0,4896.1,4898.45
15877,2024-04-04 12:55:00,4898.9,4899.0,4895.35,4897.25
15878,2024-04-04 12:56:00,4897.35,4899.0,4893.05,4895.45
15879,2024-04-04 12:57:00,4896.1,4898.0,4891.55,4891.55
15880,2024-04-04 12:58:00,4891.3,4895.9,4889.95,4891.45
15881,2024-04-04 12:59:00,4891.0,4891.85,4885.0,4887.55
15882,2024-04-04 13:00:00,4888.0,4893.0,4885.85,4889.95
15883,2024-04-04 13:01:00,4888.65,4893.0,4887.3,4889.15
15884,2024-04-04 13:02:00,4888.1,4890.9,4885.8,4887.35
15885,2024-04-04 13:03:00,4886.05,4890.0,4883.25,4883.25
15886,2024-04-04 13:04:00,4883.1,4888.85,4883.05,4885.9
15887,2024-04-04 13:05:00,4885.8,4890.95,4885.0,4889.6
15888,2024-04-04 13:06:00,4890.95,4892.5,4889.7,4891.75
15889,2024-04-04 13:07:00,4892.25,4896.25,4891.0,4893.5
15890,2024-04-04 13:08:00,4892.05,4893.85,4890.0,4890.0
15891,2024-04-04 13:09:00,4891.3,4893.85,4888.35,4892.75
15892,2024-04-04 13:10:00,4893.85,4895.0,4888.95,4892.65
15893,2024-04-04 13:11:00,4893.45,4893.75,4890.05,4890.2
15894,2024-04-04 13:12:00,4890.15,4892.1,4889.0,4890.3
15895,2024-04-04 13:13:00,4889.65,4892.0,4888.1,4891.4
15896,2024-04-04 13:14:00,4891.15,4893.9,4888.45,4893.8
15897,2024-04-04 13:15:00,4892.6,4894.0,4890.6,4893.95
15898,2024-04-04 13:16:00,4893.85,4894.0,4888.0,4890.95
15899,2024-04-04 13:17:00,4889.25,4892.65,4885.85,4888.7
15900,2024-04-04 13:18:00,4888.15,4892.4,4887.1,4892.4
15901,2024-04-04 13:19:00,4891.1,4892.8,4888.0,4890.5
15902,2024-04-04 13:20:00,4889.25,4889.8,4885.75,4889.35
15903,2024-04-04 13:21:00,4886.8,4890.0,4885.0,4889.05
15904,2024-04-04 13:22:00,4888.55,4894.05,4887.1,4894.0
15905,2024-04-04 13:23:00,4895.0,4895.0,4890.85,4892.8
15906,2024-04-04 13:24:00,4892.95,4896.65,4892.4,4893.8
15907,2024-04-04 13:25:00,4896.0,4896.0,4893.75,4894.85
15908,2024-04-04 13:26:00,4894.5,4899.0,4894.5,4895.65
15909,2024-04-04 13:27:00,4898.55,4904.2,4896.1,4902.15
15910,2024-04-04 13:28:00,4902.0,4903.75,4900.1,4900.75
15911,2024-04-04 13:29:00,4901.55,4904.0,4898.55,4899.9
15912,2024-04-04 13:30:00,4899.35,4901.6,4896.55,4898.05
15913,2024-04-04 13:31:00,4896.95,4900.7,4892.15,4899.0
15914,2024-04-04 13:32:00,4898.1,4904.0,4897.9,4899.0
15915,2024-04-04 13:33:00,4899.15,4904.0,4899.0,4900.05
15916,2024-04-04 13:34:00,4901.9,4902.8,4897.25,4899.8
15917,2024-04-04 13:35:00,4900.95,4904.2,4899.8,4903.85
15918,2024-04-04 13:36:00,4902.65,4906.35,4898.95,4901.95
15919,2024-04-04 13:37:00,4901.35,4906.7,4900.65,4903.65
15920,2024-04-04 13:38:00,4902.65,4905.0,4902.4,4902.75
15921,2024-04-04 13:39:00,4902.3,4905.0,4900.55,4904.35
15922,2024-04-04 13:40:00,4903.1,4904.3,4900.4,4902.2
15923,2024-04-04 13:41:00,4903.0,4903.0,4898.25,4899.0
15924,2024-04-04 13:42:00,4898.2,4904.2,4898.05,4901.3
15925,2024-04-04 13:43:00,4901.1,4905.0,4901.0,4903.65
15926,2024-04-04 13:44:00,4904.9,4906.9,4902.6,4903.95
15927,2024-04-04 13:45:00,4906.55,4906.55,4899.6,4899.6
15928,2024-04-04 13:46:00,4899.7,4902.25,4898.6,4900.05
15929,2024-04-04 13:47:00,4900.15,4903.25,4900.05,4902.0
15930,2024-04-04 13:48:00,4901.95,4902.65,4900.45,4901.25
15931,2024-04-04 13:49:00,4901.4,4905.15,4901.2,4902.9
15932,2024-04-04 13:50:00,4902.05,4904.75,4901.55,4904.45
15933,2024-04-04 13:51:00,4905.0,4906.0,4903.2,4904.3
15934,2024-04-04 13:52:00,4903.75,4906.35,4903.2,4904.4
15935,2024-04-04 13:53:00,4906.0,4906.0,4903.55,4905.7
15936,2024-04-04 13:54:00,4905.45,4908.6,4904.8,4907.0
15937,2024-04-04 13:55:00,4905.65,4908.35,4905.45,4908.0
15938,2024-04-04 13:56:00,4907.4,4907.4,4906.0,4906.3
15939,2024-04-04 13:57:00,4906.5,4908.0,4905.65,4906.95
15940,2024-04-04 13:58:00,4906.9,4908.6,4906.0,4907.95
15941,2024-04-04 13:59:00,4908.0,4908.6,4905.1,4905.6
15942,2024-04-04 14:00:00,4907.5,4907.85,4904.75,4904.8
15943,2024-04-04 14:01:00,4906.65,4908.35,4904.75,4908.35
15944,2024-04-04 14:02:00,4908.0,4908.6,4905.25,4908.0
15945,2024-04-04 14:03:00,4906.6,4908.6,4906.6,4908.3
15946,2024-04-04 14:04:00,4908.25,4908.6,4906.1,4908.35
15947,2024-04-04 14:05:00,4908.55,4909.9,4906.4,4909.9
15948,2024-04-04 14:06:00,4909.95,4912.0,4909.2,4911.95
15949,2024-04-04 14:07:00,4912.1,4912.8,4907.85,4910.0
15950,2024-04-04 14:08:00,4911.0,4911.9,4909.0,4910.9
15951,2024-04-04 14:09:00,4910.05,4912.65,4909.05,4912.65
15952,2024-04-04 14:10:00,4911.65,4912.65,4910.4,4911.65
15953,2024-04-04 14:11:00,4911.5,4912.8,4910.5,4911.9
15954,2024-04-04 14:12:00,4912.9,4912.9,4906.6,4908.85
15955,2024-04-04 14:13:00,4906.3,4910.0,4906.3,4908.35
15956,2024-04-04 14:14:00,4909.65,4909.65,4906.55,4907.15
15957,2024-04-04 14:15:00,4909.0,4909.0,4905.05,4907.9
15958,2024-04-04 14:16:00,4908.5,4909.0,4906.1,4909.0
15959,2024-04-04 14:17:00,4908.95,4910.0,4906.05,4909.95
15960,2024-04-04 14:18:00,4908.25,4910.0,4906.15,4907.95
15961,2024-04-04 14:19:00,4906.3,4908.8,4906.15,4908.4
15962,2024-04-04 14:20:00,4908.75,4908.75,4906.05,4907.95
15963,2024-04-04 14:21:00,4907.35,4908.0,4905.55,4908.0
15964,2024-04-04 14:22:00,4906.7,4909.9,4906.15,4909.9
15965,2024-04-04 14:23:00,4909.7,4917.0,4909.6,4917.0
15966,2024-04-04 14:24:00,4916.95,4930.0,4916.95,4927.0
15967,2024-04-04 14:25:00,4925.05,4929.1,4922.2,4926.15
15968,2024-04-04 14:26:00,4928.0,4932.0,4924.4,4932.0
15969,2024-04-04 14:27:00,4930.9,4948.95,4930.9,4948.85
15970,2024-04-04 14:28:00,4948.55,4954.0,4946.55,4948.1
15971,2024-04-04 14:29:00,4947.35,4955.85,4947.05,4953.0
15972,2024-04-04 14:30:00,4952.9,4954.95,4951.25,4952.55
15973,2024-04-04 14:31:00,4952.3,4966.95,4952.1,4963.3
15974,2024-04-04 14:32:00,4963.7,4967.0,4960.05,4966.95
15975,2024-04-04 14:33:00,4967.0,4967.0,4959.3,4960.9
15976,2024-04-04 14:34:00,4958.85,4962.4,4953.85,4953.85
15977,2024-04-04 14:35:00,4956.45,4963.35,4956.25,4961.05
15978,2024-04-04 14:36:00,4961.95,4962.95,4955.3,4956.95
15979,2024-04-04 14:37:00,4956.9,4959.15,4947.55,4950.4
15980,2024-04-04 14:38:00,4950.75,4950.95,4945.6,4946.45
15981,2024-04-04 14:39:00,4946.35,4950.8,4945.7,4950.8
15982,2024-04-04 14:40:00,4949.6,4953.1,4948.85,4948.85
15983,2024-04-04 14:41:00,4948.95,4954.45,4948.0,4953.15
15984,2024-04-04 14:42:00,4954.45,4956.0,4951.0,4953.6
15985,2024-04-04 14:43:00,4953.0,4958.0,4951.75,4956.85
15986,2024-04-04 14:44:00,4957.9,4959.0,4951.5,4951.6
15987,2024-04-04 14:45:00,4951.8,4953.3,4945.0,4946.85
15988,2024-04-04 14:46:00,4945.05,4949.45,4945.0,4945.95
15989,2024-04-04 14:47:00,4948.2,4952.7,4947.1,4949.85
15990,2024-04-04 14:48:00,4950.45,4955.6,4950.25,4952.5
15991,2024-04-04 14:49:00,4953.8,4953.8,4946.0,4948.25
15992,2024-04-04 14:50:00,4945.5,4949.15,4945.5,4946.45
15993,2024-04-04 14:51:00,4946.25,4950.45,4940.0,4940.0
15994,2024-04-04 14:52:00,4939.85,4943.5,4935.05,4939.8
15995,2024-04-04 14:53:00,4939.4,4944.3,4937.0,4942.75
15996,2024-04-04 14:54:00,4945.0,4948.4,4942.95,4945.7
15997,2024-04-04 14:55:00,4943.1,4945.9,4937.3,4937.3
15998,2024-04-04 14:56:00,4939.4,4939.6,4934.0,4934.75
15999,2024-04-04 14:57:00,4935.0,4935.1,4931.4,4931.4
16000,2024-04-04 14:58:00,4931.1,4931.4,4927.4,4928.0
16001,2024-04-04 14:59:00,4927.95,4930.35,4926.05,4926.05
16002,2024-04-04 15:00:00,4925.95,4926.65,4923.0,4923.0
16003,2024-04-04 15:01:00,4923.6,4932.4,4922.8,4926.25
16004,2024-04-04 15:02:00,4926.95,4930.0,4926.3,4928.85
16005,2024-04-04 15:03:00,4927.9,4928.6,4926.25,4928.35
16006,2024-04-04 15:04:00,4929.9,4931.9,4926.25,4927.05
16007,2024-04-04 15:05:00,4928.15,4931.35,4927.4,4931.35
16008,2024-04-04 15:06:00,4930.9,4934.15,4928.6,4928.6
16009,2024-04-04 15:07:00,4928.45,4931.0,4926.65,4929.5
16010,2024-04-04 15:08:00,4926.8,4929.35,4926.8,4927.0
16011,2024-04-04 15:09:00,4926.75,4928.0,4926.35,4928.0
16012,2024-04-04 15:10:00,4927.6,4929.8,4927.0,4928.6
16013,2024-04-04 15:11:00,4928.35,4931.95,4928.35,4930.55
16014,2024-04-04 15:12:00,4931.3,4932.65,4930.05,4932.65
16015,2024-04-04 15:13:00,4932.5,4935.0,4930.25,4934.75
16016,2024-04-04 15:14:00,4934.8,4935.0,4932.6,4933.1
16017,2024-04-04 15:15:00,4934.75,4935.0,4931.35,4934.0
16018,2024-04-04 15:16:00,4934.95,4935.05,4932.4,4934.8
16019,2024-04-04 15:17:00,4933.25,4934.9,4931.0,4932.85
16020,2024-04-04 15:18:00,4934.0,4934.0,4928.0,4929.85
16021,2024-04-04 15:19:00,4929.35,4934.15,4929.35,4934.15
16022,2024-04-04 15:20:00,4934.1,4937.95,4934.0,4936.1
16023,2024-04-04 15:21:00,4938.0,4940.0,4936.15,4940.0
16024,2024-04-04 15:22:00,4939.9,4940.0,4938.5,4938.65
16025,2024-04-04 15:23:00,4939.3,4945.0,4938.65,4944.75
16026,2024-04-04 15:24:00,4944.7,4944.8,4940.9,4942.55
16027,2024-04-04 15:25:00,4940.9,4942.7,4940.0,4940.4
16028,2024-04-04 15:26:00,4940.5,4946.55,4940.5,4945.7
16029,2024-04-04 15:27:00,4946.55,4948.0,4945.75,4948.0
16030,2024-04-04 15:28:00,4947.75,4950.85,4946.0,4946.0
16031,2024-04-04 15:29:00,4948.75,4950.0,4940.05,4949.65
16032,2024-04-05 09:14:00,4945.0,4945.0,4945.0,4945.0
16033,2024-04-05 09:15:00,4935.2,4944.95,4905.0,4905.0
16034,2024-04-05 09:16:00,4905.7,4910.9,4893.0,4906.95
16035,2024-04-05 09:17:00,4909.0,4927.4,4909.0,4921.65
16036,2024-04-05 09:18:00,4921.4,4933.0,4921.4,4929.95
16037,2024-04-05 09:19:00,4930.0,4931.8,4927.15,4928.7
16038,2024-04-05 09:20:00,4929.9,4929.9,4911.05,4916.6
16039,2024-04-05 09:21:00,4916.0,4916.0,4907.95,4911.75
16040,2024-04-05 09:22:00,4912.9,4924.55,4912.0,4921.15
16041,2024-04-05 09:23:00,4921.8,4928.05,4921.8,4925.9
16042,2024-04-05 09:24:00,4926.35,4927.25,4920.0,4922.15
16043,2024-04-05 09:25:00,4923.0,4929.8,4922.15,4929.8
16044,2024-04-05 09:26:00,4929.85,4935.0,4927.2,4929.4
16045,2024-04-05 09:27:00,4928.0,4928.0,4920.65,4922.0
16046,2024-04-05 09:28:00,4920.05,4922.0,4917.3,4918.1
16047,2024-04-05 09:29:00,4918.0,4920.0,4913.65,4920.0
16048,2024-04-05 09:30:00,4918.5,4920.0,4917.1,4919.05
16049,2024-04-05 09:31:00,4919.7,4927.6,4918.05,4927.6
16050,2024-04-05 09:32:00,4929.85,4930.0,4923.0,4923.0
16051,2024-04-05 09:33:00,4925.0,4925.0,4922.85,4925.0
16052,2024-04-05 09:34:00,4922.85,4925.0,4920.0,4920.0
16053,2024-04-05 09:35:00,4918.9,4920.0,4917.6,4918.9
16054,2024-04-05 09:36:00,4918.0,4920.95,4917.15,4920.3
16055,2024-04-05 09:37:00,4920.75,4921.0,4911.0,4912.0
16056,2024-04-05 09:38:00,4914.0,4914.4,4910.3,4912.1
16057,2024-04-05 09:39:00,4912.15,4920.0,4912.15,4920.0
16058,2024-04-05 09:40:00,4918.9,4923.9,4918.4,4922.45
16059,2024-04-05 09:41:00,4921.5,4924.05,4920.2,4924.05
16060,2024-04-05 09:42:00,4925.0,4930.0,4925.0,4930.0
16061,2024-04-05 09:43:00,4931.8,4935.2,4925.0,4930.0
16062,2024-04-05 09:44:00,4931.8,4934.5,4930.0,4930.0
16063,2024-04-05 09:45:00,4932.95,4932.95,4928.5,4928.75
16064,2024-04-05 09:46:00,4928.8,4930.15,4925.0,4925.0
16065,2024-04-05 09:47:00,4926.9,4926.9,4922.8,4925.8
16066,2024-04-05 09:48:00,4923.9,4926.15,4922.85,4923.5
16067,2024-04-05 09:49:00,4922.85,4925.25,4922.0,4924.05
16068,2024-04-05 09:50:00,4922.3,4925.65,4922.3,4923.05
16069,2024-04-05 09:51:00,4925.9,4925.9,4922.0,4922.0
16070,2024-04-05 09:52:00,4923.55,4923.55,4920.1,4920.1
16071,2024-04-05 09:53:00,4923.15,4925.0,4921.55,4925.0
16072,2024-04-05 09:54:00,4922.55,4925.0,4922.55,4924.95
16073,2024-04-05 09:55:00,4923.0,4924.95,4921.9,4924.1
16074,2024-04-05 09:56:00,4924.0,4924.8,4921.9,4923.8
16075,2024-04-05 09:57:00,4922.05,4925.65,4921.95,4924.2
16076,2024-04-05 09:58:00,4921.95,4924.9,4921.95,4922.25
16077,2024-04-05 09:59:00,4922.55,4925.0,4920.1,4922.5
16078,2024-04-05 10:00:00,4922.75,4922.8,4917.0,4918.0
16079,2024-04-05 10:01:00,4920.2,4920.2,4917.35,4919.75
16080,2024-04-05 10:02:00,4919.85,4923.95,4919.6,4923.05
16081,2024-04-05 10:03:00,4923.0,4923.0,4917.5,4920.0
16082,2024-04-05 10:04:00,4919.25,4921.0,4918.4,4920.8
16083,2024-04-05 10:05:00,4920.9,4921.8,4920.0,4921.8
16084,2024-04-05 10:06:00,4921.45,4921.8,4920.05,4921.8
16085,2024-04-05 10:07:00,4921.75,4922.7,4920.0,4922.15
16086,2024-04-05 10:08:00,4922.25,4922.5,4920.0,4922.5
16087,2024-04-05 10:09:00,4922.4,4922.5,4919.25,4920.4
16088,2024-04-05 10:10:00,4918.65,4920.5,4918.0,4920.0
16089,2024-04-05 10:11:00,4919.0,4922.95,4918.25,4922.95
16090,2024-04-05 10:12:00,4923.9,4924.75,4920.1,4924.55
16091,2024-04-05 10:13:00,4921.8,4924.5,4920.8,4920.8
16092,2024-04-05 10:14:00,4922.35,4925.0,4920.6,4921.0
16093,2024-04-05 10:15:00,4920.9,4923.95,4920.1,4923.4
16094,2024-04-05 10:16:00,4921.5,4923.4,4920.1,4920.1
16095,2024-04-05 10:17:00,4922.95,4923.65,4920.15,4923.55
16096,2024-04-05 10:18:00,4921.0,4924.0,4920.1,4921.9
16097,2024-04-05 10:19:00,4920.0,4920.8,4917.0,4920.25
16098,2024-04-05 10:20:00,4918.15,4920.8,4917.95,4920.6
16099,2024-04-05 10:21:00,4917.5,4919.9,4916.35,4919.05
16100,2024-04-05 10:22:00,4917.0,4922.0,4917.0,4920.0
16101,2024-04-05 10:23:00,4922.0,4923.55,4919.15,4921.8
16102,2024-04-05 10:24:00,4920.0,4922.6,4919.2,4920.8
16103,2024-04-05 10:25:00,4921.9,4924.0,4920.15,4922.85
16104,2024-04-05 10:26:00,4924.0,4924.0,4920.05,4920.1
16105,2024-04-05 10:27:00,4921.9,4921.95,4917.0,4917.0
16106,2024-04-05 10:28:00,4918.8,4921.0,4917.0,4917.95
16107,2024-04-05 10:29:00,4918.0,4921.95,4918.0,4921.6
16108,2024-04-05 10:30:00,4920.1,4921.0,4918.0,4919.85
16109,2024-04-05 10:31:00,4919.8,4923.0,4919.15,4919.95
16110,2024-04-05 10:32:00,4920.0,4921.45,4918.0,4918.0
16111,2024-04-05 10:33:00,4917.2,4919.7,4912.95,4918.4
16112,2024-04-05 10:34:00,4918.45,4919.65,4916.85,4916.85
16113,2024-04-05 10:35:00,4916.1,4917.25,4914.0,4914.0
16114,2024-04-05 10:36:00,4914.45,4915.0,4911.0,4915.0
16115,2024-04-05 10:37:00,4916.7,4919.9,4915.0,4916.8
16116,2024-04-05 10:38:00,4917.2,4919.65,4916.25,4917.1
16117,2024-04-05 10:39:00,4918.0,4923.0,4916.0,4923.0
16118,2024-04-05 10:40:00,4923.7,4923.7,4918.5,4918.55
16119,2024-04-05 10:41:00,4919.0,4920.05,4918.55,4918.55
16120,2024-04-05 10:42:00,4919.9,4920.0,4918.55,4920.0
16121,2024-04-05 10:43:00,4919.8,4919.8,4918.4,4918.4
16122,2024-04-05 10:44:00,4918.0,4920.0,4918.0,4919.9
16123,2024-04-05 10:45:00,4919.05,4923.0,4919.05,4923.0
16124,2024-04-05 10:46:00,4921.55,4922.95,4920.0,4920.95
16125,2024-04-05 10:47:00,4920.9,4920.9,4917.25,4917.95
16126,2024-04-05 10:48:00,4917.3,4919.0,4917.2,4919.0
16127,2024-04-05 10:49:00,4920.8,4921.15,4918.8,4920.0
16128,2024-04-05 10:50:00,4919.15,4921.5,4919.15,4920.9
16129,2024-04-05 10:51:00,4919.25,4920.8,4919.25,4920.8
16130,2024-04-05 10:52:00,4920.0,4923.15,4920.0,4921.95
16131,2024-04-05 10:53:00,4922.1,4924.0,4920.85,4922.05
16132,2024-04-05 10:54:00,4924.0,4925.0,4922.5,4925.0
16133,2024-04-05 10:55:00,4924.05,4925.0,4921.65,4925.0
16134,2024-04-05 10:56:00,4924.0,4925.65,4924.0,4925.6
16135,2024-04-05 10:57:00,4925.0,4925.6,4924.05,4924.05
16136,2024-04-05 10:58:00,4925.45,4925.65,4924.5,4924.6
16137,2024-04-05 10:59:00,4925.0,4927.2,4924.6,4924.7
16138,2024-04-05 11:00:00,4926.8,4926.8,4924.6,4924.8
16139,2024-04-05 11:01:00,4926.4,4926.45,4924.5,4924.5
16140,2024-04-05 11:02:00,4925.0,4926.75,4924.5,4924.8
16141,2024-04-05 11:03:00,4925.8,4925.8,4924.8,4925.75
16142,2024-04-05 11:04:00,4924.85,4925.75,4921.0,4924.0
16143,2024-04-05 11:05:00,4923.0,4923.9,4922.15,4922.25
16144,2024-04-05 11:06:00,4923.9,4927.95,4922.25,4926.85
16145,2024-04-05 11:07:00,4927.3,4927.95,4924.8,4926.9
16146,2024-04-05 11:08:00,4925.0,4927.15,4925.0,4925.95
16147,2024-04-05 11:09:00,4925.9,4930.8,4924.4,4930.0
16148,2024-04-05 11:10:00,4930.9,4930.95,4927.15,4927.15
16149,2024-04-05 11:11:00,4930.0,4930.35,4926.6,4929.55
16150,2024-04-05 11:12:00,4928.05,4930.0,4928.0,4930.0
16151,2024-04-05 11:13:00,4930.5,4930.5,4929.95,4930.0
16152,2024-04-05 11:14:00,4928.95,4930.05,4928.6,4929.95
16153,2024-04-05 11:15:00,4930.0,4932.0,4929.0,4930.0
16154,2024-04-05 11:16:00,4930.45,4930.75,4929.0,4929.0
16155,2024-04-05 11:17:00,4930.0,4930.95,4929.05,4930.95
16156,2024-04-05 11:18:00,4930.5,4930.8,4929.25,4930.8
16157,2024-04-05 11:19:00,4930.5,4930.5,4929.0,4930.5
16158,2024-04-05 11:20:00,4930.0,4930.0,4929.1,4930.0
16159,2024-04-05 11:21:00,4929.1,4930.0,4926.05,4928.0
16160,2024-04-05 11:22:00,4929.2,4929.2,4925.85,4925.85
16161,2024-04-05 11:23:00,4925.5,4927.05,4924.9,4926.95
16162,2024-04-05 11:24:00,4927.0,4927.0,4924.9,4925.0
16163,2024-04-05 11:25:00,4924.9,4927.0,4924.9,4925.05
16164,2024-04-05 11:26:00,4926.0,4926.5,4925.05,4926.45
16165,2024-04-05 11:27:00,4925.1,4926.65,4925.05,4926.0
16166,2024-04-05 11:28:00,4926.5,4926.5,4925.05,4925.05
16167,2024-04-05 11:29:00,4926.5,4928.4,4925.05,4928.4
16168,2024-04-05 11:30:00,4927.0,4929.4,4926.5,4927.0
16169,2024-04-05 11:31:00,4926.5,4928.25,4926.5,4928.25
16170,2024-04-05 11:32:00,4926.8,4928.0,4926.6,4927.95
16171,2024-04-05 11:33:00,4928.0,4929.15,4925.5,4925.5
16172,2024-04-05 11:34:00,4927.75,4927.85,4925.5,4925.5
16173,2024-04-05 11:35:00,4927.95,4927.95,4925.5,4925.6
16174,2024-04-05 11:36:00,4927.4,4928.2,4926.05,4926.1
16175,2024-04-05 11:37:00,4928.0,4929.0,4926.15,4927.05
16176,2024-04-05 11:38:00,4926.9,4929.0,4926.9,4927.3
16177,2024-04-05 11:39:00,4928.9,4930.0,4925.0,4925.35
16178,2024-04-05 11:40:00,4925.3,4927.0,4925.3,4927.0
16179,2024-04-05 11:41:00,4927.05,4928.5,4925.4,4927.05
16180,2024-04-05 11:42:00,4928.45,4928.65,4926.7,4927.0
16181,2024-04-05 11:43:00,4928.0,4928.0,4926.0,4926.0
16182,2024-04-05 11:44:00,4927.75,4928.0,4926.0,4927.65
16183,2024-04-05 11:45:00,4926.6,4928.0,4923.0,4924.0
16184,2024-04-05 11:46:00,4924.5,4926.0,4923.0,4923.05
16185,2024-04-05 11:47:00,4922.55,4922.55,4920.05,4920.65
16186,2024-04-05 11:48:00,4920.8,4921.9,4920.0,4920.8
16187,2024-04-05 11:49:00,4920.0,4922.35,4920.0,4922.2
16188,2024-04-05 11:50:00,4922.05,4925.5,4922.05,4924.0
16189,2024-04-05 11:51:00,4925.9,4925.9,4922.55,4923.85
16190,2024-04-05 11:52:00,4923.05,4923.6,4920.0,4920.8
16191,2024-04-05 11:53:00,4921.9,4921.9,4920.0,4921.0
16192,2024-04-05 11:54:00,4921.75,4922.0,4921.0,4921.05
16193,2024-04-05 11:55:00,4921.5,4923.0,4921.05,4923.0
16194,2024-04-05 11:56:00,4924.0,4924.0,4921.05,4922.05
16195,2024-04-05 11:57:00,4921.05,4922.7,4921.0,4921.9
16196,2024-04-05 11:58:00,4921.0,4922.0,4920.05,4922.0
16197,2024-04-05 11:59:00,4920.05,4921.85,4920.05,4921.3
16198,2024-04-05 12:00:00,4920.25,4921.8,4920.05,4920.8
16199,2024-04-05 12:01:00,4921.7,4921.7,4920.5,4920.5
16200,2024-04-05 12:02:00,4921.6,4924.0,4920.5,4924.0
16201,2024-04-05 12:03:00,4925.0,4926.9,4923.3,4926.9
16202,2024-04-05 12:04:00,4925.0,4927.0,4924.0,4925.0
16203,2024-04-05 12:05:00,4927.0,4927.95,4925.0,4925.05
16204,2024-04-05 12:06:00,4926.9,4927.55,4925.05,4926.95
16205,2024-04-05 12:07:00,4925.15,4926.95,4925.05,4925.05
16206,2024-04-05 12:08:00,4926.0,4928.0,4926.0,4927.0
16207,2024-04-05 12:09:00,4927.9,4929.25,4927.0,4927.05
16208,2024-04-05 12:10:00,4927.1,4929.0,4926.1,4926.1
16209,2024-04-05 12:11:00,4926.8,4928.0,4926.1,4927.0
16210,2024-04-05 12:12:00,4927.95,4928.75,4923.15,4925.0
16211,2024-04-05 12:13:00,4924.5,4925.95,4923.5,4923.5
16212,2024-04-05 12:14:00,4925.0,4925.0,4923.5,4924.0
16213,2024-04-05 12:15:00,4923.1,4925.0,4922.6,4922.6
16214,2024-04-05 12:16:00,4924.6,4924.75,4922.6,4924.0
16215,2024-04-05 12:17:00,4923.95,4924.0,4921.8,4923.55
16216,2024-04-05 12:18:00,4922.0,4923.85,4921.8,4923.0
16217,2024-04-05 12:19:00,4923.85,4923.85,4921.0,4921.95
16218,2024-04-05 12:20:00,4921.2,4921.8,4920.25,4920.35
16219,2024-04-05 12:21:00,4921.0,4922.55,4920.5,4920.5
16220,2024-04-05 12:22:00,4921.0,4922.35,4920.5,4922.35
16221,2024-04-05 12:23:00,4923.0,4923.85,4923.0,4923.0
16222,2024-04-05 12:24:00,4924.0,4925.0,4924.0,4924.9
16223,2024-04-05 12:25:00,4924.0,4924.9,4922.0,4922.0
16224,2024-04-05 12:26:00,4924.0,4925.0,4922.05,4922.9
16225,2024-04-05 12:27:00,4925.0,4925.0,4922.6,4924.3
16226,2024-04-05 12:28:00,4922.6,4924.85,4922.6,4923.0
16227,2024-04-05 12:29:00,4924.25,4926.0,4923.0,4925.0
16228,2024-04-05 12:30:00,4926.0,4926.0,4924.0,4924.1
16229,2024-04-05 12:31:00,4925.4,4925.4,4924.0,4924.0
16230,2024-04-05 12:32:00,4924.2,4926.0,4924.1,4924.15
16231,2024-04-05 12:33:00,4925.0,4926.45,4924.0,4925.0
16232,2024-04-05 12:34:00,4925.9,4926.15,4924.0,4924.35
16233,2024-04-05 12:35:00,4926.15,4926.75,4924.1,4925.0
16234,2024-04-05 12:36:00,4924.2,4927.0,4924.2,4924.2
16235,2024-04-05 12:37:00,4926.0,4926.0,4924.25,4924.4
16236,2024-04-05 12:38:00,4924.55,4927.4,4924.25,4925.0
16237,2024-04-05 12:39:00,4924.6,4926.4,4924.6,4926.4
16238,2024-04-05 12:40:00,4926.35,4926.35,4924.6,4924.6
16239,2024-04-05 12:41:00,4924.65,4924.8,4924.1,4924.6
16240,2024-04-05 12:42:00,4924.1,4924.1,4915.55,4918.5
16241,2024-04-05 12:43:00,4918.0,4921.0,4918.0,4919.0
16242,2024-04-05 12:44:00,4919.8,4919.8,4915.05,4915.5
16243,2024-04-05 12:45:00,4916.7,4916.7,4915.05,4915.05
16244,2024-04-05 12:46:00,4915.3,4915.3,4906.55,4908.75
16245,2024-04-05 12:47:00,4908.95,4910.0,4907.1,4910.0
16246,2024-04-05 12:48:00,4912.9,4912.95,4910.0,4911.55
16247,2024-04-05 12:49:00,4912.7,4912.9,4909.95,4911.0
16248,2024-04-05 12:50:00,4910.85,4913.45,4910.1,4910.8
16249,2024-04-05 12:51:00,4911.0,4913.0,4909.55,4911.4
16250,2024-04-05 12:52:00,4913.05,4916.85,4910.95,4915.9
16251,2024-04-05 12:53:00,4915.0,4916.9,4914.75,4914.75
16252,2024-04-05 12:54:00,4914.5,4914.5,4910.05,4911.0
16253,2024-04-05 12:55:00,4913.55,4913.55,4911.0,4912.0
16254,2024-04-05 12:56:00,4912.1,4914.4,4911.0,4912.95
16255,2024-04-05 12:57:00,4913.0,4913.0,4909.15,4910.0
16256,2024-04-05 12:58:00,4909.15,4911.35,4908.05,4909.95
16257,2024-04-05 12:59:00,4908.1,4910.0,4907.5,4909.0
16258,2024-04-05 13:00:00,4909.95,4913.35,4908.05,4910.0
16259,2024-04-05 13:01:00,4911.0,4913.45,4910.0,4911.05
16260,2024-04-05 13:02:00,4911.0,4912.0,4910.0,4910.2
16261,2024-04-05 13:03:00,4911.35,4912.9,4910.0,4911.0
16262,2024-04-05 13:04:00,4910.1,4911.0,4910.0,4910.05
16263,2024-04-05 13:05:00,4911.0,4911.0,4910.0,4911.0
16264,2024-04-05 13:06:00,4910.0,4914.1,4910.0,4914.1
16265,2024-04-05 13:07:00,4914.4,4915.0,4914.3,4914.3
16266,2024-04-05 13:08:00,4914.0,4914.65,4913.0,4914.0
16267,2024-04-05 13:09:00,4913.0,4914.05,4913.0,4913.95
16268,2024-04-05 13:10:00,4911.0,4915.0,4911.0,4912.9
16269,2024-04-05 13:11:00,4913.0,4913.0,4911.25,4912.75
16270,2024-04-05 13:12:00,4912.7,4912.85,4909.85,4910.5
16271,2024-04-05 13:13:00,4911.85,4912.0,4909.7,4911.75
16272,2024-04-05 13:14:00,4911.6,4911.6,4910.0,4911.4
16273,2024-04-05 13:15:00,4910.35,4912.0,4910.05,4912.0
16274,2024-04-05 13:16:00,4913.95,4914.35,4912.0,4913.8
16275,2024-04-05 13:17:00,4912.6,4912.6,4910.2,4910.6
16276,2024-04-05 13:18:00,4910.0,4912.45,4905.55,4907.95
16277,2024-04-05 13:19:00,4905.6,4907.95,4901.0,4901.45
16278,2024-04-05 13:20:00,4901.0,4901.0,4894.0,4900.0
16279,2024-04-05 13:21:00,4899.95,4902.6,4898.15,4901.8
16280,2024-04-05 13:22:00,4901.0,4902.15,4900.0,4902.0
16281,2024-04-05 13:23:00,4901.95,4901.95,4900.0,4900.9
16282,2024-04-05 13:24:00,4900.5,4900.8,4899.9,4899.95
16283,2024-04-05 13:25:00,4900.85,4900.95,4899.75,4900.8
16284,2024-04-05 13:26:00,4901.0,4903.9,4900.85,4902.0
16285,2024-04-05 13:27:00,4904.95,4906.45,4904.6,4905.0
16286,2024-04-05 13:28:00,4906.2,4907.95,4905.5,4907.8
16287,2024-04-05 13:29:00,4906.2,4910.35,4906.2,4908.0
16288,2024-04-05 13:30:00,4909.0,4910.0,4907.6,4909.95
16289,2024-04-05 13:31:00,4909.9,4909.95,4909.0,4909.9
16290,2024-04-05 13:32:00,4909.0,4909.8,4907.0,4908.7
16291,2024-04-05 13:33:00,4907.05,4908.65,4905.25,4905.85
16292,2024-04-05 13:34:00,4906.35,4908.05,4906.05,4907.9
16293,2024-04-05 13:35:00,4907.0,4909.4,4907.0,4908.95
16294,2024-04-05 13:36:00,4908.8,4910.0,4908.5,4908.95
16295,2024-04-05 13:37:00,4908.5,4908.9,4907.0,4907.0
16296,2024-04-05 13:38:00,4907.95,4907.95,4906.6,4906.75
16297,2024-04-05 13:39:00,4906.8,4907.95,4906.4,4907.6
16298,2024-04-05 13:40:00,4907.5,4907.75,4906.05,4907.7
16299,2024-04-05 13:41:00,4907.0,4907.65,4905.0,4905.0
16300,2024-04-05 13:42:00,4905.05,4909.45,4905.05,4907.6
16301,2024-04-05 13:43:00,4908.85,4908.85,4906.0,4906.45
16302,2024-04-05 13:44:00,4907.5,4910.0,4906.0,4910.0
16303,2024-04-05 13:45:00,4909.95,4913.0,4909.0,4909.8
16304,2024-04-05 13:46:00,4911.95,4912.15,4909.8,4910.05
16305,2024-04-05 13:47:00,4911.75,4911.75,4910.05,4911.45
16306,2024-04-05 13:48:00,4911.0,4911.95,4910.0,4911.1
16307,2024-04-05 13:49:00,4909.8,4910.9,4909.8,4910.85
16308,2024-04-05 13:50:00,4910.8,4910.8,4909.9,4909.9
16309,2024-04-05 13:51:00,4910.35,4912.7,4910.3,4912.4
16310,2024-04-05 13:52:00,4910.8,4912.35,4910.75,4912.15
16311,2024-04-05 13:53:00,4911.0,4917.0,4911.0,4917.0
16312,2024-04-05 13:54:00,4918.95,4918.95,4913.55,4915.0
16313,2024-04-05 13:55:00,4914.05,4915.3,4912.3,4914.4
16314,2024-04-05 13:56:00,4914.35,4914.4,4911.7,4914.2
16315,2024-04-05 13:57:00,4914.0,4914.0,4911.05,4913.7
16316,2024-04-05 13:58:00,4911.75,4912.7,4911.75,4912.0
16317,2024-04-05 13:59:00,4911.0,4914.0,4911.0,4913.95
16318,2024-04-05 14:00:00,4913.75,4917.0,4913.75,4917.0
16319,2024-04-05 14:01:00,4916.8,4917.95,4915.0,4917.0
16320,2024-04-05 14:02:00,4918.0,4918.0,4915.7,4918.0
16321,2024-04-05 14:03:00,4917.95,4918.75,4915.55,4918.75
16322,2024-04-05 14:04:00,4917.4,4918.6,4917.4,4918.5
16323,2024-04-05 14:05:00,4917.4,4918.65,4917.1,4918.0
16324,2024-04-05 14:06:00,4918.65,4918.65,4916.05,4917.6
16325,2024-04-05 14:07:00,4917.8,4917.8,4913.1,4915.0
16326,2024-04-05 14:08:00,4915.15,4915.15,4912.2,4913.95
16327,2024-04-05 14:09:00,4912.25,4916.7,4912.25,4916.0
16328,2024-04-05 14:10:00,4915.0,4915.6,4912.85,4915.0
16329,2024-04-05 14:11:00,4912.25,4914.95,4910.9,4912.35
16330,2024-04-05 14:12:00,4911.65,4914.3,4910.55,4913.85
16331,2024-04-05 14:13:00,4914.15,4915.0,4911.25,4912.15
16332,2024-04-05 14:14:00,4913.75,4915.15,4913.0,4915.0
16333,2024-04-05 14:15:00,4912.85,4915.85,4912.85,4915.85
16334,2024-04-05 14:16:00,4914.0,4915.85,4913.0,4914.0
16335,2024-04-05 14:17:00,4913.85,4914.0,4913.0,4913.95
16336,2024-04-05 14:18:00,4913.0,4913.65,4910.0,4913.65
16337,2024-04-05 14:19:00,4913.25,4913.65,4913.2,4913.55
16338,2024-04-05 14:20:00,4913.65,4913.65,4913.0,4913.0
16339,2024-04-05 14:21:00,4913.55,4915.75,4913.55,4915.65
16340,2024-04-05 14:22:00,4913.7,4914.95,4912.0,4914.95
16341,2024-04-05 14:23:00,4914.15,4914.75,4911.1,4914.0
16342,2024-04-05 14:24:00,4913.0,4914.5,4911.85,4914.35
16343,2024-04-05 14:25:00,4913.95,4914.2,4913.85,4914.2
16344,2024-04-05 14:26:00,4914.0,4914.0,4912.3,4914.0
16345,2024-04-05 14:27:00,4912.55,4914.0,4912.55,4913.5
16346,2024-04-05 14:28:00,4913.45,4913.5,4912.1,4912.1
16347,2024-04-05 14:29:00,4912.65,4912.65,4910.7,4911.0
16348,2024-04-05 14:30:00,4912.0,4912.0,4910.05,4911.55
16349,2024-04-05 14:31:00,4911.65,4912.65,4911.0,4912.65
16350,2024-04-05 14:32:00,4911.65,4912.35,4910.0,4912.35
16351,2024-04-05 14:33:00,4912.4,4912.45,4910.15,4912.15
16352,2024-04-05 14:34:00,4912.45,4912.45,4911.0,4911.5
16353,2024-04-05 14:35:00,4911.0,4912.65,4910.55,4911.55
16354,2024-04-05 14:36:00,4911.45,4912.65,4911.45,4911.5
16355,2024-04-05 14:37:00,4912.6,4913.45,4911.45,4911.5
16356,2024-04-05 14:38:00,4912.85,4912.85,4911.45,4912.0
16357,2024-04-05 14:39:00,4912.45,4912.45,4910.0,4911.5
16358,2024-04-05 14:40:00,4911.95,4912.35,4911.25,4912.35
16359,2024-04-05 14:41:00,4911.9,4912.35,4911.45,4911.45
16360,2024-04-05 14:42:00,4911.4,4912.0,4910.95,4912.0
16361,2024-04-05 14:43:00,4912.35,4912.4,4912.3,4912.35
16362,2024-04-05 14:44:00,4912.4,4915.9,4912.15,4915.9
16363,2024-04-05 14:45:00,4916.0,4918.0,4915.5,4915.55
16364,2024-04-05 14:46:00,4915.7,4917.75,4915.55,4915.9
16365,2024-04-05 14:47:00,4917.35,4918.0,4916.2,4917.9
16366,2024-04-05 14:48:00,4917.35,4917.9,4917.0,4917.55
16367,2024-04-05 14:49:00,4917.35,4917.55,4915.55,4915.55
16368,2024-04-05 14:50:00,4916.0,4917.0,4915.55,4917.0
16369,2024-04-05 14:51:00,4917.9,4917.9,4915.8,4917.85
16370,2024-04-05 14:52:00,4917.9,4917.9,4915.55,4915.65
16371,2024-04-05 14:53:00,4915.75,4917.9,4915.6,4917.55
16372,2024-04-05 14:54:00,4916.0,4917.55,4915.65,4915.75
16373,2024-04-05 14:55:00,4917.35,4917.65,4916.55,4917.55
16374,2024-04-05 14:56:00,4917.65,4920.0,4916.0,4917.75
16375,2024-04-05 14:57:00,4917.8,4919.55,4916.65,4918.65
16376,2024-04-05 14:58:00,4919.85,4922.0,4919.55,4920.6
16377,2024-04-05 14:59:00,4920.5,4920.65,4919.75,4920.0
16378,2024-04-05 15:00:00,4919.95,4923.45,4919.95,4922.05
16379,2024-04-05 15:01:00,4922.6,4924.0,4922.05,4924.0
16380,2024-04-05 15:02:00,4923.9,4925.0,4923.0,4924.15
16381,2024-04-05 15:03:00,4925.0,4927.3,4924.9,4926.0
16382,2024-04-05 15:04:00,4926.4,4928.55,4925.0,4928.55
16383,2024-04-05 15:05:00,4928.5,4929.0,4926.05,4928.95
16384,2024-04-05 15:06:00,4928.9,4930.0,4927.9,4929.8
16385,2024-04-05 15:07:00,4929.0,4931.85,4929.0,4930.85
16386,2024-04-05 15:08:00,4930.9,4931.0,4929.4,4930.0
16387,2024-04-05 15:09:00,4929.9,4933.25,4927.0,4933.25
16388,2024-04-05 15:10:00,4930.4,4930.95,4929.0,4930.0
16389,2024-04-05 15:11:00,4929.95,4930.8,4929.65,4930.2
16390,2024-04-05 15:12:00,4930.0,4930.4,4926.0,4929.0
16391,2024-04-05 15:13:00,4929.1,4929.95,4927.55,4929.3
16392,2024-04-05 15:14:00,4929.5,4929.7,4926.2,4928.0
16393,2024-04-05 15:15:00,4927.9,4929.55,4925.0,4926.75
16394,2024-04-05 15:16:00,4927.85,4928.0,4922.8,4922.8
16395,2024-04-05 15:17:00,4923.45,4926.0,4920.25,4923.15
16396,2024-04-05 15:18:00,4922.15,4924.0,4921.0,4921.7
16397,2024-04-05 15:19:00,4923.8,4924.95,4921.55,4923.1
16398,2024-04-05 15:20:00,4923.8,4927.7,4923.3,4923.5
16399,2024-04-05 15:21:00,4925.8,4927.35,4923.95,4926.05
16400,2024-04-05 15:22:00,4926.25,4926.9,4924.0,4925.0
16401,2024-04-05 15:23:00,4924.55,4928.95,4924.55,4927.85
16402,2024-04-05 15:24:00,4927.95,4930.0,4927.2,4929.7
16403,2024-04-05 15:25:00,4929.8,4930.0,4925.55,4927.05
16404,2024-04-05 15:26:00,4927.4,4928.8,4925.05,4925.8
16405,2024-04-05 15:27:00,4925.85,4928.0,4925.0,4926.05
16406,2024-04-05 15:28:00,4927.0,4929.0,4925.05,4928.45
16407,2024-04-05 15:29:00,4926.0,4928.8,4924.0,4927.8
16408,2024-04-08 09:14:00,4940.0,4940.0,4940.0,4940.0
16409,2024-04-08 09:15:00,4932.0,4939.95,4925.9,4928.9
16410,2024-04-08 09:16:00,4927.5,4948.7,4927.5,4943.0
16411,2024-04-08 09:17:00,4946.7,4954.25,4945.8,4947.1
16412,2024-04-08 09:18:00,4951.0,4956.0,4950.0,4950.0
16413,2024-04-08 09:19:00,4950.5,4950.5,4942.8,4946.0
16414,2024-04-08 09:20:00,4945.75,4946.0,4937.15,4937.9
16415,2024-04-08 09:21:00,4936.05,4937.7,4932.0,4935.9
16416,2024-04-08 09:22:00,4934.0,4942.3,4934.0,4942.3
16417,2024-04-08 09:23:00,4942.7,4942.7,4936.5,4940.0
16418,2024-04-08 09:24:00,4941.8,4941.8,4936.95,4940.0
16419,2024-04-08 09:25:00,4938.0,4942.0,4932.1,4934.95
16420,2024-04-08 09:26:00,4935.0,4936.0,4931.05,4932.0
16421,2024-04-08 09:27:00,4931.75,4939.3,4931.75,4939.3
16422,2024-04-08 09:28:00,4940.0,4941.7,4937.0,4940.0
16423,2024-04-08 09:29:00,4939.65,4940.0,4935.25,4938.1
16424,2024-04-08 09:30:00,4940.0,4948.15,4938.55,4946.2
16425,2024-04-08 09:31:00,4946.3,4947.45,4942.6,4944.85
16426,2024-04-08 09:32:00,4942.75,4945.8,4939.15,4942.25
16427,2024-04-08 09:33:00,4944.65,4944.65,4937.45,4940.0
16428,2024-04-08 09:34:00,4940.3,4940.3,4937.4,4938.9
16429,2024-04-08 09:35:00,4939.0,4941.65,4937.65,4940.0
16430,2024-04-08 09:36:00,4939.1,4940.0,4937.5,4940.0
16431,2024-04-08 09:37:00,4940.95,4941.4,4940.0,4940.8
16432,2024-04-08 09:38:00,4941.3,4941.65,4940.0,4941.65
16433,2024-04-08 09:39:00,4941.6,4944.95,4941.6,4943.0
16434,2024-04-08 09:40:00,4943.9,4943.9,4940.25,4942.95
16435,2024-04-08 09:41:00,4941.1,4942.95,4940.0,4941.2
16436,2024-04-08 09:42:00,4937.0,4940.2,4935.0,4935.1
16437,2024-04-08 09:43:00,4935.7,4940.35,4935.4,4939.5
16438,2024-04-08 09:44:00,4935.45,4941.15,4935.45,4939.5
16439,2024-04-08 09:45:00,4940.7,4940.7,4935.45,4935.45
16440,2024-04-08 09:46:00,4937.95,4940.0,4932.2,4932.2
16441,2024-04-08 09:47:00,4932.25,4938.25,4932.05,4935.55
16442,2024-04-08 09:48:00,4935.75,4949.0,4935.75,4949.0
16443,2024-04-08 09:49:00,4948.5,4949.0,4944.9,4945.15
16444,2024-04-08 09:50:00,4946.0,4947.5,4945.2,4947.0
16445,2024-04-08 09:51:00,4945.8,4949.9,4945.8,4948.5
16446,2024-04-08 09:52:00,4948.0,4949.75,4947.5,4949.1
16447,2024-04-08 09:53:00,4948.9,4949.75,4946.0,4946.0
16448,2024-04-08 09:54:00,4948.0,4948.0,4936.2,4936.2
16449,2024-04-08 09:55:00,4934.3,4935.0,4931.0,4932.0
16450,2024-04-08 09:56:00,4931.6,4933.5,4926.95,4928.1
16451,2024-04-08 09:57:00,4929.25,4929.6,4926.0,4928.0
16452,2024-04-08 09:58:00,4927.95,4928.65,4925.6,4928.2
16453,2024-04-08 09:59:00,4927.9,4928.3,4925.6,4926.0
16454,2024-04-08 10:00:00,4925.6,4928.0,4925.6,4927.15
16455,2024-04-08 10:01:00,4928.0,4928.0,4925.65,4927.05
16456,2024-04-08 10:02:00,4928.0,4928.0,4926.85,4928.0
16457,2024-04-08 10:03:00,4927.0,4928.0,4926.85,4928.0
16458,2024-04-08 10:04:00,4926.85,4928.0,4926.0,4928.0
16459,2024-04-08 10:05:00,4925.65,4927.5,4924.0,4925.5
16460,2024-04-08 10:06:00,4925.2,4928.0,4925.2,4928.0
16461,2024-04-08 10:07:00,4927.1,4929.95,4927.0,4929.95
16462,2024-04-08 10:08:00,4930.0,4933.0,4930.0,4931.7
16463,2024-04-08 10:09:00,4932.45,4933.75,4931.15,4933.0
16464,2024-04-08 10:10:00,4930.65,4933.1,4930.55,4933.1
16465,2024-04-08 10:11:00,4930.0,4930.0,4927.0,4929.2
16466,2024-04-08 10:12:00,4928.0,4928.0,4927.65,4928.0
16467,2024-04-08 10:13:00,4927.65,4928.0,4927.0,4927.5
16468,2024-04-08 10:14:00,4927.3,4927.6,4925.0,4926.9
16469,2024-04-08 10:15:00,4927.0,4928.0,4925.25,4925.25
16470,2024-04-08 10:16:00,4925.2,4926.95,4924.45,4926.0
16471,2024-04-08 10:17:00,4924.25,4926.35,4924.0,4925.0
16472,2024-04-08 10:18:00,4924.0,4925.0,4923.0,4925.0
16473,2024-04-08 10:19:00,4923.2,4925.0,4923.0,4924.5
16474,2024-04-08 10:20:00,4924.65,4926.05,4923.0,4923.7
16475,2024-04-08 10:21:00,4925.8,4927.5,4924.3,4927.3
16476,2024-04-08 10:22:00,4926.0,4929.15,4926.0,4927.95
16477,2024-04-08 10:23:00,4928.0,4928.0,4926.2,4928.0
16478,2024-04-08 10:24:00,4926.25,4928.0,4926.0,4926.0
16479,2024-04-08 10:25:00,4928.0,4929.85,4926.0,4928.0
16480,2024-04-08 10:26:00,4926.2,4928.0,4926.2,4928.0
16481,2024-04-08 10:27:00,4926.25,4928.0,4926.25,4928.0
16482,2024-04-08 10:28:00,4926.55,4927.9,4926.0,4926.0
16483,2024-04-08 10:29:00,4927.85,4927.85,4923.5,4923.65
16484,2024-04-08 10:30:00,4926.85,4926.85,4924.1,4924.1
16485,2024-04-08 10:31:00,4925.0,4926.0,4923.5,4923.5
16486,2024-04-08 10:32:00,4924.5,4925.0,4922.75,4923.0
16487,2024-04-08 10:33:00,4922.0,4922.8,4922.0,4922.0
16488,2024-04-08 10:34:00,4921.8,4921.8,4915.0,4916.05
16489,2024-04-08 10:35:00,4918.75,4920.95,4917.0,4920.0
16490,2024-04-08 10:36:00,4919.0,4920.95,4917.2,4919.75
16491,2024-04-08 10:37:00,4917.4,4920.85,4917.05,4920.7
16492,2024-04-08 10:38:00,4920.65,4922.15,4917.0,4917.0
16493,2024-04-08 10:39:00,4917.25,4918.6,4915.0,4916.4
16494,2024-04-08 10:40:00,4915.0,4917.0,4914.35,4914.45
16495,2024-04-08 10:41:00,4914.5,4917.4,4913.55,4914.2
16496,2024-04-08 10:42:00,4914.35,4916.7,4912.1,4915.4
16497,2024-04-08 10:43:00,4914.45,4914.7,4910.05,4910.1
16498,2024-04-08 10:44:00,4910.05,4914.0,4910.05,4911.0
16499,2024-04-08 10:45:00,4910.05,4911.85,4908.15,4911.85
16500,2024-04-08 10:46:00,4910.0,4912.45,4910.0,4911.0
16501,2024-04-08 10:47:00,4910.55,4913.0,4910.55,4912.95
16502,2024-04-08 10:48:00,4912.0,4913.0,4911.05,4912.0
16503,2024-04-08 10:49:00,4912.1,4914.0,4912.05,4913.95
16504,2024-04-08 10:50:00,4914.0,4916.0,4912.5,4913.0
16505,2024-04-08 10:51:00,4912.55,4914.8,4911.0,4912.0
16506,2024-04-08 10:52:00,4911.0,4912.85,4910.05,4911.0
16507,2024-04-08 10:53:00,4911.35,4912.9,4909.0,4909.0
16508,2024-04-08 10:54:00,4909.5,4909.5,4905.5,4906.0
16509,2024-04-08 10:55:00,4905.5,4908.15,4903.5,4903.8
16510,2024-04-08 10:56:00,4904.85,4905.0,4903.55,4905.0
16511,2024-04-08 10:57:00,4903.55,4905.0,4903.55,4904.0
16512,2024-04-08 10:58:00,4905.0,4905.0,4904.0,4905.0
16513,2024-04-08 10:59:00,4904.0,4907.9,4904.0,4905.0
16514,2024-04-08 11:00:00,4904.0,4905.0,4902.4,4902.9
16515,2024-04-08 11:01:00,4903.1,4904.35,4902.0,4903.25
16516,2024-04-08 11:02:00,4903.35,4904.2,4902.0,4902.0
16517,2024-04-08 11:03:00,4903.55,4907.3,4902.0,4902.45
16518,2024-04-08 11:04:00,4903.0,4904.75,4903.0,4903.3
16519,2024-04-08 11:05:00,4903.9,4907.15,4903.3,4904.7
16520,2024-04-08 11:06:00,4904.8,4907.15,4901.0,4901.75
16521,2024-04-08 11:07:00,4903.0,4903.0,4900.6,4900.95
16522,2024-04-08 11:08:00,4900.9,4902.0,4898.0,4898.0
16523,2024-04-08 11:09:00,4897.6,4900.25,4896.15,4899.55
16524,2024-04-08 11:10:00,4899.95,4900.95,4898.0,4898.7
16525,2024-04-08 11:11:00,4900.95,4901.2,4897.65,4898.75
16526,2024-04-08 11:12:00,4898.8,4900.6,4898.75,4900.1
16527,2024-04-08 11:13:00,4900.15,4901.3,4898.75,4899.0
16528,2024-04-08 11:14:00,4898.75,4902.55,4898.75,4901.05
16529,2024-04-08 11:15:00,4902.0,4903.35,4901.05,4901.05
16530,2024-04-08 11:16:00,4902.6,4903.9,4901.0,4903.4
16531,2024-04-08 11:17:00,4902.0,4904.6,4901.75,4902.1
16532,2024-04-08 11:18:00,4904.95,4904.95,4900.05,4901.0
16533,2024-04-08 11:19:00,4900.15,4901.0,4896.0,4896.0
16534,2024-04-08 11:20:00,4898.05,4898.5,4895.55,4896.1
16535,2024-04-08 11:21:00,4896.35,4898.0,4895.5,4895.5
16536,2024-04-08 11:22:00,4895.8,4897.9,4894.55,4897.2
16537,2024-04-08 11:23:00,4895.1,4897.2,4895.0,4895.05
16538,2024-04-08 11:24:00,4896.0,4896.0,4893.5,4893.5
16539,2024-04-08 11:25:00,4893.6,4895.5,4893.0,4893.0
16540,2024-04-08 11:26:00,4893.5,4897.9,4893.05,4896.9
16541,2024-04-08 11:27:00,4897.0,4899.0,4895.65,4897.0
16542,2024-04-08 11:28:00,4896.4,4898.1,4896.0,4896.2
16543,2024-04-08 11:29:00,4896.0,4898.8,4896.0,4896.9
16544,2024-04-08 11:30:00,4898.55,4900.0,4896.2,4899.45
16545,2024-04-08 11:31:00,4897.35,4900.0,4897.25,4897.25
16546,2024-04-08 11:32:00,4898.45,4899.35,4896.0,4896.0
16547,2024-04-08 11:33:00,4897.25,4897.25,4896.0,4896.0
16548,2024-04-08 11:34:00,4898.75,4898.75,4896.0,4896.0
16549,2024-04-08 11:35:00,4897.35,4898.65,4896.0,4896.3
16550,2024-04-08 11:36:00,4898.75,4898.95,4896.0,4896.1
16551,2024-04-08 11:37:00,4896.15,4898.65,4896.1,4897.7
16552,2024-04-08 11:38:00,4898.1,4899.7,4897.0,4898.0
16553,2024-04-08 11:39:00,4897.6,4900.0,4897.1,4899.0
16554,2024-04-08 11:40:00,4900.0,4900.0,4896.65,4896.65
16555,2024-04-08 11:41:00,4897.5,4899.9,4896.65,4898.0
16556,2024-04-08 11:42:00,4898.5,4900.0,4897.4,4897.4
16557,2024-04-08 11:43:00,4899.3,4899.4,4898.0,4899.2
16558,2024-04-08 11:44:00,4899.15,4900.0,4899.15,4899.15
16559,2024-04-08 11:45:00,4900.0,4900.0,4899.15,4899.15
16560,2024-04-08 11:46:00,4899.7,4900.0,4899.15,4899.15
16561,2024-04-08 11:47:00,4899.7,4900.0,4899.15,4900.0
16562,2024-04-08 11:48:00,4899.9,4900.0,4899.85,4899.85
16563,2024-04-08 11:49:00,4899.9,4900.0,4899.85,4899.9
16564,2024-04-08 11:50:00,4900.0,4900.0,4899.9,4899.9
16565,2024-04-08 11:51:00,4900.0,4900.0,4899.9,4900.0
16566,2024-04-08 11:52:00,4899.95,4900.0,4899.9,4899.9
16567,2024-04-08 11:53:00,4899.95,4900.0,4899.15,4899.9
16568,2024-04-08 11:54:00,4899.25,4899.9,4899.15,4899.6
16569,2024-04-08 11:55:00,4899.5,4899.9,4899.5,4899.9
16570,2024-04-08 11:56:00,4899.8,4903.55,4899.8,4902.9
16571,2024-04-08 11:57:00,4902.45,4912.0,4902.45,4908.55
16572,2024-04-08 11:58:00,4910.0,4910.0,4906.0,4907.0
16573,2024-04-08 11:59:00,4906.4,4909.45,4906.0,4907.0
16574,2024-04-08 12:00:00,4907.45,4910.45,4907.0,4910.45
16575,2024-04-08 12:01:00,4910.0,4912.0,4910.0,4910.0
16576,2024-04-08 12:02:00,4911.7,4911.85,4910.0,4911.85
16577,2024-04-08 12:03:00,4911.8,4911.8,4910.0,4910.0
16578,2024-04-08 12:04:00,4910.95,4911.6,4909.0,4910.4
16579,2024-04-08 12:05:00,4909.75,4910.4,4909.1,4910.0
16580,2024-04-08 12:06:00,4909.85,4916.8,4909.85,4915.05
16581,2024-04-08 12:07:00,4915.1,4918.35,4915.0,4915.0
16582,2024-04-08 12:08:00,4914.15,4916.25,4914.05,4915.55
16583,2024-04-08 12:09:00,4916.25,4916.5,4915.55,4916.5
16584,2024-04-08 12:10:00,4916.25,4916.5,4915.15,4915.5
16585,2024-04-08 12:11:00,4915.15,4917.85,4915.15,4916.0
16586,2024-04-08 12:12:00,4916.2,4916.5,4916.0,4916.0
16587,2024-04-08 12:13:00,4916.2,4916.2,4915.15,4915.15
16588,2024-04-08 12:14:00,4916.0,4917.85,4915.2,4917.85
16589,2024-04-08 12:15:00,4916.0,4922.0,4916.0,4920.05
16590,2024-04-08 12:16:00,4921.0,4921.9,4917.05,4917.05
16591,2024-04-08 12:17:00,4917.95,4920.0,4917.05,4917.05
16592,2024-04-08 12:18:00,4917.9,4917.9,4915.5,4917.0
16593,2024-04-08 12:19:00,4915.55,4917.0,4915.15,4915.55
16594,2024-04-08 12:20:00,4917.0,4918.9,4915.45,4918.9
16595,2024-04-08 12:21:00,4917.5,4918.0,4915.45,4915.45
16596,2024-04-08 12:22:00,4917.5,4917.5,4915.45,4916.35
16597,2024-04-08 12:23:00,4915.45,4916.35,4915.15,4915.15
16598,2024-04-08 12:24:00,4916.35,4917.95,4915.15,4916.35
16599,2024-04-08 12:25:00,4916.4,4918.4,4915.05,4917.9
16600,2024-04-08 12:26:00,4916.4,4917.85,4915.7,4916.0
16601,2024-04-08 12:27:00,4917.9,4917.95,4915.5,4917.25
16602,2024-04-08 12:28:00,4916.65,4919.25,4916.65,4917.0
16603,2024-04-08 12:29:00,4917.05,4919.85,4917.05,4919.05
16604,2024-04-08 12:30:00,4917.55,4920.0,4917.55,4918.5
16605,2024-04-08 12:31:00,4919.2,4919.2,4917.15,4918.05
16606,2024-04-08 12:32:00,4918.75,4920.0,4917.65,4918.6
16607,2024-04-08 12:33:00,4918.55,4921.6,4918.55,4918.6
16608,2024-04-08 12:34:00,4918.55,4921.75,4918.05,4918.15
16609,2024-04-08 12:35:00,4920.15,4922.3,4918.2,4918.25
16610,2024-04-08 12:36:00,4920.1,4920.1,4918.25,4918.25
16611,2024-04-08 12:37:00,4918.6,4918.6,4917.0,4917.5
16612,2024-04-08 12:38:00,4918.15,4918.65,4917.0,4917.5
16613,2024-04-08 12:39:00,4917.0,4920.0,4917.0,4918.3
16614,2024-04-08 12:40:00,4917.05,4918.3,4917.05,4917.6
16615,2024-04-08 12:41:00,4917.05,4918.95,4917.05,4917.35
16616,2024-04-08 12:42:00,4918.95,4918.95,4917.0,4917.5
16617,2024-04-08 12:43:00,4917.05,4917.5,4916.0,4916.0
16618,2024-04-08 12:44:00,4916.15,4916.5,4916.0,4916.5
16619,2024-04-08 12:45:00,4916.0,4916.2,4916.0,4916.0
16620,2024-04-08 12:46:00,4916.05,4916.2,4916.0,4916.0
16621,2024-04-08 12:47:00,4916.05,4916.55,4915.1,4916.55
16622,2024-04-08 12:48:00,4916.95,4918.3,4915.5,4916.4
16623,2024-04-08 12:49:00,4915.95,4918.05,4915.5,4915.6
16624,2024-04-08 12:50:00,4915.55,4917.95,4915.55,4917.75
16625,2024-04-08 12:51:00,4915.6,4916.6,4915.5,4915.95
16626,2024-04-08 12:52:00,4915.5,4917.8,4915.5,4915.75
16627,2024-04-08 12:53:00,4915.9,4915.9,4915.75,4915.75
16628,2024-04-08 12:54:00,4915.9,4915.9,4915.5,4915.65
16629,2024-04-08 12:55:00,4915.5,4915.65,4915.5,4915.65
16630,2024-04-08 12:56:00,4915.5,4915.65,4915.5,4915.5
16631,2024-04-08 12:57:00,4915.75,4915.75,4914.0,4915.3
16632,2024-04-08 12:58:00,4915.7,4920.0,4915.0,4918.8
16633,2024-04-08 12:59:00,4916.3,4918.5,4915.3,4915.3
16634,2024-04-08 13:00:00,4916.75,4918.45,4915.0,4916.15
16635,2024-04-08 13:01:00,4915.0,4915.5,4915.0,4915.2
16636,2024-04-08 13:02:00,4915.45,4915.45,4915.0,4915.0
16637,2024-04-08 13:03:00,4915.1,4915.3,4913.05,4915.0
16638,2024-04-08 13:04:00,4915.35,4915.35,4915.0,4915.0
16639,2024-04-08 13:05:00,4915.2,4915.2,4915.0,4915.0
16640,2024-04-08 13:06:00,4915.15,4915.15,4915.0,4915.15
16641,2024-04-08 13:07:00,4915.0,4915.55,4915.0,4915.55
16642,2024-04-08 13:08:00,4916.8,4916.8,4915.2,4916.8
16643,2024-04-08 13:09:00,4915.35,4916.0,4915.35,4915.7
16644,2024-04-08 13:10:00,4915.35,4916.75,4915.35,4915.5
16645,2024-04-08 13:11:00,4915.6,4916.7,4915.5,4916.05
16646,2024-04-08 13:12:00,4915.5,4916.8,4915.5,4915.6
16647,2024-04-08 13:13:00,4915.7,4915.7,4915.0,4915.2
16648,2024-04-08 13:14:00,4915.0,4917.0,4915.0,4915.05
16649,2024-04-08 13:15:00,4917.2,4917.2,4915.0,4915.85
16650,2024-04-08 13:16:00,4915.05,4916.85,4915.0,4915.0
16651,2024-04-08 13:17:00,4915.15,4917.0,4915.0,4915.75
16652,2024-04-08 13:18:00,4915.1,4918.2,4915.1,4917.25
16653,2024-04-08 13:19:00,4915.85,4918.45,4915.85,4916.0
16654,2024-04-08 13:20:00,4917.15,4918.3,4916.0,4916.0
16655,2024-04-08 13:21:00,4916.8,4917.75,4916.0,4917.75
16656,2024-04-08 13:22:00,4917.0,4918.65,4916.0,4918.65
16657,2024-04-08 13:23:00,4918.6,4918.85,4916.35,4916.95
16658,2024-04-08 13:24:00,4916.35,4917.0,4916.0,4916.05
16659,2024-04-08 13:25:00,4916.0,4916.05,4915.0,4915.0
16660,2024-04-08 13:26:00,4915.1,4915.3,4915.0,4915.15
16661,2024-04-08 13:27:00,4915.0,4915.45,4914.9,4915.0
16662,2024-04-08 13:28:00,4915.45,4916.6,4903.35,4909.55
16663,2024-04-08 13:29:00,4909.35,4913.8,4899.3,4905.3
16664,2024-04-08 13:30:00,4905.65,4912.45,4905.5,4906.4
16665,2024-04-08 13:31:00,4906.35,4908.75,4904.0,4904.0
16666,2024-04-08 13:32:00,4904.15,4906.1,4901.55,4903.6
16667,2024-04-08 13:33:00,4905.8,4905.8,4902.0,4902.9
16668,2024-04-08 13:34:00,4903.35,4904.75,4901.25,4904.75
16669,2024-04-08 13:35:00,4904.55,4904.55,4899.55,4901.75
16670,2024-04-08 13:36:00,4900.9,4905.0,4899.45,4905.0
16671,2024-04-08 13:37:00,4905.8,4905.8,4901.5,4905.0
16672,2024-04-08 13:38:00,4905.15,4908.1,4905.15,4906.85
16673,2024-04-08 13:39:00,4907.5,4911.15,4906.85,4906.85
16674,2024-04-08 13:40:00,4908.5,4910.55,4905.05,4908.3
16675,2024-04-08 13:41:00,4908.35,4910.7,4907.85,4909.75
16676,2024-04-08 13:42:00,4910.1,4912.85,4909.75,4911.9
16677,2024-04-08 13:43:00,4911.0,4916.9,4911.0,4912.7
16678,2024-04-08 13:44:00,4911.2,4912.7,4910.8,4910.8
16679,2024-04-08 13:45:00,4910.55,4911.7,4908.55,4908.9
16680,2024-04-08 13:46:00,4908.0,4908.9,4906.45,4908.0
16681,2024-04-08 13:47:00,4905.95,4907.55,4905.05,4905.05
16682,2024-04-08 13:48:00,4905.55,4905.55,4902.3,4902.75
16683,2024-04-08 13:49:00,4902.85,4905.65,4902.85,4904.0
16684,2024-04-08 13:50:00,4904.55,4904.55,4903.85,4903.85
16685,2024-04-08 13:51:00,4903.9,4905.4,4903.85,4904.2
16686,2024-04-08 13:52:00,4904.1,4905.25,4903.85,4903.85
16687,2024-04-08 13:53:00,4904.0,4904.0,4901.0,4901.0
16688,2024-04-08 13:54:00,4901.55,4901.55,4895.65,4895.65
16689,2024-04-08 13:55:00,4896.05,4896.95,4894.0,4895.6
16690,2024-04-08 13:56:00,4894.15,4895.6,4893.05,4895.0
16691,2024-04-08 13:57:00,4894.95,4899.2,4894.0,4897.05
16692,2024-04-08 13:58:00,4895.0,4898.1,4894.65,4897.0
16693,2024-04-08 13:59:00,4898.9,4898.9,4896.35,4897.05
16694,2024-04-08 14:00:00,4898.55,4898.55,4897.05,4897.5
16695,2024-04-08 14:01:00,4898.0,4898.95,4897.5,4898.9
16696,2024-04-08 14:02:00,4898.95,4899.1,4897.05,4898.65
16697,2024-04-08 14:03:00,4897.55,4899.5,4897.0,4898.0
16698,2024-04-08 14:04:00,4899.5,4899.65,4898.0,4898.0
16699,2024-04-08 14:05:00,4899.0,4901.8,4899.0,4900.1
16700,2024-04-08 14:06:00,4901.8,4903.6,4900.0,4903.6
16701,2024-04-08 14:07:00,4902.05,4908.45,4900.75,4908.3
16702,2024-04-08 14:08:00,4907.25,4910.2,4905.0,4907.0
16703,2024-04-08 14:09:00,4907.65,4908.85,4905.1,4906.0
16704,2024-04-08 14:10:00,4906.4,4908.65,4905.0,4906.95
16705,2024-04-08 14:11:00,4905.15,4905.35,4905.0,4905.15
16706,2024-04-08 14:12:00,4905.25,4907.1,4903.85,4903.85
16707,2024-04-08 14:13:00,4906.15,4906.15,4902.55,4904.0
16708,2024-04-08 14:14:00,4904.45,4911.85,4903.0,4911.0
16709,2024-04-08 14:15:00,4911.85,4911.9,4908.55,4908.55
16710,2024-04-08 14:16:00,4909.25,4910.95,4908.0,4908.0
16711,2024-04-08 14:17:00,4908.85,4911.4,4908.85,4910.25
16712,2024-04-08 14:18:00,4910.0,4910.75,4910.0,4910.0
16713,2024-04-08 14:19:00,4910.05,4911.4,4910.0,4911.1
16714,2024-04-08 14:20:00,4910.85,4915.1,4910.85,4912.95
16715,2024-04-08 14:21:00,4915.0,4915.7,4914.0,4914.1
16716,2024-04-08 14:22:00,4912.75,4914.55,4912.0,4912.55
16717,2024-04-08 14:23:00,4910.0,4910.0,4908.05,4909.2
16718,2024-04-08 14:24:00,4909.15,4910.0,4908.0,4908.0
16719,2024-04-08 14:25:00,4910.0,4912.85,4908.9,4911.1
16720,2024-04-08 14:26:00,4912.5,4913.7,4906.25,4906.6
16721,2024-04-08 14:27:00,4907.15,4910.35,4906.5,4908.05
16722,2024-04-08 14:28:00,4908.4,4908.55,4906.5,4907.35
16723,2024-04-08 14:29:00,4906.6,4909.95,4906.6,4906.6
16724,2024-04-08 14:30:00,4906.65,4911.4,4906.65,4909.8
16725,2024-04-08 14:31:00,4910.6,4911.75,4909.0,4909.75
16726,2024-04-08 14:32:00,4910.0,4911.9,4909.0,4909.0
16727,2024-04-08 14:33:00,4910.6,4913.0,4909.0,4910.35
16728,2024-04-08 14:34:00,4910.45,4912.95,4910.0,4910.75
16729,2024-04-08 14:35:00,4912.95,4914.5,4910.3,4914.5
16730,2024-04-08 14:36:00,4914.6,4917.85,4914.6,4917.8
16731,2024-04-08 14:37:00,4917.85,4918.7,4917.0,4917.0
16732,2024-04-08 14:38:00,4915.7,4917.1,4910.45,4910.45
16733,2024-04-08 14:39:00,4914.9,4914.9,4909.0,4910.0
16734,2024-04-08 14:40:00,4908.4,4912.65,4906.0,4906.0
16735,2024-04-08 14:41:00,4907.05,4908.05,4901.05,4905.0
16736,2024-04-08 14:42:00,4904.95,4907.1,4902.1,4906.0
16737,2024-04-08 14:43:00,4905.0,4909.15,4905.0,4906.0
16738,2024-04-08 14:44:00,4906.55,4908.4,4906.0,4908.25
16739,2024-04-08 14:45:00,4907.0,4918.9,4905.95,4917.6
16740,2024-04-08 14:46:00,4917.9,4917.95,4908.45,4909.9
16741,2024-04-08 14:47:00,4912.0,4913.85,4909.55,4910.5
16742,2024-04-08 14:48:00,4910.7,4913.95,4909.25,4910.0
16743,2024-04-08 14:49:00,4908.85,4910.8,4905.0,4905.0
16744,2024-04-08 14:50:00,4903.85,4906.05,4900.85,4901.0
16745,2024-04-08 14:51:00,4900.55,4903.55,4900.0,4900.9
16746,2024-04-08 14:52:00,4900.5,4902.65,4897.0,4897.5
16747,2024-04-08 14:53:00,4897.55,4900.0,4895.0,4895.05
16748,2024-04-08 14:54:00,4896.75,4897.5,4894.0,4896.7
16749,2024-04-08 14:55:00,4897.0,4897.65,4894.95,4895.6
16750,2024-04-08 14:56:00,4894.15,4895.6,4891.95,4891.95
16751,2024-04-08 14:57:00,4891.75,4891.75,4886.75,4887.05
16752,2024-04-08 14:58:00,4888.25,4888.25,4885.5,4888.2
16753,2024-04-08 14:59:00,4888.25,4889.0,4885.0,4886.5
16754,2024-04-08 15:00:00,4888.8,4891.45,4886.0,4888.9
16755,2024-04-08 15:01:00,4890.5,4890.5,4885.05,4888.7
16756,2024-04-08 15:02:00,4888.55,4890.05,4885.05,4889.2
16757,2024-04-08 15:03:00,4887.8,4889.15,4885.0,4887.45
16758,2024-04-08 15:04:00,4887.9,4890.15,4885.8,4888.9
16759,2024-04-08 15:05:00,4889.05,4892.0,4886.75,4890.25
16760,2024-04-08 15:06:00,4890.2,4892.95,4890.0,4890.05
16761,2024-04-08 15:07:00,4890.0,4890.9,4887.0,4889.1
16762,2024-04-08 15:08:00,4889.65,4896.4,4888.5,4895.05
16763,2024-04-08 15:09:00,4895.55,4898.9,4895.0,4898.9
16764,2024-04-08 15:10:00,4898.05,4900.65,4895.0,4896.65
16765,2024-04-08 15:11:00,4896.85,4899.8,4895.0,4897.9
16766,2024-04-08 15:12:00,4898.0,4900.0,4895.9,4900.0
16767,2024-04-08 15:13:00,4899.4,4903.7,4899.4,4903.0
16768,2024-04-08 15:14:00,4903.9,4905.0,4901.05,4905.0
16769,2024-04-08 15:15:00,4904.95,4905.0,4900.2,4902.0
16770,2024-04-08 15:16:00,4902.7,4903.5,4900.0,4902.35
16771,2024-04-08 15:17:00,4901.15,4902.6,4899.6,4901.85
16772,2024-04-08 15:18:00,4900.8,4903.5,4900.8,4901.35
16773,2024-04-08 15:19:00,4901.3,4903.85,4901.2,4903.8
16774,2024-04-08 15:20:00,4903.7,4904.0,4900.05,4900.1
16775,2024-04-08 15:21:00,4900.0,4903.7,4900.0,4903.55
16776,2024-04-08 15:22:00,4903.5,4903.5,4899.55,4903.35
16777,2024-04-08 15:23:00,4903.4,4904.65,4900.0,4904.65
16778,2024-04-08 15:24:00,4904.7,4905.0,4901.0,4904.9
16779,2024-04-08 15:25:00,4903.4,4905.0,4903.0,4905.0
16780,2024-04-08 15:26:00,4904.75,4904.95,4900.05,4901.0
16781,2024-04-08 15:27:00,4902.9,4904.95,4900.0,4903.25
16782,2024-04-08 15:28:00,4903.0,4903.0,4895.0,4895.0
16783,2024-04-08 15:29:00,4891.3,4905.0,4890.0,4904.95
16784,2024-04-09 09:14:00,4936.0,4936.0,4936.0,4936.0
16785,2024-04-09 09:15:00,4930.0,4930.0,4909.95,4916.2
16786,2024-04-09 09:16:00,4913.0,4922.0,4913.0,4921.5
16787,2024-04-09 09:17:00,4919.7,4919.9,4912.9,4919.65
16788,2024-04-09 09:18:00,4916.6,4919.6,4912.0,4912.0
16789,2024-04-09 09:19:00,4912.1,4915.15,4906.2,4912.0
16790,2024-04-09 09:20:00,4913.2,4920.45,4912.6,4920.1
16791,2024-04-09 09:21:00,4916.55,4927.0,4915.0,4922.35
16792,2024-04-09 09:22:00,4923.5,4924.45,4919.5,4922.05
16793,2024-04-09 09:23:00,4923.35,4928.75,4921.55,4927.55
16794,2024-04-09 09:24:00,4927.95,4930.0,4925.0,4929.95
16795,2024-04-09 09:25:00,4926.95,4933.95,4926.95,4933.95
16796,2024-04-09 09:26:00,4934.15,4938.5,4930.4,4933.9
16797,2024-04-09 09:27:00,4936.2,4936.2,4931.4,4934.2
16798,2024-04-09 09:28:00,4934.9,4941.0,4933.0,4940.0
16799,2024-04-09 09:29:00,4940.45,4949.85,4940.0,4949.85
16800,2024-04-09 09:30:00,4949.0,4954.15,4949.0,4949.25
16801,2024-04-09 09:31:00,4949.65,4952.95,4949.65,4951.8
16802,2024-04-09 09:32:00,4951.65,4953.0,4949.0,4950.0
16803,2024-04-09 09:33:00,4949.0,4954.25,4949.0,4952.2
16804,2024-04-09 09:34:00,4954.0,4969.0,4952.45,4962.0
16805,2024-04-09 09:35:00,4963.7,4967.65,4963.0,4965.0
16806,2024-04-09 09:36:00,4964.6,4968.2,4963.35,4967.0
16807,2024-04-09 09:37:00,4967.85,4972.35,4967.0,4971.95
16808,2024-04-09 09:38:00,4972.0,4972.0,4963.0,4965.55
16809,2024-04-09 09:39:00,4963.25,4967.9,4963.25,4967.45
16810,2024-04-09 09:40:00,4965.15,4967.9,4960.55,4962.55
16811,2024-04-09 09:41:00,4959.3,4959.3,4950.5,4950.5
16812,2024-04-09 09:42:00,4953.45,4953.55,4950.0,4953.55
16813,2024-04-09 09:43:00,4954.2,4954.95,4946.6,4948.9
16814,2024-04-09 09:44:00,4947.7,4953.85,4947.4,4951.95
16815,2024-04-09 09:45:00,4946.55,4952.0,4943.4,4951.2
16816,2024-04-09 09:46:00,4950.05,4950.2,4946.0,4946.1
16817,2024-04-09 09:47:00,4945.55,4946.1,4942.0,4943.2
16818,2024-04-09 09:48:00,4945.0,4946.5,4941.55,4946.3
16819,2024-04-09 09:49:00,4946.5,4952.95,4946.5,4952.3
16820,2024-04-09 09:50:00,4951.95,4953.8,4950.0,4953.8
16821,2024-04-09 09:51:00,4952.95,4959.15,4952.95,4959.15
16822,2024-04-09 09:52:00,4961.35,4961.45,4954.4,4954.45
16823,2024-04-09 09:53:00,4955.25,4958.0,4954.25,4956.55
16824,2024-04-09 09:54:00,4957.75,4958.0,4955.0,4956.8
16825,2024-04-09 09:55:00,4956.85,4956.85,4951.0,4954.0
16826,2024-04-09 09:56:00,4953.05,4958.0,4952.0,4955.9
16827,2024-04-09 09:57:00,4957.75,4957.8,4950.5,4954.15
16828,2024-04-09 09:58:00,4954.1,4954.9,4948.3,4951.6
16829,2024-04-09 09:59:00,4950.05,4954.15,4947.65,4953.45
16830,2024-04-09 10:00:00,4953.55,4953.55,4947.25,4950.0
16831,2024-04-09 10:01:00,4948.95,4952.0,4948.05,4952.0
16832,2024-04-09 10:02:00,4953.5,4956.0,4949.95,4953.15
16833,2024-04-09 10:03:00,4953.55,4954.5,4950.4,4951.55
16834,2024-04-09 10:04:00,4951.5,4953.5,4949.55,4951.6
16835,2024-04-09 10:05:00,4953.25,4953.35,4949.65,4952.3
16836,2024-04-09 10:06:00,4952.75,4953.1,4948.05,4953.1
16837,2024-04-09 10:07:00,4953.6,4957.0,4953.0,4954.1
16838,2024-04-09 10:08:00,4954.05,4957.0,4953.2,4957.0
16839,2024-04-09 10:09:00,4958.0,4959.7,4955.25,4957.4
16840,2024-04-09 10:10:00,4957.45,4964.0,4954.65,4963.95
16841,2024-04-09 10:11:00,4964.0,4966.05,4963.0,4966.05
16842,2024-04-09 10:12:00,4965.0,4971.7,4964.3,4971.55
16843,2024-04-09 10:13:00,4970.05,4973.1,4969.9,4969.9
16844,2024-04-09 10:14:00,4967.0,4969.5,4961.7,4965.0
16845,2024-04-09 10:15:00,4963.25,4965.8,4961.1,4961.1
16846,2024-04-09 10:16:00,4961.15,4963.45,4960.3,4961.45
16847,2024-04-09 10:17:00,4961.5,4963.0,4957.05,4957.05
16848,2024-04-09 10:18:00,4956.0,4956.0,4953.0,4954.0
16849,2024-04-09 10:19:00,4954.15,4956.15,4953.0,4953.0
16850,2024-04-09 10:20:00,4953.9,4955.0,4951.9,4951.9
16851,2024-04-09 10:21:00,4951.6,4951.6,4945.15,4945.35
16852,2024-04-09 10:22:00,4945.5,4945.5,4934.55,4939.15
16853,2024-04-09 10:23:00,4937.95,4945.2,4936.0,4936.6
16854,2024-04-09 10:24:00,4936.0,4937.2,4935.0,4935.35
16855,2024-04-09 10:25:00,4936.55,4940.0,4935.1,4936.85
16856,2024-04-09 10:26:00,4936.6,4939.7,4936.2,4936.55
16857,2024-04-09 10:27:00,4938.85,4939.0,4936.35,4936.35
16858,2024-04-09 10:28:00,4938.25,4941.0,4936.25,4937.6
16859,2024-04-09 10:29:00,4940.35,4943.7,4937.2,4940.1
16860,2024-04-09 10:30:00,4941.3,4944.9,4938.5,4938.5
16861,2024-04-09 10:31:00,4937.2,4938.7,4931.3,4932.0
16862,2024-04-09 10:32:00,4933.4,4934.65,4930.0,4933.15
16863,2024-04-09 10:33:00,4932.0,4935.0,4930.35,4933.0
16864,2024-04-09 10:34:00,4932.85,4935.5,4932.85,4935.2
16865,2024-04-09 10:35:00,4933.0,4935.95,4932.85,4934.95
16866,2024-04-09 10:36:00,4935.0,4935.0,4932.85,4932.9
16867,2024-04-09 10:37:00,4932.85,4934.4,4931.8,4931.8
16868,2024-04-09 10:38:00,4932.9,4933.65,4930.05,4931.45
16869,2024-04-09 10:39:00,4931.0,4931.0,4926.9,4926.9
16870,2024-04-09 10:40:00,4927.05,4929.55,4924.45,4925.1
16871,2024-04-09 10:41:00,4924.45,4926.0,4922.0,4923.0
16872,2024-04-09 10:42:00,4923.1,4924.95,4923.0,4924.7
16873,2024-04-09 10:43:00,4923.2,4925.0,4923.2,4924.55
16874,2024-04-09 10:44:00,4925.0,4928.25,4923.45,4924.05
16875,2024-04-09 10:45:00,4926.7,4927.4,4924.0,4927.0
16876,2024-04-09 10:46:00,4927.05,4928.4,4927.0,4927.05
16877,2024-04-09 10:47:00,4927.95,4931.5,4927.05,4928.5
16878,2024-04-09 10:48:00,4927.95,4930.75,4927.05,4928.0
16879,2024-04-09 10:49:00,4930.2,4930.4,4928.05,4928.05
16880,2024-04-09 10:50:00,4930.25,4931.5,4928.0,4928.0
16881,2024-04-09 10:51:00,4929.7,4930.7,4928.0,4930.7
16882,2024-04-09 10:52:00,4928.05,4930.45,4928.0,4928.05
16883,2024-04-09 10:53:00,4928.1,4933.95,4928.0,4933.35
16884,2024-04-09 10:54:00,4935.35,4935.35,4931.3,4931.35
16885,2024-04-09 10:55:00,4931.3,4934.65,4931.2,4931.8
16886,2024-04-09 10:56:00,4934.0,4938.25,4934.0,4935.0
16887,2024-04-09 10:57:00,4936.7,4939.45,4935.0,4937.85
16888,2024-04-09 10:58:00,4937.0,4937.0,4935.0,4935.0
16889,2024-04-09 10:59:00,4936.8,4937.0,4935.0,4935.05
16890,2024-04-09 11:00:00,4936.7,4937.45,4935.05,4935.55
16891,2024-04-09 11:01:00,4937.35,4938.9,4935.55,4938.8
16892,2024-04-09 11:02:00,4935.45,4938.55,4935.45,4935.55
16893,2024-04-09 11:03:00,4935.6,4937.7,4935.55,4935.75
16894,2024-04-09 11:04:00,4937.05,4937.05,4935.05,4935.05
16895,2024-04-09 11:05:00,4935.1,4938.95,4935.1,4937.2
16896,2024-04-09 11:06:00,4937.15,4938.85,4937.05,4937.05
16897,2024-04-09 11:07:00,4937.0,4937.0,4932.7,4932.7
16898,2024-04-09 11:08:00,4932.2,4932.85,4928.0,4928.05
16899,2024-04-09 11:09:00,4928.2,4929.6,4925.25,4925.85
16900,2024-04-09 11:10:00,4927.0,4927.0,4925.0,4925.1
16901,2024-04-09 11:11:00,4925.0,4926.5,4922.0,4922.1
16902,2024-04-09 11:12:00,4922.75,4925.3,4922.75,4924.55
16903,2024-04-09 11:13:00,4924.0,4924.55,4923.0,4924.05
16904,2024-04-09 11:14:00,4923.0,4924.7,4922.5,4922.55
16905,2024-04-09 11:15:00,4922.5,4924.85,4922.2,4922.5
16906,2024-04-09 11:16:00,4923.0,4925.0,4921.0,4921.0
16907,2024-04-09 11:17:00,4922.1,4924.0,4920.0,4921.45
16908,2024-04-09 11:18:00,4921.5,4923.6,4920.5,4920.8
16909,2024-04-09 11:19:00,4922.75,4922.85,4920.7,4920.8
16910,2024-04-09 11:20:00,4921.95,4923.2,4920.8,4921.1
16911,2024-04-09 11:21:00,4921.95,4922.0,4921.1,4922.0
16912,2024-04-09 11:22:00,4921.15,4922.0,4921.1,4921.1
16913,2024-04-09 11:23:00,4922.0,4922.0,4921.1,4921.1
16914,2024-04-09 11:24:00,4921.9,4922.0,4921.15,4921.25
16915,2024-04-09 11:25:00,4921.1,4924.65,4921.1,4921.75
16916,2024-04-09 11:26:00,4924.75,4925.5,4921.7,4921.75
16917,2024-04-09 11:27:00,4922.0,4924.05,4921.3,4921.35
16918,2024-04-09 11:28:00,4921.5,4921.5,4921.3,4921.3
16919,2024-04-09 11:29:00,4922.0,4922.0,4921.3,4922.0
16920,2024-04-09 11:30:00,4921.3,4922.0,4920.0,4920.05
16921,2024-04-09 11:31:00,4920.0,4920.05,4913.95,4914.05
16922,2024-04-09 11:32:00,4915.9,4917.95,4914.9,4914.9
16923,2024-04-09 11:33:00,4915.25,4915.25,4913.05,4913.05
16924,2024-04-09 11:34:00,4914.0,4915.4,4913.05,4913.05
16925,2024-04-09 11:35:00,4913.25,4914.75,4911.85,4911.85
16926,2024-04-09 11:36:00,4911.3,4913.3,4911.0,4911.0
16927,2024-04-09 11:37:00,4912.8,4913.15,4908.0,4910.2
16928,2024-04-09 11:38:00,4912.4,4914.35,4910.3,4914.35
16929,2024-04-09 11:39:00,4914.8,4916.25,4912.0,4912.05
16930,2024-04-09 11:40:00,4913.95,4913.95,4911.65,4911.65
16931,2024-04-09 11:41:00,4912.0,4912.0,4910.0,4910.15
16932,2024-04-09 11:42:00,4910.25,4910.9,4909.0,4909.0
16933,2024-04-09 11:43:00,4908.0,4909.95,4908.0,4908.05
16934,2024-04-09 11:44:00,4908.6,4908.6,4902.7,4902.7
16935,2024-04-09 11:45:00,4902.15,4906.45,4902.15,4904.95
16936,2024-04-09 11:46:00,4904.25,4906.0,4903.45,4903.45
16937,2024-04-09 11:47:00,4903.5,4905.0,4903.0,4904.1
16938,2024-04-09 11:48:00,4904.0,4906.05,4903.0,4903.3
16939,2024-04-09 11:49:00,4905.2,4906.0,4901.0,4901.0
16940,2024-04-09 11:50:00,4901.05,4904.9,4900.4,4903.05
16941,2024-04-09 11:51:00,4903.8,4905.85,4903.05,4903.2
16942,2024-04-09 11:52:00,4904.15,4904.9,4901.6,4902.0
16943,2024-04-09 11:53:00,4901.6,4904.45,4901.6,4903.0
16944,2024-04-09 11:54:00,4904.3,4905.95,4902.95,4905.5
16945,2024-04-09 11:55:00,4906.2,4908.95,4905.55,4907.0
16946,2024-04-09 11:56:00,4906.4,4909.45,4906.4,4907.0
16947,2024-04-09 11:57:00,4909.45,4909.45,4905.0,4905.45
16948,2024-04-09 11:58:00,4905.0,4907.45,4904.7,4905.45
16949,2024-04-09 11:59:00,4905.2,4907.25,4904.0,4904.05
16950,2024-04-09 12:00:00,4904.2,4906.4,4902.1,4902.5
16951,2024-04-09 12:01:00,4902.1,4905.95,4902.1,4902.55
16952,2024-04-09 12:02:00,4902.65,4906.2,4902.5,4903.0
16953,2024-04-09 12:03:00,4904.45,4904.45,4902.25,4902.35
16954,2024-04-09 12:04:00,4902.1,4902.5,4902.05,4902.2
16955,2024-04-09 12:05:00,4902.5,4902.5,4902.2,4902.25
16956,2024-04-09 12:06:00,4902.1,4902.25,4900.0,4900.05
16957,2024-04-09 12:07:00,4900.0,4902.5,4900.0,4901.8
16958,2024-04-09 12:08:00,4900.45,4902.5,4900.45,4901.0
16959,2024-04-09 12:09:00,4902.0,4902.5,4901.5,4902.0
16960,2024-04-09 12:10:00,4903.0,4903.0,4902.0,4902.0
16961,2024-04-09 12:11:00,4902.05,4902.5,4902.0,4902.25
16962,2024-04-09 12:12:00,4902.5,4902.5,4897.35,4897.35
16963,2024-04-09 12:13:00,4897.4,4900.95,4895.1,4899.05
16964,2024-04-09 12:14:00,4898.9,4901.15,4898.0,4898.0
16965,2024-04-09 12:15:00,4900.2,4901.05,4895.2,4895.6
16966,2024-04-09 12:16:00,4895.2,4895.55,4890.6,4894.35
16967,2024-04-09 12:17:00,4894.0,4894.0,4892.1,4892.25
16968,2024-04-09 12:18:00,4893.85,4893.85,4891.6,4891.7
16969,2024-04-09 12:19:00,4892.0,4893.5,4891.55,4891.55
16970,2024-04-09 12:20:00,4892.85,4893.65,4891.2,4891.2
16971,2024-04-09 12:21:00,4890.05,4891.65,4888.0,4889.55
16972,2024-04-09 12:22:00,4889.5,4891.0,4888.85,4889.0
16973,2024-04-09 12:23:00,4890.5,4892.75,4888.0,4888.95
16974,2024-04-09 12:24:00,4888.0,4890.0,4888.0,4888.0
16975,2024-04-09 12:25:00,4888.05,4890.9,4888.05,4889.05
16976,2024-04-09 12:26:00,4888.2,4891.75,4888.15,4888.2
16977,2024-04-09 12:27:00,4888.1,4889.65,4884.0,4884.0
16978,2024-04-09 12:28:00,4884.1,4887.0,4883.55,4884.3
16979,2024-04-09 12:29:00,4885.4,4887.6,4884.1,4884.7
16980,2024-04-09 12:30:00,4884.75,4888.55,4884.25,4884.45
16981,2024-04-09 12:31:00,4885.6,4886.45,4884.05,4886.1
16982,2024-04-09 12:32:00,4887.5,4891.0,4884.0,4888.0
16983,2024-04-09 12:33:00,4889.95,4891.55,4886.1,4888.9
16984,2024-04-09 12:34:00,4888.5,4888.9,4885.05,4886.1
16985,2024-04-09 12:35:00,4886.0,4887.15,4883.0,4885.4
16986,2024-04-09 12:36:00,4883.1,4886.95,4880.0,4885.85
16987,2024-04-09 12:37:00,4888.85,4892.0,4887.4,4891.95
16988,2024-04-09 12:38:00,4890.1,4893.9,4890.1,4890.35
16989,2024-04-09 12:39:00,4890.3,4892.45,4886.05,4889.6
16990,2024-04-09 12:40:00,4889.3,4893.9,4888.05,4891.1
16991,2024-04-09 12:41:00,4893.75,4895.0,4891.4,4892.3
16992,2024-04-09 12:42:00,4891.45,4894.9,4891.1,4894.9
16993,2024-04-09 12:43:00,4892.45,4894.95,4891.85,4892.65
16994,2024-04-09 12:44:00,4892.35,4894.85,4891.8,4894.0
16995,2024-04-09 12:45:00,4892.1,4898.0,4892.1,4898.0
16996,2024-04-09 12:46:00,4897.0,4903.9,4895.35,4900.65
16997,2024-04-09 12:47:00,4902.95,4903.9,4900.0,4901.85
16998,2024-04-09 12:48:00,4900.0,4900.05,4896.45,4896.45
16999,2024-04-09 12:49:00,4898.1,4900.0,4896.0,4897.0
17000,2024-04-09 12:50:00,4896.0,4896.95,4893.45,4895.0
17001,2024-04-09 12:51:00,4896.6,4899.6,4894.85,4897.0
17002,2024-04-09 12:52:00,4896.2,4899.0,4895.2,4898.1
17003,2024-04-09 12:53:00,4895.3,4898.0,4895.3,4896.85
17004,2024-04-09 12:54:00,4898.0,4898.0,4896.15,4896.45
17005,2024-04-09 12:55:00,4896.05,4897.55,4896.0,4896.75
17006,2024-04-09 12:56:00,4897.5,4897.95,4896.0,4896.0
17007,2024-04-09 12:57:00,4896.05,4897.15,4896.0,4897.15
17008,2024-04-09 12:58:00,4896.0,4897.7,4896.0,4897.7
17009,2024-04-09 12:59:00,4894.35,4894.5,4894.2,4894.25
17010,2024-04-09 13:00:00,4894.2,4895.95,4893.0,4893.5
17011,2024-04-09 13:01:00,4892.1,4892.1,4890.0,4890.05
17012,2024-04-09 13:02:00,4892.0,4895.65,4891.6,4893.5
17013,2024-04-09 13:03:00,4892.75,4897.0,4892.75,4894.45
17014,2024-04-09 13:04:00,4894.4,4895.9,4894.4,4895.0
17015,2024-04-09 13:05:00,4894.45,4895.0,4891.25,4894.35
17016,2024-04-09 13:06:00,4894.05,4894.45,4891.55,4892.15
17017,2024-04-09 13:07:00,4894.1,4895.0,4892.8,4893.55
17018,2024-04-09 13:08:00,4893.5,4896.8,4893.5,4895.5
17019,2024-04-09 13:09:00,4897.55,4899.0,4895.6,4898.0
17020,2024-04-09 13:10:00,4896.65,4899.0,4896.25,4898.25
17021,2024-04-09 13:11:00,4898.3,4898.3,4895.55,4897.0
17022,2024-04-09 13:12:00,4896.0,4898.25,4895.35,4895.65
17023,2024-04-09 13:13:00,4898.2,4898.25,4895.35,4895.35
17024,2024-04-09 13:14:00,4895.3,4897.35,4895.0,4895.0
17025,2024-04-09 13:15:00,4895.05,4895.05,4891.1,4893.2
17026,2024-04-09 13:16:00,4893.15,4893.35,4891.1,4893.15
17027,2024-04-09 13:17:00,4892.25,4894.0,4891.75,4892.3
17028,2024-04-09 13:18:00,4893.05,4894.65,4892.0,4894.5
17029,2024-04-09 13:19:00,4891.85,4892.4,4891.0,4891.0
17030,2024-04-09 13:20:00,4892.3,4892.3,4886.6,4886.6
17031,2024-04-09 13:21:00,4886.15,4887.9,4883.0,4885.8
17032,2024-04-09 13:22:00,4885.9,4889.65,4885.9,4887.15
17033,2024-04-09 13:23:00,4887.1,4889.2,4886.35,4887.4
17034,2024-04-09 13:24:00,4887.0,4890.1,4887.0,4887.65
17035,2024-04-09 13:25:00,4887.2,4890.0,4887.2,4890.0
17036,2024-04-09 13:26:00,4888.6,4892.0,4888.6,4890.0
17037,2024-04-09 13:27:00,4892.0,4893.65,4890.8,4890.8
17038,2024-04-09 13:28:00,4892.05,4892.05,4890.05,4891.05
17039,2024-04-09 13:29:00,4892.35,4893.4,4890.05,4890.55
17040,2024-04-09 13:30:00,4891.05,4891.6,4888.95,4889.15
17041,2024-04-09 13:31:00,4892.15,4892.15,4889.0,4889.25
17042,2024-04-09 13:32:00,4891.25,4891.25,4888.55,4888.8
17043,2024-04-09 13:33:00,4888.05,4889.5,4887.25,4887.95
17044,2024-04-09 13:34:00,4887.35,4889.4,4887.3,4888.0
17045,2024-04-09 13:35:00,4888.95,4890.75,4888.0,4889.3
17046,2024-04-09 13:36:00,4889.0,4892.05,4888.0,4889.3
17047,2024-04-09 13:37:00,4889.0,4891.15,4889.0,4889.0
17048,2024-04-09 13:38:00,4889.05,4891.15,4889.0,4890.05
17049,2024-04-09 13:39:00,4891.95,4892.9,4890.0,4891.0
17050,2024-04-09 13:40:00,4890.15,4891.75,4889.15,4889.5
17051,2024-04-09 13:41:00,4889.15,4891.75,4889.0,4891.75
17052,2024-04-09 13:42:00,4890.05,4891.6,4889.25,4891.5
17053,2024-04-09 13:43:00,4889.45,4892.1,4889.45,4891.5
17054,2024-04-09 13:44:00,4892.0,4892.0,4890.05,4890.1
17055,2024-04-09 13:45:00,4891.4,4891.95,4889.1,4891.35
17056,2024-04-09 13:46:00,4889.05,4891.35,4889.0,4889.1
17057,2024-04-09 13:47:00,4889.0,4890.75,4888.05,4888.05
17058,2024-04-09 13:48:00,4888.55,4889.9,4887.25,4887.85
17059,2024-04-09 13:49:00,4889.8,4889.8,4886.05,4886.45
17060,2024-04-09 13:50:00,4886.0,4888.0,4885.6,4887.05
17061,2024-04-09 13:51:00,4888.0,4888.0,4886.05,4887.4
17062,2024-04-09 13:52:00,4889.75,4889.85,4887.0,4887.0
17063,2024-04-09 13:53:00,4886.95,4886.95,4884.1,4885.0
17064,2024-04-09 13:54:00,4884.95,4885.1,4884.05,4884.05
17065,2024-04-09 13:55:00,4884.0,4884.95,4884.0,4884.0
17066,2024-04-09 13:56:00,4884.95,4885.1,4882.0,4884.55
17067,2024-04-09 13:57:00,4882.5,4883.75,4880.7,4883.75
17068,2024-04-09 13:58:00,4883.85,4884.75,4883.7,4883.7
17069,2024-04-09 13:59:00,4883.0,4884.5,4881.95,4884.15
17070,2024-04-09 14:00:00,4884.55,4886.65,4882.6,4884.05
17071,2024-04-09 14:01:00,4883.05,4884.5,4882.95,4884.0
17072,2024-04-09 14:02:00,4882.95,4884.35,4882.0,4883.0
17073,2024-04-09 14:03:00,4884.05,4884.5,4883.0,4883.25
17074,2024-04-09 14:04:00,4883.1,4883.9,4883.0,4883.7
17075,2024-04-09 14:05:00,4883.1,4886.8,4883.1,4885.25
17076,2024-04-09 14:06:00,4887.45,4887.45,4884.2,4887.05
17077,2024-04-09 14:07:00,4886.0,4892.45,4885.05,4892.4
17078,2024-04-09 14:08:00,4892.5,4892.5,4888.75,4890.0
17079,2024-04-09 14:09:00,4888.0,4890.0,4887.65,4887.65
17080,2024-04-09 14:10:00,4887.95,4888.0,4887.5,4887.6
17081,2024-04-09 14:11:00,4886.0,4886.95,4885.6,4885.95
17082,2024-04-09 14:12:00,4888.0,4888.4,4885.95,4886.4
17083,2024-04-09 14:13:00,4888.45,4888.45,4886.4,4886.4
17084,2024-04-09 14:14:00,4886.35,4886.4,4883.1,4883.1
17085,2024-04-09 14:15:00,4883.2,4884.7,4882.3,4883.0
17086,2024-04-09 14:16:00,4884.7,4886.8,4882.0,4886.8
17087,2024-04-09 14:17:00,4886.75,4892.15,4885.0,4891.65
17088,2024-04-09 14:18:00,4891.8,4895.0,4890.05,4893.15
17089,2024-04-09 14:19:00,4893.1,4894.4,4892.15,4892.15
17090,2024-04-09 14:20:00,4893.05,4895.0,4892.0,4892.0
17091,2024-04-09 14:21:00,4891.95,4891.95,4890.0,4890.0
17092,2024-04-09 14:22:00,4889.95,4894.0,4889.0,4891.0
17093,2024-04-09 14:23:00,4892.3,4894.0,4891.6,4891.8
17094,2024-04-09 14:24:00,4893.9,4896.1,4892.75,4893.5
17095,2024-04-09 14:25:00,4893.05,4894.9,4891.6,4891.6
17096,2024-04-09 14:26:00,4891.55,4893.15,4891.0,4891.05
17097,2024-04-09 14:27:00,4891.5,4893.15,4891.4,4891.5
17098,2024-04-09 14:28:00,4891.65,4897.35,4891.65,4893.35
17099,2024-04-09 14:29:00,4895.3,4895.3,4892.0,4892.0
17100,2024-04-09 14:30:00,4893.85,4893.85,4890.15,4892.5
17101,2024-04-09 14:31:00,4892.0,4892.0,4890.1,4891.75
17102,2024-04-09 14:32:00,4895.2,4895.2,4890.1,4892.4
17103,2024-04-09 14:33:00,4894.95,4894.95,4890.05,4891.2
17104,2024-04-09 14:34:00,4890.75,4892.55,4890.0,4892.0
17105,2024-04-09 14:35:00,4890.0,4890.9,4890.0,4890.0
17106,2024-04-09 14:36:00,4891.8,4892.4,4890.0,4892.4
17107,2024-04-09 14:37:00,4892.85,4892.85,4889.95,4890.05
17108,2024-04-09 14:38:00,4891.2,4892.95,4890.0,4890.4
17109,2024-04-09 14:39:00,4890.0,4895.4,4890.0,4891.8
17110,2024-04-09 14:40:00,4891.6,4893.7,4890.0,4890.8
17111,2024-04-09 14:41:00,4891.45,4891.5,4890.0,4890.0
17112,2024-04-09 14:42:00,4891.05,4891.05,4889.95,4890.0
17113,2024-04-09 14:43:00,4890.05,4890.2,4890.0,4890.0
17114,2024-04-09 14:44:00,4889.95,4891.0,4889.95,4890.0
17115,2024-04-09 14:45:00,4890.05,4891.25,4890.0,4890.7
17116,2024-04-09 14:46:00,4890.65,4892.95,4890.5,4891.0
17117,2024-04-09 14:47:00,4892.95,4893.4,4891.05,4892.9
17118,2024-04-09 14:48:00,4894.05,4894.95,4892.05,4892.05
17119,2024-04-09 14:49:00,4892.2,4892.9,4890.2,4890.3
17120,2024-04-09 14:50:00,4892.25,4894.0,4891.25,4892.55
17121,2024-04-09 14:51:00,4894.0,4894.0,4891.65,4892.3
17122,2024-04-09 14:52:00,4893.0,4893.0,4892.05,4892.05
17123,2024-04-09 14:53:00,4892.0,4892.75,4890.15,4891.1
17124,2024-04-09 14:54:00,4893.0,4893.0,4890.25,4890.3
17125,2024-04-09 14:55:00,4893.0,4893.65,4891.1,4891.15
17126,2024-04-09 14:56:00,4894.0,4894.55,4890.5,4893.4
17127,2024-04-09 14:57:00,4893.95,4894.0,4890.5,4890.5
17128,2024-04-09 14:58:00,4893.3,4893.65,4891.0,4891.0
17129,2024-04-09 14:59:00,4890.6,4892.6,4890.6,4891.0
17130,2024-04-09 15:00:00,4891.1,4891.1,4890.6,4890.65
17131,2024-04-09 15:01:00,4890.6,4890.65,4890.0,4890.1
17132,2024-04-09 15:02:00,4890.05,4891.35,4890.0,4890.35
17133,2024-04-09 15:03:00,4890.6,4890.7,4890.0,4890.6
17134,2024-04-09 15:04:00,4890.5,4891.9,4890.0,4890.15
17135,2024-04-09 15:05:00,4890.0,4891.9,4890.0,4890.8
17136,2024-04-09 15:06:00,4891.7,4892.15,4890.0,4890.35
17137,2024-04-09 15:07:00,4891.85,4891.85,4890.0,4890.0
17138,2024-04-09 15:08:00,4890.05,4891.9,4890.0,4891.9
17139,2024-04-09 15:09:00,4890.65,4897.7,4890.25,4897.7
17140,2024-04-09 15:10:00,4894.4,4896.05,4890.0,4890.0
17141,2024-04-09 15:11:00,4890.2,4890.2,4890.0,4890.2
17142,2024-04-09 15:12:00,4890.05,4890.05,4890.0,4890.05
17143,2024-04-09 15:13:00,4890.0,4890.2,4889.95,4890.0
17144,2024-04-09 15:14:00,4890.15,4890.2,4890.0,4890.0
17145,2024-04-09 15:15:00,4890.05,4893.0,4890.0,4891.1
17146,2024-04-09 15:16:00,4893.0,4894.15,4890.55,4890.55
17147,2024-04-09 15:17:00,4890.25,4893.0,4890.0,4891.6
17148,2024-04-09 15:18:00,4891.7,4893.0,4890.0,4891.95
17149,2024-04-09 15:19:00,4892.0,4894.95,4890.1,4894.05
17150,2024-04-09 15:20:00,4894.1,4894.9,4891.1,4892.05
17151,2024-04-09 15:21:00,4892.15,4893.95,4892.05,4892.1
17152,2024-04-09 15:22:00,4892.75,4893.0,4892.1,4893.0
17153,2024-04-09 15:23:00,4892.75,4893.5,4892.5,4892.5
17154,2024-04-09 15:24:00,4893.0,4893.2,4890.0,4893.0
17155,2024-04-09 15:25:00,4892.9,4893.15,4891.6,4893.0
17156,2024-04-09 15:26:00,4892.5,4896.95,4892.5,4896.95
17157,2024-04-09 15:27:00,4895.55,4897.05,4894.75,4896.95
17158,2024-04-09 15:28:00,4895.0,4897.0,4893.15,4893.8
17159,2024-04-09 15:29:00,4900.0,4900.0,4891.65,4893.0
17160,2024-04-10 09:15:00,4905.4,4915.5,4896.0,4907.35
17161,2024-04-10 09:16:00,4902.3,4910.1,4893.2,4901.1
17162,2024-04-10 09:17:00,4900.0,4900.3,4875.75,4886.95
17163,2024-04-10 09:18:00,4890.15,4890.65,4884.95,4885.95
17164,2024-04-10 09:19:00,4886.1,4890.95,4882.05,4890.95
17165,2024-04-10 09:20:00,4891.0,4893.1,4890.0,4890.1
17166,2024-04-10 09:21:00,4892.7,4894.65,4885.0,4887.8
17167,2024-04-10 09:22:00,4886.0,4890.25,4882.1,4885.0
17168,2024-04-10 09:23:00,4885.15,4887.55,4882.2,4884.0
17169,2024-04-10 09:24:00,4882.1,4890.0,4878.45,4890.0
17170,2024-04-10 09:25:00,4889.85,4894.5,4887.15,4892.95
17171,2024-04-10 09:26:00,4890.5,4895.0,4890.15,4893.05
17172,2024-04-10 09:27:00,4895.65,4897.0,4892.0,4895.75
17173,2024-04-10 09:28:00,4893.3,4896.3,4888.85,4891.7
17174,2024-04-10 09:29:00,4892.9,4892.9,4888.35,4890.7
17175,2024-04-10 09:30:00,4891.9,4891.9,4889.1,4889.1
17176,2024-04-10 09:31:00,4890.85,4891.75,4886.0,4889.2
17177,2024-04-10 09:32:00,4889.95,4890.0,4884.05,4886.9
17178,2024-04-10 09:33:00,4885.25,4890.0,4885.0,4888.45
17179,2024-04-10 09:34:00,4888.5,4890.0,4886.05,4889.65
17180,2024-04-10 09:35:00,4891.7,4902.0,4890.25,4896.0
17181,2024-04-10 09:36:00,4898.95,4899.9,4891.75,4895.0
17182,2024-04-10 09:37:00,4897.5,4898.0,4891.8,4891.8
17183,2024-04-10 09:38:00,4892.5,4895.0,4888.5,4890.5
17184,2024-04-10 09:39:00,4888.75,4892.05,4886.0,4886.0
17185,2024-04-10 09:40:00,4888.3,4889.5,4886.0,4888.3
17186,2024-04-10 09:41:00,4886.5,4891.0,4886.5,4891.0
17187,2024-04-10 09:42:00,4892.3,4892.95,4888.2,4892.55
17188,2024-04-10 09:43:00,4892.4,4893.0,4889.25,4891.4
17189,2024-04-10 09:44:00,4893.0,4894.0,4890.75,4894.0
17190,2024-04-10 09:45:00,4893.95,4897.0,4893.05,4893.4
17191,2024-04-10 09:46:00,4893.1,4894.05,4892.0,4894.05
17192,2024-04-10 09:47:00,4895.0,4895.1,4889.1,4889.1
17193,2024-04-10 09:48:00,4889.2,4893.95,4889.2,4893.95
17194,2024-04-10 09:49:00,4890.5,4893.7,4890.5,4892.6
17195,2024-04-10 09:50:00,4892.95,4894.0,4890.0,4890.65
17196,2024-04-10 09:51:00,4891.05,4894.5,4888.2,4891.8
17197,2024-04-10 09:52:00,4892.0,4892.0,4885.3,4885.3
17198,2024-04-10 09:53:00,4885.2,4885.3,4881.0,4882.0
17199,2024-04-10 09:54:00,4881.45,4883.75,4881.0,4881.0
17200,2024-04-10 09:55:00,4884.0,4888.15,4884.0,4887.85
17201,2024-04-10 09:56:00,4887.9,4887.95,4885.2,4885.25
17202,2024-04-10 09:57:00,4885.2,4887.9,4885.2,4885.3
17203,2024-04-10 09:58:00,4885.35,4887.05,4885.2,4885.2
17204,2024-04-10 09:59:00,4885.05,4887.55,4885.05,4885.35
17205,2024-04-10 10:00:00,4885.0,4888.25,4885.0,4888.15
17206,2024-04-10 10:01:00,4888.05,4888.05,4885.5,4887.1
17207,2024-04-10 10:02:00,4887.0,4890.0,4887.0,4888.55
17208,2024-04-10 10:03:00,4888.2,4891.5,4888.0,4888.0
17209,2024-04-10 10:04:00,4889.85,4890.05,4885.0,4885.0
17210,2024-04-10 10:05:00,4888.35,4888.35,4882.8,4886.0
17211,2024-04-10 10:06:00,4885.85,4885.95,4882.9,4883.55
17212,2024-04-10 10:07:00,4886.0,4887.3,4883.3,4884.1
17213,2024-04-10 10:08:00,4883.1,4884.1,4881.0,4881.0
17214,2024-04-10 10:09:00,4882.25,4886.15,4881.05,4885.1
17215,2024-04-10 10:10:00,4885.9,4886.25,4877.0,4878.0
17216,2024-04-10 10:11:00,4879.5,4882.15,4878.05,4881.0
17217,2024-04-10 10:12:00,4882.0,4882.25,4879.3,4879.4
17218,2024-04-10 10:13:00,4882.0,4882.35,4881.05,4882.0
17219,2024-04-10 10:14:00,4881.1,4882.95,4881.05,4881.05
17220,2024-04-10 10:15:00,4882.0,4886.1,4882.0,4886.1
17221,2024-04-10 10:16:00,4885.0,4889.2,4884.5,4888.05
17222,2024-04-10 10:17:00,4885.2,4887.85,4885.2,4886.05
17223,2024-04-10 10:18:00,4888.1,4888.1,4884.95,4887.0
17224,2024-04-10 10:19:00,4887.1,4891.0,4887.0,4891.0
17225,2024-04-10 10:20:00,4889.15,4891.0,4882.65,4883.05
17226,2024-04-10 10:21:00,4885.95,4886.9,4882.9,4884.95
17227,2024-04-10 10:22:00,4886.05,4886.3,4883.05,4884.95
17228,2024-04-10 10:23:00,4883.2,4887.05,4883.2,4884.3
17229,2024-04-10 10:24:00,4884.4,4888.6,4884.4,4888.6
17230,2024-04-10 10:25:00,4885.85,4891.35,4885.85,4888.95
17231,2024-04-10 10:26:00,4890.8,4893.95,4888.8,4891.15
17232,2024-04-10 10:27:00,4892.95,4895.0,4891.45,4892.5
17233,2024-04-10 10:28:00,4893.25,4893.3,4891.2,4891.2
17234,2024-04-10 10:29:00,4892.0,4892.0,4886.05,4886.6
17235,2024-04-10 10:30:00,4886.05,4892.0,4886.05,4891.0
17236,2024-04-10 10:31:00,4892.0,4892.0,4890.0,4890.0
17237,2024-04-10 10:32:00,4888.75,4891.0,4888.75,4890.1
17238,2024-04-10 10:33:00,4890.0,4890.1,4888.0,4888.0
17239,2024-04-10 10:34:00,4889.1,4889.95,4888.0,4888.65
17240,2024-04-10 10:35:00,4887.0,4889.5,4887.0,4887.15
17241,2024-04-10 10:36:00,4888.9,4888.9,4886.0,4886.05
17242,2024-04-10 10:37:00,4887.85,4887.9,4887.0,4887.25
17243,2024-04-10 10:38:00,4887.1,4887.1,4887.0,4887.1
17244,2024-04-10 10:39:00,4887.15,4889.55,4887.1,4887.65
17245,2024-04-10 10:40:00,4887.6,4890.65,4887.6,4889.8
17246,2024-04-10 10:41:00,4890.3,4890.3,4887.25,4887.25
17247,2024-04-10 10:42:00,4887.1,4890.5,4887.0,4888.8
17248,2024-04-10 10:43:00,4891.0,4893.0,4890.05,4891.0
17249,2024-04-10 10:44:00,4893.0,4894.0,4890.7,4894.0
17250,2024-04-10 10:45:00,4894.8,4894.8,4894.0,4894.0
17251,2024-04-10 10:46:00,4894.8,4894.8,4894.0,4894.0
17252,2024-04-10 10:47:00,4894.8,4894.85,4892.9,4892.9
17253,2024-04-10 10:48:00,4894.6,4894.6,4890.45,4892.8
17254,2024-04-10 10:49:00,4892.0,4894.85,4891.55,4892.8
17255,2024-04-10 10:50:00,4894.85,4899.95,4894.85,4899.0
17256,2024-04-10 10:51:00,4898.95,4900.0,4897.0,4897.95
17257,2024-04-10 10:52:00,4902.65,4905.0,4900.05,4900.1
17258,2024-04-10 10:53:00,4899.75,4901.7,4898.35,4900.0
17259,2024-04-10 10:54:00,4900.1,4901.0,4898.65,4900.15
17260,2024-04-10 10:55:00,4900.0,4901.0,4897.95,4899.1
17261,2024-04-10 10:56:00,4900.2,4901.8,4899.25,4901.8
17262,2024-04-10 10:57:00,4899.25,4900.0,4899.25,4899.3
17263,2024-04-10 10:58:00,4899.35,4903.15,4899.35,4903.15
17264,2024-04-10 10:59:00,4903.5,4905.0,4902.1,4902.95
17265,2024-04-10 11:00:00,4904.2,4904.2,4902.1,4903.5
17266,2024-04-10 11:01:00,4902.55,4905.2,4902.55,4903.35
17267,2024-04-10 11:02:00,4903.5,4907.0,4903.45,4903.9
17268,2024-04-10 11:03:00,4907.55,4907.85,4904.85,4907.0
17269,2024-04-10 11:04:00,4907.85,4909.0,4907.0,4907.35
17270,2024-04-10 11:05:00,4908.0,4909.95,4904.3,4904.3
17271,2024-04-10 11:06:00,4903.9,4904.25,4902.75,4902.9
17272,2024-04-10 11:07:00,4904.05,4904.05,4902.05,4902.05
17273,2024-04-10 11:08:00,4902.0,4902.0,4897.55,4900.0
17274,2024-04-10 11:09:00,4898.55,4898.55,4896.1,4897.5
17275,2024-04-10 11:10:00,4896.45,4898.0,4896.4,4896.4
17276,2024-04-10 11:11:00,4896.5,4896.6,4896.4,4896.6
17277,2024-04-10 11:12:00,4898.0,4898.0,4896.1,4896.2
17278,2024-04-10 11:13:00,4896.1,4897.05,4893.1,4894.95
17279,2024-04-10 11:14:00,4895.0,4896.5,4892.65,4893.45
17280,2024-04-10 11:15:00,4893.6,4895.75,4891.1,4891.1
17281,2024-04-10 11:16:00,4892.35,4892.35,4888.9,4889.05
17282,2024-04-10 11:17:00,4889.0,4891.2,4888.05,4889.05
17283,2024-04-10 11:18:00,4891.05,4891.05,4889.0,4890.95
17284,2024-04-10 11:19:00,4889.1,4892.55,4889.1,4892.35
17285,2024-04-10 11:20:00,4890.1,4893.4,4890.05,4890.5
17286,2024-04-10 11:21:00,4891.7,4891.7,4888.05,4888.05
17287,2024-04-10 11:22:00,4889.1,4891.25,4888.0,4888.7
17288,2024-04-10 11:23:00,4891.7,4892.15,4888.0,4889.8
17289,2024-04-10 11:24:00,4892.45,4893.0,4889.55,4892.9
17290,2024-04-10 11:25:00,4892.0,4895.1,4892.0,4893.15
17291,2024-04-10 11:26:00,4895.0,4895.85,4892.8,4892.95
17292,2024-04-10 11:27:00,4895.0,4895.85,4892.95,4893.0
17293,2024-04-10 11:28:00,4894.0,4895.0,4890.05,4890.35
17294,2024-04-10 11:29:00,4890.55,4893.7,4890.0,4890.95
17295,2024-04-10 11:30:00,4890.1,4892.7,4890.0,4890.15
17296,2024-04-10 11:31:00,4892.5,4892.5,4890.1,4890.3
17297,2024-04-10 11:32:00,4892.45,4892.5,4890.05,4892.45
17298,2024-04-10 11:33:00,4892.5,4892.5,4891.2,4891.2
17299,2024-04-10 11:34:00,4892.35,4892.4,4891.2,4891.2
17300,2024-04-10 11:35:00,4892.5,4892.5,4891.0,4891.05
17301,2024-04-10 11:36:00,4892.1,4892.1,4891.05,4891.95
17302,2024-04-10 11:37:00,4891.05,4892.1,4890.2,4890.25
17303,2024-04-10 11:38:00,4890.3,4891.9,4890.2,4891.9
17304,2024-04-10 11:39:00,4892.0,4892.9,4890.3,4890.8
17305,2024-04-10 11:40:00,4894.35,4895.0,4890.0,4890.5
17306,2024-04-10 11:41:00,4891.75,4894.25,4890.2,4891.05
17307,2024-04-10 11:42:00,4893.4,4893.45,4890.95,4891.35
17308,2024-04-10 11:43:00,4893.3,4893.3,4890.6,4890.65
17309,2024-04-10 11:44:00,4890.3,4892.55,4890.0,4890.0
17310,2024-04-10 11:45:00,4891.9,4892.2,4889.7,4889.7
17311,2024-04-10 11:46:00,4891.35,4891.4,4889.7,4891.4
17312,2024-04-10 11:47:00,4889.7,4891.95,4889.7,4890.0
17313,2024-04-10 11:48:00,4889.75,4892.25,4889.7,4890.0
17314,2024-04-10 11:49:00,4893.0,4893.15,4890.2,4890.25
17315,2024-04-10 11:50:00,4892.25,4893.25,4890.25,4893.0
17316,2024-04-10 11:51:00,4893.25,4893.3,4890.3,4890.35
17317,2024-04-10 11:52:00,4892.0,4893.0,4890.2,4890.2
17318,2024-04-10 11:53:00,4892.3,4892.3,4890.2,4890.2
17319,2024-04-10 11:54:00,4890.1,4896.0,4890.1,4896.0
17320,2024-04-10 11:55:00,4892.95,4895.0,4892.75,4893.2
17321,2024-04-10 11:56:00,4895.0,4896.5,4893.1,4893.2
17322,2024-04-10 11:57:00,4893.25,4895.0,4893.1,4893.25
17323,2024-04-10 11:58:00,4894.95,4897.3,4894.05,4894.05
17324,2024-04-10 11:59:00,4894.95,4895.0,4893.4,4893.5
17325,2024-04-10 12:00:00,4895.0,4896.8,4893.2,4893.3
17326,2024-04-10 12:01:00,4893.35,4895.0,4893.2,4894.75
17327,2024-04-10 12:02:00,4895.0,4895.0,4893.35,4894.0
17328,2024-04-10 12:03:00,4895.0,4896.1,4893.15,4893.55
17329,2024-04-10 12:04:00,4894.7,4895.0,4893.5,4893.6
17330,2024-04-10 12:05:00,4894.0,4895.5,4893.8,4893.8
17331,2024-04-10 12:06:00,4893.85,4895.0,4893.25,4893.55
17332,2024-04-10 12:07:00,4895.0,4895.6,4893.0,4894.95
17333,2024-04-10 12:08:00,4893.2,4895.0,4893.0,4893.1
17334,2024-04-10 12:09:00,4893.05,4894.95,4893.0,4894.7
17335,2024-04-10 12:10:00,4894.65,4895.0,4893.0,4895.0
17336,2024-04-10 12:11:00,4893.1,4895.0,4893.1,4894.95
17337,2024-04-10 12:12:00,4895.0,4897.15,4893.05,4895.1
17338,2024-04-10 12:13:00,4896.85,4898.75,4894.8,4897.1
17339,2024-04-10 12:14:00,4897.35,4898.25,4896.0,4896.1
17340,2024-04-10 12:15:00,4897.4,4897.95,4895.1,4895.1
17341,2024-04-10 12:16:00,4895.05,4895.85,4893.25,4895.85
17342,2024-04-10 12:17:00,4897.45,4897.8,4895.8,4897.75
17343,2024-04-10 12:18:00,4895.9,4896.0,4894.0,4894.0
17344,2024-04-10 12:19:00,4894.95,4897.5,4893.7,4896.05
17345,2024-04-10 12:20:00,4896.1,4897.8,4894.0,4896.5
17346,2024-04-10 12:21:00,4895.2,4898.8,4894.6,4895.45
17347,2024-04-10 12:22:00,4895.0,4898.95,4894.25,4896.6
17348,2024-04-10 12:23:00,4896.55,4897.8,4894.5,4894.8
17349,2024-04-10 12:24:00,4894.7,4897.75,4894.55,4894.6
17350,2024-04-10 12:25:00,4894.8,4896.95,4894.5,4895.05
17351,2024-04-10 12:26:00,4896.65,4897.5,4894.6,4896.75
17352,2024-04-10 12:27:00,4895.1,4898.95,4895.1,4897.2
17353,2024-04-10 12:28:00,4900.0,4905.95,4899.6,4899.65
17354,2024-04-10 12:29:00,4900.0,4900.85,4899.7,4900.0
17355,2024-04-10 12:30:00,4900.85,4902.7,4900.0,4900.65
17356,2024-04-10 12:31:00,4900.45,4902.0,4900.0,4900.2
17357,2024-04-10 12:32:00,4901.8,4901.85,4900.1,4900.1
17358,2024-04-10 12:33:00,4900.3,4903.45,4900.15,4902.15
17359,2024-04-10 12:34:00,4901.0,4903.0,4900.85,4900.85
17360,2024-04-10 12:35:00,4900.9,4904.95,4900.6,4903.45
17361,2024-04-10 12:36:00,4902.6,4904.35,4901.0,4901.2
17362,2024-04-10 12:37:00,4903.0,4904.0,4901.05,4903.8
17363,2024-04-10 12:38:00,4902.05,4903.75,4902.05,4902.1
17364,2024-04-10 12:39:00,4903.3,4907.0,4902.8,4906.0
17365,2024-04-10 12:40:00,4907.3,4909.35,4906.0,4908.35
17366,2024-04-10 12:41:00,4908.25,4910.0,4906.0,4906.0
17367,2024-04-10 12:42:00,4906.5,4907.35,4902.9,4903.65
17368,2024-04-10 12:43:00,4904.95,4904.95,4902.85,4903.3
17369,2024-04-10 12:44:00,4903.05,4906.9,4903.05,4904.7
17370,2024-04-10 12:45:00,4906.6,4906.6,4903.0,4903.0
17371,2024-04-10 12:46:00,4903.95,4903.95,4901.05,4901.05
17372,2024-04-10 12:47:00,4901.0,4902.6,4900.0,4900.0
17373,2024-04-10 12:48:00,4900.95,4901.85,4900.0,4900.05
17374,2024-04-10 12:49:00,4901.5,4904.3,4900.05,4904.0
17375,2024-04-10 12:50:00,4904.25,4904.25,4901.6,4901.85
17376,2024-04-10 12:51:00,4905.0,4905.0,4902.0,4902.0
17377,2024-04-10 12:52:00,4903.35,4909.0,4901.65,4909.0
17378,2024-04-10 12:53:00,4907.35,4913.15,4905.4,4911.9
17379,2024-04-10 12:54:00,4912.0,4916.0,4910.0,4913.95
17380,2024-04-10 12:55:00,4914.0,4916.0,4912.0,4914.0
17381,2024-04-10 12:56:00,4915.55,4915.55,4908.95,4909.95
17382,2024-04-10 12:57:00,4909.0,4910.9,4908.85,4909.1
17383,2024-04-10 12:58:00,4909.15,4910.0,4909.15,4910.0
17384,2024-04-10 12:59:00,4909.6,4910.9,4908.85,4908.85
17385,2024-04-10 13:00:00,4910.0,4911.95,4907.7,4909.7
17386,2024-04-10 13:01:00,4910.0,4911.55,4905.8,4908.1
17387,2024-04-10 13:02:00,4906.6,4909.05,4905.95,4906.5
17388,2024-04-10 13:03:00,4907.85,4909.0,4906.35,4907.0
17389,2024-04-10 13:04:00,4907.55,4908.0,4906.1,4906.45
17390,2024-04-10 13:05:00,4907.9,4907.9,4906.45,4906.45
17391,2024-04-10 13:06:00,4905.4,4906.8,4905.0,4905.3
17392,2024-04-10 13:07:00,4906.4,4906.4,4901.65,4901.65
17393,2024-04-10 13:08:00,4900.85,4902.35,4899.75,4900.35
17394,2024-04-10 13:09:00,4900.4,4900.85,4899.0,4900.0
17395,2024-04-10 13:10:00,4900.35,4901.95,4898.5,4901.7
17396,2024-04-10 13:11:00,4899.5,4901.5,4898.15,4898.15
17397,2024-04-10 13:12:00,4900.5,4900.8,4897.0,4899.9
17398,2024-04-10 13:13:00,4897.3,4900.95,4897.3,4898.35
17399,2024-04-10 13:14:00,4900.0,4900.0,4897.65,4897.9
17400,2024-04-10 13:15:00,4899.95,4900.0,4897.7,4900.0
17401,2024-04-10 13:16:00,4897.95,4900.0,4897.0,4899.65
17402,2024-04-10 13:17:00,4897.1,4898.65,4897.0,4897.0
17403,2024-04-10 13:18:00,4898.45,4899.35,4897.0,4899.35
17404,2024-04-10 13:19:00,4899.15,4899.5,4897.0,4897.0
17405,2024-04-10 13:20:00,4899.35,4899.5,4897.0,4899.5
17406,2024-04-10 13:21:00,4897.15,4900.0,4897.0,4900.0
17407,2024-04-10 13:22:00,4899.85,4901.6,4897.65,4900.95
17408,2024-04-10 13:23:00,4900.9,4901.0,4898.55,4900.0
17409,2024-04-10 13:24:00,4900.35,4902.35,4899.0,4901.0
17410,2024-04-10 13:25:00,4901.85,4901.85,4899.0,4900.5
17411,2024-04-10 13:26:00,4899.1,4900.95,4899.1,4900.6
17412,2024-04-10 13:27:00,4900.0,4903.15,4899.0,4900.05
17413,2024-04-10 13:28:00,4901.6,4903.4,4899.05,4900.0
17414,2024-04-10 13:29:00,4899.3,4905.0,4898.75,4905.0
17415,2024-04-10 13:30:00,4902.65,4914.0,4902.65,4910.0
17416,2024-04-10 13:31:00,4910.25,4918.0,4908.7,4913.0
17417,2024-04-10 13:32:00,4914.2,4918.0,4914.2,4918.0
17418,2024-04-10 13:33:00,4917.0,4917.8,4913.2,4915.0
17419,2024-04-10 13:34:00,4916.65,4916.65,4913.05,4915.7
17420,2024-04-10 13:35:00,4914.35,4915.7,4912.6,4913.05
17421,2024-04-10 13:36:00,4914.95,4914.95,4911.8,4912.0
17422,2024-04-10 13:37:00,4910.95,4918.0,4910.55,4915.5
17423,2024-04-10 13:38:00,4918.0,4918.0,4915.95,4916.0
17424,2024-04-10 13:39:00,4915.0,4918.0,4914.95,4918.0
17425,2024-04-10 13:40:00,4917.95,4919.5,4914.55,4919.5
17426,2024-04-10 13:41:00,4918.0,4919.5,4917.95,4918.25
17427,2024-04-10 13:42:00,4917.95,4919.0,4917.1,4919.0
17428,2024-04-10 13:43:00,4919.9,4919.9,4917.5,4917.5
17429,2024-04-10 13:44:00,4917.0,4920.0,4916.4,4919.9
17430,2024-04-10 13:45:00,4918.9,4919.9,4915.0,4919.0
17431,2024-04-10 13:46:00,4918.0,4919.0,4915.0,4915.0
17432,2024-04-10 13:47:00,4914.85,4919.0,4914.05,4916.3
17433,2024-04-10 13:48:00,4915.3,4917.65,4912.3,4914.7
17434,2024-04-10 13:49:00,4916.8,4917.4,4912.85,4913.4
17435,2024-04-10 13:50:00,4914.45,4918.0,4913.35,4914.05
17436,2024-04-10 13:51:00,4911.7,4914.05,4907.3,4909.6
17437,2024-04-10 13:52:00,4908.85,4913.0,4907.3,4913.0
17438,2024-04-10 13:53:00,4912.95,4915.0,4909.65,4911.8
17439,2024-04-10 13:54:00,4913.35,4915.0,4911.0,4911.0
17440,2024-04-10 13:55:00,4910.0,4914.0,4910.0,4911.7
17441,2024-04-10 13:56:00,4913.8,4914.0,4912.85,4912.85
17442,2024-04-10 13:57:00,4913.4,4914.0,4912.85,4913.55
17443,2024-04-10 13:58:00,4914.0,4914.0,4911.9,4912.3
17444,2024-04-10 13:59:00,4913.1,4915.0,4912.6,4913.0
17445,2024-04-10 14:00:00,4913.1,4917.0,4913.05,4916.95
17446,2024-04-10 14:01:00,4916.0,4918.0,4916.0,4918.0
17447,2024-04-10 14:02:00,4916.05,4918.0,4915.3,4915.3
17448,2024-04-10 14:03:00,4916.0,4916.9,4915.15,4916.9
17449,2024-04-10 14:04:00,4916.45,4918.0,4915.3,4915.3
17450,2024-04-10 14:05:00,4916.3,4918.0,4915.4,4916.0
17451,2024-04-10 14:06:00,4916.65,4918.0,4916.65,4918.0
17452,2024-04-10 14:07:00,4917.0,4918.0,4917.0,4917.0
17453,2024-04-10 14:08:00,4917.25,4918.0,4917.0,4918.0
17454,2024-04-10 14:09:00,4917.0,4918.05,4917.0,4917.5
17455,2024-04-10 14:10:00,4917.05,4918.0,4913.05,4913.05
17456,2024-04-10 14:11:00,4913.0,4916.85,4913.0,4915.75
17457,2024-04-10 14:12:00,4915.85,4916.85,4913.55,4914.0
17458,2024-04-10 14:13:00,4914.25,4915.1,4912.25,4914.5
17459,2024-04-10 14:14:00,4912.3,4913.2,4910.75,4912.75
17460,2024-04-10 14:15:00,4910.15,4913.95,4909.1,4911.55
17461,2024-04-10 14:16:00,4911.1,4913.75,4908.6,4908.6
17462,2024-04-10 14:17:00,4908.5,4911.0,4908.5,4910.9
17463,2024-04-10 14:18:00,4909.1,4912.0,4908.15,4910.55
17464,2024-04-10 14:19:00,4909.05,4913.95,4909.05,4912.55
17465,2024-04-10 14:20:00,4911.0,4914.55,4911.0,4911.2
17466,2024-04-10 14:21:00,4912.45,4914.45,4912.0,4913.0
17467,2024-04-10 14:22:00,4913.05,4914.8,4913.0,4914.75
17468,2024-04-10 14:23:00,4913.25,4917.75,4913.0,4917.7
17469,2024-04-10 14:24:00,4916.95,4918.0,4915.25,4918.0
17470,2024-04-10 14:25:00,4915.75,4918.0,4915.0,4916.0
17471,2024-04-10 14:26:00,4917.0,4919.0,4916.0,4917.7
17472,2024-04-10 14:27:00,4916.05,4919.0,4916.05,4918.0
17473,2024-04-10 14:28:00,4917.5,4918.0,4914.0,4915.65
17474,2024-04-10 14:29:00,4915.45,4918.0,4914.65,4917.75
17475,2024-04-10 14:30:00,4915.05,4917.95,4914.4,4914.55
17476,2024-04-10 14:31:00,4914.25,4917.7,4914.0,4916.9
17477,2024-04-10 14:32:00,4914.55,4917.9,4913.3,4917.9
17478,2024-04-10 14:33:00,4915.75,4917.8,4914.95,4917.8
17479,2024-04-10 14:34:00,4915.75,4918.0,4914.95,4915.8
17480,2024-04-10 14:35:00,4915.45,4918.0,4915.0,4917.95
17481,2024-04-10 14:36:00,4916.85,4918.0,4914.6,4914.6
17482,2024-04-10 14:37:00,4914.65,4918.0,4914.6,4915.65
17483,2024-04-10 14:38:00,4915.95,4918.0,4915.95,4916.2
17484,2024-04-10 14:39:00,4917.0,4920.0,4916.0,4916.05
17485,2024-04-10 14:40:00,4916.7,4918.0,4916.4,4917.2
17486,2024-04-10 14:41:00,4916.4,4917.2,4915.0,4915.65
17487,2024-04-10 14:42:00,4916.1,4917.7,4915.45,4915.45
17488,2024-04-10 14:43:00,4915.15,4916.95,4915.0,4915.05
17489,2024-04-10 14:44:00,4915.5,4917.3,4915.2,4915.8
17490,2024-04-10 14:45:00,4916.05,4918.0,4915.6,4916.85
17491,2024-04-10 14:46:00,4916.1,4920.0,4915.6,4918.0
17492,2024-04-10 14:47:00,4919.7,4919.7,4915.6,4917.0
17493,2024-04-10 14:48:00,4917.05,4918.0,4913.45,4916.0
17494,2024-04-10 14:49:00,4913.85,4915.75,4913.0,4914.95
17495,2024-04-10 14:50:00,4914.0,4918.35,4912.05,4918.0
17496,2024-04-10 14:51:00,4915.85,4917.9,4914.0,4914.1
17497,2024-04-10 14:52:00,4915.0,4917.0,4913.0,4915.45
17498,2024-04-10 14:53:00,4914.2,4916.05,4913.05,4915.0
17499,2024-04-10 14:54:00,4914.5,4916.95,4914.0,4914.05
17500,2024-04-10 14:55:00,4917.0,4917.35,4914.15,4915.65
17501,2024-04-10 14:56:00,4916.1,4917.5,4915.0,4917.5
17502,2024-04-10 14:57:00,4917.45,4919.0,4916.1,4917.6
17503,2024-04-10 14:58:00,4918.0,4919.0,4916.05,4916.05
17504,2024-04-10 14:59:00,4916.0,4917.8,4912.7,4916.8
17505,2024-04-10 15:00:00,4915.9,4919.0,4915.9,4919.0
17506,2024-04-10 15:01:00,4918.95,4922.9,4916.55,4922.9
17507,2024-04-10 15:02:00,4924.1,4925.65,4922.65,4925.0
17508,2024-04-10 15:03:00,4925.9,4927.05,4923.85,4925.95
17509,2024-04-10 15:04:00,4925.85,4927.0,4920.0,4921.05
17510,2024-04-10 15:05:00,4922.25,4925.0,4920.0,4923.0
17511,2024-04-10 15:06:00,4920.0,4920.0,4916.6,4919.85
17512,2024-04-10 15:07:00,4918.35,4921.0,4917.9,4921.0
17513,2024-04-10 15:08:00,4920.95,4924.7,4920.95,4923.85
17514,2024-04-10 15:09:00,4921.6,4924.45,4920.65,4921.35
17515,2024-04-10 15:10:00,4923.25,4923.95,4920.65,4923.1
17516,2024-04-10 15:11:00,4923.0,4923.45,4917.35,4920.2
17517,2024-04-10 15:12:00,4920.9,4920.9,4916.1,4917.0
17518,2024-04-10 15:13:00,4916.8,4918.8,4916.05,4917.95
17519,2024-04-10 15:14:00,4917.9,4917.95,4915.3,4917.05
17520,2024-04-10 15:15:00,4917.9,4917.9,4913.0,4916.3
17521,2024-04-10 15:16:00,4915.5,4917.1,4911.6,4911.6
17522,2024-04-10 15:17:00,4913.25,4913.25,4911.45,4912.5
17523,2024-04-10 15:18:00,4912.35,4914.8,4911.35,4914.45
17524,2024-04-10 15:19:00,4913.0,4916.9,4913.0,4915.0
17525,2024-04-10 15:20:00,4915.95,4916.5,4914.15,4916.45
17526,2024-04-10 15:21:00,4916.1,4917.0,4914.3,4916.0
17527,2024-04-10 15:22:00,4915.85,4917.0,4915.1,4916.75
17528,2024-04-10 15:23:00,4915.55,4916.95,4915.05,4916.95
17529,2024-04-10 15:24:00,4916.5,4916.5,4911.25,4912.0
17530,2024-04-10 15:25:00,4911.2,4912.0,4910.0,4912.0
17531,2024-04-10 15:26:00,4911.05,4912.0,4910.4,4911.95
17532,2024-04-10 15:27:00,4911.85,4914.0,4910.85,4914.0
17533,2024-04-10 15:28:00,4912.75,4915.0,4911.8,4914.65
17534,2024-04-10 15:29:00,4914.6,4915.0,4905.45,4912.0
17535,2024-04-12 09:14:00,4916.0,4916.0,4916.0,4916.0
17536,2024-04-12 09:15:00,4915.95,4916.0,4905.75,4910.0
17537,2024-04-12 09:16:00,4910.75,4922.5,4910.0,4920.45
17538,2024-04-12 09:17:00,4918.0,4920.45,4915.15,4919.4
17539,2024-04-12 09:18:00,4920.0,4923.95,4916.9,4920.9
17540,2024-04-12 09:19:00,4924.0,4930.0,4921.65,4926.65
17541,2024-04-12 09:20:00,4926.9,4930.1,4925.0,4929.4
17542,2024-04-12 09:21:00,4929.25,4935.95,4929.25,4932.0
17543,2024-04-12 09:22:00,4934.95,4938.0,4932.8,4937.0
17544,2024-04-12 09:23:00,4938.0,4938.0,4930.9,4932.95
17545,2024-04-12 09:24:00,4931.75,4935.35,4930.0,4934.95
17546,2024-04-12 09:25:00,4934.5,4935.0,4929.1,4931.3
17547,2024-04-12 09:26:00,4929.25,4933.35,4927.2,4933.0
17548,2024-04-12 09:27:00,4933.35,4937.2,4932.15,4936.95
17549,2024-04-12 09:28:00,4937.0,4943.4,4935.0,4943.4
17550,2024-04-12 09:29:00,4942.4,4944.9,4938.2,4943.25
17551,2024-04-12 09:30:00,4943.0,4943.75,4936.1,4939.0
17552,2024-04-12 09:31:00,4935.55,4939.65,4932.5,4935.45
17553,2024-04-12 09:32:00,4937.75,4937.75,4930.75,4932.0
17554,2024-04-12 09:33:00,4932.65,4939.0,4930.9,4938.8
17555,2024-04-12 09:34:00,4938.85,4938.85,4935.0,4938.75
17556,2024-04-12 09:35:00,4940.0,4944.8,4940.0,4944.8
17557,2024-04-12 09:36:00,4942.5,4944.8,4939.95,4940.0
17558,2024-04-12 09:37:00,4940.45,4942.4,4932.5,4935.0
17559,2024-04-12 09:38:00,4935.85,4939.6,4934.1,4938.5
17560,2024-04-12 09:39:00,4938.75,4939.7,4935.05,4937.45
17561,2024-04-12 09:40:00,4935.0,4936.5,4928.0,4932.85
17562,2024-04-12 09:41:00,4933.25,4937.15,4932.1,4937.0
17563,2024-04-12 09:42:00,4934.8,4942.0,4934.8,4940.7
17564,2024-04-12 09:43:00,4937.2,4941.55,4935.5,4935.7
17565,2024-04-12 09:44:00,4935.05,4936.75,4933.0,4936.2
17566,2024-04-12 09:45:00,4934.0,4936.7,4931.0,4933.95
17567,2024-04-12 09:46:00,4930.2,4933.65,4928.35,4928.4
17568,2024-04-12 09:47:00,4930.0,4930.0,4926.5,4929.25
17569,2024-04-12 09:48:00,4926.25,4930.0,4926.0,4926.5
17570,2024-04-12 09:49:00,4928.95,4930.0,4926.5,4928.95
17571,2024-04-12 09:50:00,4929.0,4929.0,4920.35,4923.4
17572,2024-04-12 09:51:00,4923.45,4928.8,4921.0,4928.8
17573,2024-04-12 09:52:00,4929.9,4934.9,4927.0,4934.85
17574,2024-04-12 09:53:00,4934.9,4936.45,4932.6,4934.9
17575,2024-04-12 09:54:00,4936.8,4940.85,4935.55,4937.85
17576,2024-04-12 09:55:00,4939.45,4942.35,4937.6,4942.0
17577,2024-04-12 09:56:00,4940.0,4943.0,4940.0,4941.0
17578,2024-04-12 09:57:00,4942.0,4942.0,4939.5,4939.5
17579,2024-04-12 09:58:00,4937.2,4943.9,4936.65,4942.0
17580,2024-04-12 09:59:00,4941.8,4943.7,4940.25,4941.0
17581,2024-04-12 10:00:00,4940.1,4942.3,4939.0,4939.95
17582,2024-04-12 10:01:00,4938.0,4939.95,4936.2,4937.1
17583,2024-04-12 10:02:00,4937.2,4937.2,4934.0,4934.1
17584,2024-04-12 10:03:00,4934.45,4938.0,4934.0,4938.0
17585,2024-04-12 10:04:00,4937.95,4940.5,4935.15,4940.5
17586,2024-04-12 10:05:00,4940.55,4940.55,4936.7,4938.75
17587,2024-04-12 10:06:00,4936.55,4939.95,4936.35,4937.5
17588,2024-04-12 10:07:00,4937.55,4940.9,4936.2,4937.8
17589,2024-04-12 10:08:00,4938.3,4940.0,4935.9,4939.45
17590,2024-04-12 10:09:00,4939.1,4940.0,4937.0,4937.6
17591,2024-04-12 10:10:00,4939.35,4939.35,4937.0,4938.9
17592,2024-04-12 10:11:00,4937.0,4939.5,4937.0,4939.5
17593,2024-04-12 10:12:00,4938.0,4945.0,4936.45,4945.0
17594,2024-04-12 10:13:00,4946.05,4949.0,4945.5,4947.2
17595,2024-04-12 10:14:00,4947.6,4952.9,4946.45,4951.15
17596,2024-04-12 10:15:00,4953.0,4953.0,4949.0,4949.0
17597,2024-04-12 10:16:00,4950.0,4950.45,4947.55,4949.4
17598,2024-04-12 10:17:00,4949.5,4950.6,4943.4,4943.4
17599,2024-04-12 10:18:00,4943.45,4944.75,4941.1,4942.0
17600,2024-04-12 10:19:00,4940.35,4942.5,4938.6,4940.45
17601,2024-04-12 10:20:00,4941.05,4945.0,4938.6,4944.65
17602,2024-04-12 10:21:00,4943.0,4945.0,4941.1,4944.45
17603,2024-04-12 10:22:00,4943.75,4946.3,4941.05,4945.4
17604,2024-04-12 10:23:00,4946.3,4946.3,4942.35,4942.35
17605,2024-04-12 10:24:00,4943.05,4945.0,4942.65,4943.05
17606,2024-04-12 10:25:00,4944.5,4944.5,4941.4,4944.0
17607,2024-04-12 10:26:00,4944.5,4944.9,4941.25,4944.5
17608,2024-04-12 10:27:00,4945.0,4945.0,4941.05,4943.55
17609,2024-04-12 10:28:00,4944.15,4944.3,4941.8,4944.1
17610,2024-04-12 10:29:00,4944.75,4945.0,4943.0,4943.0
17611,2024-04-12 10:30:00,4943.95,4944.25,4942.0,4942.3
17612,2024-04-12 10:31:00,4945.0,4945.0,4942.2,4944.9
17613,2024-04-12 10:32:00,4944.65,4945.0,4942.0,4944.0
17614,2024-04-12 10:33:00,4944.05,4944.8,4942.3,4944.0
17615,2024-04-12 10:34:00,4942.0,4944.8,4942.0,4942.1
17616,2024-04-12 10:35:00,4942.65,4942.65,4936.6,4940.0
17617,2024-04-12 10:36:00,4939.4,4941.0,4938.8,4940.0
17618,2024-04-12 10:37:00,4940.45,4940.45,4935.0,4935.1
17619,2024-04-12 10:38:00,4936.8,4937.15,4934.05,4937.15
17620,2024-04-12 10:39:00,4937.7,4937.9,4935.3,4935.8
17621,2024-04-12 10:40:00,4937.5,4938.0,4935.15,4936.2
17622,2024-04-12 10:41:00,4936.25,4938.0,4936.25,4937.0
17623,2024-04-12 10:42:00,4937.55,4940.1,4937.1,4939.2
17624,2024-04-12 10:43:00,4940.0,4941.45,4938.15,4938.15
17625,2024-04-12 10:44:00,4939.25,4940.8,4938.0,4940.8
17626,2024-04-12 10:45:00,4940.0,4940.8,4936.75,4939.1
17627,2024-04-12 10:46:00,4940.0,4940.35,4937.7,4937.7
17628,2024-04-12 10:47:00,4937.0,4938.0,4936.5,4938.0
17629,2024-04-12 10:48:00,4937.75,4938.0,4936.2,4937.0
17630,2024-04-12 10:49:00,4935.15,4938.0,4935.15,4937.85
17631,2024-04-12 10:50:00,4937.7,4939.5,4937.0,4938.75
17632,2024-04-12 10:51:00,4940.0,4940.0,4939.4,4939.9
17633,2024-04-12 10:52:00,4939.8,4940.0,4937.5,4939.2
17634,2024-04-12 10:53:00,4938.85,4939.35,4935.05,4935.05
17635,2024-04-12 10:54:00,4936.95,4938.1,4935.55,4936.55
17636,2024-04-12 10:55:00,4936.0,4937.6,4935.0,4935.35
17637,2024-04-12 10:56:00,4935.3,4937.0,4932.5,4933.4
17638,2024-04-12 10:57:00,4933.45,4935.4,4933.45,4935.0
17639,2024-04-12 10:58:00,4934.7,4935.0,4934.2,4934.45
17640,2024-04-12 10:59:00,4934.75,4935.35,4932.0,4933.0
17641,2024-04-12 11:00:00,4933.35,4935.35,4933.35,4934.15
17642,2024-04-12 11:01:00,4933.0,4941.75,4933.0,4938.35
17643,2024-04-12 11:02:00,4937.55,4940.15,4936.7,4939.35
17644,2024-04-12 11:03:00,4938.55,4940.0,4936.1,4938.0
17645,2024-04-12 11:04:00,4938.25,4938.25,4934.75,4934.75
17646,2024-04-12 11:05:00,4933.4,4934.7,4933.0,4934.6
17647,2024-04-12 11:06:00,4933.95,4936.4,4933.7,4934.0
17648,2024-04-12 11:07:00,4933.7,4934.0,4933.0,4933.5
17649,2024-04-12 11:08:00,4933.45,4934.0,4932.45,4933.85
17650,2024-04-12 11:09:00,4933.8,4934.0,4932.5,4933.7
17651,2024-04-12 11:10:00,4933.1,4934.0,4932.55,4932.55
17652,2024-04-12 11:11:00,4933.25,4933.9,4932.0,4933.3
17653,2024-04-12 11:12:00,4933.9,4933.9,4931.35,4931.35
17654,2024-04-12 11:13:00,4933.9,4933.9,4931.0,4931.45
17655,2024-04-12 11:14:00,4932.7,4932.7,4931.45,4932.7
17656,2024-04-12 11:15:00,4931.0,4932.8,4931.0,4931.0
17657,2024-04-12 11:16:00,4931.7,4932.3,4931.0,4931.1
17658,2024-04-12 11:17:00,4931.45,4935.0,4931.45,4935.0
17659,2024-04-12 11:18:00,4934.35,4934.9,4932.0,4932.5
17660,2024-04-12 11:19:00,4934.0,4935.5,4932.5,4934.75
17661,2024-04-12 11:20:00,4934.85,4934.85,4932.5,4932.5
17662,2024-04-12 11:21:00,4932.7,4934.0,4932.5,4932.5
17663,2024-04-12 11:22:00,4933.0,4933.0,4932.5,4933.0
17664,2024-04-12 11:23:00,4932.9,4938.3,4932.75,4938.3
17665,2024-04-12 11:24:00,4938.05,4938.05,4935.1,4936.65
17666,2024-04-12 11:25:00,4937.35,4937.35,4936.0,4936.85
17667,2024-04-12 11:26:00,4936.95,4937.35,4934.85,4935.35
17668,2024-04-12 11:27:00,4935.75,4935.95,4933.1,4935.0
17669,2024-04-12 11:28:00,4933.8,4935.0,4933.5,4935.0
17670,2024-04-12 11:29:00,4937.85,4937.85,4934.0,4934.3
17671,2024-04-12 11:30:00,4934.25,4935.0,4934.25,4935.0
17672,2024-04-12 11:31:00,4934.0,4935.0,4934.0,4934.05
17673,2024-04-12 11:32:00,4934.0,4935.0,4932.4,4932.5
17674,2024-04-12 11:33:00,4932.4,4934.7,4932.25,4934.05
17675,2024-04-12 11:34:00,4934.5,4935.0,4932.45,4934.45
17676,2024-04-12 11:35:00,4933.2,4934.45,4932.4,4934.45
17677,2024-04-12 11:36:00,4934.5,4938.25,4932.55,4937.95
17678,2024-04-12 11:37:00,4938.0,4938.7,4936.2,4936.6
17679,2024-04-12 11:38:00,4936.2,4939.0,4934.7,4938.7
17680,2024-04-12 11:39:00,4936.3,4939.0,4935.3,4937.0
17681,2024-04-12 11:40:00,4936.7,4939.0,4936.4,4937.0
17682,2024-04-12 11:41:00,4936.0,4939.0,4936.0,4936.5
17683,2024-04-12 11:42:00,4938.2,4938.2,4936.0,4936.75
17684,2024-04-12 11:43:00,4937.4,4937.4,4934.75,4934.75
17685,2024-04-12 11:44:00,4936.55,4937.95,4934.75,4937.0
17686,2024-04-12 11:45:00,4937.15,4937.15,4932.55,4935.55
17687,2024-04-12 11:46:00,4935.5,4936.0,4934.0,4935.05
17688,2024-04-12 11:47:00,4934.15,4936.75,4933.1,4934.7
17689,2024-04-12 11:48:00,4934.35,4935.0,4933.2,4933.2
17690,2024-04-12 11:49:00,4933.55,4935.7,4932.4,4932.85
17691,2024-04-12 11:50:00,4932.4,4934.35,4932.25,4932.4
17692,2024-04-12 11:51:00,4934.0,4935.0,4932.15,4932.2
17693,2024-04-12 11:52:00,4934.4,4934.4,4932.2,4932.6
17694,2024-04-12 11:53:00,4932.5,4934.0,4931.25,4933.0
17695,2024-04-12 11:54:00,4932.6,4934.0,4932.15,4932.15
17696,2024-04-12 11:55:00,4932.75,4934.4,4932.15,4934.4
17697,2024-04-12 11:56:00,4934.15,4934.15,4931.0,4932.0
17698,2024-04-12 11:57:00,4930.95,4933.65,4930.25,4930.65
17699,2024-04-12 11:58:00,4930.05,4935.0,4930.05,4930.15
17700,2024-04-12 11:59:00,4932.4,4932.4,4925.4,4925.45
17701,2024-04-12 12:00:00,4925.85,4927.4,4925.1,4926.9
17702,2024-04-12 12:01:00,4926.65,4927.85,4925.1,4925.85
17703,2024-04-12 12:02:00,4925.5,4927.45,4925.05,4926.75
17704,2024-04-12 12:03:00,4927.0,4929.6,4926.0,4928.4
17705,2024-04-12 12:04:00,4928.25,4928.3,4926.25,4926.4
17706,2024-04-12 12:05:00,4926.25,4927.75,4926.0,4926.2
17707,2024-04-12 12:06:00,4926.0,4931.95,4926.0,4928.95
17708,2024-04-12 12:07:00,4928.6,4929.35,4926.0,4926.0
17709,2024-04-12 12:08:00,4926.25,4926.9,4924.85,4925.15
17710,2024-04-12 12:09:00,4925.1,4928.8,4925.0,4928.8
17711,2024-04-12 12:10:00,4927.0,4927.3,4925.05,4926.3
17712,2024-04-12 12:11:00,4925.9,4928.8,4925.9,4926.3
17713,2024-04-12 12:12:00,4926.25,4927.55,4925.0,4925.25
17714,2024-04-12 12:13:00,4927.0,4927.95,4925.0,4925.65
17715,2024-04-12 12:14:00,4925.5,4925.5,4923.9,4923.9
17716,2024-04-12 12:15:00,4925.0,4925.0,4923.9,4923.9
17717,2024-04-12 12:16:00,4924.9,4925.0,4921.0,4921.0
17718,2024-04-12 12:17:00,4923.75,4923.75,4918.0,4920.65
17719,2024-04-12 12:18:00,4920.0,4920.7,4915.25,4918.15
17720,2024-04-12 12:19:00,4917.9,4920.55,4916.4,4918.25
17721,2024-04-12 12:20:00,4919.2,4920.0,4917.1,4920.0
17722,2024-04-12 12:21:00,4919.4,4921.9,4919.4,4921.9
17723,2024-04-12 12:22:00,4920.0,4922.15,4920.0,4921.7
17724,2024-04-12 12:23:00,4924.9,4924.9,4920.0,4921.75
17725,2024-04-12 12:24:00,4921.35,4921.35,4920.0,4920.0
17726,2024-04-12 12:25:00,4919.4,4922.75,4919.4,4920.95
17727,2024-04-12 12:26:00,4922.25,4922.25,4919.35,4919.35
17728,2024-04-12 12:27:00,4917.05,4917.05,4911.0,4912.85
17729,2024-04-12 12:28:00,4915.0,4915.35,4910.6,4913.2
17730,2024-04-12 12:29:00,4913.25,4915.75,4912.7,4915.75
17731,2024-04-12 12:30:00,4915.95,4915.95,4910.0,4910.8
17732,2024-04-12 12:31:00,4909.5,4912.5,4906.1,4906.1
17733,2024-04-12 12:32:00,4907.35,4910.35,4905.8,4907.75
17734,2024-04-12 12:33:00,4907.15,4908.2,4902.2,4905.4
17735,2024-04-12 12:34:00,4906.15,4910.6,4906.0,4907.05
17736,2024-04-12 12:35:00,4908.5,4909.1,4906.0,4906.3
17737,2024-04-12 12:36:00,4906.0,4906.3,4901.75,4902.0
17738,2024-04-12 12:37:00,4902.8,4903.2,4900.0,4900.75
17739,2024-04-12 12:38:00,4901.0,4904.6,4898.7,4904.6
17740,2024-04-12 12:39:00,4904.45,4904.45,4900.2,4900.85
17741,2024-04-12 12:40:00,4901.85,4904.25,4901.4,4901.45
17742,2024-04-12 12:41:00,4901.5,4903.25,4898.75,4899.4
17743,2024-04-12 12:42:00,4902.45,4905.4,4900.5,4903.1
17744,2024-04-12 12:43:00,4905.55,4906.0,4902.45,4904.1
17745,2024-04-12 12:44:00,4905.0,4909.7,4903.05,4907.0
17746,2024-04-12 12:45:00,4907.9,4908.0,4903.0,4904.6
17747,2024-04-12 12:46:00,4905.0,4907.35,4903.7,4905.65
17748,2024-04-12 12:47:00,4905.95,4908.0,4900.9,4900.9
17749,2024-04-12 12:48:00,4902.1,4904.1,4899.85,4902.55
17750,2024-04-12 12:49:00,4904.25,4904.25,4902.55,4903.15
17751,2024-04-12 12:50:00,4902.55,4903.15,4899.05,4899.85
17752,2024-04-12 12:51:00,4898.2,4901.85,4897.0,4898.75
17753,2024-04-12 12:52:00,4899.05,4903.0,4898.1,4903.0
17754,2024-04-12 12:53:00,4903.95,4903.95,4900.2,4900.2
17755,2024-04-12 12:54:00,4901.5,4904.0,4901.5,4904.0
17756,2024-04-12 12:55:00,4903.15,4905.85,4900.05,4901.2
17757,2024-04-12 12:56:00,4900.55,4903.45,4899.85,4900.85
17758,2024-04-12 12:57:00,4901.9,4906.8,4900.35,4906.0
17759,2024-04-12 12:58:00,4902.9,4905.0,4902.0,4902.65
17760,2024-04-12 12:59:00,4903.15,4906.7,4902.0,4905.6
17761,2024-04-12 13:00:00,4905.0,4905.45,4904.35,4905.3
17762,2024-04-12 13:01:00,4905.0,4907.5,4904.8,4907.2
17763,2024-04-12 13:02:00,4906.55,4909.9,4906.05,4908.45
17764,2024-04-12 13:03:00,4908.55,4908.55,4905.7,4907.75
17765,2024-04-12 13:04:00,4905.3,4907.75,4903.35,4905.5
17766,2024-04-12 13:05:00,4906.25,4907.4,4904.7,4906.65
17767,2024-04-12 13:06:00,4905.95,4907.1,4904.1,4904.35
17768,2024-04-12 13:07:00,4903.05,4903.7,4900.0,4901.25
17769,2024-04-12 13:08:00,4901.85,4902.35,4900.1,4900.15
17770,2024-04-12 13:09:00,4900.7,4901.5,4897.0,4897.0
17771,2024-04-12 13:10:00,4897.4,4898.1,4893.55,4898.1
17772,2024-04-12 13:11:00,4899.6,4900.0,4897.35,4899.15
17773,2024-04-12 13:12:00,4898.55,4900.0,4898.0,4900.0
17774,2024-04-12 13:13:00,4899.95,4899.95,4896.65,4897.3
17775,2024-04-12 13:14:00,4898.95,4899.05,4897.05,4897.7
17776,2024-04-12 13:15:00,4897.05,4899.2,4897.05,4898.0
17777,2024-04-12 13:16:00,4899.9,4900.0,4897.55,4899.25
17778,2024-04-12 13:17:00,4899.55,4900.0,4897.05,4898.3
17779,2024-04-12 13:18:00,4900.0,4900.0,4898.3,4900.0
17780,2024-04-12 13:19:00,4899.85,4902.8,4898.65,4902.25
17781,2024-04-12 13:20:00,4904.05,4904.1,4901.3,4903.3
17782,2024-04-12 13:21:00,4901.35,4901.85,4899.95,4901.55
17783,2024-04-12 13:22:00,4900.0,4902.4,4900.0,4900.9
17784,2024-04-12 13:23:00,4901.8,4901.8,4900.45,4901.3
17785,2024-04-12 13:24:00,4901.8,4901.8,4899.6,4899.65
17786,2024-04-12 13:25:00,4900.25,4900.25,4898.0,4899.05
17787,2024-04-12 13:26:00,4898.1,4900.8,4898.0,4898.2
17788,2024-04-12 13:27:00,4900.4,4901.35,4898.0,4900.55
17789,2024-04-12 13:28:00,4901.35,4902.25,4900.0,4901.25
17790,2024-04-12 13:29:00,4902.25,4905.45,4902.25,4902.8
17791,2024-04-12 13:30:00,4905.85,4905.85,4902.55,4904.05
17792,2024-04-12 13:31:00,4904.85,4905.85,4902.5,4904.3
17793,2024-04-12 13:32:00,4905.35,4905.35,4903.6,4904.0
17794,2024-04-12 13:33:00,4904.5,4904.75,4903.0,4904.75
17795,2024-04-12 13:34:00,4905.3,4906.0,4904.65,4905.25
17796,2024-04-12 13:35:00,4905.45,4907.7,4904.6,4904.6
17797,2024-04-12 13:36:00,4904.95,4905.3,4904.0,4904.0
17798,2024-04-12 13:37:00,4904.15,4905.95,4902.95,4903.15
17799,2024-04-12 13:38:00,4905.0,4905.95,4903.1,4905.95
17800,2024-04-12 13:39:00,4904.75,4905.95,4903.0,4905.95
17801,2024-04-12 13:40:00,4905.5,4905.5,4903.05,4904.9
17802,2024-04-12 13:41:00,4905.95,4905.95,4903.1,4905.1
17803,2024-04-12 13:42:00,4903.1,4905.45,4901.55,4902.95
17804,2024-04-12 13:43:00,4905.1,4905.55,4902.15,4903.5
17805,2024-04-12 13:44:00,4904.8,4906.95,4903.55,4905.0
17806,2024-04-12 13:45:00,4904.65,4905.25,4903.55,4904.25
17807,2024-04-12 13:46:00,4905.0,4906.45,4903.6,4906.2
17808,2024-04-12 13:47:00,4903.6,4907.75,4903.55,4907.75
17809,2024-04-12 13:48:00,4906.7,4906.95,4904.8,4906.35
17810,2024-04-12 13:49:00,4905.65,4906.8,4903.75,4905.55
17811,2024-04-12 13:50:00,4906.2,4908.7,4905.25,4906.25
17812,2024-04-12 13:51:00,4908.65,4910.0,4905.8,4908.25
17813,2024-04-12 13:52:00,4906.6,4908.25,4905.6,4908.25
17814,2024-04-12 13:53:00,4909.0,4909.0,4907.1,4908.45
17815,2024-04-12 13:54:00,4908.1,4909.0,4906.8,4907.0
17816,2024-04-12 13:55:00,4907.4,4909.0,4907.3,4907.6
17817,2024-04-12 13:56:00,4907.35,4909.75,4906.0,4908.15
17818,2024-04-12 13:57:00,4906.3,4906.95,4905.05,4905.05
17819,2024-04-12 13:58:00,4905.45,4907.5,4905.05,4905.7
17820,2024-04-12 13:59:00,4905.05,4907.5,4903.0,4906.5
17821,2024-04-12 14:00:00,4906.35,4906.35,4903.0,4903.9
17822,2024-04-12 14:01:00,4903.0,4904.8,4901.8,4903.8
17823,2024-04-12 14:02:00,4904.2,4904.45,4901.0,4903.65
17824,2024-04-12 14:03:00,4901.1,4903.35,4901.1,4902.9
17825,2024-04-12 14:04:00,4903.7,4903.75,4901.0,4902.0
17826,2024-04-12 14:05:00,4902.3,4902.55,4900.6,4900.6
17827,2024-04-12 14:06:00,4901.35,4902.15,4900.6,4901.5
17828,2024-04-12 14:07:00,4901.2,4901.5,4900.0,4900.0
17829,2024-04-12 14:08:00,4900.45,4902.25,4900.05,4901.0
17830,2024-04-12 14:09:00,4901.5,4903.5,4900.0,4901.45
17831,2024-04-12 14:10:00,4902.55,4903.9,4900.45,4903.3
17832,2024-04-12 14:11:00,4903.9,4905.25,4901.25,4904.9
17833,2024-04-12 14:12:00,4906.0,4906.95,4902.55,4903.05
17834,2024-04-12 14:13:00,4904.1,4904.1,4901.2,4901.2
17835,2024-04-12 14:14:00,4902.25,4903.8,4901.5,4902.05
17836,2024-04-12 14:15:00,4900.7,4905.15,4900.7,4905.0
17837,2024-04-12 14:16:00,4904.9,4908.3,4904.1,4907.8
17838,2024-04-12 14:17:00,4908.0,4908.1,4901.9,4903.65
17839,2024-04-12 14:18:00,4906.35,4906.35,4900.8,4900.9
17840,2024-04-12 14:19:00,4903.4,4903.4,4900.0,4902.45
17841,2024-04-12 14:20:00,4900.55,4903.0,4900.55,4902.1
17842,2024-04-12 14:21:00,4901.0,4902.8,4898.0,4898.4
17843,2024-04-12 14:22:00,4898.75,4900.0,4895.3,4900.0
17844,2024-04-12 14:23:00,4901.0,4901.8,4898.5,4899.3
17845,2024-04-12 14:24:00,4901.65,4902.35,4899.5,4901.85
17846,2024-04-12 14:25:00,4901.0,4902.45,4899.55,4899.75
17847,2024-04-12 14:26:00,4900.55,4902.0,4898.55,4901.45
17848,2024-04-12 14:27:00,4902.05,4903.5,4900.1,4900.55
17849,2024-04-12 14:28:00,4901.85,4901.85,4899.75,4899.8
17850,2024-04-12 14:29:00,4898.05,4900.25,4896.05,4897.55
17851,2024-04-12 14:30:00,4896.8,4897.1,4893.05,4894.9
17852,2024-04-12 14:31:00,4894.7,4895.0,4892.3,4895.0
17853,2024-04-12 14:32:00,4894.6,4898.95,4894.6,4895.0
17854,2024-04-12 14:33:00,4896.0,4897.9,4894.05,4895.85
17855,2024-04-12 14:34:00,4894.55,4896.6,4894.0,4895.55
17856,2024-04-12 14:35:00,4895.9,4896.6,4894.3,4896.0
17857,2024-04-12 14:36:00,4896.35,4896.6,4894.55,4896.5
17858,2024-04-12 14:37:00,4896.6,4896.6,4894.6,4896.0
17859,2024-04-12 14:38:00,4895.65,4896.6,4894.9,4896.6
17860,2024-04-12 14:39:00,4898.2,4901.75,4896.75,4901.25
17861,2024-04-12 14:40:00,4901.7,4902.0,4900.0,4901.15
17862,2024-04-12 14:41:00,4901.45,4901.45,4896.75,4898.3
17863,2024-04-12 14:42:00,4897.7,4898.4,4895.65,4898.4
17864,2024-04-12 14:43:00,4897.2,4900.35,4896.7,4898.85
17865,2024-04-12 14:44:00,4898.1,4899.9,4896.55,4897.85
17866,2024-04-12 14:45:00,4896.0,4897.85,4896.0,4896.0
17867,2024-04-12 14:46:00,4897.35,4898.8,4895.75,4897.95
17868,2024-04-12 14:47:00,4895.75,4900.9,4895.75,4900.65
17869,2024-04-12 14:48:00,4900.5,4902.0,4898.1,4900.85
17870,2024-04-12 14:49:00,4901.95,4901.95,4898.0,4898.35
17871,2024-04-12 14:50:00,4898.85,4899.95,4898.0,4899.3
17872,2024-04-12 14:51:00,4899.9,4899.9,4895.3,4895.3
17873,2024-04-12 14:52:00,4897.5,4899.85,4895.0,4895.4
17874,2024-04-12 14:53:00,4896.7,4897.95,4895.0,4897.05
17875,2024-04-12 14:54:00,4897.9,4897.9,4890.0,4890.0
17876,2024-04-12 14:55:00,4892.0,4893.4,4890.0,4892.1
17877,2024-04-12 14:56:00,4893.0,4894.95,4891.5,4892.15
17878,2024-04-12 14:57:00,4892.7,4896.9,4892.1,4894.0
17879,2024-04-12 14:58:00,4896.85,4900.4,4894.15,4899.7
17880,2024-04-12 14:59:00,4898.25,4901.95,4897.05,4901.75
17881,2024-04-12 15:00:00,4901.95,4904.9,4895.0,4895.5
17882,2024-04-12 15:01:00,4894.2,4894.2,4889.6,4890.0
17883,2024-04-12 15:02:00,4891.35,4891.35,4887.05,4887.15
17884,2024-04-12 15:03:00,4888.85,4893.5,4887.0,4888.7
17885,2024-04-12 15:04:00,4890.0,4890.15,4886.35,4887.3
17886,2024-04-12 15:05:00,4887.25,4890.25,4887.25,4889.9
17887,2024-04-12 15:06:00,4890.0,4894.95,4889.95,4890.7
17888,2024-04-12 15:07:00,4891.7,4894.85,4890.7,4894.5
17889,2024-04-12 15:08:00,4894.4,4897.6,4892.35,4895.65
17890,2024-04-12 15:09:00,4893.7,4894.85,4888.9,4891.8
17891,2024-04-12 15:10:00,4891.9,4896.15,4889.55,4893.45
17892,2024-04-12 15:11:00,4893.0,4893.45,4890.65,4892.15
17893,2024-04-12 15:12:00,4890.6,4894.3,4890.6,4893.45
17894,2024-04-12 15:13:00,4894.95,4897.15,4892.35,4894.65
17895,2024-04-12 15:14:00,4896.4,4898.55,4895.05,4896.2
17896,2024-04-12 15:15:00,4895.0,4896.15,4886.35,4889.3
17897,2024-04-12 15:16:00,4891.5,4891.5,4886.0,4888.05
17898,2024-04-12 15:17:00,4888.0,4888.15,4885.0,4886.35
17899,2024-04-12 15:18:00,4886.0,4886.2,4885.0,4885.25
17900,2024-04-12 15:19:00,4885.2,4886.35,4885.0,4886.35
17901,2024-04-12 15:20:00,4887.25,4889.2,4885.0,4885.95
17902,2024-04-12 15:21:00,4886.0,4888.3,4885.0,4885.45
17903,2024-04-12 15:22:00,4885.4,4887.6,4885.0,4885.1
17904,2024-04-12 15:23:00,4885.85,4885.85,4881.8,4883.55
17905,2024-04-12 15:24:00,4883.5,4886.0,4881.0,4884.0
17906,2024-04-12 15:25:00,4885.5,4888.0,4882.75,4885.05
17907,2024-04-12 15:26:00,4885.0,4885.05,4881.2,4883.4
17908,2024-04-12 15:27:00,4884.5,4884.5,4880.05,4884.5
17909,2024-04-12 15:28:00,4884.0,4892.45,4880.1,4888.75
17910,2024-04-12 15:29:00,4892.65,4895.0,4881.0,4887.0
17911,2024-04-15 09:15:00,4860.0,4872.7,4850.0,4870.55
17912,2024-04-15 09:16:00,4869.5,4869.5,4834.75,4844.0
17913,2024-04-15 09:17:00,4844.05,4855.2,4838.3,4850.05
17914,2024-04-15 09:18:00,4850.4,4863.0,4848.85,4863.0
17915,2024-04-15 09:19:00,4862.6,4862.6,4846.55,4850.6
17916,2024-04-15 09:20:00,4850.0,4854.55,4844.3,4847.5
17917,2024-04-15 09:21:00,4850.2,4850.2,4839.8,4839.8
17918,2024-04-15 09:22:00,4836.85,4855.0,4836.85,4852.4
17919,2024-04-15 09:23:00,4850.05,4862.6,4849.9,4859.7
17920,2024-04-15 09:24:00,4856.6,4878.5,4856.55,4875.9
17921,2024-04-15 09:25:00,4876.35,4879.5,4873.15,4879.5
17922,2024-04-15 09:26:00,4877.65,4890.85,4875.7,4876.8
17923,2024-04-15 09:27:00,4879.9,4887.75,4875.9,4884.0
17924,2024-04-15 09:28:00,4883.8,4891.45,4877.55,4879.5
17925,2024-04-15 09:29:00,4878.75,4882.0,4870.0,4874.8
17926,2024-04-15 09:30:00,4876.85,4876.85,4863.9,4867.4
17927,2024-04-15 09:31:00,4866.0,4874.25,4857.0,4860.0
17928,2024-04-15 09:32:00,4858.05,4865.0,4858.0,4858.2
17929,2024-04-15 09:33:00,4858.05,4858.05,4851.1,4855.0
17930,2024-04-15 09:34:00,4853.6,4855.0,4850.0,4852.0
17931,2024-04-15 09:35:00,4851.75,4852.4,4848.0,4852.25
17932,2024-04-15 09:36:00,4849.05,4853.6,4845.85,4845.85
17933,2024-04-15 09:37:00,4848.2,4850.0,4845.7,4848.75
17934,2024-04-15 09:38:00,4848.65,4850.35,4845.1,4848.2
17935,2024-04-15 09:39:00,4848.0,4848.0,4842.15,4842.15
17936,2024-04-15 09:40:00,4844.8,4844.85,4838.15,4841.25
17937,2024-04-15 09:41:00,4841.2,4842.75,4837.15,4837.15
17938,2024-04-15 09:42:00,4839.0,4844.95,4838.0,4844.95
17939,2024-04-15 09:43:00,4841.0,4851.95,4841.0,4851.8
17940,2024-04-15 09:44:00,4851.15,4854.95,4847.55,4847.55
17941,2024-04-15 09:45:00,4846.0,4848.8,4843.65,4848.5
17942,2024-04-15 09:46:00,4848.55,4852.25,4846.1,4852.25
17943,2024-04-15 09:47:00,4849.5,4854.6,4848.0,4853.35
17944,2024-04-15 09:48:00,4853.3,4853.45,4846.15,4850.45
17945,2024-04-15 09:49:00,4850.5,4851.0,4846.1,4848.75
17946,2024-04-15 09:50:00,4848.85,4848.85,4841.05,4843.25
17947,2024-04-15 09:51:00,4840.25,4841.95,4837.6,4839.8
17948,2024-04-15 09:52:00,4838.0,4841.1,4836.8,4837.0
17949,2024-04-15 09:53:00,4838.8,4842.1,4832.4,4834.75
17950,2024-04-15 09:54:00,4834.9,4837.8,4832.0,4834.9
17951,2024-04-15 09:55:00,4832.5,4836.0,4830.5,4834.55
17952,2024-04-15 09:56:00,4833.3,4839.75,4830.65,4837.7
17953,2024-04-15 09:57:00,4838.1,4838.85,4835.45,4836.1
17954,2024-04-15 09:58:00,4837.4,4843.2,4836.15,4839.0
17955,2024-04-15 09:59:00,4838.05,4839.7,4833.9,4836.15
17956,2024-04-15 10:00:00,4837.9,4842.0,4837.15,4841.0
17957,2024-04-15 10:01:00,4841.95,4842.0,4839.0,4839.0
17958,2024-04-15 10:02:00,4838.75,4840.65,4837.0,4838.55
17959,2024-04-15 10:03:00,4839.05,4840.45,4837.5,4839.8
17960,2024-04-15 10:04:00,4840.0,4845.0,4838.4,4842.7
17961,2024-04-15 10:05:00,4842.35,4846.0,4842.0,4845.95
17962,2024-04-15 10:06:00,4845.5,4847.95,4845.0,4845.4
17963,2024-04-15 10:07:00,4845.3,4848.65,4845.05,4846.7
17964,2024-04-15 10:08:00,4846.55,4851.8,4845.0,4851.8
17965,2024-04-15 10:09:00,4848.6,4851.45,4846.05,4846.15
17966,2024-04-15 10:10:00,4846.05,4850.3,4844.0,4844.0
17967,2024-04-15 10:11:00,4845.9,4845.9,4841.0,4843.2
17968,2024-04-15 10:12:00,4844.9,4844.9,4839.0,4840.0
17969,2024-04-15 10:13:00,4839.0,4841.65,4838.05,4839.0
17970,2024-04-15 10:14:00,4840.15,4846.7,4840.15,4844.8
17971,2024-04-15 10:15:00,4844.9,4849.85,4843.0,4849.4
17972,2024-04-15 10:16:00,4847.2,4850.5,4845.3,4847.75
17973,2024-04-15 10:17:00,4846.3,4850.95,4846.3,4850.2
17974,2024-04-15 10:18:00,4850.3,4850.4,4845.05,4848.0
17975,2024-04-15 10:19:00,4848.5,4859.0,4848.05,4855.9
17976,2024-04-15 10:20:00,4858.4,4859.9,4856.05,4858.0
17977,2024-04-15 10:21:00,4858.75,4862.85,4858.05,4859.9
17978,2024-04-15 10:22:00,4860.8,4862.4,4859.0,4859.5
17979,2024-04-15 10:23:00,4858.65,4859.4,4857.45,4858.1
17980,2024-04-15 10:24:00,4858.2,4858.2,4855.0,4855.05
17981,2024-04-15 10:25:00,4856.05,4859.25,4851.1,4856.55
17982,2024-04-15 10:26:00,4857.25,4858.5,4854.75,4856.8
17983,2024-04-15 10:27:00,4855.1,4857.3,4854.0,4854.0
17984,2024-04-15 10:28:00,4856.35,4858.15,4855.9,4858.1
17985,2024-04-15 10:29:00,4858.15,4858.15,4857.0,4857.4
17986,2024-04-15 10:30:00,4857.35,4857.35,4855.0,4855.05
17987,2024-04-15 10:31:00,4855.0,4855.15,4853.0,4854.1
17988,2024-04-15 10:32:00,4854.95,4855.0,4849.0,4849.0
17989,2024-04-15 10:33:00,4850.0,4850.0,4846.9,4848.75
17990,2024-04-15 10:34:00,4846.95,4848.4,4845.0,4845.0
17991,2024-04-15 10:35:00,4845.1,4845.1,4840.45,4842.55
17992,2024-04-15 10:36:00,4842.1,4842.95,4838.7,4839.4
17993,2024-04-15 10:37:00,4839.3,4841.0,4838.55,4840.35
17994,2024-04-15 10:38:00,4838.55,4841.15,4838.55,4839.45
17995,2024-04-15 10:39:00,4839.95,4841.0,4839.1,4839.25
17996,2024-04-15 10:40:00,4839.75,4841.0,4836.0,4836.1
17997,2024-04-15 10:41:00,4836.95,4839.95,4836.0,4838.4
17998,2024-04-15 10:42:00,4839.95,4839.95,4837.0,4838.05
17999,2024-04-15 10:43:00,4837.55,4840.5,4837.5,4840.2
18000,2024-04-15 10:44:00,4840.6,4842.05,4838.6,4840.0
18001,2024-04-15 10:45:00,4840.3,4843.6,4838.05,4838.15
18002,2024-04-15 10:46:00,4838.05,4841.0,4838.0,4840.15
18003,2024-04-15 10:47:00,4840.2,4841.0,4840.1,4840.75
18004,2024-04-15 10:48:00,4840.45,4842.05,4840.45,4842.05
18005,2024-04-15 10:49:00,4841.0,4841.1,4840.0,4840.6
18006,2024-04-15 10:50:00,4840.75,4842.6,4839.3,4839.75
18007,2024-04-15 10:51:00,4839.85,4841.0,4838.65,4840.35
18008,2024-04-15 10:52:00,4841.0,4841.45,4840.1,4841.0
18009,2024-04-15 10:53:00,4841.15,4846.65,4841.0,4842.25
18010,2024-04-15 10:54:00,4842.3,4842.3,4840.05,4841.0
18011,2024-04-15 10:55:00,4840.75,4841.0,4838.05,4840.65
18012,2024-04-15 10:56:00,4838.1,4841.35,4836.0,4837.4
18013,2024-04-15 10:57:00,4837.9,4839.7,4837.35,4838.35
18014,2024-04-15 10:58:00,4840.5,4840.5,4838.0,4838.0
18015,2024-04-15 10:59:00,4838.4,4840.95,4838.0,4840.9
18016,2024-04-15 11:00:00,4841.0,4841.0,4837.75,4837.75
18017,2024-04-15 11:01:00,4837.55,4838.0,4835.4,4837.45
18018,2024-04-15 11:02:00,4837.35,4837.35,4833.25,4833.95
18019,2024-04-15 11:03:00,4835.2,4835.2,4832.5,4833.35
18020,2024-04-15 11:04:00,4833.2,4835.0,4832.5,4832.5
18021,2024-04-15 11:05:00,4832.35,4832.7,4824.0,4829.45
18022,2024-04-15 11:06:00,4830.2,4834.45,4828.2,4828.8
18023,2024-04-15 11:07:00,4829.6,4829.6,4824.4,4826.7
18024,2024-04-15 11:08:00,4825.15,4826.9,4823.25,4824.95
18025,2024-04-15 11:09:00,4824.15,4825.0,4823.0,4823.55
18026,2024-04-15 11:10:00,4823.6,4826.9,4823.6,4826.9
18027,2024-04-15 11:11:00,4826.95,4827.0,4825.0,4825.45
18028,2024-04-15 11:12:00,4825.4,4826.0,4822.25,4824.1
18029,2024-04-15 11:13:00,4824.0,4826.2,4823.15,4826.0
18030,2024-04-15 11:14:00,4826.45,4827.7,4825.8,4827.7
18031,2024-04-15 11:15:00,4826.05,4827.55,4826.0,4826.1
18032,2024-04-15 11:16:00,4826.0,4826.0,4825.0,4825.35
18033,2024-04-15 11:17:00,4825.15,4826.7,4822.8,4824.15
18034,2024-04-15 11:18:00,4824.0,4824.0,4821.95,4821.95
18035,2024-04-15 11:19:00,4822.0,4822.4,4821.6,4821.95
18036,2024-04-15 11:20:00,4821.0,4821.1,4815.1,4815.1
18037,2024-04-15 11:21:00,4814.45,4817.95,4814.45,4815.7
18038,2024-04-15 11:22:00,4816.4,4819.75,4815.05,4818.95
18039,2024-04-15 11:23:00,4818.0,4823.55,4818.0,4821.4
18040,2024-04-15 11:24:00,4821.3,4824.15,4821.1,4824.1
18041,2024-04-15 11:25:00,4823.0,4826.15,4823.0,4824.25
18042,2024-04-15 11:26:00,4824.0,4826.45,4823.2,4824.2
18043,2024-04-15 11:27:00,4823.25,4823.95,4820.4,4820.85
18044,2024-04-15 11:28:00,4820.75,4821.9,4820.0,4821.05
18045,2024-04-15 11:29:00,4822.0,4822.0,4818.25,4819.7
18046,2024-04-15 11:30:00,4819.0,4823.05,4819.0,4821.5
18047,2024-04-15 11:31:00,4821.15,4823.3,4821.1,4821.5
18048,2024-04-15 11:32:00,4821.65,4826.55,4821.45,4823.6
18049,2024-04-15 11:33:00,4822.35,4825.5,4822.35,4824.4
18050,2024-04-15 11:34:00,4823.45,4825.5,4823.05,4825.5
18051,2024-04-15 11:35:00,4823.95,4825.6,4823.0,4823.15
18052,2024-04-15 11:36:00,4823.0,4825.15,4822.45,4824.0
18053,2024-04-15 11:37:00,4822.6,4825.7,4822.4,4823.5
18054,2024-04-15 11:38:00,4822.85,4823.95,4822.75,4823.35
18055,2024-04-15 11:39:00,4823.15,4824.5,4822.75,4824.4
18056,2024-04-15 11:40:00,4824.1,4825.0,4824.05,4824.8
18057,2024-04-15 11:41:00,4824.9,4825.0,4824.15,4824.25
18058,2024-04-15 11:42:00,4824.15,4825.0,4824.0,4825.0
18059,2024-04-15 11:43:00,4825.75,4827.1,4824.3,4824.85
18060,2024-04-15 11:44:00,4824.3,4825.9,4824.25,4824.35
18061,2024-04-15 11:45:00,4825.05,4826.2,4821.4,4823.3
18062,2024-04-15 11:46:00,4821.6,4823.5,4820.05,4821.4
18063,2024-04-15 11:47:00,4820.1,4822.45,4820.0,4821.9
18064,2024-04-15 11:48:00,4820.35,4825.0,4820.3,4822.9
18065,2024-04-15 11:49:00,4824.6,4826.0,4823.0,4824.15
18066,2024-04-15 11:50:00,4824.55,4826.0,4824.15,4825.4
18067,2024-04-15 11:51:00,4824.9,4827.25,4824.15,4824.5
18068,2024-04-15 11:52:00,4825.0,4827.6,4824.9,4825.0
18069,2024-04-15 11:53:00,4824.15,4826.25,4824.15,4824.3
18070,2024-04-15 11:54:00,4824.25,4825.5,4824.15,4824.65
18071,2024-04-15 11:55:00,4824.6,4826.45,4824.15,4824.15
18072,2024-04-15 11:56:00,4824.2,4826.45,4824.15,4824.2
18073,2024-04-15 11:57:00,4824.3,4826.15,4824.15,4824.3
18074,2024-04-15 11:58:00,4824.25,4826.4,4824.25,4824.35
18075,2024-04-15 11:59:00,4824.45,4827.0,4824.35,4825.55
18076,2024-04-15 12:00:00,4825.75,4826.95,4825.55,4825.55
18077,2024-04-15 12:01:00,4826.25,4826.25,4820.0,4820.15
18078,2024-04-15 12:02:00,4820.05,4823.15,4820.0,4820.8
18079,2024-04-15 12:03:00,4820.3,4823.35,4820.05,4821.1
18080,2024-04-15 12:04:00,4823.25,4823.25,4821.0,4822.0
18081,2024-04-15 12:05:00,4822.35,4823.45,4821.05,4821.1
18082,2024-04-15 12:06:00,4821.0,4821.2,4819.45,4819.5
18083,2024-04-15 12:07:00,4819.45,4819.45,4815.55,4815.55
18084,2024-04-15 12:08:00,4816.0,4816.0,4813.65,4815.0
18085,2024-04-15 12:09:00,4814.35,4818.6,4813.65,4817.2
18086,2024-04-15 12:10:00,4817.6,4817.6,4814.4,4815.5
18087,2024-04-15 12:11:00,4814.45,4817.55,4814.45,4815.2
18088,2024-04-15 12:12:00,4815.05,4818.95,4815.0,4816.4
18089,2024-04-15 12:13:00,4816.6,4820.0,4816.6,4817.5
18090,2024-04-15 12:14:00,4817.9,4821.4,4817.15,4818.2
18091,2024-04-15 12:15:00,4818.05,4820.5,4818.05,4820.0
18092,2024-04-15 12:16:00,4819.1,4819.7,4814.9,4818.7
18093,2024-04-15 12:17:00,4817.6,4825.0,4817.6,4822.35
18094,2024-04-15 12:18:00,4822.05,4828.65,4822.05,4825.35
18095,2024-04-15 12:19:00,4825.7,4828.8,4825.35,4826.15
18096,2024-04-15 12:20:00,4826.0,4827.2,4823.45,4823.45
18097,2024-04-15 12:21:00,4823.2,4827.1,4821.2,4827.1
18098,2024-04-15 12:22:00,4827.0,4828.85,4826.9,4827.4
18099,2024-04-15 12:23:00,4828.95,4828.95,4827.4,4828.0
18100,2024-04-15 12:24:00,4827.4,4832.0,4827.4,4831.95
18101,2024-04-15 12:25:00,4832.75,4834.6,4831.7,4832.65
18102,2024-04-15 12:26:00,4832.6,4832.75,4828.6,4830.45
18103,2024-04-15 12:27:00,4831.0,4831.0,4821.1,4824.45
18104,2024-04-15 12:28:00,4823.05,4829.3,4823.05,4828.15
18105,2024-04-15 12:29:00,4829.2,4829.2,4826.95,4827.05
18106,2024-04-15 12:30:00,4827.15,4833.65,4827.15,4830.8
18107,2024-04-15 12:31:00,4829.95,4832.95,4825.1,4825.1
18108,2024-04-15 12:32:00,4825.05,4825.4,4823.15,4823.4
18109,2024-04-15 12:33:00,4823.15,4824.3,4821.15,4823.15
18110,2024-04-15 12:34:00,4823.7,4824.95,4821.9,4822.0
18111,2024-04-15 12:35:00,4821.95,4824.65,4821.75,4823.15
18112,2024-04-15 12:36:00,4822.65,4824.05,4821.75,4822.2
18113,2024-04-15 12:37:00,4821.8,4825.35,4821.75,4822.15
18114,2024-04-15 12:38:00,4822.1,4822.1,4820.25,4820.25
18115,2024-04-15 12:39:00,4820.3,4821.45,4820.25,4821.05
18116,2024-04-15 12:40:00,4821.1,4824.05,4821.05,4823.1
18117,2024-04-15 12:41:00,4825.0,4825.0,4822.0,4822.5
18118,2024-04-15 12:42:00,4822.0,4823.95,4820.2,4820.25
18119,2024-04-15 12:43:00,4820.15,4821.0,4818.0,4819.8
18120,2024-04-15 12:44:00,4818.9,4820.0,4818.0,4818.5
18121,2024-04-15 12:45:00,4818.55,4819.1,4817.3,4818.35
18122,2024-04-15 12:46:00,4818.4,4820.5,4815.0,4815.05
18123,2024-04-15 12:47:00,4815.2,4817.7,4814.0,4815.0
18124,2024-04-15 12:48:00,4816.8,4818.9,4815.1,4816.2
18125,2024-04-15 12:49:00,4817.5,4818.0,4815.05,4815.25
18126,2024-04-15 12:50:00,4815.05,4816.8,4813.95,4814.1
18127,2024-04-15 12:51:00,4814.0,4815.0,4813.55,4814.25
18128,2024-04-15 12:52:00,4814.05,4818.0,4814.05,4816.45
18129,2024-04-15 12:53:00,4816.7,4817.0,4814.75,4815.1
18130,2024-04-15 12:54:00,4816.3,4817.0,4814.5,4816.75
18131,2024-04-15 12:55:00,4816.45,4818.8,4816.45,4817.1
18132,2024-04-15 12:56:00,4817.0,4818.95,4816.75,4818.95
18133,2024-04-15 12:57:00,4817.0,4820.0,4816.3,4819.95
18134,2024-04-15 12:58:00,4818.75,4819.1,4818.0,4818.2
18135,2024-04-15 12:59:00,4818.15,4819.6,4814.9,4814.9
18136,2024-04-15 13:00:00,4815.05,4816.2,4814.25,4814.45
18137,2024-04-15 13:01:00,4814.25,4816.15,4812.0,4812.45
18138,2024-04-15 13:02:00,4812.0,4812.45,4810.0,4810.0
18139,2024-04-15 13:03:00,4810.05,4811.4,4807.35,4807.35
18140,2024-04-15 13:04:00,4808.0,4810.0,4806.85,4808.45
18141,2024-04-15 13:05:00,4808.1,4809.95,4806.0,4809.95
18142,2024-04-15 13:06:00,4809.05,4809.95,4807.65,4809.0
18143,2024-04-15 13:07:00,4809.05,4810.2,4809.0,4809.3
18144,2024-04-15 13:08:00,4809.0,4809.4,4809.0,4809.1
18145,2024-04-15 13:09:00,4809.0,4812.05,4809.0,4811.25
18146,2024-04-15 13:10:00,4810.55,4814.0,4809.0,4812.0
18147,2024-04-15 13:11:00,4811.55,4814.4,4811.55,4813.0
18148,2024-04-15 13:12:00,4813.15,4814.4,4813.1,4814.4
18149,2024-04-15 13:13:00,4813.25,4814.4,4813.0,4813.2
18150,2024-04-15 13:14:00,4813.0,4814.4,4811.55,4812.7
18151,2024-04-15 13:15:00,4812.0,4812.75,4810.95,4811.55
18152,2024-04-15 13:16:00,4811.5,4813.25,4810.8,4813.25
18153,2024-04-15 13:17:00,4812.4,4814.3,4811.35,4812.4
18154,2024-04-15 13:18:00,4811.7,4812.4,4810.8,4811.7
18155,2024-04-15 13:19:00,4811.05,4814.5,4811.0,4813.85
18156,2024-04-15 13:20:00,4812.0,4813.85,4810.85,4811.8
18157,2024-04-15 13:21:00,4811.35,4813.15,4811.15,4811.95
18158,2024-04-15 13:22:00,4812.05,4814.15,4811.95,4814.15
18159,2024-04-15 13:23:00,4814.1,4817.35,4814.05,4817.05
18160,2024-04-15 13:24:00,4817.35,4820.4,4816.9,4820.2
18161,2024-04-15 13:25:00,4820.0,4820.0,4817.0,4819.05
18162,2024-04-15 13:26:00,4818.6,4821.3,4818.1,4821.0
18163,2024-04-15 13:27:00,4820.05,4822.0,4820.0,4821.4
18164,2024-04-15 13:28:00,4821.0,4822.0,4821.0,4821.05
18165,2024-04-15 13:29:00,4821.3,4822.0,4820.9,4820.9
18166,2024-04-15 13:30:00,4820.05,4821.0,4819.4,4820.2
18167,2024-04-15 13:31:00,4819.35,4821.0,4818.95,4819.4
18168,2024-04-15 13:32:00,4819.6,4819.6,4816.45,4818.0
18169,2024-04-15 13:33:00,4816.95,4818.0,4816.95,4817.0
18170,2024-04-15 13:34:00,4816.95,4819.7,4816.45,4819.05
18171,2024-04-15 13:35:00,4819.0,4819.2,4816.5,4817.7
18172,2024-04-15 13:36:00,4816.55,4817.95,4816.45,4816.45
18173,2024-04-15 13:37:00,4817.9,4817.95,4816.3,4816.45
18174,2024-04-15 13:38:00,4816.6,4818.8,4816.0,4816.5
18175,2024-04-15 13:39:00,4816.0,4816.5,4815.0,4815.0
18176,2024-04-15 13:40:00,4815.15,4816.5,4815.0,4815.8
18177,2024-04-15 13:41:00,4815.45,4817.0,4815.1,4817.0
18178,2024-04-15 13:42:00,4815.95,4817.0,4815.9,4816.5
18179,2024-04-15 13:43:00,4816.55,4820.9,4815.95,4820.2
18180,2024-04-15 13:44:00,4819.0,4820.6,4818.9,4819.0
18181,2024-04-15 13:45:00,4818.95,4824.75,4818.1,4824.0
18182,2024-04-15 13:46:00,4823.95,4827.0,4822.4,4826.1
18183,2024-04-15 13:47:00,4826.4,4826.5,4824.75,4824.95
18184,2024-04-15 13:48:00,4824.65,4824.95,4821.0,4821.05
18185,2024-04-15 13:49:00,4821.0,4823.25,4820.1,4821.2
18186,2024-04-15 13:50:00,4821.15,4821.15,4820.0,4820.0
18187,2024-04-15 13:51:00,4820.25,4820.7,4819.6,4820.2
18188,2024-04-15 13:52:00,4821.0,4825.0,4820.2,4822.45
18189,2024-04-15 13:53:00,4822.9,4825.0,4822.0,4822.2
18190,2024-04-15 13:54:00,4822.0,4822.95,4821.55,4822.0
18191,2024-04-15 13:55:00,4821.8,4821.8,4820.0,4820.95
18192,2024-04-15 13:56:00,4820.05,4824.0,4820.05,4821.0
18193,2024-04-15 13:57:00,4820.9,4822.7,4820.8,4820.8
18194,2024-04-15 13:58:00,4821.0,4821.7,4818.0,4818.0
18195,2024-04-15 13:59:00,4820.4,4820.85,4817.4,4817.4
18196,2024-04-15 14:00:00,4817.6,4818.4,4816.0,4816.0
18197,2024-04-15 14:01:00,4816.5,4817.6,4812.95,4816.6
18198,2024-04-15 14:02:00,4817.1,4818.7,4816.3,4816.3
18199,2024-04-15 14:03:00,4816.5,4816.5,4813.9,4814.05
18200,2024-04-15 14:04:00,4814.35,4814.35,4812.0,4813.1
18201,2024-04-15 14:05:00,4813.05,4814.85,4812.95,4814.25
18202,2024-04-15 14:06:00,4814.85,4815.5,4813.15,4813.2
18203,2024-04-15 14:07:00,4813.45,4815.3,4813.15,4813.3
18204,2024-04-15 14:08:00,4813.75,4816.6,4813.5,4814.55
18205,2024-04-15 14:09:00,4814.5,4816.4,4814.0,4814.95
18206,2024-04-15 14:10:00,4815.05,4815.35,4813.8,4813.85
18207,2024-04-15 14:11:00,4813.8,4814.15,4813.8,4813.9
18208,2024-04-15 14:12:00,4813.95,4815.5,4813.85,4815.5
18209,2024-04-15 14:13:00,4813.9,4815.45,4813.8,4813.9
18210,2024-04-15 14:14:00,4813.8,4813.9,4812.0,4812.05
18211,2024-04-15 14:15:00,4812.15,4812.15,4810.1,4810.15
18212,2024-04-15 14:16:00,4810.1,4812.4,4810.1,4810.4
18213,2024-04-15 14:17:00,4810.55,4811.75,4810.35,4810.5
18214,2024-04-15 14:18:00,4811.2,4811.2,4807.2,4807.2
18215,2024-04-15 14:19:00,4807.55,4808.45,4805.0,4806.5
18216,2024-04-15 14:20:00,4806.3,4808.7,4805.0,4805.1
18217,2024-04-15 14:21:00,4805.0,4805.05,4803.0,4804.1
18218,2024-04-15 14:22:00,4803.65,4806.0,4803.65,4805.25
18219,2024-04-15 14:23:00,4804.3,4806.85,4801.05,4802.1
18220,2024-04-15 14:24:00,4802.7,4803.25,4800.3,4803.25
18221,2024-04-15 14:25:00,4801.4,4803.0,4800.3,4800.65
18222,2024-04-15 14:26:00,4801.1,4804.1,4800.75,4801.6
18223,2024-04-15 14:27:00,4801.7,4803.0,4800.5,4801.05
18224,2024-04-15 14:28:00,4801.1,4804.8,4801.1,4803.0
18225,2024-04-15 14:29:00,4803.8,4804.35,4800.35,4803.7
18226,2024-04-15 14:30:00,4803.8,4804.35,4801.0,4801.0
18227,2024-04-15 14:31:00,4803.4,4803.5,4801.0,4801.1
18228,2024-04-15 14:32:00,4802.05,4804.3,4801.0,4803.4
18229,2024-04-15 14:33:00,4802.1,4804.95,4801.8,4804.85
18230,2024-04-15 14:34:00,4804.8,4807.75,4804.1,4804.1
18231,2024-04-15 14:35:00,4805.9,4806.25,4802.6,4804.6
18232,2024-04-15 14:36:00,4806.7,4807.75,4804.65,4806.95
18233,2024-04-15 14:37:00,4808.85,4810.1,4806.05,4806.1
18234,2024-04-15 14:38:00,4807.25,4811.95,4805.65,4811.2
18235,2024-04-15 14:39:00,4811.35,4813.0,4810.0,4810.95
18236,2024-04-15 14:40:00,4810.8,4813.55,4810.8,4813.0
18237,2024-04-15 14:41:00,4813.25,4814.0,4812.15,4813.1
18238,2024-04-15 14:42:00,4813.4,4813.7,4810.0,4810.4
18239,2024-04-15 14:43:00,4810.0,4813.55,4810.0,4811.8
18240,2024-04-15 14:44:00,4811.65,4814.0,4811.65,4812.1
18241,2024-04-15 14:45:00,4812.45,4815.0,4812.15,4815.0
18242,2024-04-15 14:46:00,4814.75,4814.75,4811.35,4812.0
18243,2024-04-15 14:47:00,4812.6,4813.3,4810.0,4810.35
18244,2024-04-15 14:48:00,4810.5,4813.6,4809.95,4810.75
18245,2024-04-15 14:49:00,4811.05,4813.95,4810.75,4813.35
18246,2024-04-15 14:50:00,4812.7,4814.95,4810.0,4811.8
18247,2024-04-15 14:51:00,4810.6,4814.35,4810.6,4812.0
18248,2024-04-15 14:52:00,4813.65,4813.95,4809.3,4813.95
18249,2024-04-15 14:53:00,4813.8,4814.0,4811.05,4812.4
18250,2024-04-15 14:54:00,4813.0,4814.0,4812.5,4813.5
18251,2024-04-15 14:55:00,4813.0,4814.9,4812.4,4812.9
18252,2024-04-15 14:56:00,4812.85,4816.75,4812.85,4815.25
18253,2024-04-15 14:57:00,4815.15,4816.3,4814.5,4814.5
18254,2024-04-15 14:58:00,4814.9,4816.0,4814.0,4814.0
18255,2024-04-15 14:59:00,4812.85,4814.65,4810.1,4810.1
18256,2024-04-15 15:00:00,4810.7,4814.4,4810.7,4811.95
18257,2024-04-15 15:01:00,4812.0,4814.6,4812.0,4813.6
18258,2024-04-15 15:02:00,4812.6,4813.65,4811.6,4813.25
18259,2024-04-15 15:03:00,4815.0,4816.2,4813.35,4816.05
18260,2024-04-15 15:04:00,4816.25,4817.45,4815.1,4815.8
18261,2024-04-15 15:05:00,4818.0,4818.6,4815.85,4816.85
18262,2024-04-15 15:06:00,4816.65,4819.0,4816.65,4818.6
18263,2024-04-15 15:07:00,4818.55,4819.0,4817.05,4817.35
18264,2024-04-15 15:08:00,4817.4,4819.0,4817.0,4817.1
18265,2024-04-15 15:09:00,4817.0,4821.6,4816.0,4821.6
18266,2024-04-15 15:10:00,4820.85,4820.85,4816.9,4817.05
18267,2024-04-15 15:11:00,4817.0,4818.9,4816.9,4817.4
18268,2024-04-15 15:12:00,4817.5,4817.65,4816.0,4816.0
18269,2024-04-15 15:13:00,4816.1,4817.45,4815.0,4815.05
18270,2024-04-15 15:14:00,4815.15,4815.2,4812.0,4815.0
18271,2024-04-15 15:15:00,4813.55,4820.7,4813.55,4819.55
18272,2024-04-15 15:16:00,4819.6,4821.7,4814.85,4815.0
18273,2024-04-15 15:17:00,4815.1,4815.75,4813.7,4815.25
18274,2024-04-15 15:18:00,4815.0,4815.8,4814.0,4815.4
18275,2024-04-15 15:19:00,4815.85,4816.15,4813.45,4815.25
18276,2024-04-15 15:20:00,4815.3,4815.3,4814.95,4815.1
18277,2024-04-15 15:21:00,4815.45,4815.8,4815.0,4815.1
18278,2024-04-15 15:22:00,4815.05,4815.8,4813.8,4815.25
18279,2024-04-15 15:23:00,4815.0,4815.8,4813.2,4815.15
18280,2024-04-15 15:24:00,4815.2,4815.35,4815.0,4815.0
18281,2024-04-15 15:25:00,4815.2,4815.9,4814.0,4815.3
18282,2024-04-15 15:26:00,4816.0,4818.9,4815.0,4817.4
18283,2024-04-15 15:27:00,4817.35,4817.95,4813.0,4815.9
18284,2024-04-15 15:28:00,4815.75,4815.75,4803.0,4805.55
18285,2024-04-15 15:29:00,4806.45,4811.7,4806.0,4810.95
18286,2024-04-16 09:14:00,4786.95,4786.95,4786.95,4786.95
18287,2024-04-16 09:15:00,4774.0,4779.05,4735.55,4737.0
18288,2024-04-16 09:16:00,4734.9,4748.2,4725.85,4734.7
18289,2024-04-16 09:17:00,4731.25,4734.65,4712.15,4717.2
18290,2024-04-16 09:18:00,4718.75,4734.0,4718.75,4723.1
18291,2024-04-16 09:19:00,4720.0,4720.05,4695.05,4710.0
18292,2024-04-16 09:20:00,4705.95,4710.15,4680.05,4684.25
18293,2024-04-16 09:21:00,4686.75,4686.8,4660.4,4662.05
18294,2024-04-16 09:22:00,4663.95,4684.85,4662.6,4684.85
18295,2024-04-16 09:23:00,4685.55,4685.55,4661.7,4662.9
18296,2024-04-16 09:24:00,4662.75,4688.5,4660.25,4686.0
18297,2024-04-16 09:25:00,4689.0,4694.3,4683.0,4690.0
18298,2024-04-16 09:26:00,4688.9,4694.75,4688.9,4690.5
18299,2024-04-16 09:27:00,4690.65,4693.9,4682.3,4686.45
18300,2024-04-16 09:28:00,4682.95,4686.45,4670.65,4675.2
18301,2024-04-16 09:29:00,4672.9,4681.75,4668.4,4677.05
18302,2024-04-16 09:30:00,4678.0,4693.0,4678.0,4686.35
18303,2024-04-16 09:31:00,4686.3,4690.0,4678.0,4678.0
18304,2024-04-16 09:32:00,4679.2,4689.0,4676.0,4682.5
18305,2024-04-16 09:33:00,4683.05,4685.9,4666.65,4666.65
18306,2024-04-16 09:34:00,4668.0,4687.9,4666.8,4684.95
18307,2024-04-16 09:35:00,4682.0,4686.15,4680.0,4682.55
18308,2024-04-16 09:36:00,4683.95,4683.95,4673.05,4673.05
18309,2024-04-16 09:37:00,4674.5,4684.1,4671.0,4672.85
18310,2024-04-16 09:38:00,4672.0,4679.0,4669.2,4676.6
18311,2024-04-16 09:39:00,4675.15,4678.85,4670.8,4672.5
18312,2024-04-16 09:40:00,4673.0,4681.6,4671.0,4678.05
18313,2024-04-16 09:41:00,4679.9,4679.9,4675.2,4675.2
18314,2024-04-16 09:42:00,4675.85,4677.7,4672.2,4673.55
18315,2024-04-16 09:43:00,4673.1,4675.75,4673.0,4674.4
18316,2024-04-16 09:44:00,4674.9,4682.85,4672.9,4682.05
18317,2024-04-16 09:45:00,4682.0,4683.0,4671.1,4673.05
18318,2024-04-16 09:46:00,4672.5,4675.0,4671.0,4674.6
18319,2024-04-16 09:47:00,4675.0,4675.0,4661.0,4662.35
18320,2024-04-16 09:48:00,4662.9,4665.5,4660.6,4665.35
18321,2024-04-16 09:49:00,4664.3,4671.45,4663.3,4669.15
18322,2024-04-16 09:50:00,4668.1,4672.4,4663.1,4663.15
18323,2024-04-16 09:51:00,4665.4,4665.65,4660.2,4663.65
18324,2024-04-16 09:52:00,4662.55,4666.55,4662.55,4665.65
18325,2024-04-16 09:53:00,4665.45,4668.5,4663.1,4663.15
18326,2024-04-16 09:54:00,4663.45,4666.2,4662.1,4664.45
18327,2024-04-16 09:55:00,4665.0,4666.0,4661.0,4661.85
18328,2024-04-16 09:56:00,4661.75,4669.0,4661.55,4668.85
18329,2024-04-16 09:57:00,4670.0,4682.0,4668.85,4681.0
18330,2024-04-16 09:58:00,4680.1,4684.75,4680.0,4684.75
18331,2024-04-16 09:59:00,4684.0,4690.0,4682.55,4686.9
18332,2024-04-16 10:00:00,4687.0,4692.0,4686.0,4688.95
18333,2024-04-16 10:01:00,4689.55,4689.55,4681.0,4681.0
18334,2024-04-16 10:02:00,4682.0,4691.6,4681.0,4691.6
18335,2024-04-16 10:03:00,4692.0,4705.0,4691.3,4700.95
18336,2024-04-16 10:04:00,4702.0,4702.0,4694.2,4697.75
18337,2024-04-16 10:05:00,4696.0,4703.8,4696.0,4702.15
18338,2024-04-16 10:06:00,4702.0,4704.0,4700.4,4702.3
18339,2024-04-16 10:07:00,4702.95,4702.95,4695.5,4697.5
18340,2024-04-16 10:08:00,4699.0,4700.0,4697.0,4700.0
18341,2024-04-16 10:09:00,4698.25,4700.0,4697.55,4699.95
18342,2024-04-16 10:10:00,4700.65,4704.0,4700.0,4703.95
18343,2024-04-16 10:11:00,4704.0,4704.0,4700.05,4700.05
18344,2024-04-16 10:12:00,4700.35,4702.0,4698.25,4700.0
18345,2024-04-16 10:13:00,4700.45,4703.0,4700.0,4700.7
18346,2024-04-16 10:14:00,4701.0,4701.0,4700.0,4700.0
18347,2024-04-16 10:15:00,4700.7,4701.6,4693.6,4700.1
18348,2024-04-16 10:16:00,4700.0,4701.0,4699.2,4700.0
18349,2024-04-16 10:17:00,4700.2,4705.0,4700.0,4700.0
18350,2024-04-16 10:18:00,4700.95,4701.2,4700.0,4700.0
18351,2024-04-16 10:19:00,4700.75,4700.75,4683.05,4686.75
18352,2024-04-16 10:20:00,4687.0,4693.1,4685.0,4693.05
18353,2024-04-16 10:21:00,4691.8,4693.1,4687.7,4688.85
18354,2024-04-16 10:22:00,4690.85,4693.1,4689.0,4693.1
18355,2024-04-16 10:23:00,4693.0,4695.95,4690.0,4695.95
18356,2024-04-16 10:24:00,4694.25,4698.8,4692.0,4696.35
18357,2024-04-16 10:25:00,4697.9,4698.0,4692.2,4694.8
18358,2024-04-16 10:26:00,4693.7,4697.0,4692.2,4696.9
18359,2024-04-16 10:27:00,4696.85,4700.0,4695.25,4697.9
18360,2024-04-16 10:28:00,4697.95,4700.25,4697.35,4700.0
18361,2024-04-16 10:29:00,4699.75,4699.75,4694.5,4695.3
18362,2024-04-16 10:30:00,4695.4,4700.0,4692.5,4699.55
18363,2024-04-16 10:31:00,4698.75,4701.4,4698.05,4700.0
18364,2024-04-16 10:32:00,4700.65,4702.0,4699.0,4701.9
18365,2024-04-16 10:33:00,4700.95,4701.9,4698.25,4700.45
18366,2024-04-16 10:34:00,4699.0,4702.0,4699.0,4702.0
18367,2024-04-16 10:35:00,4701.75,4703.1,4700.0,4702.1
18368,2024-04-16 10:36:00,4702.0,4710.0,4702.0,4707.6
18369,2024-04-16 10:37:00,4709.5,4709.8,4705.15,4705.7
18370,2024-04-16 10:38:00,4707.75,4707.95,4702.15,4704.45
18371,2024-04-16 10:39:00,4704.3,4704.3,4698.05,4700.0
18372,2024-04-16 10:40:00,4699.5,4701.75,4696.3,4700.95
18373,2024-04-16 10:41:00,4700.25,4701.95,4700.0,4701.75
18374,2024-04-16 10:42:00,4701.7,4701.85,4698.6,4701.0
18375,2024-04-16 10:43:00,4700.45,4700.45,4692.0,4694.2
18376,2024-04-16 10:44:00,4692.1,4693.7,4688.0,4689.9
18377,2024-04-16 10:45:00,4689.1,4689.95,4686.45,4688.0
18378,2024-04-16 10:46:00,4686.5,4696.1,4686.5,4695.0
18379,2024-04-16 10:47:00,4694.95,4695.55,4694.5,4695.55
18380,2024-04-16 10:48:00,4695.25,4697.7,4694.9,4696.05
18381,2024-04-16 10:49:00,4696.1,4697.95,4695.55,4697.0
18382,2024-04-16 10:50:00,4696.5,4697.85,4694.35,4696.8
18383,2024-04-16 10:51:00,4695.65,4696.9,4691.35,4693.0
18384,2024-04-16 10:52:00,4694.0,4695.3,4692.3,4695.0
18385,2024-04-16 10:53:00,4692.85,4695.65,4692.5,4694.3
18386,2024-04-16 10:54:00,4692.8,4695.7,4692.3,4694.3
18387,2024-04-16 10:55:00,4694.0,4694.0,4688.0,4689.5
18388,2024-04-16 10:56:00,4688.75,4688.95,4686.4,4687.8
18389,2024-04-16 10:57:00,4687.85,4688.5,4683.0,4685.3
18390,2024-04-16 10:58:00,4684.1,4684.35,4677.4,4683.7
18391,2024-04-16 10:59:00,4682.3,4684.2,4680.85,4682.0
18392,2024-04-16 11:00:00,4683.95,4684.6,4679.55,4680.55
18393,2024-04-16 11:01:00,4680.0,4682.0,4676.85,4678.0
18394,2024-04-16 11:02:00,4677.0,4677.95,4672.0,4673.5
18395,2024-04-16 11:03:00,4672.0,4674.65,4671.6,4673.85
18396,2024-04-16 11:04:00,4674.15,4680.95,4670.2,4680.55
18397,2024-04-16 11:05:00,4679.15,4681.55,4679.0,4680.4
18398,2024-04-16 11:06:00,4679.7,4685.6,4679.1,4681.9
18399,2024-04-16 11:07:00,4681.2,4682.0,4679.0,4680.0
18400,2024-04-16 11:08:00,4679.95,4681.85,4679.0,4679.0
18401,2024-04-16 11:09:00,4679.7,4681.3,4679.0,4681.1
18402,2024-04-16 11:10:00,4680.0,4681.0,4678.9,4680.0
18403,2024-04-16 11:11:00,4679.8,4680.65,4679.0,4679.0
18404,2024-04-16 11:12:00,4679.45,4679.85,4677.5,4679.4
18405,2024-04-16 11:13:00,4679.0,4681.65,4677.95,4681.0
18406,2024-04-16 11:14:00,4680.05,4681.4,4678.85,4679.55
18407,2024-04-16 11:15:00,4679.2,4680.75,4678.5,4680.75
18408,2024-04-16 11:16:00,4680.95,4681.0,4680.0,4681.0
18409,2024-04-16 11:17:00,4680.95,4681.8,4680.05,4681.8
18410,2024-04-16 11:18:00,4681.4,4682.0,4681.0,4682.0
18411,2024-04-16 11:19:00,4681.75,4682.0,4681.6,4681.95
18412,2024-04-16 11:20:00,4681.6,4682.0,4681.0,4682.0
18413,2024-04-16 11:21:00,4681.8,4688.0,4681.0,4688.0
18414,2024-04-16 11:22:00,4687.1,4687.1,4681.4,4683.15
18415,2024-04-16 11:23:00,4681.5,4685.0,4681.5,4684.9
18416,2024-04-16 11:24:00,4684.95,4684.95,4681.5,4683.15
18417,2024-04-16 11:25:00,4682.65,4684.9,4681.5,4684.9
18418,2024-04-16 11:26:00,4683.7,4685.0,4682.0,4684.0
18419,2024-04-16 11:27:00,4684.4,4684.4,4680.0,4683.15
18420,2024-04-16 11:28:00,4682.1,4683.25,4679.0,4679.95
18421,2024-04-16 11:29:00,4679.5,4679.5,4671.5,4678.2
18422,2024-04-16 11:30:00,4677.95,4678.2,4672.85,4677.0
18423,2024-04-16 11:31:00,4676.8,4682.3,4675.7,4682.25
18424,2024-04-16 11:32:00,4679.85,4683.3,4679.85,4681.35
18425,2024-04-16 11:33:00,4681.9,4690.35,4681.9,4690.05
18426,2024-04-16 11:34:00,4690.0,4690.05,4686.0,4688.85
18427,2024-04-16 11:35:00,4687.0,4689.7,4684.05,4687.0
18428,2024-04-16 11:36:00,4686.5,4689.95,4686.0,4689.0
18429,2024-04-16 11:37:00,4688.95,4689.0,4687.0,4687.05
18430,2024-04-16 11:38:00,4687.0,4689.0,4685.0,4687.05
18431,2024-04-16 11:39:00,4687.0,4689.0,4685.6,4687.0
18432,2024-04-16 11:40:00,4686.75,4687.0,4684.25,4686.8
18433,2024-04-16 11:41:00,4686.4,4687.0,4686.0,4687.0
18434,2024-04-16 11:42:00,4686.8,4688.0,4685.8,4687.0
18435,2024-04-16 11:43:00,4685.35,4688.0,4685.35,4688.0
18436,2024-04-16 11:44:00,4687.0,4687.0,4686.25,4686.5
18437,2024-04-16 11:45:00,4687.0,4687.35,4685.0,4686.45
18438,2024-04-16 11:46:00,4685.55,4686.6,4685.0,4685.35
18439,2024-04-16 11:47:00,4685.3,4686.5,4685.0,4686.5
18440,2024-04-16 11:48:00,4685.9,4688.95,4685.3,4688.95
18441,2024-04-16 11:49:00,4687.2,4688.9,4686.5,4687.5
18442,2024-04-16 11:50:00,4687.05,4689.1,4687.0,4688.8
18443,2024-04-16 11:51:00,4688.1,4688.95,4686.95,4688.5
18444,2024-04-16 11:52:00,4688.9,4689.95,4687.0,4689.0
18445,2024-04-16 11:53:00,4688.5,4689.0,4687.05,4688.8
18446,2024-04-16 11:54:00,4687.8,4688.8,4687.0,4687.75
18447,2024-04-16 11:55:00,4688.45,4688.8,4687.75,4688.0
18448,2024-04-16 11:56:00,4687.75,4689.0,4687.75,4687.75
18449,2024-04-16 11:57:00,4689.0,4689.0,4687.75,4688.0
18450,2024-04-16 11:58:00,4687.9,4689.0,4686.55,4686.55
18451,2024-04-16 11:59:00,4687.0,4687.0,4685.3,4685.3
18452,2024-04-16 12:00:00,4686.05,4687.0,4682.2,4687.0
18453,2024-04-16 12:01:00,4686.4,4686.9,4684.15,4684.15
18454,2024-04-16 12:02:00,4685.05,4686.5,4684.0,4685.0
18455,2024-04-16 12:03:00,4684.3,4686.45,4684.15,4684.8
18456,2024-04-16 12:04:00,4684.85,4686.2,4684.85,4686.0
18457,2024-04-16 12:05:00,4687.0,4687.0,4684.9,4686.45
18458,2024-04-16 12:06:00,4685.7,4687.0,4684.0,4686.4
18459,2024-04-16 12:07:00,4685.4,4687.0,4684.05,4686.7
18460,2024-04-16 12:08:00,4685.1,4687.0,4685.1,4687.0
18461,2024-04-16 12:09:00,4686.0,4687.0,4680.7,4684.9
18462,2024-04-16 12:10:00,4685.0,4686.0,4684.0,4686.0
18463,2024-04-16 12:11:00,4685.5,4686.75,4684.75,4685.05
18464,2024-04-16 12:12:00,4686.5,4686.5,4684.75,4686.4
18465,2024-04-16 12:13:00,4686.95,4687.0,4685.0,4686.95
18466,2024-04-16 12:14:00,4686.1,4687.0,4685.7,4685.9
18467,2024-04-16 12:15:00,4686.8,4686.95,4685.9,4686.95
18468,2024-04-16 12:16:00,4686.05,4687.0,4685.95,4687.0
18469,2024-04-16 12:17:00,4686.5,4687.0,4684.0,4686.05
18470,2024-04-16 12:18:00,4686.25,4686.8,4684.15,4686.15
18471,2024-04-16 12:19:00,4686.4,4686.6,4686.0,4686.6
18472,2024-04-16 12:20:00,4686.0,4686.75,4685.05,4685.05
18473,2024-04-16 12:21:00,4684.15,4685.8,4684.15,4685.0
18474,2024-04-16 12:22:00,4684.0,4685.0,4682.65,4682.65
18475,2024-04-16 12:23:00,4682.45,4685.05,4682.05,4684.8
18476,2024-04-16 12:24:00,4684.0,4685.15,4683.1,4684.65
18477,2024-04-16 12:25:00,4684.0,4685.0,4683.8,4685.0
18478,2024-04-16 12:26:00,4684.4,4684.95,4683.8,4683.8
18479,2024-04-16 12:27:00,4684.0,4684.0,4681.2,4681.8
18480,2024-04-16 12:28:00,4681.75,4683.65,4681.15,4682.0
18481,2024-04-16 12:29:00,4681.85,4683.55,4680.0,4680.55
18482,2024-04-16 12:30:00,4681.75,4682.85,4680.0,4682.0
18483,2024-04-16 12:31:00,4681.3,4684.0,4680.05,4684.0
18484,2024-04-16 12:32:00,4683.0,4684.0,4681.3,4683.55
18485,2024-04-16 12:33:00,4683.5,4683.9,4681.45,4683.55
18486,2024-04-16 12:34:00,4683.5,4683.55,4681.85,4683.0
18487,2024-04-16 12:35:00,4681.7,4684.0,4681.7,4683.55
18488,2024-04-16 12:36:00,4682.0,4683.55,4682.0,4683.5
18489,2024-04-16 12:37:00,4683.45,4683.55,4683.45,4683.55
18490,2024-04-16 12:38:00,4683.5,4683.55,4683.0,4683.0
18491,2024-04-16 12:39:00,4683.25,4683.25,4675.25,4677.5
18492,2024-04-16 12:40:00,4676.0,4677.5,4675.0,4677.5
18493,2024-04-16 12:41:00,4676.0,4677.5,4672.0,4673.5
18494,2024-04-16 12:42:00,4672.0,4673.6,4665.0,4668.4
18495,2024-04-16 12:43:00,4668.6,4668.6,4664.4,4667.0
18496,2024-04-16 12:44:00,4666.15,4667.25,4663.0,4665.1
18497,2024-04-16 12:45:00,4665.0,4674.8,4665.0,4672.0
18498,2024-04-16 12:46:00,4670.85,4682.35,4670.85,4682.35
18499,2024-04-16 12:47:00,4680.15,4681.65,4680.0,4680.0
18500,2024-04-16 12:48:00,4680.5,4680.5,4672.4,4676.4
18501,2024-04-16 12:49:00,4678.7,4683.15,4676.85,4679.75
18502,2024-04-16 12:50:00,4677.85,4681.0,4677.85,4677.85
18503,2024-04-16 12:51:00,4678.25,4681.0,4676.25,4680.05
18504,2024-04-16 12:52:00,4680.0,4681.0,4680.0,4680.75
18505,2024-04-16 12:53:00,4680.35,4686.15,4680.0,4686.1
18506,2024-04-16 12:54:00,4685.0,4691.0,4685.0,4690.55
18507,2024-04-16 12:55:00,4688.15,4690.0,4688.0,4688.2
18508,2024-04-16 12:56:00,4688.65,4689.75,4688.0,4688.55
18509,2024-04-16 12:57:00,4688.3,4689.0,4687.0,4688.0
18510,2024-04-16 12:58:00,4687.5,4689.0,4687.0,4688.6
18511,2024-04-16 12:59:00,4688.4,4689.0,4687.0,4687.05
18512,2024-04-16 13:00:00,4688.55,4688.75,4687.0,4688.5
18513,2024-04-16 13:01:00,4687.8,4688.0,4687.0,4687.0
18514,2024-04-16 13:02:00,4687.5,4688.0,4687.0,4687.0
18515,2024-04-16 13:03:00,4688.0,4688.0,4687.0,4687.0
18516,2024-04-16 13:04:00,4687.5,4688.4,4687.0,4687.5
18517,2024-04-16 13:05:00,4687.0,4688.0,4687.0,4688.0
18518,2024-04-16 13:06:00,4687.0,4688.0,4681.25,4681.25
18519,2024-04-16 13:07:00,4681.1,4687.5,4678.0,4678.3
18520,2024-04-16 13:08:00,4678.7,4685.0,4678.7,4684.8
18521,2024-04-16 13:09:00,4681.2,4687.0,4679.25,4684.9
18522,2024-04-16 13:10:00,4685.8,4688.0,4682.0,4687.05
18523,2024-04-16 13:11:00,4687.5,4688.0,4682.85,4687.9
18524,2024-04-16 13:12:00,4687.45,4687.45,4676.25,4676.5
18525,2024-04-16 13:13:00,4675.0,4685.0,4675.0,4683.25
18526,2024-04-16 13:14:00,4679.7,4680.0,4677.6,4677.6
18527,2024-04-16 13:15:00,4679.05,4679.7,4676.85,4679.0
18528,2024-04-16 13:16:00,4678.85,4679.0,4676.0,4677.15
18529,2024-04-16 13:17:00,4678.0,4679.0,4676.0,4679.0
18530,2024-04-16 13:18:00,4678.95,4686.0,4678.0,4686.0
18531,2024-04-16 13:19:00,4687.2,4687.85,4683.1,4684.95
18532,2024-04-16 13:20:00,4683.9,4687.85,4682.95,4687.85
18533,2024-04-16 13:21:00,4687.0,4687.85,4684.0,4687.0
18534,2024-04-16 13:22:00,4686.0,4688.45,4686.0,4688.45
18535,2024-04-16 13:23:00,4688.0,4688.45,4686.75,4687.7
18536,2024-04-16 13:24:00,4687.2,4688.4,4686.0,4687.0
18537,2024-04-16 13:25:00,4686.95,4687.65,4686.0,4686.0
18538,2024-04-16 13:26:00,4686.2,4687.9,4686.0,4687.5
18539,2024-04-16 13:27:00,4687.05,4687.5,4686.0,4686.85
18540,2024-04-16 13:28:00,4686.25,4687.05,4686.0,4686.0
18541,2024-04-16 13:29:00,4687.0,4687.0,4686.0,4686.05
18542,2024-04-16 13:30:00,4686.95,4687.8,4686.9,4687.7
18543,2024-04-16 13:31:00,4687.0,4687.9,4686.0,4687.0
18544,2024-04-16 13:32:00,4687.9,4688.0,4686.0,4686.05
18545,2024-04-16 13:33:00,4686.15,4688.25,4686.0,4686.0
18546,2024-04-16 13:34:00,4688.0,4688.0,4686.0,4687.5
18547,2024-04-16 13:35:00,4686.2,4687.65,4686.0,4687.1
18548,2024-04-16 13:36:00,4687.05,4687.1,4686.0,4686.0
18549,2024-04-16 13:37:00,4686.6,4687.0,4686.0,4686.0
18550,2024-04-16 13:38:00,4686.6,4686.75,4685.0,4686.25
18551,2024-04-16 13:39:00,4686.0,4687.45,4686.0,4686.0
18552,2024-04-16 13:40:00,4687.3,4687.4,4686.0,4686.0
18553,2024-04-16 13:41:00,4686.9,4687.55,4686.0,4687.55
18554,2024-04-16 13:42:00,4687.5,4687.55,4686.0,4686.6
18555,2024-04-16 13:43:00,4687.0,4687.5,4686.0,4686.1
18556,2024-04-16 13:44:00,4686.0,4687.5,4686.0,4686.0
18557,2024-04-16 13:45:00,4686.05,4686.95,4686.0,4686.95
18558,2024-04-16 13:46:00,4686.25,4687.5,4686.0,4686.0
18559,2024-04-16 13:47:00,4687.1,4687.4,4686.0,4687.4
18560,2024-04-16 13:48:00,4687.35,4689.9,4686.5,4687.65
18561,2024-04-16 13:49:00,4689.5,4690.0,4687.8,4690.0
18562,2024-04-16 13:50:00,4689.0,4690.05,4689.0,4690.05
18563,2024-04-16 13:51:00,4690.0,4690.0,4686.55,4687.85
18564,2024-04-16 13:52:00,4687.8,4688.85,4686.0,4686.0
18565,2024-04-16 13:53:00,4686.45,4687.0,4685.0,4685.7
18566,2024-04-16 13:54:00,4685.5,4685.7,4681.0,4682.45
18567,2024-04-16 13:55:00,4681.0,4682.45,4680.0,4680.0
18568,2024-04-16 13:56:00,4681.35,4682.4,4678.2,4681.5
18569,2024-04-16 13:57:00,4681.45,4681.6,4678.05,4680.05
18570,2024-04-16 13:58:00,4680.2,4681.4,4679.95,4679.95
18571,2024-04-16 13:59:00,4679.55,4682.4,4679.55,4682.25
18572,2024-04-16 14:00:00,4682.2,4683.9,4679.0,4683.9
18573,2024-04-16 14:01:00,4684.0,4687.95,4683.0,4687.0
18574,2024-04-16 14:02:00,4686.95,4687.7,4685.0,4687.0
18575,2024-04-16 14:03:00,4688.8,4688.8,4686.05,4686.35
18576,2024-04-16 14:04:00,4686.4,4688.1,4686.05,4687.3
18577,2024-04-16 14:05:00,4686.05,4687.7,4685.05,4685.05
18578,2024-04-16 14:06:00,4686.05,4686.05,4683.25,4685.0
18579,2024-04-16 14:07:00,4683.8,4685.0,4682.0,4682.2
18580,2024-04-16 14:08:00,4680.1,4682.35,4678.0,4680.0
18581,2024-04-16 14:09:00,4679.95,4680.0,4677.35,4680.0
18582,2024-04-16 14:10:00,4679.95,4680.0,4678.0,4678.0
18583,2024-04-16 14:11:00,4678.4,4679.0,4675.6,4678.45
18584,2024-04-16 14:12:00,4678.4,4679.7,4675.6,4678.1
18585,2024-04-16 14:13:00,4678.0,4678.1,4678.0,4678.0
18586,2024-04-16 14:14:00,4678.05,4678.15,4677.8,4677.8
18587,2024-04-16 14:15:00,4677.0,4679.05,4672.05,4675.2
18588,2024-04-16 14:16:00,4676.0,4678.1,4672.0,4672.65
18589,2024-04-16 14:17:00,4672.0,4672.9,4670.0,4670.0
18590,2024-04-16 14:18:00,4672.4,4672.5,4670.05,4672.0
18591,2024-04-16 14:19:00,4671.9,4671.9,4667.1,4669.0
18592,2024-04-16 14:20:00,4668.55,4669.0,4666.0,4666.1
18593,2024-04-16 14:21:00,4667.55,4667.95,4665.2,4667.9
18594,2024-04-16 14:22:00,4668.2,4675.5,4667.35,4673.0
18595,2024-04-16 14:23:00,4674.4,4674.9,4670.4,4672.6
18596,2024-04-16 14:24:00,4671.35,4674.65,4667.15,4674.65
18597,2024-04-16 14:25:00,4674.85,4675.5,4673.5,4674.0
18598,2024-04-16 14:26:00,4674.9,4679.65,4674.0,4678.25
18599,2024-04-16 14:27:00,4678.2,4678.35,4675.0,4675.0
18600,2024-04-16 14:28:00,4675.9,4675.95,4675.0,4675.0
18601,2024-04-16 14:29:00,4675.05,4675.8,4674.75,4675.35
18602,2024-04-16 14:30:00,4675.15,4675.25,4673.0,4675.05
18603,2024-04-16 14:31:00,4675.2,4676.6,4674.0,4676.6
18604,2024-04-16 14:32:00,4676.65,4676.65,4674.5,4675.9
18605,2024-04-16 14:33:00,4675.85,4675.85,4673.5,4674.45
18606,2024-04-16 14:34:00,4674.65,4675.0,4670.0,4670.0
18607,2024-04-16 14:35:00,4670.15,4671.4,4667.0,4667.0
18608,2024-04-16 14:36:00,4667.15,4670.55,4666.55,4667.15
18609,2024-04-16 14:37:00,4668.45,4668.6,4665.1,4665.55
18610,2024-04-16 14:38:00,4665.4,4670.0,4665.4,4667.75
18611,2024-04-16 14:39:00,4667.65,4669.6,4666.6,4667.0
18612,2024-04-16 14:40:00,4666.6,4668.9,4665.05,4666.25
18613,2024-04-16 14:41:00,4667.0,4670.0,4666.5,4668.05
18614,2024-04-16 14:42:00,4667.95,4669.5,4666.05,4669.5
18615,2024-04-16 14:43:00,4666.55,4668.05,4666.0,4667.6
18616,2024-04-16 14:44:00,4667.55,4669.95,4666.9,4669.95
18617,2024-04-16 14:45:00,4669.9,4674.0,4668.0,4672.05
18618,2024-04-16 14:46:00,4670.05,4671.95,4668.05,4671.05
18619,2024-04-16 14:47:00,4671.2,4671.45,4668.0,4669.5
18620,2024-04-16 14:48:00,4669.95,4670.55,4667.05,4669.4
18621,2024-04-16 14:49:00,4669.1,4669.1,4667.05,4668.85
18622,2024-04-16 14:50:00,4668.8,4669.9,4667.0,4667.0
18623,2024-04-16 14:51:00,4667.35,4667.7,4665.0,4667.0
18624,2024-04-16 14:52:00,4666.0,4667.15,4657.9,4659.0
18625,2024-04-16 14:53:00,4658.5,4662.0,4655.85,4660.5
18626,2024-04-16 14:54:00,4661.75,4664.65,4660.5,4662.0
18627,2024-04-16 14:55:00,4663.65,4663.65,4655.0,4657.25
18628,2024-04-16 14:56:00,4655.15,4657.95,4653.0,4654.75
18629,2024-04-16 14:57:00,4654.95,4659.1,4651.15,4659.1
18630,2024-04-16 14:58:00,4656.6,4661.2,4656.25,4659.6
18631,2024-04-16 14:59:00,4659.35,4660.0,4658.0,4659.0
18632,2024-04-16 15:00:00,4659.35,4661.4,4658.0,4658.0
18633,2024-04-16 15:01:00,4658.85,4658.85,4651.15,4652.0
18634,2024-04-16 15:02:00,4652.15,4652.9,4650.05,4651.9
18635,2024-04-16 15:03:00,4651.95,4657.9,4651.9,4656.2
18636,2024-04-16 15:04:00,4660.0,4661.05,4655.0,4657.55
18637,2024-04-16 15:05:00,4657.5,4658.75,4655.0,4655.8
18638,2024-04-16 15:06:00,4655.95,4659.8,4654.0,4657.05
18639,2024-04-16 15:07:00,4658.0,4659.0,4656.2,4659.0
18640,2024-04-16 15:08:00,4658.95,4659.0,4656.65,4657.95
18641,2024-04-16 15:09:00,4657.9,4660.7,4656.2,4660.7
18642,2024-04-16 15:10:00,4661.0,4661.0,4657.55,4657.55
18643,2024-04-16 15:11:00,4659.0,4660.0,4657.75,4658.0
18644,2024-04-16 15:12:00,4660.0,4661.55,4659.65,4659.9
18645,2024-04-16 15:13:00,4660.0,4663.5,4659.75,4661.1
18646,2024-04-16 15:14:00,4661.05,4663.0,4660.0,4663.0
18647,2024-04-16 15:15:00,4662.45,4664.4,4661.85,4663.0
18648,2024-04-16 15:16:00,4662.95,4669.0,4662.2,4666.0
18649,2024-04-16 15:17:00,4665.55,4668.1,4664.45,4665.65
18650,2024-04-16 15:18:00,4664.6,4667.95,4663.85,4665.25
18651,2024-04-16 15:19:00,4665.3,4666.7,4662.4,4666.0
18652,2024-04-16 15:20:00,4665.95,4666.7,4663.7,4665.05
18653,2024-04-16 15:21:00,4665.85,4667.0,4663.6,4667.0
18654,2024-04-16 15:22:00,4666.95,4667.95,4662.95,4667.2
18655,2024-04-16 15:23:00,4667.0,4667.7,4663.3,4663.95
18656,2024-04-16 15:24:00,4663.9,4665.5,4663.05,4663.1
18657,2024-04-16 15:25:00,4663.95,4669.55,4663.95,4668.65
18658,2024-04-16 15:26:00,4669.4,4670.3,4665.65,4666.3
18659,2024-04-16 15:27:00,4667.0,4667.55,4664.0,4664.7
18660,2024-04-16 15:28:00,4664.0,4667.25,4664.0,4666.0
18661,2024-04-16 15:29:00,4666.55,4672.0,4663.1,4668.5
18662,2024-04-18 09:15:00,4714.9,4714.9,4683.75,4692.35
18663,2024-04-18 09:16:00,4694.75,4709.9,4690.5,4708.45
18664,2024-04-18 09:17:00,4706.75,4715.0,4699.2,4712.1
18665,2024-04-18 09:18:00,4712.6,4714.0,4703.55,4706.25
18666,2024-04-18 09:19:00,4703.8,4713.0,4700.05,4712.0
18667,2024-04-18 09:20:00,4710.7,4715.0,4709.75,4712.7
18668,2024-04-18 09:21:00,4711.6,4717.0,4707.4,4709.6
18669,2024-04-18 09:22:00,4709.1,4714.45,4701.1,4708.4
18670,2024-04-18 09:23:00,4710.0,4710.0,4700.5,4704.15
18671,2024-04-18 09:24:00,4705.05,4709.9,4700.0,4700.75
18672,2024-04-18 09:25:00,4700.25,4703.15,4695.15,4696.8
18673,2024-04-18 09:26:00,4696.1,4702.05,4696.0,4700.0
18674,2024-04-18 09:27:00,4699.6,4716.15,4699.6,4714.45
18675,2024-04-18 09:28:00,4714.7,4714.85,4710.0,4712.0
18676,2024-04-18 09:29:00,4711.0,4713.6,4700.5,4700.6
18677,2024-04-18 09:30:00,4701.45,4703.9,4691.0,4697.95
18678,2024-04-18 09:31:00,4698.6,4699.55,4692.0,4694.0
18679,2024-04-18 09:32:00,4693.1,4701.5,4691.0,4701.5
18680,2024-04-18 09:33:00,4701.1,4703.05,4698.1,4698.75
18681,2024-04-18 09:34:00,4698.0,4699.45,4691.25,4695.75
18682,2024-04-18 09:35:00,4696.3,4697.25,4693.0,4696.0
18683,2024-04-18 09:36:00,4696.2,4697.95,4691.0,4691.9
18684,2024-04-18 09:37:00,4692.95,4692.95,4685.55,4688.6
18685,2024-04-18 09:38:00,4687.0,4688.65,4682.95,4683.5
18686,2024-04-18 09:39:00,4683.25,4688.3,4682.0,4682.0
18687,2024-04-18 09:40:00,4683.1,4685.8,4682.0,4683.75
18688,2024-04-18 09:41:00,4685.0,4691.45,4683.2,4689.4
18689,2024-04-18 09:42:00,4691.1,4699.8,4688.45,4698.7
18690,2024-04-18 09:43:00,4697.75,4699.0,4691.95,4691.95
18691,2024-04-18 09:44:00,4691.9,4695.75,4687.5,4694.05
18692,2024-04-18 09:45:00,4692.1,4699.0,4691.75,4698.4
18693,2024-04-18 09:46:00,4696.55,4697.95,4690.0,4691.9
18694,2024-04-18 09:47:00,4692.65,4695.05,4690.5,4692.0
18695,2024-04-18 09:48:00,4693.45,4706.15,4692.95,4704.65
18696,2024-04-18 09:49:00,4703.3,4705.75,4698.1,4701.8
18697,2024-04-18 09:50:00,4700.15,4705.15,4700.1,4701.8
18698,2024-04-18 09:51:00,4700.75,4710.6,4700.75,4708.75
18699,2024-04-18 09:52:00,4708.6,4722.0,4708.0,4721.95
18700,2024-04-18 09:53:00,4719.85,4730.0,4719.7,4723.85
18701,2024-04-18 09:54:00,4723.1,4726.0,4721.25,4724.15
18702,2024-04-18 09:55:00,4724.85,4727.55,4722.9,4727.0
18703,2024-04-18 09:56:00,4725.05,4729.0,4725.05,4727.0
18704,2024-04-18 09:57:00,4725.4,4726.95,4716.25,4716.25
18705,2024-04-18 09:58:00,4713.6,4717.65,4712.6,4713.2
18706,2024-04-18 09:59:00,4715.85,4717.45,4715.05,4715.5
18707,2024-04-18 10:00:00,4714.7,4716.15,4713.0,4714.0
18708,2024-04-18 10:01:00,4713.95,4713.95,4707.0,4709.25
18709,2024-04-18 10:02:00,4710.0,4710.0,4705.1,4707.35
18710,2024-04-18 10:03:00,4705.9,4709.2,4705.1,4705.1
18711,2024-04-18 10:04:00,4705.85,4706.0,4697.5,4697.7
18712,2024-04-18 10:05:00,4697.6,4699.2,4693.95,4694.4
18713,2024-04-18 10:06:00,4694.0,4694.3,4690.0,4690.3
18714,2024-04-18 10:07:00,4690.25,4692.25,4687.0,4687.25
18715,2024-04-18 10:08:00,4687.05,4691.65,4683.15,4690.25
18716,2024-04-18 10:09:00,4691.3,4694.3,4688.85,4689.95
18717,2024-04-18 10:10:00,4688.85,4691.55,4685.35,4689.15
18718,2024-04-18 10:11:00,4689.3,4691.45,4683.15,4688.75
18719,2024-04-18 10:12:00,4686.6,4691.9,4684.7,4688.7
18720,2024-04-18 10:13:00,4691.05,4692.9,4688.2,4688.65
18721,2024-04-18 10:14:00,4689.85,4689.85,4685.1,4685.1
18722,2024-04-18 10:15:00,4685.35,4686.45,4685.0,4686.0
18723,2024-04-18 10:16:00,4685.0,4687.0,4684.25,4685.15
18724,2024-04-18 10:17:00,4685.35,4688.8,4683.6,4686.7
18725,2024-04-18 10:18:00,4686.75,4697.5,4686.45,4693.9
18726,2024-04-18 10:19:00,4694.5,4701.85,4693.55,4701.8
18727,2024-04-18 10:20:00,4700.05,4703.7,4695.65,4695.65
18728,2024-04-18 10:21:00,4696.0,4699.9,4691.45,4694.0
18729,2024-04-18 10:22:00,4696.65,4700.0,4694.0,4698.75
18730,2024-04-18 10:23:00,4700.0,4708.0,4700.0,4704.2
18731,2024-04-18 10:24:00,4704.25,4705.9,4702.8,4704.85
18732,2024-04-18 10:25:00,4703.25,4710.55,4703.25,4708.0
18733,2024-04-18 10:26:00,4710.0,4710.0,4703.3,4704.7
18734,2024-04-18 10:27:00,4704.75,4706.8,4700.1,4700.1
18735,2024-04-18 10:28:00,4700.0,4704.45,4700.0,4702.1
18736,2024-04-18 10:29:00,4703.15,4709.0,4700.0,4706.6
18737,2024-04-18 10:30:00,4709.15,4713.1,4705.3,4707.55
18738,2024-04-18 10:31:00,4705.1,4711.5,4703.9,4711.5
18739,2024-04-18 10:32:00,4711.55,4712.85,4709.6,4711.75
18740,2024-04-18 10:33:00,4711.8,4712.0,4709.3,4711.45
18741,2024-04-18 10:34:00,4713.0,4713.0,4709.0,4709.0
18742,2024-04-18 10:35:00,4707.4,4710.0,4706.0,4708.6
18743,2024-04-18 10:36:00,4709.1,4710.7,4708.1,4710.7
18744,2024-04-18 10:37:00,4710.85,4716.65,4710.8,4714.7
18745,2024-04-18 10:38:00,4714.9,4717.5,4714.05,4717.5
18746,2024-04-18 10:39:00,4717.55,4719.5,4716.0,4717.55
18747,2024-04-18 10:40:00,4719.35,4721.05,4717.3,4717.5
18748,2024-04-18 10:41:00,4717.55,4729.6,4717.55,4726.8
18749,2024-04-18 10:42:00,4726.0,4730.0,4723.5,4726.4
18750,2024-04-18 10:43:00,4728.0,4733.3,4725.6,4730.05
18751,2024-04-18 10:44:00,4730.0,4733.3,4729.55,4731.1
18752,2024-04-18 10:45:00,4732.4,4732.45,4728.05,4728.2
18753,2024-04-18 10:46:00,4728.3,4729.65,4723.4,4726.0
18754,2024-04-18 10:47:00,4725.65,4727.9,4720.4,4724.8
18755,2024-04-18 10:48:00,4722.0,4728.3,4722.0,4728.3
18756,2024-04-18 10:49:00,4727.0,4731.1,4721.35,4721.6
18757,2024-04-18 10:50:00,4722.2,4726.2,4720.0,4726.1
18758,2024-04-18 10:51:00,4724.35,4725.35,4718.55,4718.55
18759,2024-04-18 10:52:00,4718.65,4726.0,4718.55,4718.8
18760,2024-04-18 10:53:00,4718.55,4720.85,4716.0,4718.45
18761,2024-04-18 10:54:00,4716.05,4718.85,4712.55,4715.55
18762,2024-04-18 10:55:00,4713.75,4716.15,4713.0,4716.15
18763,2024-04-18 10:56:00,4715.2,4717.0,4713.0,4716.0
18764,2024-04-18 10:57:00,4717.0,4719.2,4714.15,4715.15
18765,2024-04-18 10:58:00,4717.7,4720.1,4715.05,4720.1
18766,2024-04-18 10:59:00,4720.3,4723.2,4717.3,4718.9
18767,2024-04-18 11:00:00,4718.7,4722.4,4718.7,4722.15
18768,2024-04-18 11:01:00,4722.25,4723.0,4718.9,4722.05
18769,2024-04-18 11:02:00,4722.1,4722.1,4718.1,4722.0
18770,2024-04-18 11:03:00,4722.85,4728.0,4722.0,4727.7
18771,2024-04-18 11:04:00,4728.4,4728.4,4726.0,4727.75
18772,2024-04-18 11:05:00,4727.1,4729.5,4727.1,4728.85
18773,2024-04-18 11:06:00,4728.9,4737.0,4728.9,4737.0
18774,2024-04-18 11:07:00,4736.1,4736.9,4735.0,4735.9
18775,2024-04-18 11:08:00,4738.9,4739.0,4737.0,4738.15
18776,2024-04-18 11:09:00,4736.6,4739.0,4736.6,4739.0
18777,2024-04-18 11:10:00,4738.65,4745.0,4738.65,4743.65
18778,2024-04-18 11:11:00,4742.95,4743.65,4740.65,4741.55
18779,2024-04-18 11:12:00,4741.85,4743.75,4740.0,4741.75
18780,2024-04-18 11:13:00,4740.0,4743.0,4740.0,4740.4
18781,2024-04-18 11:14:00,4741.6,4741.6,4734.0,4736.9
18782,2024-04-18 11:15:00,4736.85,4742.0,4735.7,4742.0
18783,2024-04-18 11:16:00,4743.0,4744.95,4740.35,4741.5
18784,2024-04-18 11:17:00,4740.2,4742.8,4736.05,4736.5
18785,2024-04-18 11:18:00,4739.95,4742.0,4737.55,4741.6
18786,2024-04-18 11:19:00,4739.2,4742.0,4739.05,4742.0
18787,2024-04-18 11:20:00,4742.4,4742.4,4737.55,4737.55
18788,2024-04-18 11:21:00,4739.45,4739.45,4733.0,4733.0
18789,2024-04-18 11:22:00,4733.2,4734.9,4733.0,4733.0
18790,2024-04-18 11:23:00,4731.75,4732.9,4730.0,4732.7
18791,2024-04-18 11:24:00,4732.0,4737.5,4732.0,4733.55
18792,2024-04-18 11:25:00,4734.85,4734.85,4732.5,4734.45
18793,2024-04-18 11:26:00,4733.1,4735.25,4730.0,4730.0
18794,2024-04-18 11:27:00,4730.3,4730.3,4724.5,4727.15
18795,2024-04-18 11:28:00,4727.05,4729.25,4725.6,4726.05
18796,2024-04-18 11:29:00,4727.4,4727.4,4724.0,4724.0
18797,2024-04-18 11:30:00,4723.1,4729.45,4721.0,4726.05
18798,2024-04-18 11:31:00,4727.45,4731.8,4725.55,4727.4
18799,2024-04-18 11:32:00,4728.8,4729.85,4723.0,4723.0
18800,2024-04-18 11:33:00,4721.65,4726.3,4721.65,4725.85
18801,2024-04-18 11:34:00,4722.65,4724.15,4721.0,4721.45
18802,2024-04-18 11:35:00,4721.0,4723.4,4720.0,4720.6
18803,2024-04-18 11:36:00,4721.45,4727.3,4721.1,4725.25
18804,2024-04-18 11:37:00,4725.2,4728.85,4724.85,4727.95
18805,2024-04-18 11:38:00,4727.9,4730.45,4727.05,4730.15
18806,2024-04-18 11:39:00,4732.2,4732.2,4727.0,4727.1
18807,2024-04-18 11:40:00,4728.85,4728.85,4721.8,4722.6
18808,2024-04-18 11:41:00,4722.55,4724.6,4721.1,4723.05
18809,2024-04-18 11:42:00,4721.25,4724.0,4717.5,4718.0
18810,2024-04-18 11:43:00,4719.45,4721.45,4718.0,4720.0
18811,2024-04-18 11:44:00,4719.0,4722.85,4719.0,4720.0
18812,2024-04-18 11:45:00,4720.05,4721.55,4720.0,4720.0
18813,2024-04-18 11:46:00,4720.9,4723.6,4720.0,4720.05
18814,2024-04-18 11:47:00,4720.0,4721.8,4720.0,4720.0
18815,2024-04-18 11:48:00,4720.05,4720.05,4716.1,4719.75
18816,2024-04-18 11:49:00,4719.8,4721.5,4716.35,4721.4
18817,2024-04-18 11:50:00,4720.0,4721.05,4720.0,4720.2
18818,2024-04-18 11:51:00,4720.0,4720.1,4720.0,4720.0
18819,2024-04-18 11:52:00,4720.05,4723.3,4720.0,4720.0
18820,2024-04-18 11:53:00,4721.75,4721.75,4720.0,4720.0
18821,2024-04-18 11:54:00,4720.05,4722.45,4720.0,4720.3
18822,2024-04-18 11:55:00,4721.15,4722.45,4720.0,4720.05
18823,2024-04-18 11:56:00,4720.2,4720.2,4718.1,4719.5
18824,2024-04-18 11:57:00,4718.5,4719.3,4715.9,4717.5
18825,2024-04-18 11:58:00,4718.3,4719.8,4716.3,4716.3
18826,2024-04-18 11:59:00,4716.2,4716.2,4713.4,4713.4
18827,2024-04-18 12:00:00,4713.75,4715.9,4713.5,4714.55
18828,2024-04-18 12:01:00,4713.55,4714.65,4711.1,4711.7
18829,2024-04-18 12:02:00,4711.05,4716.2,4710.5,4716.2
18830,2024-04-18 12:03:00,4715.25,4717.2,4715.0,4715.0
18831,2024-04-18 12:04:00,4716.65,4716.65,4714.5,4714.5
18832,2024-04-18 12:05:00,4714.95,4715.0,4713.65,4715.0
18833,2024-04-18 12:06:00,4716.05,4716.45,4715.0,4715.1
18834,2024-04-18 12:07:00,4715.0,4715.0,4714.0,4714.5
18835,2024-04-18 12:08:00,4714.55,4714.55,4713.0,4713.75
18836,2024-04-18 12:09:00,4713.0,4716.25,4713.0,4714.0
18837,2024-04-18 12:10:00,4715.0,4716.45,4714.0,4715.0
18838,2024-04-18 12:11:00,4715.75,4718.65,4714.5,4716.05
18839,2024-04-18 12:12:00,4715.85,4724.95,4715.0,4724.95
18840,2024-04-18 12:13:00,4724.0,4728.95,4722.15,4728.95
18841,2024-04-18 12:14:00,4729.05,4731.0,4725.4,4726.6
18842,2024-04-18 12:15:00,4727.0,4728.0,4725.0,4726.0
18843,2024-04-18 12:16:00,4725.75,4731.35,4724.15,4728.35
18844,2024-04-18 12:17:00,4728.0,4737.9,4725.25,4737.05
18845,2024-04-18 12:18:00,4737.7,4742.95,4735.0,4739.05
18846,2024-04-18 12:19:00,4740.1,4740.1,4735.25,4737.0
18847,2024-04-18 12:20:00,4737.05,4738.65,4734.45,4734.45
18848,2024-04-18 12:21:00,4734.85,4734.9,4730.9,4731.0
18849,2024-04-18 12:22:00,4731.05,4733.8,4730.7,4731.55
18850,2024-04-18 12:23:00,4731.25,4736.9,4730.75,4734.9
18851,2024-04-18 12:24:00,4734.15,4738.8,4733.1,4737.4
18852,2024-04-18 12:25:00,4739.1,4748.0,4739.1,4746.95
18853,2024-04-18 12:26:00,4746.85,4746.95,4740.15,4741.1
18854,2024-04-18 12:27:00,4741.6,4742.85,4738.8,4741.6
18855,2024-04-18 12:28:00,4741.65,4743.9,4737.15,4743.3
18856,2024-04-18 12:29:00,4745.0,4748.0,4740.6,4745.8
18857,2024-04-18 12:30:00,4747.15,4753.1,4744.6,4751.2
18858,2024-04-18 12:31:00,4751.1,4754.0,4747.6,4747.75
18859,2024-04-18 12:32:00,4749.1,4749.1,4742.8,4743.3
18860,2024-04-18 12:33:00,4743.35,4748.1,4741.0,4746.45
18861,2024-04-18 12:34:00,4747.9,4747.9,4746.1,4746.15
18862,2024-04-18 12:35:00,4746.2,4748.3,4745.1,4745.1
18863,2024-04-18 12:36:00,4746.95,4746.95,4737.95,4738.05
18864,2024-04-18 12:37:00,4738.35,4741.9,4736.75,4736.75
18865,2024-04-18 12:38:00,4736.5,4738.75,4732.0,4732.75
18866,2024-04-18 12:39:00,4733.9,4739.95,4733.25,4739.95
18867,2024-04-18 12:40:00,4738.4,4745.85,4737.95,4742.75
18868,2024-04-18 12:41:00,4743.05,4749.0,4740.05,4740.05
18869,2024-04-18 12:42:00,4741.4,4742.65,4737.45,4739.5
18870,2024-04-18 12:43:00,4739.45,4742.6,4735.35,4741.2
18871,2024-04-18 12:44:00,4740.9,4743.15,4738.75,4740.9
18872,2024-04-18 12:45:00,4742.8,4742.8,4739.45,4741.45
18873,2024-04-18 12:46:00,4742.8,4743.9,4741.45,4741.65
18874,2024-04-18 12:47:00,4743.1,4746.8,4741.65,4744.05
18875,2024-04-18 12:48:00,4744.1,4746.45,4741.25,4741.25
18876,2024-04-18 12:49:00,4741.0,4743.45,4740.4,4743.3
18877,2024-04-18 12:50:00,4743.8,4747.0,4741.05,4741.05
18878,2024-04-18 12:51:00,4743.55,4743.55,4739.6,4740.85
18879,2024-04-18 12:52:00,4739.6,4746.3,4739.6,4743.8
18880,2024-04-18 12:53:00,4748.95,4750.0,4745.3,4748.3
18881,2024-04-18 12:54:00,4747.7,4750.0,4746.5,4747.35
18882,2024-04-18 12:55:00,4746.5,4747.25,4737.2,4737.2
18883,2024-04-18 12:56:00,4736.8,4739.0,4731.8,4731.8
18884,2024-04-18 12:57:00,4731.0,4734.95,4730.0,4730.45
18885,2024-04-18 12:58:00,4730.0,4731.6,4728.05,4729.8
18886,2024-04-18 12:59:00,4730.3,4731.5,4728.0,4729.55
18887,2024-04-18 13:00:00,4730.7,4730.7,4725.0,4725.1
18888,2024-04-18 13:01:00,4725.35,4725.35,4719.3,4719.3
18889,2024-04-18 13:02:00,4721.75,4728.9,4721.65,4726.6
18890,2024-04-18 13:03:00,4724.0,4725.1,4721.0,4724.15
18891,2024-04-18 13:04:00,4722.05,4726.45,4720.0,4720.6
18892,2024-04-18 13:05:00,4721.85,4721.85,4717.85,4717.85
18893,2024-04-18 13:06:00,4718.15,4720.1,4718.0,4718.05
18894,2024-04-18 13:07:00,4719.75,4719.75,4717.0,4719.2
18895,2024-04-18 13:08:00,4717.45,4724.2,4716.25,4716.25
18896,2024-04-18 13:09:00,4716.6,4719.55,4715.0,4719.4
18897,2024-04-18 13:10:00,4716.9,4719.5,4716.2,4719.5
18898,2024-04-18 13:11:00,4720.0,4728.85,4717.8,4728.5
18899,2024-04-18 13:12:00,4728.45,4728.45,4725.0,4725.0
18900,2024-04-18 13:13:00,4725.35,4727.4,4725.0,4727.35
18901,2024-04-18 13:14:00,4726.6,4733.7,4726.6,4730.0
18902,2024-04-18 13:15:00,4730.15,4735.0,4730.0,4731.05
18903,2024-04-18 13:16:00,4731.0,4734.8,4730.05,4732.95
18904,2024-04-18 13:17:00,4732.85,4733.65,4730.0,4730.3
18905,2024-04-18 13:18:00,4730.25,4731.85,4730.0,4730.0
18906,2024-04-18 13:19:00,4730.1,4735.0,4730.0,4732.0
18907,2024-04-18 13:20:00,4733.55,4735.0,4730.4,4730.4
18908,2024-04-18 13:21:00,4731.65,4732.9,4730.05,4732.9
18909,2024-04-18 13:22:00,4732.85,4732.9,4730.0,4730.05
18910,2024-04-18 13:23:00,4730.1,4730.3,4730.0,4730.0
18911,2024-04-18 13:24:00,4730.05,4730.95,4730.0,4730.0
18912,2024-04-18 13:25:00,4730.05,4732.6,4730.0,4730.35
18913,2024-04-18 13:26:00,4730.1,4731.95,4707.15,4707.15
18914,2024-04-18 13:27:00,4707.0,4709.0,4695.2,4701.35
18915,2024-04-18 13:28:00,4701.45,4708.2,4694.55,4701.3
18916,2024-04-18 13:29:00,4701.2,4711.1,4696.05,4707.55
18917,2024-04-18 13:30:00,4707.3,4716.7,4706.0,4711.55
18918,2024-04-18 13:31:00,4712.3,4726.2,4709.8,4726.2
18919,2024-04-18 13:32:00,4725.7,4742.7,4719.05,4742.0
18920,2024-04-18 13:33:00,4741.95,4741.95,4728.6,4739.0
18921,2024-04-18 13:34:00,4737.55,4739.95,4723.1,4723.3
18922,2024-04-18 13:35:00,4724.6,4727.15,4718.4,4721.95
18923,2024-04-18 13:36:00,4723.05,4723.05,4715.0,4715.0
18924,2024-04-18 13:37:00,4715.75,4717.9,4701.0,4701.0
18925,2024-04-18 13:38:00,4702.45,4713.65,4700.0,4713.35
18926,2024-04-18 13:39:00,4710.15,4715.9,4710.0,4713.5
18927,2024-04-18 13:40:00,4715.8,4718.2,4707.95,4709.95
18928,2024-04-18 13:41:00,4709.9,4717.15,4708.5,4708.5
18929,2024-04-18 13:42:00,4707.05,4707.05,4701.0,4702.8
18930,2024-04-18 13:43:00,4702.85,4702.95,4691.2,4692.25
18931,2024-04-18 13:44:00,4691.05,4697.3,4686.0,4695.85
18932,2024-04-18 13:45:00,4694.6,4699.6,4688.05,4698.3
18933,2024-04-18 13:46:00,4697.85,4697.85,4690.05,4691.0
18934,2024-04-18 13:47:00,4692.65,4694.95,4688.05,4692.1
18935,2024-04-18 13:48:00,4692.05,4704.15,4692.0,4700.0
18936,2024-04-18 13:49:00,4699.6,4700.0,4697.0,4700.0
18937,2024-04-18 13:50:00,4699.9,4700.0,4691.1,4692.85
18938,2024-04-18 13:51:00,4693.6,4699.95,4693.6,4698.15
18939,2024-04-18 13:52:00,4698.1,4699.9,4695.7,4697.4
18940,2024-04-18 13:53:00,4697.15,4703.6,4696.3,4702.55
18941,2024-04-18 13:54:00,4703.1,4703.1,4700.05,4701.65
18942,2024-04-18 13:55:00,4701.6,4701.6,4697.7,4699.4
18943,2024-04-18 13:56:00,4698.2,4704.1,4696.9,4700.0
18944,2024-04-18 13:57:00,4699.95,4702.2,4699.95,4700.0
18945,2024-04-18 13:58:00,4700.3,4702.3,4699.0,4701.2
18946,2024-04-18 13:59:00,4700.0,4703.15,4700.0,4700.0
18947,2024-04-18 14:00:00,4703.05,4703.3,4700.0,4701.25
18948,2024-04-18 14:01:00,4701.2,4709.25,4701.0,4706.85
18949,2024-04-18 14:02:00,4710.35,4714.0,4705.05,4710.1
18950,2024-04-18 14:03:00,4710.95,4713.5,4709.0,4713.25
18951,2024-04-18 14:04:00,4713.15,4715.85,4710.0,4710.0
18952,2024-04-18 14:05:00,4711.1,4711.1,4709.0,4709.0
18953,2024-04-18 14:06:00,4709.05,4710.0,4707.0,4707.0
18954,2024-04-18 14:07:00,4707.95,4709.55,4706.0,4706.9
18955,2024-04-18 14:08:00,4707.45,4711.0,4706.25,4709.05
18956,2024-04-18 14:09:00,4708.95,4709.75,4708.0,4709.0
18957,2024-04-18 14:10:00,4709.05,4709.9,4708.0,4708.0
18958,2024-04-18 14:11:00,4707.0,4712.0,4707.0,4710.55
18959,2024-04-18 14:12:00,4710.5,4710.5,4707.0,4710.1
18960,2024-04-18 14:13:00,4708.45,4710.7,4708.45,4709.0
18961,2024-04-18 14:14:00,4708.0,4710.35,4708.0,4710.15
18962,2024-04-18 14:15:00,4710.1,4710.15,4707.0,4707.85
18963,2024-04-18 14:16:00,4708.6,4717.45,4708.6,4713.65
18964,2024-04-18 14:17:00,4713.6,4714.9,4712.0,4713.5
18965,2024-04-18 14:18:00,4713.4,4713.4,4712.0,4712.0
18966,2024-04-18 14:19:00,4712.4,4712.4,4712.0,4712.05
18967,2024-04-18 14:20:00,4712.0,4713.9,4712.0,4712.0
18968,2024-04-18 14:21:00,4712.25,4716.45,4712.0,4714.05
18969,2024-04-18 14:22:00,4712.25,4715.2,4712.0,4712.75
18970,2024-04-18 14:23:00,4712.05,4714.15,4712.0,4712.0
18971,2024-04-18 14:24:00,4712.05,4714.0,4712.0,4712.0
18972,2024-04-18 14:25:00,4712.05,4714.0,4712.0,4713.0
18973,2024-04-18 14:26:00,4712.95,4712.95,4712.0,4712.0
18974,2024-04-18 14:27:00,4712.05,4712.05,4712.0,4712.0
18975,2024-04-18 14:28:00,4712.05,4712.05,4708.0,4708.0
18976,2024-04-18 14:29:00,4708.25,4711.2,4706.0,4706.7
18977,2024-04-18 14:30:00,4706.0,4714.9,4706.0,4714.9
18978,2024-04-18 14:31:00,4712.45,4716.0,4712.0,4713.0
18979,2024-04-18 14:32:00,4713.05,4716.0,4712.0,4714.7
18980,2024-04-18 14:33:00,4713.0,4721.25,4713.0,4721.05
18981,2024-04-18 14:34:00,4720.5,4721.0,4717.5,4718.85
18982,2024-04-18 14:35:00,4718.9,4724.8,4718.0,4718.3
18983,2024-04-18 14:36:00,4720.0,4720.0,4713.95,4715.0
18984,2024-04-18 14:37:00,4714.0,4717.35,4712.0,4713.2
18985,2024-04-18 14:38:00,4712.0,4719.0,4712.0,4715.85
18986,2024-04-18 14:39:00,4715.8,4716.95,4713.8,4714.8
18987,2024-04-18 14:40:00,4714.95,4717.7,4713.0,4713.05
18988,2024-04-18 14:41:00,4713.7,4717.95,4713.7,4714.6
18989,2024-04-18 14:42:00,4714.65,4717.65,4714.0,4714.55
18990,2024-04-18 14:43:00,4715.4,4715.4,4713.0,4713.0
18991,2024-04-18 14:44:00,4714.0,4714.5,4707.0,4707.0
18992,2024-04-18 14:45:00,4708.35,4709.9,4707.0,4708.75
18993,2024-04-18 14:46:00,4708.95,4708.95,4705.0,4705.0
18994,2024-04-18 14:47:00,4705.6,4707.6,4705.0,4707.6
18995,2024-04-18 14:48:00,4708.0,4709.85,4705.55,4708.3
18996,2024-04-18 14:49:00,4705.1,4713.0,4705.1,4712.95
18997,2024-04-18 14:50:00,4710.7,4711.9,4706.75,4709.1
18998,2024-04-18 14:51:00,4709.05,4714.25,4708.0,4711.55
18999,2024-04-18 14:52:00,4714.25,4716.0,4709.0,4709.1
19000,2024-04-18 14:53:00,4709.05,4719.75,4709.0,4718.8
19001,2024-04-18 14:54:00,4717.6,4718.8,4717.0,4718.0
19002,2024-04-18 14:55:00,4718.55,4718.55,4715.9,4716.7
19003,2024-04-18 14:56:00,4716.65,4716.65,4706.05,4707.0
19004,2024-04-18 14:57:00,4709.4,4709.45,4696.9,4699.95
19005,2024-04-18 14:58:00,4701.6,4712.35,4687.05,4711.75
19006,2024-04-18 14:59:00,4711.7,4714.45,4696.85,4711.2
19007,2024-04-18 15:00:00,4709.05,4711.0,4688.15,4692.05
19008,2024-04-18 15:01:00,4692.35,4698.05,4686.0,4686.0
19009,2024-04-18 15:02:00,4685.65,4688.25,4683.35,4688.25
19010,2024-04-18 15:03:00,4687.7,4689.55,4684.8,4686.85
19011,2024-04-18 15:04:00,4686.2,4686.8,4681.8,4682.3
19012,2024-04-18 15:05:00,4683.55,4691.25,4683.3,4683.55
19013,2024-04-18 15:06:00,4685.1,4689.1,4683.0,4683.85
19014,2024-04-18 15:07:00,4683.2,4690.05,4683.2,4688.6
19015,2024-04-18 15:08:00,4689.45,4697.45,4686.1,4686.1
19016,2024-04-18 15:09:00,4686.05,4694.2,4684.6,4692.55
19017,2024-04-18 15:10:00,4694.8,4694.8,4686.05,4687.95
19018,2024-04-18 15:11:00,4687.05,4694.05,4686.1,4691.7
19019,2024-04-18 15:12:00,4692.15,4695.0,4690.1,4691.5
19020,2024-04-18 15:13:00,4690.9,4692.9,4690.85,4691.95
19021,2024-04-18 15:14:00,4691.8,4693.95,4691.55,4692.5
19022,2024-04-18 15:15:00,4692.1,4694.0,4692.0,4693.75
19023,2024-04-18 15:16:00,4695.55,4698.65,4694.25,4698.05
19024,2024-04-18 15:17:00,4698.1,4699.7,4698.0,4699.55
19025,2024-04-18 15:18:00,4699.15,4699.55,4698.0,4698.0
19026,2024-04-18 15:19:00,4698.05,4698.1,4695.05,4696.6
19027,2024-04-18 15:20:00,4697.4,4698.0,4695.4,4697.8
19028,2024-04-18 15:21:00,4698.0,4706.45,4698.0,4705.2
19029,2024-04-18 15:22:00,4705.7,4706.0,4705.55,4705.95
19030,2024-04-18 15:23:00,4705.85,4708.45,4705.85,4707.9
19031,2024-04-18 15:24:00,4707.85,4708.0,4706.4,4708.0
19032,2024-04-18 15:25:00,4707.1,4715.7,4707.1,4712.45
19033,2024-04-18 15:26:00,4712.55,4715.5,4710.05,4713.05
19034,2024-04-18 15:27:00,4710.4,4712.9,4702.05,4704.9
19035,2024-04-18 15:28:00,4702.0,4706.2,4690.1,4694.3
19036,2024-04-18 15:29:00,4693.9,4710.5,4693.9,4710.5
19037,2024-04-19 09:15:00,4654.0,4665.8,4651.1,4655.0
19038,2024-04-19 09:16:00,4651.2,4655.05,4634.05,4636.8
19039,2024-04-19 09:17:00,4639.75,4648.15,4635.15,4641.2
19040,2024-04-19 09:18:00,4642.9,4650.0,4639.1,4642.3
19041,2024-04-19 09:19:00,4645.3,4647.9,4625.35,4629.55
19042,2024-04-19 09:20:00,4627.1,4639.8,4627.1,4637.2
19043,2024-04-19 09:21:00,4636.95,4639.7,4620.3,4623.05
19044,2024-04-19 09:22:00,4622.0,4633.35,4620.0,4623.15
19045,2024-04-19 09:23:00,4622.95,4640.0,4622.0,4638.55
19046,2024-04-19 09:24:00,4638.4,4638.4,4630.0,4634.05
19047,2024-04-19 09:25:00,4635.0,4636.95,4627.05,4630.4
19048,2024-04-19 09:26:00,4632.25,4638.95,4631.5,4636.0
19049,2024-04-19 09:27:00,4637.85,4637.85,4611.65,4613.0
19050,2024-04-19 09:28:00,4615.5,4622.25,4613.0,4618.0
19051,2024-04-19 09:29:00,4618.9,4619.1,4605.8,4610.0
19052,2024-04-19 09:30:00,4608.35,4617.95,4608.35,4617.95
19053,2024-04-19 09:31:00,4617.9,4619.8,4612.25,4619.8
19054,2024-04-19 09:32:00,4619.75,4620.3,4612.85,4612.85
19055,2024-04-19 09:33:00,4616.25,4616.25,4607.0,4607.3
19056,2024-04-19 09:34:00,4609.45,4618.1,4607.0,4615.05
19057,2024-04-19 09:35:00,4614.0,4614.0,4605.0,4605.05
19058,2024-04-19 09:36:00,4605.0,4605.55,4600.0,4600.0
19059,2024-04-19 09:37:00,4602.0,4603.7,4596.4,4602.0
19060,2024-04-19 09:38:00,4603.0,4612.4,4601.95,4611.45
19061,2024-04-19 09:39:00,4610.2,4611.95,4605.8,4611.85
19062,2024-04-19 09:40:00,4611.95,4613.65,4608.2,4610.5
19063,2024-04-19 09:41:00,4610.75,4613.45,4608.25,4610.5
19064,2024-04-19 09:42:00,4612.4,4618.0,4612.4,4614.0
19065,2024-04-19 09:43:00,4613.0,4614.0,4608.5,4611.55
19066,2024-04-19 09:44:00,4613.15,4613.15,4609.0,4611.95
19067,2024-04-19 09:45:00,4612.85,4612.85,4606.1,4608.0
19068,2024-04-19 09:46:00,4608.45,4611.75,4606.2,4611.35
19069,2024-04-19 09:47:00,4611.7,4615.0,4606.0,4606.0
19070,2024-04-19 09:48:00,4607.05,4611.6,4606.05,4609.25
19071,2024-04-19 09:49:00,4612.9,4618.8,4610.15,4616.25
19072,2024-04-19 09:50:00,4616.5,4616.6,4611.75,4615.7
19073,2024-04-19 09:51:00,4614.05,4617.85,4613.35,4613.35
19074,2024-04-19 09:52:00,4615.95,4617.65,4614.4,4616.95
19075,2024-04-19 09:53:00,4617.65,4625.0,4617.6,4622.0
19076,2024-04-19 09:54:00,4621.8,4624.8,4614.05,4615.6
19077,2024-04-19 09:55:00,4617.0,4617.75,4610.0,4610.5
19078,2024-04-19 09:56:00,4613.1,4616.9,4610.25,4616.9
19079,2024-04-19 09:57:00,4617.0,4624.0,4616.9,4620.15
19080,2024-04-19 09:58:00,4621.95,4629.0,4620.0,4627.2
19081,2024-04-19 09:59:00,4626.0,4630.0,4625.0,4625.0
19082,2024-04-19 10:00:00,4627.05,4630.0,4625.15,4626.5
19083,2024-04-19 10:01:00,4626.0,4632.0,4625.05,4632.0
19084,2024-04-19 10:02:00,4631.9,4633.0,4625.85,4630.0
19085,2024-04-19 10:03:00,4630.5,4631.8,4626.45,4630.0
19086,2024-04-19 10:04:00,4630.95,4632.95,4628.45,4632.0
19087,2024-04-19 10:05:00,4630.5,4633.35,4628.05,4630.65
19088,2024-04-19 10:06:00,4630.85,4631.45,4626.1,4630.5
19089,2024-04-19 10:07:00,4627.6,4630.45,4627.0,4628.0
19090,2024-04-19 10:08:00,4630.0,4635.0,4628.85,4633.0
19091,2024-04-19 10:09:00,4631.85,4633.75,4626.0,4626.0
19092,2024-04-19 10:10:00,4625.85,4626.95,4622.1,4625.0
19093,2024-04-19 10:11:00,4624.4,4625.0,4622.1,4624.9
19094,2024-04-19 10:12:00,4624.95,4630.85,4623.55,4627.7
19095,2024-04-19 10:13:00,4628.05,4633.25,4627.6,4632.85
19096,2024-04-19 10:14:00,4631.9,4632.95,4627.0,4629.25
19097,2024-04-19 10:15:00,4629.75,4630.0,4625.8,4629.6
19098,2024-04-19 10:16:00,4626.05,4631.7,4625.65,4628.0
19099,2024-04-19 10:17:00,4629.45,4629.45,4621.5,4624.8
19100,2024-04-19 10:18:00,4625.0,4628.9,4623.05,4625.95
19101,2024-04-19 10:19:00,4625.9,4626.0,4623.0,4623.0
19102,2024-04-19 10:20:00,4625.0,4625.9,4621.4,4622.15
19103,2024-04-19 10:21:00,4624.4,4625.0,4622.0,4624.45
19104,2024-04-19 10:22:00,4624.4,4625.95,4617.35,4617.35
19105,2024-04-19 10:23:00,4617.15,4620.65,4617.15,4620.55
19106,2024-04-19 10:24:00,4619.0,4623.6,4618.0,4618.0
19107,2024-04-19 10:25:00,4618.8,4620.95,4617.1,4618.8
19108,2024-04-19 10:26:00,4618.15,4623.6,4617.55,4623.3
19109,2024-04-19 10:27:00,4623.6,4625.0,4620.05,4620.25
19110,2024-04-19 10:28:00,4622.6,4623.95,4620.55,4623.5
19111,2024-04-19 10:29:00,4623.15,4627.7,4620.3,4623.45
19112,2024-04-19 10:30:00,4623.25,4627.7,4622.35,4627.7
19113,2024-04-19 10:31:00,4626.0,4627.7,4621.55,4624.7
19114,2024-04-19 10:32:00,4624.65,4625.25,4621.05,4625.25
19115,2024-04-19 10:33:00,4625.2,4626.4,4621.5,4626.25
19116,2024-04-19 10:34:00,4624.0,4626.2,4622.9,4625.45
19117,2024-04-19 10:35:00,4625.35,4630.0,4623.65,4630.0
19118,2024-04-19 10:36:00,4629.95,4634.0,4629.0,4632.0
19119,2024-04-19 10:37:00,4633.0,4633.0,4630.0,4631.2
19120,2024-04-19 10:38:00,4630.05,4644.8,4630.05,4641.1
19121,2024-04-19 10:39:00,4640.6,4642.45,4639.8,4640.95
19122,2024-04-19 10:40:00,4640.1,4642.3,4638.0,4640.0
19123,2024-04-19 10:41:00,4639.75,4642.0,4637.0,4640.0
19124,2024-04-19 10:42:00,4639.95,4642.0,4638.1,4642.0
19125,2024-04-19 10:43:00,4640.5,4642.45,4640.05,4641.75
19126,2024-04-19 10:44:00,4641.6,4645.0,4638.15,4639.8
19127,2024-04-19 10:45:00,4638.15,4639.75,4632.15,4632.15
19128,2024-04-19 10:46:00,4633.85,4636.65,4630.75,4632.6
19129,2024-04-19 10:47:00,4631.55,4633.55,4630.0,4631.3
19130,2024-04-19 10:48:00,4631.85,4634.15,4630.6,4634.15
19131,2024-04-19 10:49:00,4634.25,4636.7,4630.05,4635.45
19132,2024-04-19 10:50:00,4634.1,4636.0,4633.05,4633.7
19133,2024-04-19 10:51:00,4634.75,4634.75,4630.25,4631.55
19134,2024-04-19 10:52:00,4632.2,4632.5,4630.25,4630.95
19135,2024-04-19 10:53:00,4630.3,4632.65,4630.0,4630.0
19136,2024-04-19 10:54:00,4630.6,4632.95,4630.0,4631.55
19137,2024-04-19 10:55:00,4632.85,4635.75,4631.85,4633.0
19138,2024-04-19 10:56:00,4632.55,4633.75,4630.0,4631.6
19139,2024-04-19 10:57:00,4631.7,4632.55,4630.0,4632.55
19140,2024-04-19 10:58:00,4630.05,4631.8,4630.0,4631.4
19141,2024-04-19 10:59:00,4631.5,4631.75,4629.65,4630.0
19142,2024-04-19 11:00:00,4630.05,4631.65,4630.0,4630.8
19143,2024-04-19 11:01:00,4630.35,4631.3,4630.0,4630.3
19144,2024-04-19 11:02:00,4630.25,4631.45,4629.0,4630.0
19145,2024-04-19 11:03:00,4630.05,4635.6,4630.0,4635.6
19146,2024-04-19 11:04:00,4633.8,4639.0,4633.0,4638.45
19147,2024-04-19 11:05:00,4640.15,4643.95,4639.3,4641.1
19148,2024-04-19 11:06:00,4641.9,4642.0,4638.95,4639.8
19149,2024-04-19 11:07:00,4639.95,4642.8,4639.8,4640.35
19150,2024-04-19 11:08:00,4640.45,4644.55,4640.05,4642.75
19151,2024-04-19 11:09:00,4642.8,4646.95,4642.8,4645.5
19152,2024-04-19 11:10:00,4644.45,4645.95,4641.95,4643.8
19153,2024-04-19 11:11:00,4645.0,4647.4,4641.3,4641.45
19154,2024-04-19 11:12:00,4642.8,4646.0,4641.45,4643.25
19155,2024-04-19 11:13:00,4644.2,4646.0,4642.9,4645.95
19156,2024-04-19 11:14:00,4646.0,4647.5,4643.5,4644.1
19157,2024-04-19 11:15:00,4644.8,4644.8,4642.8,4644.55
19158,2024-04-19 11:16:00,4643.0,4645.0,4643.0,4645.0
19159,2024-04-19 11:17:00,4644.1,4646.05,4643.05,4644.05
19160,2024-04-19 11:18:00,4645.0,4646.0,4643.25,4646.0
19161,2024-04-19 11:19:00,4645.95,4649.0,4644.05,4646.5
19162,2024-04-19 11:20:00,4646.3,4647.25,4645.0,4646.0
19163,2024-04-19 11:21:00,4645.5,4647.95,4645.05,4646.95
19164,2024-04-19 11:22:00,4646.0,4649.55,4646.0,4648.65
19165,2024-04-19 11:23:00,4648.1,4652.85,4646.0,4647.55
19166,2024-04-19 11:24:00,4647.5,4647.55,4642.0,4642.75
19167,2024-04-19 11:25:00,4641.05,4642.75,4635.1,4636.4
19168,2024-04-19 11:26:00,4635.3,4640.5,4633.7,4637.55
19169,2024-04-19 11:27:00,4638.9,4640.65,4634.55,4640.2
19170,2024-04-19 11:28:00,4639.0,4640.9,4633.45,4636.55
19171,2024-04-19 11:29:00,4636.8,4639.95,4635.15,4635.75
19172,2024-04-19 11:30:00,4637.75,4638.95,4635.05,4635.05
19173,2024-04-19 11:31:00,4636.0,4637.7,4634.0,4635.45
19174,2024-04-19 11:32:00,4636.45,4638.1,4635.0,4636.7
19175,2024-04-19 11:33:00,4635.8,4635.8,4634.0,4635.0
19176,2024-04-19 11:34:00,4633.95,4635.55,4633.05,4633.25
19177,2024-04-19 11:35:00,4634.65,4636.85,4633.0,4633.9
19178,2024-04-19 11:36:00,4635.15,4636.5,4633.15,4634.8
19179,2024-04-19 11:37:00,4634.65,4634.65,4630.05,4633.8
19180,2024-04-19 11:38:00,4630.9,4634.9,4630.9,4634.9
19181,2024-04-19 11:39:00,4634.85,4634.85,4630.8,4631.1
19182,2024-04-19 11:40:00,4631.45,4635.0,4631.45,4632.95
19183,2024-04-19 11:41:00,4633.25,4634.7,4632.9,4633.25
19184,2024-04-19 11:42:00,4632.95,4635.0,4632.0,4632.9
19185,2024-04-19 11:43:00,4633.2,4634.0,4632.0,4633.25
19186,2024-04-19 11:44:00,4634.45,4635.0,4632.35,4634.0
19187,2024-04-19 11:45:00,4634.9,4635.0,4634.05,4634.95
19188,2024-04-19 11:46:00,4634.05,4634.95,4632.0,4634.75
19189,2024-04-19 11:47:00,4633.95,4635.0,4630.1,4631.2
19190,2024-04-19 11:48:00,4632.8,4636.5,4631.05,4634.55
19191,2024-04-19 11:49:00,4632.5,4632.5,4631.0,4632.5
19192,2024-04-19 11:50:00,4632.25,4632.45,4630.0,4630.15
19193,2024-04-19 11:51:00,4632.25,4632.5,4630.0,4632.0
19194,2024-04-19 11:52:00,4630.8,4632.5,4630.0,4630.85
19195,2024-04-19 11:53:00,4632.05,4634.0,4630.0,4633.45
19196,2024-04-19 11:54:00,4632.5,4633.8,4630.75,4631.85
19197,2024-04-19 11:55:00,4633.75,4633.8,4631.55,4633.8
19198,2024-04-19 11:56:00,4633.6,4633.6,4630.1,4631.1
19199,2024-04-19 11:57:00,4632.6,4634.9,4630.75,4632.05
19200,2024-04-19 11:58:00,4634.55,4634.85,4631.1,4634.1
19201,2024-04-19 11:59:00,4634.7,4634.7,4631.05,4631.4
19202,2024-04-19 12:00:00,4633.95,4634.0,4631.35,4631.8
19203,2024-04-19 12:01:00,4633.5,4633.5,4630.05,4633.4
19204,2024-04-19 12:02:00,4632.0,4632.65,4630.25,4631.8
19205,2024-04-19 12:03:00,4632.6,4634.0,4631.0,4631.85
19206,2024-04-19 12:04:00,4632.0,4632.0,4631.0,4632.0
19207,2024-04-19 12:05:00,4631.4,4633.85,4630.1,4632.95
19208,2024-04-19 12:06:00,4633.0,4634.0,4631.9,4633.8
19209,2024-04-19 12:07:00,4633.7,4633.7,4633.0,4633.5
19210,2024-04-19 12:08:00,4633.0,4634.0,4632.3,4634.0
19211,2024-04-19 12:09:00,4633.9,4634.0,4632.0,4633.05
19212,2024-04-19 12:10:00,4632.15,4634.0,4631.0,4634.0
19213,2024-04-19 12:11:00,4633.95,4634.95,4631.35,4634.95
19214,2024-04-19 12:12:00,4635.0,4635.0,4631.5,4633.9
19215,2024-04-19 12:13:00,4633.0,4635.6,4632.25,4635.6
19216,2024-04-19 12:14:00,4635.35,4639.6,4635.0,4638.6
19217,2024-04-19 12:15:00,4638.55,4638.9,4635.25,4638.0
19218,2024-04-19 12:16:00,4636.2,4638.0,4634.05,4636.0
19219,2024-04-19 12:17:00,4635.75,4638.0,4635.55,4635.9
19220,2024-04-19 12:18:00,4638.0,4639.0,4634.1,4638.55
19221,2024-04-19 12:19:00,4638.5,4642.6,4637.85,4640.85
19222,2024-04-19 12:20:00,4641.85,4642.6,4641.0,4642.6
19223,2024-04-19 12:21:00,4643.9,4645.0,4641.35,4644.0
19224,2024-04-19 12:22:00,4643.95,4645.95,4642.0,4643.05
19225,2024-04-19 12:23:00,4642.1,4650.0,4642.1,4648.0
19226,2024-04-19 12:24:00,4649.95,4650.0,4645.0,4645.0
19227,2024-04-19 12:25:00,4647.25,4649.85,4644.05,4649.85
19228,2024-04-19 12:26:00,4646.45,4649.8,4644.95,4647.4
19229,2024-04-19 12:27:00,4648.9,4649.7,4645.05,4647.75
19230,2024-04-19 12:28:00,4646.3,4650.0,4645.9,4648.8
19231,2024-04-19 12:29:00,4648.1,4650.0,4648.0,4649.65
19232,2024-04-19 12:30:00,4649.0,4649.65,4646.0,4647.6
19233,2024-04-19 12:31:00,4646.7,4649.0,4646.0,4646.0
19234,2024-04-19 12:32:00,4645.9,4648.0,4645.9,4648.0
19235,2024-04-19 12:33:00,4646.05,4648.0,4645.9,4647.8
19236,2024-04-19 12:34:00,4645.9,4647.4,4644.2,4645.2
19237,2024-04-19 12:35:00,4647.0,4648.5,4645.05,4648.5
19238,2024-04-19 12:36:00,4647.35,4648.5,4646.15,4648.2
19239,2024-04-19 12:37:00,4648.1,4650.0,4646.15,4650.0
19240,2024-04-19 12:38:00,4647.55,4649.95,4646.75,4649.95
19241,2024-04-19 12:39:00,4650.0,4650.0,4647.0,4650.0
19242,2024-04-19 12:40:00,4649.9,4649.9,4647.7,4649.9
19243,2024-04-19 12:41:00,4648.0,4653.0,4647.95,4648.75
19244,2024-04-19 12:42:00,4649.15,4652.7,4648.8,4652.7
19245,2024-04-19 12:43:00,4650.05,4657.45,4650.05,4657.45
19246,2024-04-19 12:44:00,4656.95,4657.0,4654.45,4657.0
19247,2024-04-19 12:45:00,4656.95,4658.9,4654.65,4658.0
19248,2024-04-19 12:46:00,4657.9,4657.9,4652.0,4656.55
19249,2024-04-19 12:47:00,4656.0,4660.0,4653.1,4655.4
19250,2024-04-19 12:48:00,4658.65,4658.65,4653.3,4653.3
19251,2024-04-19 12:49:00,4655.0,4655.45,4653.1,4655.45
19252,2024-04-19 12:50:00,4653.65,4658.95,4653.0,4658.6
19253,2024-04-19 12:51:00,4659.55,4659.95,4655.35,4659.85
19254,2024-04-19 12:52:00,4658.1,4659.8,4655.35,4658.75
19255,2024-04-19 12:53:00,4657.95,4657.95,4654.0,4655.0
19256,2024-04-19 12:54:00,4654.0,4655.95,4647.95,4647.95
19257,2024-04-19 12:55:00,4648.0,4653.7,4647.9,4651.95
19258,2024-04-19 12:56:00,4652.0,4652.6,4646.0,4648.2
19259,2024-04-19 12:57:00,4650.1,4650.1,4645.9,4649.75
19260,2024-04-19 12:58:00,4649.5,4658.7,4648.0,4658.7
19261,2024-04-19 12:59:00,4660.0,4660.3,4656.15,4660.3
19262,2024-04-19 13:00:00,4660.0,4661.0,4658.0,4661.0
19263,2024-04-19 13:01:00,4660.5,4661.5,4660.0,4660.0
19264,2024-04-19 13:02:00,4661.2,4661.2,4659.0,4661.2
19265,2024-04-19 13:03:00,4659.0,4661.5,4658.0,4659.7
19266,2024-04-19 13:04:00,4659.75,4661.85,4659.75,4661.5
19267,2024-04-19 13:05:00,4661.2,4661.85,4660.0,4661.0
19268,2024-04-19 13:06:00,4660.0,4661.0,4660.0,4661.0
19269,2024-04-19 13:07:00,4660.25,4661.0,4659.15,4659.15
19270,2024-04-19 13:08:00,4661.0,4661.0,4659.05,4661.0
19271,2024-04-19 13:09:00,4660.9,4661.0,4658.1,4660.0
19272,2024-04-19 13:10:00,4661.0,4661.0,4656.0,4661.0
19273,2024-04-19 13:11:00,4660.25,4661.85,4657.0,4657.5
19274,2024-04-19 13:12:00,4655.0,4656.95,4653.4,4656.95
19275,2024-04-19 13:13:00,4656.8,4656.8,4651.25,4656.6
19276,2024-04-19 13:14:00,4652.8,4655.95,4652.65,4653.15
19277,2024-04-19 13:15:00,4655.9,4655.9,4652.15,4652.15
19278,2024-04-19 13:16:00,4651.4,4651.4,4646.15,4646.25
19279,2024-04-19 13:17:00,4648.9,4648.95,4645.05,4648.9
19280,2024-04-19 13:18:00,4648.95,4648.95,4646.9,4648.95
19281,2024-04-19 13:19:00,4648.0,4648.0,4645.75,4646.95
19282,2024-04-19 13:20:00,4647.0,4650.1,4645.1,4650.1
19283,2024-04-19 13:21:00,4651.15,4651.15,4646.65,4648.5
19284,2024-04-19 13:22:00,4647.4,4649.75,4645.9,4645.9
19285,2024-04-19 13:23:00,4646.9,4649.75,4646.05,4649.75
19286,2024-04-19 13:24:00,4651.9,4652.0,4648.35,4649.05
19287,2024-04-19 13:25:00,4651.95,4651.95,4648.05,4648.05
19288,2024-04-19 13:26:00,4651.9,4651.9,4648.35,4649.7
19289,2024-04-19 13:27:00,4647.1,4649.05,4645.9,4646.0
19290,2024-04-19 13:28:00,4645.95,4648.35,4645.55,4648.35
19291,2024-04-19 13:29:00,4649.5,4649.5,4645.9,4646.9
19292,2024-04-19 13:30:00,4646.85,4648.9,4645.55,4648.9
19293,2024-04-19 13:31:00,4647.45,4648.75,4645.9,4648.6
19294,2024-04-19 13:32:00,4646.95,4648.25,4645.8,4646.2
19295,2024-04-19 13:33:00,4646.0,4646.2,4645.9,4646.2
19296,2024-04-19 13:34:00,4646.05,4649.9,4645.9,4647.6
19297,2024-04-19 13:35:00,4647.05,4647.95,4645.9,4647.95
19298,2024-04-19 13:36:00,4646.0,4646.5,4645.25,4646.5
19299,2024-04-19 13:37:00,4645.95,4645.95,4645.25,4645.95
19300,2024-04-19 13:38:00,4645.9,4645.95,4645.35,4645.8
19301,2024-04-19 13:39:00,4645.95,4645.95,4645.4,4645.45
19302,2024-04-19 13:40:00,4645.3,4647.0,4645.3,4645.9
19303,2024-04-19 13:41:00,4647.0,4647.9,4645.3,4646.6
19304,2024-04-19 13:42:00,4645.95,4647.45,4645.3,4646.65
19305,2024-04-19 13:43:00,4645.3,4647.35,4645.3,4647.35
19306,2024-04-19 13:44:00,4646.35,4647.65,4645.3,4645.45
19307,2024-04-19 13:45:00,4647.6,4648.45,4645.0,4645.0
19308,2024-04-19 13:46:00,4646.75,4646.75,4642.1,4646.0
19309,2024-04-19 13:47:00,4645.0,4649.0,4643.0,4647.0
19310,2024-04-19 13:48:00,4646.05,4647.85,4645.0,4646.7
19311,2024-04-19 13:49:00,4645.8,4649.0,4644.25,4648.55
19312,2024-04-19 13:50:00,4647.3,4649.45,4647.25,4647.75
19313,2024-04-19 13:51:00,4649.65,4654.9,4648.1,4654.9
19314,2024-04-19 13:52:00,4653.0,4657.0,4653.0,4656.95
19315,2024-04-19 13:53:00,4656.55,4659.6,4656.55,4658.65
19316,2024-04-19 13:54:00,4659.6,4663.35,4657.0,4660.15
19317,2024-04-19 13:55:00,4662.1,4663.75,4659.2,4661.85
19318,2024-04-19 13:56:00,4659.05,4664.0,4658.85,4663.2
19319,2024-04-19 13:57:00,4664.4,4668.5,4661.65,4668.1
19320,2024-04-19 13:58:00,4668.8,4671.65,4665.9,4671.3
19321,2024-04-19 13:59:00,4671.2,4672.4,4667.5,4672.25
19322,2024-04-19 14:00:00,4671.25,4672.6,4663.0,4666.85
19323,2024-04-19 14:01:00,4665.9,4667.15,4664.0,4664.0
19324,2024-04-19 14:02:00,4662.75,4668.25,4661.35,4665.2
19325,2024-04-19 14:03:00,4665.35,4668.65,4665.25,4665.75
19326,2024-04-19 14:04:00,4667.6,4667.7,4660.5,4663.45
19327,2024-04-19 14:05:00,4663.5,4665.0,4661.05,4665.0
19328,2024-04-19 14:06:00,4663.0,4665.0,4659.75,4662.1
19329,2024-04-19 14:07:00,4663.35,4665.0,4660.45,4664.95
19330,2024-04-19 14:08:00,4664.65,4669.0,4662.05,4666.6
19331,2024-04-19 14:09:00,4668.95,4668.95,4663.8,4667.95
19332,2024-04-19 14:10:00,4668.0,4670.8,4666.3,4668.85
19333,2024-04-19 14:11:00,4670.5,4670.55,4665.05,4665.05
19334,2024-04-19 14:12:00,4666.3,4669.5,4665.05,4668.75
19335,2024-04-19 14:13:00,4668.7,4668.75,4665.1,4666.1
19336,2024-04-19 14:14:00,4666.05,4667.0,4660.0,4660.15
19337,2024-04-19 14:15:00,4660.0,4662.5,4658.0,4660.4
19338,2024-04-19 14:16:00,4660.45,4662.8,4657.05,4659.05
19339,2024-04-19 14:17:00,4659.75,4661.6,4656.0,4661.6
19340,2024-04-19 14:18:00,4658.9,4661.6,4656.8,4657.7
19341,2024-04-19 14:19:00,4659.0,4661.55,4657.9,4659.7
19342,2024-04-19 14:20:00,4662.4,4662.4,4659.0,4660.3
19343,2024-04-19 14:21:00,4660.2,4660.2,4657.0,4659.55
19344,2024-04-19 14:22:00,4657.65,4659.55,4656.2,4657.2
19345,2024-04-19 14:23:00,4658.55,4658.55,4652.5,4652.55
19346,2024-04-19 14:24:00,4652.5,4653.15,4647.35,4651.0
19347,2024-04-19 14:25:00,4650.25,4653.85,4647.55,4651.3
19348,2024-04-19 14:26:00,4653.8,4655.95,4650.1,4653.45
19349,2024-04-19 14:27:00,4654.6,4654.6,4650.0,4651.75
19350,2024-04-19 14:28:00,4653.5,4655.25,4650.05,4650.5
19351,2024-04-19 14:29:00,4653.1,4655.0,4651.0,4652.1
19352,2024-04-19 14:30:00,4653.1,4654.65,4651.5,4654.55
19353,2024-04-19 14:31:00,4653.3,4660.0,4653.3,4658.65
19354,2024-04-19 14:32:00,4657.8,4662.3,4656.35,4659.45
19355,2024-04-19 14:33:00,4658.8,4666.55,4658.8,4661.9
19356,2024-04-19 14:34:00,4662.95,4665.45,4659.5,4663.6
19357,2024-04-19 14:35:00,4663.5,4665.55,4660.35,4664.6
19358,2024-04-19 14:36:00,4663.05,4664.45,4659.85,4660.1
19359,2024-04-19 14:37:00,4661.0,4661.0,4657.65,4660.4
19360,2024-04-19 14:38:00,4658.9,4663.2,4657.85,4663.2
19361,2024-04-19 14:39:00,4663.3,4663.95,4658.45,4660.85
19362,2024-04-19 14:40:00,4660.0,4662.8,4657.85,4662.8
19363,2024-04-19 14:41:00,4662.1,4662.1,4656.8,4656.8
19364,2024-04-19 14:42:00,4656.0,4658.7,4653.0,4655.75
19365,2024-04-19 14:43:00,4655.7,4658.65,4653.45,4654.95
19366,2024-04-19 14:44:00,4656.6,4656.6,4650.5,4653.7
19367,2024-04-19 14:45:00,4653.0,4656.65,4651.0,4655.9
19368,2024-04-19 14:46:00,4653.7,4657.45,4652.0,4655.85
19369,2024-04-19 14:47:00,4654.9,4657.8,4654.0,4656.0
19370,2024-04-19 14:48:00,4655.6,4656.75,4651.0,4653.45
19371,2024-04-19 14:49:00,4651.0,4652.9,4651.0,4651.0
19372,2024-04-19 14:50:00,4652.5,4653.6,4650.7,4651.3
19373,2024-04-19 14:51:00,4653.05,4653.55,4650.0,4653.25
19374,2024-04-19 14:52:00,4653.2,4658.4,4651.25,4653.65
19375,2024-04-19 14:53:00,4653.95,4654.9,4653.0,4653.1
19376,2024-04-19 14:54:00,4653.8,4655.0,4651.0,4655.0
19377,2024-04-19 14:55:00,4653.0,4656.4,4653.0,4656.35
19378,2024-04-19 14:56:00,4655.0,4656.35,4651.7,4653.2
19379,2024-04-19 14:57:00,4652.25,4653.85,4651.1,4653.5
19380,2024-04-19 14:58:00,4652.5,4657.6,4651.2,4655.1
19381,2024-04-19 14:59:00,4655.35,4658.9,4655.0,4655.0
19382,2024-04-19 15:00:00,4655.7,4659.0,4655.0,4656.0
19383,2024-04-19 15:01:00,4657.8,4660.0,4656.0,4659.7
19384,2024-04-19 15:02:00,4659.8,4660.0,4658.75,4659.95
19385,2024-04-19 15:03:00,4660.0,4668.4,4659.95,4668.15
19386,2024-04-19 15:04:00,4666.05,4668.0,4661.6,4664.15
19387,2024-04-19 15:05:00,4664.1,4666.0,4663.95,4666.0
19388,2024-04-19 15:06:00,4665.1,4666.55,4664.0,4665.05
19389,2024-04-19 15:07:00,4664.8,4667.25,4664.8,4666.9
19390,2024-04-19 15:08:00,4666.15,4667.0,4665.0,4665.0
19391,2024-04-19 15:09:00,4663.35,4665.0,4660.25,4665.0
19392,2024-04-19 15:10:00,4664.95,4665.35,4660.95,4663.25
19393,2024-04-19 15:11:00,4660.95,4663.25,4660.95,4661.6
19394,2024-04-19 15:12:00,4663.1,4663.6,4661.6,4663.0
19395,2024-04-19 15:13:00,4662.2,4662.2,4660.05,4661.4
19396,2024-04-19 15:14:00,4660.95,4661.4,4658.6,4658.6
19397,2024-04-19 15:15:00,4656.0,4663.0,4655.65,4662.6
19398,2024-04-19 15:16:00,4662.55,4662.55,4655.0,4656.7
19399,2024-04-19 15:17:00,4656.55,4658.95,4655.0,4655.3
19400,2024-04-19 15:18:00,4655.0,4659.65,4654.95,4659.5
19401,2024-04-19 15:19:00,4657.85,4659.75,4656.15,4659.65
19402,2024-04-19 15:20:00,4659.4,4663.6,4657.1,4661.4
19403,2024-04-19 15:21:00,4662.0,4664.8,4661.4,4663.25
19404,2024-04-19 15:22:00,4663.2,4663.2,4661.0,4661.8
19405,2024-04-19 15:23:00,4661.7,4664.1,4661.65,4664.1
19406,2024-04-19 15:24:00,4664.0,4664.0,4656.6,4659.5
19407,2024-04-19 15:25:00,4658.65,4659.95,4656.25,4657.75
19408,2024-04-19 15:26:00,4657.9,4659.25,4657.6,4657.9
19409,2024-04-19 15:27:00,4657.95,4657.95,4653.2,4654.95
19410,2024-04-19 15:28:00,4654.1,4654.95,4651.25,4653.6
19411,2024-04-19 15:29:00,4652.0,4659.0,4652.0,4659.0
19412,2024-04-22 09:15:00,4695.15,4695.15,4662.4,4673.9
19413,2024-04-22 09:16:00,4669.3,4690.2,4669.3,4677.75
19414,2024-04-22 09:17:00,4675.6,4697.0,4675.6,4688.7
19415,2024-04-22 09:18:00,4688.0,4693.5,4681.85,4688.9
19416,2024-04-22 09:19:00,4686.2,4688.8,4678.0,4679.9
19417,2024-04-22 09:20:00,4677.0,4690.0,4677.0,4690.0
19418,2024-04-22 09:21:00,4689.95,4691.3,4681.55,4689.45
19419,2024-04-22 09:22:00,4689.85,4690.0,4680.05,4684.4
19420,2024-04-22 09:23:00,4683.0,4690.0,4676.7,4680.05
19421,2024-04-22 09:24:00,4684.75,4684.75,4678.3,4679.9
19422,2024-04-22 09:25:00,4680.25,4684.55,4679.25,4679.4
19423,2024-04-22 09:26:00,4682.25,4688.75,4678.65,4679.0
19424,2024-04-22 09:27:00,4678.05,4680.0,4676.05,4678.85
19425,2024-04-22 09:28:00,4676.0,4680.5,4673.0,4680.5
19426,2024-04-22 09:29:00,4679.5,4681.6,4676.3,4678.2
19427,2024-04-22 09:30:00,4678.0,4680.45,4672.65,4673.45
19428,2024-04-22 09:31:00,4672.2,4676.95,4671.05,4674.8
19429,2024-04-22 09:32:00,4675.1,4679.9,4672.3,4673.95
19430,2024-04-22 09:33:00,4671.9,4676.0,4671.15,4675.05
19431,2024-04-22 09:34:00,4673.75,4675.15,4670.8,4670.8
19432,2024-04-22 09:35:00,4671.55,4677.0,4671.2,4677.0
19433,2024-04-22 09:36:00,4676.9,4677.0,4673.8,4675.0
19434,2024-04-22 09:37:00,4673.8,4674.95,4672.05,4674.0
19435,2024-04-22 09:38:00,4674.95,4677.0,4673.5,4674.35
19436,2024-04-22 09:39:00,4678.95,4683.8,4678.4,4682.55
19437,2024-04-22 09:40:00,4683.8,4683.8,4682.2,4683.0
19438,2024-04-22 09:41:00,4683.8,4684.85,4678.0,4680.0
19439,2024-04-22 09:42:00,4679.4,4682.95,4672.1,4676.9
19440,2024-04-22 09:43:00,4674.45,4678.05,4672.0,4672.05
19441,2024-04-22 09:44:00,4671.9,4674.0,4666.0,4671.7
19442,2024-04-22 09:45:00,4673.0,4674.0,4668.0,4668.0
19443,2024-04-22 09:46:00,4669.7,4669.7,4662.0,4665.1
19444,2024-04-22 09:47:00,4663.5,4665.05,4661.0,4662.05
19445,2024-04-22 09:48:00,4664.25,4666.0,4661.0,4663.15
19446,2024-04-22 09:49:00,4661.0,4666.0,4661.0,4663.15
19447,2024-04-22 09:50:00,4663.0,4669.75,4662.2,4669.6
19448,2024-04-22 09:51:00,4670.0,4671.4,4666.0,4669.95
19449,2024-04-22 09:52:00,4671.3,4671.4,4666.6,4669.3
19450,2024-04-22 09:53:00,4666.8,4669.95,4666.0,4667.75
19451,2024-04-22 09:54:00,4667.2,4668.0,4663.4,4665.2
19452,2024-04-22 09:55:00,4665.45,4665.45,4661.9,4665.0
19453,2024-04-22 09:56:00,4666.0,4669.85,4665.0,4666.95
19454,2024-04-22 09:57:00,4667.0,4667.0,4664.0,4665.75
19455,2024-04-22 09:58:00,4665.7,4667.7,4665.0,4666.55
19456,2024-04-22 09:59:00,4664.4,4667.2,4663.85,4666.6
19457,2024-04-22 10:00:00,4665.0,4666.4,4662.05,4664.2
19458,2024-04-22 10:01:00,4663.9,4664.1,4661.15,4662.15
19459,2024-04-22 10:02:00,4663.0,4669.55,4663.0,4669.55
19460,2024-04-22 10:03:00,4667.7,4669.25,4665.55,4667.45
19461,2024-04-22 10:04:00,4667.0,4667.95,4667.0,4667.5
19462,2024-04-22 10:05:00,4669.5,4671.4,4666.0,4671.4
19463,2024-04-22 10:06:00,4669.95,4671.3,4667.1,4669.8
19464,2024-04-22 10:07:00,4668.65,4671.0,4667.8,4667.8
19465,2024-04-22 10:08:00,4667.5,4669.75,4666.0,4667.85
19466,2024-04-22 10:09:00,4665.7,4669.75,4665.55,4668.2
19467,2024-04-22 10:10:00,4668.1,4674.3,4668.1,4672.1
19468,2024-04-22 10:11:00,4673.6,4674.3,4670.35,4672.2
19469,2024-04-22 10:12:00,4672.6,4675.4,4670.55,4675.4
19470,2024-04-22 10:13:00,4679.95,4679.95,4676.0,4676.0
19471,2024-04-22 10:14:00,4675.0,4676.35,4672.0,4673.45
19472,2024-04-22 10:15:00,4674.45,4675.9,4673.45,4675.9
19473,2024-04-22 10:16:00,4674.05,4675.8,4674.0,4675.0
19474,2024-04-22 10:17:00,4673.0,4674.8,4671.7,4672.0
19475,2024-04-22 10:18:00,4673.2,4674.4,4673.0,4673.0
19476,2024-04-22 10:19:00,4674.0,4675.0,4672.75,4674.65
19477,2024-04-22 10:20:00,4673.35,4674.95,4672.75,4673.3
19478,2024-04-22 10:21:00,4673.7,4673.7,4670.5,4673.45
19479,2024-04-22 10:22:00,4673.95,4673.95,4666.6,4666.6
19480,2024-04-22 10:23:00,4667.0,4671.45,4666.0,4668.9
19481,2024-04-22 10:24:00,4669.6,4669.8,4668.45,4669.8
19482,2024-04-22 10:25:00,4669.1,4669.35,4666.3,4667.0
19483,2024-04-22 10:26:00,4666.5,4669.8,4666.0,4669.8
19484,2024-04-22 10:27:00,4668.05,4669.8,4668.0,4669.8
19485,2024-04-22 10:28:00,4669.0,4669.35,4665.8,4665.8
19486,2024-04-22 10:29:00,4665.6,4669.0,4665.6,4667.05
19487,2024-04-22 10:30:00,4667.95,4669.0,4666.05,4668.0
19488,2024-04-22 10:31:00,4668.1,4668.35,4666.0,4666.05
19489,2024-04-22 10:32:00,4666.25,4666.5,4665.0,4666.0
19490,2024-04-22 10:33:00,4665.35,4669.0,4665.0,4665.55
19491,2024-04-22 10:34:00,4665.65,4666.8,4663.75,4663.75
19492,2024-04-22 10:35:00,4665.0,4665.0,4663.5,4663.5
19493,2024-04-22 10:36:00,4663.0,4663.8,4662.1,4663.0
19494,2024-04-22 10:37:00,4662.7,4663.2,4662.5,4663.2
19495,2024-04-22 10:38:00,4663.1,4664.8,4660.9,4660.9
19496,2024-04-22 10:39:00,4660.65,4663.85,4660.3,4663.0
19497,2024-04-22 10:40:00,4662.75,4662.95,4661.1,4662.0
19498,2024-04-22 10:41:00,4661.2,4661.2,4658.3,4659.65
19499,2024-04-22 10:42:00,4658.0,4660.55,4658.0,4660.55
19500,2024-04-22 10:43:00,4659.75,4660.45,4656.0,4656.0
19501,2024-04-22 10:44:00,4655.6,4658.5,4652.0,4653.1
19502,2024-04-22 10:45:00,4653.75,4653.75,4647.45,4649.3
19503,2024-04-22 10:46:00,4650.0,4650.0,4645.0,4650.0
19504,2024-04-22 10:47:00,4648.9,4651.85,4648.1,4649.9
19505,2024-04-22 10:48:00,4650.0,4651.0,4649.85,4650.0
19506,2024-04-22 10:49:00,4649.85,4654.0,4649.0,4654.0
19507,2024-04-22 10:50:00,4655.4,4655.4,4653.9,4653.9
19508,2024-04-22 10:51:00,4653.95,4659.8,4651.3,4659.8
19509,2024-04-22 10:52:00,4658.45,4660.0,4656.35,4658.1
19510,2024-04-22 10:53:00,4658.85,4660.55,4658.55,4660.0
19511,2024-04-22 10:54:00,4659.25,4660.5,4658.3,4658.5
19512,2024-04-22 10:55:00,4658.55,4663.0,4658.5,4661.5
19513,2024-04-22 10:56:00,4662.3,4666.5,4662.0,4662.35
19514,2024-04-22 10:57:00,4662.7,4666.2,4662.4,4663.85
19515,2024-04-22 10:58:00,4664.0,4665.65,4663.75,4664.15
19516,2024-04-22 10:59:00,4664.55,4667.35,4664.0,4665.2
19517,2024-04-22 11:00:00,4666.95,4668.5,4665.2,4666.0
19518,2024-04-22 11:01:00,4667.5,4668.6,4664.55,4664.55
19519,2024-04-22 11:02:00,4664.7,4670.0,4664.7,4667.6
19520,2024-04-22 11:03:00,4668.8,4669.75,4667.4,4668.0
19521,2024-04-22 11:04:00,4668.8,4669.75,4668.0,4668.8
19522,2024-04-22 11:05:00,4668.95,4672.95,4668.45,4671.85
19523,2024-04-22 11:06:00,4671.9,4677.1,4670.75,4676.1
19524,2024-04-22 11:07:00,4676.5,4676.5,4673.95,4674.05
19525,2024-04-22 11:08:00,4674.0,4674.75,4670.0,4670.0
19526,2024-04-22 11:09:00,4670.3,4672.35,4670.0,4670.05
19527,2024-04-22 11:10:00,4670.0,4672.5,4668.05,4668.05
19528,2024-04-22 11:11:00,4668.0,4669.3,4666.4,4669.3
19529,2024-04-22 11:12:00,4668.2,4669.95,4667.8,4668.0
19530,2024-04-22 11:13:00,4668.85,4670.0,4667.55,4669.0
19531,2024-04-22 11:14:00,4668.25,4669.7,4667.1,4667.1
19532,2024-04-22 11:15:00,4668.3,4668.35,4666.1,4666.1
19533,2024-04-22 11:16:00,4665.0,4669.0,4663.75,4666.65
19534,2024-04-22 11:17:00,4667.0,4668.55,4665.05,4667.35
19535,2024-04-22 11:18:00,4668.45,4669.95,4665.0,4665.55
19536,2024-04-22 11:19:00,4666.85,4667.0,4665.0,4665.4
19537,2024-04-22 11:20:00,4665.3,4666.2,4661.2,4666.2
19538,2024-04-22 11:21:00,4665.0,4668.3,4665.0,4666.1
19539,2024-04-22 11:22:00,4666.05,4669.45,4665.0,4666.5
19540,2024-04-22 11:23:00,4666.0,4668.7,4665.0,4665.0
19541,2024-04-22 11:24:00,4665.1,4667.4,4665.0,4666.45
19542,2024-04-22 11:25:00,4665.55,4669.0,4665.55,4666.3
19543,2024-04-22 11:26:00,4666.4,4667.45,4665.0,4665.2
19544,2024-04-22 11:27:00,4667.25,4667.25,4665.0,4666.3
19545,2024-04-22 11:28:00,4666.25,4668.5,4665.0,4666.3
19546,2024-04-22 11:29:00,4666.85,4668.1,4665.15,4665.55
19547,2024-04-22 11:30:00,4665.45,4668.55,4665.0,4665.85
19548,2024-04-22 11:31:00,4666.6,4668.7,4665.35,4665.35
19549,2024-04-22 11:32:00,4665.7,4670.5,4665.5,4667.95
19550,2024-04-22 11:33:00,4669.0,4672.8,4667.5,4672.8
19551,2024-04-22 11:34:00,4669.2,4673.3,4669.0,4670.95
19552,2024-04-22 11:35:00,4670.05,4672.5,4670.0,4670.35
19553,2024-04-22 11:36:00,4670.25,4672.4,4670.05,4670.55
19554,2024-04-22 11:37:00,4671.0,4672.45,4670.1,4670.5
19555,2024-04-22 11:38:00,4670.4,4675.0,4670.4,4674.45
19556,2024-04-22 11:39:00,4673.85,4675.5,4673.7,4674.2
19557,2024-04-22 11:40:00,4674.7,4675.0,4672.45,4675.0
19558,2024-04-22 11:41:00,4674.65,4675.0,4673.0,4673.0
19559,2024-04-22 11:42:00,4674.3,4675.0,4671.3,4673.7
19560,2024-04-22 11:43:00,4673.2,4675.0,4672.2,4672.85
19561,2024-04-22 11:44:00,4672.1,4674.85,4672.05,4673.35
19562,2024-04-22 11:45:00,4672.9,4675.0,4672.9,4673.1
19563,2024-04-22 11:46:00,4675.0,4675.0,4673.5,4673.5
19564,2024-04-22 11:47:00,4671.85,4675.8,4671.85,4673.65
19565,2024-04-22 11:48:00,4673.35,4674.85,4672.35,4674.85
19566,2024-04-22 11:49:00,4674.7,4674.75,4671.0,4673.65
19567,2024-04-22 11:50:00,4672.7,4674.4,4672.7,4673.25
19568,2024-04-22 11:51:00,4674.0,4674.0,4672.7,4674.0
19569,2024-04-22 11:52:00,4673.25,4674.2,4673.25,4673.55
19570,2024-04-22 11:53:00,4673.35,4674.2,4673.0,4674.1
19571,2024-04-22 11:54:00,4674.2,4674.2,4673.1,4673.1
19572,2024-04-22 11:55:00,4673.2,4674.2,4673.0,4674.2
19573,2024-04-22 11:56:00,4673.7,4674.2,4673.05,4673.1
19574,2024-04-22 11:57:00,4673.0,4674.2,4673.0,4673.0
19575,2024-04-22 11:58:00,4673.15,4674.9,4673.15,4674.9
19576,2024-04-22 11:59:00,4674.5,4674.9,4670.5,4673.1
19577,2024-04-22 12:00:00,4671.35,4672.65,4670.0,4670.0
19578,2024-04-22 12:01:00,4670.1,4670.35,4670.0,4670.0
19579,2024-04-22 12:02:00,4670.7,4671.75,4670.0,4670.0
19580,2024-04-22 12:03:00,4670.05,4671.0,4670.0,4670.15
19581,2024-04-22 12:04:00,4670.55,4673.55,4670.1,4670.9
19582,2024-04-22 12:05:00,4671.05,4673.3,4670.0,4670.0
19583,2024-04-22 12:06:00,4670.4,4672.9,4670.2,4670.6
19584,2024-04-22 12:07:00,4670.7,4673.85,4670.7,4672.3
19585,2024-04-22 12:08:00,4672.05,4674.0,4671.1,4672.15
19586,2024-04-22 12:09:00,4671.6,4673.95,4670.7,4673.95
19587,2024-04-22 12:10:00,4672.5,4672.5,4670.0,4670.2
19588,2024-04-22 12:11:00,4670.1,4673.3,4670.1,4671.25
19589,2024-04-22 12:12:00,4670.95,4671.2,4670.0,4670.0
19590,2024-04-22 12:13:00,4670.1,4671.0,4670.0,4671.0
19591,2024-04-22 12:14:00,4670.0,4671.85,4670.0,4671.7
19592,2024-04-22 12:15:00,4671.35,4673.25,4671.0,4672.85
19593,2024-04-22 12:16:00,4671.0,4672.7,4670.0,4670.0
19594,2024-04-22 12:17:00,4671.0,4672.45,4670.0,4670.0
19595,2024-04-22 12:18:00,4673.25,4673.25,4670.0,4670.05
19596,2024-04-22 12:19:00,4670.0,4671.1,4670.0,4670.25
19597,2024-04-22 12:20:00,4670.55,4671.1,4670.0,4670.25
19598,2024-04-22 12:21:00,4670.15,4670.45,4670.0,4670.0
19599,2024-04-22 12:22:00,4670.45,4671.0,4670.0,4670.0
19600,2024-04-22 12:23:00,4670.95,4670.95,4670.0,4670.0
19601,2024-04-22 12:24:00,4670.05,4673.0,4670.0,4673.0
19602,2024-04-22 12:25:00,4671.5,4672.95,4670.1,4671.0
19603,2024-04-22 12:26:00,4670.5,4674.0,4670.0,4672.5
19604,2024-04-22 12:27:00,4672.45,4672.9,4672.0,4672.45
19605,2024-04-22 12:28:00,4672.0,4672.45,4672.0,4672.45
19606,2024-04-22 12:29:00,4672.0,4673.0,4672.0,4672.0
19607,2024-04-22 12:30:00,4672.1,4673.0,4672.0,4672.0
19608,2024-04-22 12:31:00,4672.05,4672.5,4672.0,4672.0
19609,2024-04-22 12:32:00,4671.75,4672.0,4669.75,4669.75
19610,2024-04-22 12:33:00,4669.85,4671.8,4668.9,4669.75
19611,2024-04-22 12:34:00,4668.3,4669.45,4667.0,4667.0
19612,2024-04-22 12:35:00,4666.35,4666.45,4661.0,4661.0
19613,2024-04-22 12:36:00,4661.2,4661.2,4656.0,4658.0
19614,2024-04-22 12:37:00,4658.4,4658.9,4655.65,4658.65
19615,2024-04-22 12:38:00,4657.4,4658.6,4655.2,4656.2
19616,2024-04-22 12:39:00,4656.15,4660.0,4656.1,4660.0
19617,2024-04-22 12:40:00,4657.65,4661.0,4657.2,4660.05
19618,2024-04-22 12:41:00,4660.15,4661.0,4660.0,4660.0
19619,2024-04-22 12:42:00,4661.0,4661.0,4660.0,4660.0
19620,2024-04-22 12:43:00,4660.1,4661.0,4660.0,4660.0
19621,2024-04-22 12:44:00,4661.0,4661.0,4660.0,4660.55
19622,2024-04-22 12:45:00,4660.25,4661.0,4660.0,4660.4
19623,2024-04-22 12:46:00,4660.45,4661.0,4660.0,4660.0
19624,2024-04-22 12:47:00,4660.05,4661.2,4660.0,4660.0
19625,2024-04-22 12:48:00,4660.15,4661.0,4660.0,4660.05
19626,2024-04-22 12:49:00,4660.0,4661.0,4660.0,4660.0
19627,2024-04-22 12:50:00,4661.0,4661.0,4660.0,4660.95
19628,2024-04-22 12:51:00,4661.0,4661.0,4660.0,4660.0
19629,2024-04-22 12:52:00,4660.5,4660.5,4659.0,4659.3
19630,2024-04-22 12:53:00,4659.0,4659.65,4654.8,4654.8
19631,2024-04-22 12:54:00,4654.5,4654.75,4650.9,4651.05
19632,2024-04-22 12:55:00,4651.65,4652.9,4651.05,4651.45
19633,2024-04-22 12:56:00,4652.2,4655.6,4651.7,4653.2
19634,2024-04-22 12:57:00,4653.0,4657.2,4653.0,4656.3
19635,2024-04-22 12:58:00,4656.45,4657.0,4655.0,4656.0
19636,2024-04-22 12:59:00,4656.15,4656.15,4655.0,4655.05
19637,2024-04-22 13:00:00,4655.0,4655.85,4655.0,4655.7
19638,2024-04-22 13:01:00,4656.0,4656.0,4655.05,4655.5
19639,2024-04-22 13:02:00,4655.95,4658.5,4655.05,4656.05
19640,2024-04-22 13:03:00,4656.0,4659.5,4655.5,4656.4
19641,2024-04-22 13:04:00,4656.45,4657.1,4655.05,4655.55
19642,2024-04-22 13:05:00,4655.6,4656.15,4655.0,4655.6
19643,2024-04-22 13:06:00,4656.15,4656.15,4655.25,4655.5
19644,2024-04-22 13:07:00,4655.55,4658.2,4655.5,4655.6
19645,2024-04-22 13:08:00,4655.55,4655.65,4655.0,4655.0
19646,2024-04-22 13:09:00,4655.2,4655.2,4655.0,4655.0
19647,2024-04-22 13:10:00,4655.05,4656.2,4654.1,4655.1
19648,2024-04-22 13:11:00,4656.2,4659.4,4654.6,4657.75
19649,2024-04-22 13:12:00,4656.1,4656.5,4654.7,4655.05
19650,2024-04-22 13:13:00,4655.35,4655.7,4653.0,4655.0
19651,2024-04-22 13:14:00,4655.4,4657.4,4655.0,4655.05
19652,2024-04-22 13:15:00,4655.0,4656.0,4655.0,4655.75
19653,2024-04-22 13:16:00,4655.0,4658.45,4655.0,4656.25
19654,2024-04-22 13:17:00,4656.9,4659.25,4656.05,4657.0
19655,2024-04-22 13:18:00,4658.3,4658.3,4656.3,4657.6
19656,2024-04-22 13:19:00,4656.3,4658.0,4656.05,4657.3
19657,2024-04-22 13:20:00,4658.25,4659.25,4656.95,4656.95
19658,2024-04-22 13:21:00,4656.9,4657.65,4656.0,4656.0
19659,2024-04-22 13:22:00,4656.8,4658.5,4656.0,4657.3
19660,2024-04-22 13:23:00,4656.0,4657.05,4656.0,4657.05
19661,2024-04-22 13:24:00,4656.0,4656.25,4655.0,4655.0
19662,2024-04-22 13:25:00,4655.1,4656.0,4655.0,4655.5
19663,2024-04-22 13:26:00,4655.0,4656.0,4655.0,4655.55
19664,2024-04-22 13:27:00,4655.0,4657.4,4655.0,4655.0
19665,2024-04-22 13:28:00,4655.15,4659.95,4655.0,4659.95
19666,2024-04-22 13:29:00,4657.8,4659.95,4656.2,4656.2
19667,2024-04-22 13:30:00,4656.25,4659.45,4656.15,4656.55
19668,2024-04-22 13:31:00,4656.7,4657.5,4656.05,4656.05
19669,2024-04-22 13:32:00,4656.95,4660.8,4656.05,4660.3
19670,2024-04-22 13:33:00,4660.0,4660.75,4660.0,4660.0
19671,2024-04-22 13:34:00,4660.2,4660.7,4660.0,4660.0
19672,2024-04-22 13:35:00,4660.35,4660.7,4660.0,4660.7
19673,2024-04-22 13:36:00,4661.0,4661.0,4660.0,4660.0
19674,2024-04-22 13:37:00,4660.15,4660.9,4660.0,4660.0
19675,2024-04-22 13:38:00,4660.8,4661.0,4660.0,4660.65
19676,2024-04-22 13:39:00,4660.55,4660.6,4656.05,4656.05
19677,2024-04-22 13:40:00,4656.25,4656.25,4653.1,4653.1
19678,2024-04-22 13:41:00,4653.05,4655.35,4653.0,4654.75
19679,2024-04-22 13:42:00,4654.45,4657.45,4653.25,4654.95
19680,2024-04-22 13:43:00,4654.8,4656.85,4654.8,4655.0
19681,2024-04-22 13:44:00,4654.7,4656.0,4652.75,4652.75
19682,2024-04-22 13:45:00,4652.45,4653.9,4650.0,4650.8
19683,2024-04-22 13:46:00,4650.75,4653.75,4650.05,4650.85
19684,2024-04-22 13:47:00,4650.8,4652.75,4650.05,4652.75
19685,2024-04-22 13:48:00,4651.05,4653.1,4650.2,4650.55
19686,2024-04-22 13:49:00,4650.4,4652.5,4650.2,4651.15
19687,2024-04-22 13:50:00,4650.7,4652.5,4650.2,4650.35
19688,2024-04-22 13:51:00,4650.85,4650.85,4641.0,4643.0
19689,2024-04-22 13:52:00,4642.45,4643.0,4640.0,4642.05
19690,2024-04-22 13:53:00,4641.75,4642.75,4636.3,4639.1
19691,2024-04-22 13:54:00,4639.05,4640.45,4635.2,4636.0
19692,2024-04-22 13:55:00,4636.8,4640.0,4633.0,4635.65
19693,2024-04-22 13:56:00,4637.45,4639.6,4635.0,4639.6
19694,2024-04-22 13:57:00,4640.0,4641.5,4639.55,4640.0
19695,2024-04-22 13:58:00,4639.55,4640.0,4639.1,4639.95
19696,2024-04-22 13:59:00,4638.8,4638.9,4636.1,4637.9
19697,2024-04-22 14:00:00,4638.8,4639.0,4635.7,4637.4
19698,2024-04-22 14:01:00,4635.9,4638.95,4635.9,4638.95
19699,2024-04-22 14:02:00,4637.75,4641.65,4637.75,4641.65
19700,2024-04-22 14:03:00,4640.05,4641.65,4640.05,4640.95
19701,2024-04-22 14:04:00,4641.65,4645.0,4640.95,4645.0
19702,2024-04-22 14:05:00,4644.75,4648.15,4643.8,4647.05
19703,2024-04-22 14:06:00,4647.15,4647.2,4645.0,4646.1
19704,2024-04-22 14:07:00,4645.55,4646.9,4644.75,4644.95
19705,2024-04-22 14:08:00,4645.0,4647.0,4645.0,4647.0
19706,2024-04-22 14:09:00,4648.8,4650.05,4647.0,4650.0
19707,2024-04-22 14:10:00,4650.05,4651.0,4648.6,4649.35
19708,2024-04-22 14:11:00,4649.3,4651.8,4649.3,4650.0
19709,2024-04-22 14:12:00,4649.35,4652.2,4649.35,4650.0
19710,2024-04-22 14:13:00,4650.1,4652.55,4649.8,4650.0
19711,2024-04-22 14:14:00,4650.75,4650.75,4649.55,4650.1
19712,2024-04-22 14:15:00,4652.35,4652.35,4650.0,4650.0
19713,2024-04-22 14:16:00,4650.9,4650.9,4648.65,4648.65
19714,2024-04-22 14:17:00,4650.0,4652.45,4649.0,4651.35
19715,2024-04-22 14:18:00,4650.6,4652.0,4650.0,4650.25
19716,2024-04-22 14:19:00,4650.5,4651.25,4650.0,4650.0
19717,2024-04-22 14:20:00,4650.65,4651.9,4650.0,4651.9
19718,2024-04-22 14:21:00,4648.55,4651.85,4648.55,4650.2
19719,2024-04-22 14:22:00,4650.0,4650.5,4649.9,4650.5
19720,2024-04-22 14:23:00,4650.0,4651.0,4649.15,4649.85
19721,2024-04-22 14:24:00,4650.0,4651.0,4649.2,4649.2
19722,2024-04-22 14:25:00,4649.75,4650.6,4649.25,4650.6
19723,2024-04-22 14:26:00,4650.05,4655.0,4650.05,4655.0
19724,2024-04-22 14:27:00,4653.65,4658.15,4653.65,4658.15
19725,2024-04-22 14:28:00,4657.7,4659.1,4654.35,4655.6
19726,2024-04-22 14:29:00,4655.3,4655.3,4652.0,4653.55
19727,2024-04-22 14:30:00,4653.0,4661.0,4653.0,4661.0
19728,2024-04-22 14:31:00,4660.5,4661.0,4657.85,4660.0
19729,2024-04-22 14:32:00,4660.05,4661.0,4660.0,4660.0
19730,2024-04-22 14:33:00,4660.05,4661.0,4657.7,4661.0
19731,2024-04-22 14:34:00,4660.0,4661.0,4660.0,4660.0
19732,2024-04-22 14:35:00,4660.1,4661.0,4657.75,4658.45
19733,2024-04-22 14:36:00,4660.0,4661.4,4659.55,4660.4
19734,2024-04-22 14:37:00,4661.0,4663.0,4660.45,4660.45
19735,2024-04-22 14:38:00,4660.0,4660.95,4660.0,4660.95
19736,2024-04-22 14:39:00,4660.5,4661.0,4660.0,4660.95
19737,2024-04-22 14:40:00,4660.05,4661.0,4660.0,4660.1
19738,2024-04-22 14:41:00,4661.0,4661.0,4658.1,4660.9
19739,2024-04-22 14:42:00,4660.0,4660.4,4660.0,4660.0
19740,2024-04-22 14:43:00,4660.05,4661.8,4660.0,4660.1
19741,2024-04-22 14:44:00,4660.5,4660.95,4660.0,4660.1
19742,2024-04-22 14:45:00,4660.0,4661.0,4660.0,4660.0
19743,2024-04-22 14:46:00,4660.2,4663.0,4660.05,4662.3
19744,2024-04-22 14:47:00,4663.0,4663.0,4660.45,4660.75
19745,2024-04-22 14:48:00,4661.0,4663.0,4660.45,4661.0
19746,2024-04-22 14:49:00,4662.05,4662.05,4660.0,4661.0
19747,2024-04-22 14:50:00,4661.25,4665.0,4660.35,4665.0
19748,2024-04-22 14:51:00,4665.05,4666.0,4663.8,4665.95
19749,2024-04-22 14:52:00,4665.5,4667.0,4664.8,4666.5
19750,2024-04-22 14:53:00,4665.0,4665.7,4664.0,4664.9
19751,2024-04-22 14:54:00,4664.5,4665.05,4660.2,4661.0
19752,2024-04-22 14:55:00,4660.3,4661.0,4660.2,4660.5
19753,2024-04-22 14:56:00,4660.35,4660.5,4657.0,4657.75
19754,2024-04-22 14:57:00,4656.45,4657.35,4655.5,4655.95
19755,2024-04-22 14:58:00,4656.0,4656.0,4649.5,4649.5
19756,2024-04-22 14:59:00,4649.0,4653.35,4647.75,4652.45
19757,2024-04-22 15:00:00,4651.4,4659.9,4651.4,4658.45
19758,2024-04-22 15:01:00,4657.55,4661.0,4657.55,4659.85
19759,2024-04-22 15:02:00,4662.65,4662.65,4656.75,4660.75
19760,2024-04-22 15:03:00,4660.7,4662.95,4660.55,4660.8
19761,2024-04-22 15:04:00,4661.4,4664.25,4660.8,4662.6
19762,2024-04-22 15:05:00,4663.05,4666.6,4662.9,4665.4
19763,2024-04-22 15:06:00,4665.0,4675.0,4665.0,4672.8
19764,2024-04-22 15:07:00,4672.3,4677.0,4671.6,4675.7
19765,2024-04-22 15:08:00,4673.65,4678.5,4673.65,4678.5
19766,2024-04-22 15:09:00,4677.7,4684.75,4677.1,4684.75
19767,2024-04-22 15:10:00,4682.3,4685.0,4680.0,4680.55
19768,2024-04-22 15:11:00,4680.0,4682.95,4680.0,4680.75
19769,2024-04-22 15:12:00,4680.8,4684.75,4680.8,4683.4
19770,2024-04-22 15:13:00,4682.8,4683.0,4680.0,4680.0
19771,2024-04-22 15:14:00,4680.4,4682.0,4680.4,4681.5
19772,2024-04-22 15:15:00,4680.6,4682.85,4679.8,4682.0
19773,2024-04-22 15:16:00,4680.65,4682.2,4680.05,4681.0
19774,2024-04-22 15:17:00,4680.55,4682.45,4680.1,4682.45
19775,2024-04-22 15:18:00,4681.55,4683.4,4680.8,4682.05
19776,2024-04-22 15:19:00,4682.85,4682.85,4680.5,4680.55
19777,2024-04-22 15:20:00,4680.3,4683.0,4680.15,4682.0
19778,2024-04-22 15:21:00,4681.65,4683.0,4681.0,4681.05
19779,2024-04-22 15:22:00,4681.1,4683.0,4681.1,4682.2
19780,2024-04-22 15:23:00,4682.65,4682.7,4680.1,4680.95
19781,2024-04-22 15:24:00,4681.0,4681.85,4680.95,4681.3
19782,2024-04-22 15:25:00,4681.55,4683.1,4681.55,4683.0
19783,2024-04-22 15:26:00,4683.1,4685.95,4683.05,4685.0
19784,2024-04-22 15:27:00,4685.45,4689.0,4682.0,4689.0
19785,2024-04-22 15:28:00,4689.65,4696.0,4686.65,4692.95
19786,2024-04-22 15:29:00,4696.0,4700.0,4690.0,4690.0
19787,2024-04-23 09:14:00,4680.1,4680.1,4680.1,4680.1
19788,2024-04-23 09:15:00,4698.8,4710.65,4698.0,4701.1
19789,2024-04-23 09:16:00,4702.0,4703.2,4693.55,4701.25
19790,2024-04-23 09:17:00,4700.0,4710.0,4699.05,4710.0
19791,2024-04-23 09:18:00,4707.1,4712.0,4700.0,4702.9
19792,2024-04-23 09:19:00,4697.0,4699.4,4688.55,4697.95
19793,2024-04-23 09:20:00,4696.6,4704.25,4692.7,4692.7
19794,2024-04-23 09:21:00,4695.0,4701.0,4693.0,4695.9
19795,2024-04-23 09:22:00,4696.0,4696.0,4691.2,4695.45
19796,2024-04-23 09:23:00,4695.55,4697.0,4693.2,4694.8
19797,2024-04-23 09:24:00,4695.3,4695.3,4685.0,4685.0
19798,2024-04-23 09:25:00,4682.05,4689.9,4681.65,4688.8
19799,2024-04-23 09:26:00,4694.0,4695.75,4688.2,4689.4
19800,2024-04-23 09:27:00,4692.1,4696.8,4690.15,4696.0
19801,2024-04-23 09:28:00,4695.25,4695.25,4690.0,4691.15
19802,2024-04-23 09:29:00,4691.2,4694.0,4689.0,4690.0
19803,2024-04-23 09:30:00,4689.8,4692.85,4689.2,4691.35
19804,2024-04-23 09:31:00,4691.2,4693.1,4689.3,4690.0
19805,2024-04-23 09:32:00,4691.85,4692.1,4689.45,4691.35
19806,2024-04-23 09:33:00,4692.0,4692.0,4689.6,4691.9
19807,2024-04-23 09:34:00,4689.75,4691.15,4686.85,4689.1
19808,2024-04-23 09:35:00,4687.55,4691.35,4686.95,4691.35
19809,2024-04-23 09:36:00,4691.95,4692.95,4690.0,4690.0
19810,2024-04-23 09:37:00,4689.8,4691.15,4687.0,4689.2
19811,2024-04-23 09:38:00,4689.25,4691.2,4689.05,4689.95
19812,2024-04-23 09:39:00,4691.5,4691.5,4689.65,4691.5
19813,2024-04-23 09:40:00,4692.0,4694.05,4686.15,4690.4
19814,2024-04-23 09:41:00,4688.1,4691.05,4688.1,4689.1
19815,2024-04-23 09:42:00,4688.8,4692.2,4688.8,4691.0
19816,2024-04-23 09:43:00,4692.1,4692.1,4689.5,4690.95
19817,2024-04-23 09:44:00,4689.5,4691.55,4685.6,4688.85
19818,2024-04-23 09:45:00,4688.0,4689.75,4685.5,4685.5
19819,2024-04-23 09:46:00,4686.1,4686.85,4685.0,4686.85
19820,2024-04-23 09:47:00,4685.55,4687.55,4685.0,4685.7
19821,2024-04-23 09:48:00,4686.5,4686.5,4684.0,4685.0
19822,2024-04-23 09:49:00,4684.3,4686.7,4684.3,4684.35
19823,2024-04-23 09:50:00,4685.25,4686.9,4684.35,4686.9
19824,2024-04-23 09:51:00,4684.2,4688.5,4684.2,4688.5
19825,2024-04-23 09:52:00,4686.95,4689.5,4685.55,4688.35
19826,2024-04-23 09:53:00,4687.8,4691.8,4687.0,4691.75
19827,2024-04-23 09:54:00,4691.0,4699.9,4691.0,4698.8
19828,2024-04-23 09:55:00,4698.95,4698.95,4695.0,4695.9
19829,2024-04-23 09:56:00,4695.0,4698.25,4694.4,4695.25
19830,2024-04-23 09:57:00,4696.95,4697.0,4694.0,4697.0
19831,2024-04-23 09:58:00,4696.95,4698.95,4694.85,4698.45
19832,2024-04-23 09:59:00,4698.9,4699.2,4696.15,4699.0
19833,2024-04-23 10:00:00,4698.45,4699.0,4696.3,4696.35
19834,2024-04-23 10:01:00,4696.0,4699.0,4695.0,4696.4
19835,2024-04-23 10:02:00,4699.0,4699.8,4696.8,4698.0
19836,2024-04-23 10:03:00,4699.85,4699.85,4698.0,4698.0
19837,2024-04-23 10:04:00,4699.45,4699.45,4695.9,4697.9
19838,2024-04-23 10:05:00,4695.7,4698.35,4695.05,4698.0
19839,2024-04-23 10:06:00,4695.35,4698.0,4695.1,4695.95
19840,2024-04-23 10:07:00,4697.45,4697.45,4695.1,4697.45
19841,2024-04-23 10:08:00,4697.85,4697.85,4697.0,4697.0
19842,2024-04-23 10:09:00,4696.05,4697.0,4696.05,4697.0
19843,2024-04-23 10:10:00,4698.0,4699.5,4697.0,4698.95
19844,2024-04-23 10:11:00,4698.0,4699.5,4698.0,4698.25
19845,2024-04-23 10:12:00,4698.95,4698.95,4697.0,4698.7
19846,2024-04-23 10:13:00,4697.0,4698.9,4697.0,4698.55
19847,2024-04-23 10:14:00,4698.6,4699.5,4696.8,4699.5
19848,2024-04-23 10:15:00,4697.25,4699.95,4697.25,4699.0
19849,2024-04-23 10:16:00,4699.95,4707.0,4699.95,4707.0
19850,2024-04-23 10:17:00,4706.0,4707.0,4705.0,4705.0
19851,2024-04-23 10:18:00,4705.9,4706.85,4700.0,4700.0
19852,2024-04-23 10:19:00,4698.8,4701.4,4698.55,4700.0
19853,2024-04-23 10:20:00,4699.0,4700.0,4698.3,4699.0
19854,2024-04-23 10:21:00,4700.8,4700.8,4698.3,4700.0
19855,2024-04-23 10:22:00,4698.3,4702.9,4698.3,4700.0
19856,2024-04-23 10:23:00,4699.0,4702.75,4699.0,4700.0
19857,2024-04-23 10:24:00,4699.25,4700.0,4698.65,4698.65
19858,2024-04-23 10:25:00,4698.3,4698.8,4698.3,4698.8
19859,2024-04-23 10:26:00,4700.0,4700.0,4695.3,4698.65
19860,2024-04-23 10:27:00,4699.15,4699.2,4696.1,4699.2
19861,2024-04-23 10:28:00,4699.15,4699.15,4696.65,4696.65
19862,2024-04-23 10:29:00,4697.95,4699.0,4697.95,4699.0
19863,2024-04-23 10:30:00,4700.0,4700.0,4698.75,4700.0
19864,2024-04-23 10:31:00,4698.8,4700.0,4698.75,4698.75
19865,2024-04-23 10:32:00,4700.0,4700.0,4700.0,4700.0
19866,2024-04-23 10:33:00,4699.0,4700.0,4697.35,4697.35
19867,2024-04-23 10:34:00,4699.9,4699.95,4699.9,4699.95
19868,2024-04-23 10:35:00,4702.1,4702.1,4697.85,4699.85
19869,2024-04-23 10:36:00,4697.55,4699.85,4697.05,4697.25
19870,2024-04-23 10:37:00,4699.0,4699.4,4699.0,4699.3
19871,2024-04-23 10:38:00,4699.0,4701.9,4697.75,4700.0
19872,2024-04-23 10:39:00,4699.1,4703.05,4699.1,4703.05
19873,2024-04-23 10:40:00,4700.0,4701.05,4699.45,4700.0
19874,2024-04-23 10:41:00,4699.55,4700.0,4696.9,4696.9
19875,2024-04-23 10:42:00,4699.4,4699.95,4696.5,4697.15
19876,2024-04-23 10:43:00,4697.4,4699.65,4696.8,4697.15
19877,2024-04-23 10:44:00,4697.05,4699.4,4690.35,4691.35
19878,2024-04-23 10:45:00,4693.4,4694.0,4690.0,4693.0
19879,2024-04-23 10:46:00,4690.55,4693.1,4690.2,4693.1
19880,2024-04-23 10:47:00,4693.05,4693.1,4690.05,4690.7
19881,2024-04-23 10:48:00,4691.35,4693.0,4691.35,4693.0
19882,2024-04-23 10:49:00,4691.2,4693.0,4690.75,4692.65
19883,2024-04-23 10:50:00,4692.95,4692.95,4690.8,4691.25
19884,2024-04-23 10:51:00,4692.0,4692.0,4690.75,4690.75
19885,2024-04-23 10:52:00,4690.55,4693.45,4690.45,4693.15
19886,2024-04-23 10:53:00,4690.75,4693.7,4690.75,4690.75
19887,2024-04-23 10:54:00,4692.85,4692.85,4690.15,4692.45
19888,2024-04-23 10:55:00,4691.05,4695.0,4691.05,4692.15
19889,2024-04-23 10:56:00,4694.6,4695.0,4691.95,4693.3
19890,2024-04-23 10:57:00,4695.0,4695.0,4693.65,4695.0
19891,2024-04-23 10:58:00,4694.0,4695.0,4694.0,4695.0
19892,2024-04-23 10:59:00,4696.4,4697.45,4695.0,4697.2
19893,2024-04-23 11:00:00,4698.05,4698.05,4697.0,4697.9
19894,2024-04-23 11:01:00,4698.0,4702.45,4697.3,4700.0
19895,2024-04-23 11:02:00,4699.6,4699.95,4698.0,4699.55
19896,2024-04-23 11:03:00,4700.0,4700.8,4698.1,4700.0
19897,2024-04-23 11:04:00,4698.5,4700.0,4695.2,4697.35
19898,2024-04-23 11:05:00,4696.1,4699.7,4695.4,4699.0
19899,2024-04-23 11:06:00,4698.55,4703.45,4698.55,4700.0
19900,2024-04-23 11:07:00,4698.55,4700.7,4698.55,4699.0
19901,2024-04-23 11:08:00,4700.0,4700.0,4698.7,4700.0
19902,2024-04-23 11:09:00,4698.55,4699.8,4694.3,4694.3
19903,2024-04-23 11:10:00,4698.05,4699.45,4698.05,4699.0
19904,2024-04-23 11:11:00,4698.1,4699.0,4696.1,4696.35
19905,2024-04-23 11:12:00,4693.7,4695.75,4693.7,4695.75
19906,2024-04-23 11:13:00,4694.8,4698.6,4692.8,4698.6
19907,2024-04-23 11:14:00,4698.45,4700.0,4698.4,4699.0
19908,2024-04-23 11:15:00,4699.05,4700.0,4699.0,4700.0
19909,2024-04-23 11:16:00,4700.95,4703.8,4700.0,4700.9
19910,2024-04-23 11:17:00,4704.05,4705.0,4700.5,4704.75
19911,2024-04-23 11:18:00,4705.0,4706.15,4701.3,4703.85
19912,2024-04-23 11:19:00,4706.15,4707.0,4701.65,4703.25
19913,2024-04-23 11:20:00,4704.2,4705.95,4701.55,4704.7
19914,2024-04-23 11:21:00,4704.9,4706.8,4700.6,4704.4
19915,2024-04-23 11:22:00,4706.45,4706.45,4703.1,4703.15
19916,2024-04-23 11:23:00,4705.9,4710.0,4703.15,4709.7
19917,2024-04-23 11:24:00,4707.1,4710.0,4707.1,4708.0
19918,2024-04-23 11:25:00,4709.95,4710.0,4706.3,4707.65
19919,2024-04-23 11:26:00,4706.3,4708.0,4703.2,4703.2
19920,2024-04-23 11:27:00,4705.65,4705.7,4702.55,4702.6
19921,2024-04-23 11:28:00,4704.55,4705.7,4702.55,4705.05
19922,2024-04-23 11:29:00,4702.75,4705.6,4700.6,4701.05
19923,2024-04-23 11:30:00,4703.55,4703.55,4700.5,4701.3
19924,2024-04-23 11:31:00,4700.6,4702.2,4699.3,4700.0
19925,2024-04-23 11:32:00,4700.05,4705.0,4699.55,4699.55
19926,2024-04-23 11:33:00,4700.0,4705.7,4698.05,4705.5
19927,2024-04-23 11:34:00,4704.0,4707.0,4704.0,4705.05
19928,2024-04-23 11:35:00,4707.0,4707.65,4705.0,4705.0
19929,2024-04-23 11:36:00,4707.0,4709.25,4705.85,4706.25
19930,2024-04-23 11:37:00,4705.95,4708.3,4705.05,4705.15
19931,2024-04-23 11:38:00,4707.0,4707.0,4705.0,4705.0
19932,2024-04-23 11:39:00,4705.05,4707.0,4705.0,4705.0
19933,2024-04-23 11:40:00,4707.0,4707.0,4705.0,4705.0
19934,2024-04-23 11:41:00,4706.2,4706.2,4703.2,4703.2
19935,2024-04-23 11:42:00,4704.9,4705.95,4704.9,4705.0
19936,2024-04-23 11:43:00,4706.0,4706.0,4705.0,4705.0
19937,2024-04-23 11:44:00,4705.95,4707.0,4705.0,4705.0
19938,2024-04-23 11:45:00,4705.05,4707.0,4705.0,4705.15
19939,2024-04-23 11:46:00,4705.05,4707.5,4705.05,4705.05
19940,2024-04-23 11:47:00,4705.1,4707.45,4705.0,4705.0
19941,2024-04-23 11:48:00,4707.45,4707.45,4705.0,4705.1
19942,2024-04-23 11:49:00,4705.05,4707.35,4705.0,4705.0
19943,2024-04-23 11:50:00,4706.8,4706.8,4705.0,4705.0
19944,2024-04-23 11:51:00,4706.15,4706.15,4705.0,4705.0
19945,2024-04-23 11:52:00,4706.0,4707.5,4705.0,4705.5
19946,2024-04-23 11:53:00,4707.5,4708.0,4705.05,4705.05
19947,2024-04-23 11:54:00,4705.1,4707.4,4705.0,4705.0
19948,2024-04-23 11:55:00,4707.4,4707.4,4705.0,4705.15
19949,2024-04-23 11:56:00,4705.1,4707.3,4705.0,4707.15
19950,2024-04-23 11:57:00,4705.0,4707.3,4705.0,4706.8
19951,2024-04-23 11:58:00,4705.0,4706.6,4705.0,4705.0
19952,2024-04-23 11:59:00,4706.55,4707.3,4705.0,4705.0
19953,2024-04-23 12:00:00,4707.15,4707.5,4705.0,4705.0
19954,2024-04-23 12:01:00,4707.0,4707.5,4705.0,4705.4
19955,2024-04-23 12:02:00,4707.5,4707.5,4705.0,4705.35
19956,2024-04-23 12:03:00,4705.25,4707.5,4705.0,4705.0
19957,2024-04-23 12:04:00,4706.95,4707.0,4705.0,4705.05
19958,2024-04-23 12:05:00,4707.0,4707.45,4705.0,4705.0
19959,2024-04-23 12:06:00,4707.2,4707.2,4705.0,4705.0
19960,2024-04-23 12:07:00,4704.2,4705.7,4703.0,4705.0
19961,2024-04-23 12:08:00,4705.05,4706.15,4705.0,4705.0
19962,2024-04-23 12:09:00,4706.0,4706.2,4705.0,4705.05
19963,2024-04-23 12:10:00,4705.0,4707.2,4705.0,4705.05
19964,2024-04-23 12:11:00,4707.05,4707.2,4705.0,4705.0
19965,2024-04-23 12:12:00,4707.2,4707.45,4705.0,4705.55
19966,2024-04-23 12:13:00,4705.0,4707.0,4705.0,4705.0
19967,2024-04-23 12:14:00,4705.05,4706.0,4705.0,4705.0
19968,2024-04-23 12:15:00,4705.85,4705.95,4701.45,4702.35
19969,2024-04-23 12:16:00,4702.7,4705.15,4700.5,4700.5
19970,2024-04-23 12:17:00,4700.55,4702.35,4700.2,4700.3
19971,2024-04-23 12:18:00,4700.2,4702.35,4700.05,4702.35
19972,2024-04-23 12:19:00,4701.0,4702.35,4701.0,4702.0
19973,2024-04-23 12:20:00,4701.0,4701.95,4701.0,4701.0
19974,2024-04-23 12:21:00,4701.85,4703.8,4701.0,4701.1
19975,2024-04-23 12:22:00,4702.0,4703.45,4701.0,4701.0
19976,2024-04-23 12:23:00,4702.4,4702.4,4701.0,4701.0
19977,2024-04-23 12:24:00,4702.25,4702.5,4701.0,4702.5
19978,2024-04-23 12:25:00,4701.0,4702.5,4701.0,4701.0
19979,2024-04-23 12:26:00,4701.1,4702.5,4701.0,4701.0
19980,2024-04-23 12:27:00,4702.5,4702.5,4701.0,4701.0
19981,2024-04-23 12:28:00,4701.05,4701.2,4701.0,4701.0
19982,2024-04-23 12:29:00,4702.1,4702.25,4698.1,4698.1
19983,2024-04-23 12:30:00,4697.0,4700.8,4696.1,4700.0
19984,2024-04-23 12:31:00,4700.8,4700.8,4700.0,4700.0
19985,2024-04-23 12:32:00,4700.8,4702.45,4698.3,4699.9
19986,2024-04-23 12:33:00,4701.05,4702.15,4699.9,4700.0
19987,2024-04-23 12:34:00,4702.0,4702.0,4700.45,4701.0
19988,2024-04-23 12:35:00,4702.0,4705.0,4701.0,4702.15
19989,2024-04-23 12:36:00,4702.0,4708.1,4701.7,4708.0
19990,2024-04-23 12:37:00,4706.35,4709.8,4705.9,4707.4
19991,2024-04-23 12:38:00,4709.8,4709.8,4707.0,4709.35
19992,2024-04-23 12:39:00,4707.2,4710.0,4706.5,4707.0
19993,2024-04-23 12:40:00,4707.05,4709.5,4706.0,4706.5
19994,2024-04-23 12:41:00,4708.75,4709.9,4706.6,4707.3
19995,2024-04-23 12:42:00,4709.25,4709.25,4705.05,4706.1
19996,2024-04-23 12:43:00,4706.2,4708.25,4705.05,4708.25
19997,2024-04-23 12:44:00,4705.5,4708.15,4705.15,4705.15
19998,2024-04-23 12:45:00,4707.6,4707.9,4705.0,4705.0
19999,2024-04-23 12:46:00,4707.1,4707.9,4705.0,4707.0
20000,2024-04-23 12:47:00,4707.9,4708.0,4707.0,4707.0
20001,2024-04-23 12:48:00,4708.0,4708.0,4707.0,4707.0
20002,2024-04-23 12:49:00,4707.95,4708.0,4705.15,4705.15
20003,2024-04-23 12:50:00,4707.0,4708.0,4705.0,4705.0
20004,2024-04-23 12:51:00,4706.85,4707.9,4705.0,4705.45
20005,2024-04-23 12:52:00,4707.8,4707.8,4705.0,4707.0
20006,2024-04-23 12:53:00,4705.1,4707.0,4705.0,4705.0
20007,2024-04-23 12:54:00,4706.9,4707.9,4705.0,4705.25
20008,2024-04-23 12:55:00,4707.35,4707.9,4705.0,4705.4
20009,2024-04-23 12:56:00,4707.85,4707.85,4705.25,4705.35
20010,2024-04-23 12:57:00,4705.25,4709.7,4705.25,4707.35
20011,2024-04-23 12:58:00,4708.95,4713.45,4708.95,4712.0
20012,2024-04-23 12:59:00,4710.3,4713.35,4710.0,4710.55
20013,2024-04-23 13:00:00,4711.9,4711.9,4708.0,4708.6
20014,2024-04-23 13:01:00,4711.4,4711.85,4708.65,4709.1
20015,2024-04-23 13:02:00,4711.45,4711.45,4708.75,4708.85
20016,2024-04-23 13:03:00,4711.0,4711.0,4707.95,4710.5
20017,2024-04-23 13:04:00,4708.4,4710.9,4708.05,4708.05
20018,2024-04-23 13:05:00,4710.4,4710.4,4706.0,4706.05
20019,2024-04-23 13:06:00,4708.15,4710.0,4706.35,4709.15
20020,2024-04-23 13:07:00,4706.95,4709.15,4706.0,4706.8
20021,2024-04-23 13:08:00,4706.0,4708.45,4706.0,4706.0
20022,2024-04-23 13:09:00,4708.1,4708.15,4706.0,4706.0
20023,2024-04-23 13:10:00,4708.0,4710.0,4706.0,4706.9
20024,2024-04-23 13:11:00,4708.5,4708.5,4706.0,4707.0
20025,2024-04-23 13:12:00,4706.0,4708.6,4706.0,4706.0
20026,2024-04-23 13:13:00,4707.0,4707.0,4706.0,4706.05
20027,2024-04-23 13:14:00,4707.0,4707.0,4706.0,4707.0
20028,2024-04-23 13:15:00,4706.0,4707.0,4706.0,4706.5
20029,2024-04-23 13:16:00,4706.0,4708.0,4706.0,4706.0
20030,2024-04-23 13:17:00,4707.7,4708.25,4706.0,4706.0
20031,2024-04-23 13:18:00,4707.9,4707.9,4706.0,4706.0
20032,2024-04-23 13:19:00,4706.05,4707.0,4706.0,4706.0
20033,2024-04-23 13:20:00,4706.85,4706.85,4705.25,4706.85
20034,2024-04-23 13:21:00,4705.25,4707.0,4705.25,4705.25
20035,2024-04-23 13:22:00,4705.45,4707.0,4705.25,4705.25
20036,2024-04-23 13:23:00,4706.0,4706.0,4705.25,4705.25
20037,2024-04-23 13:24:00,4706.0,4706.0,4705.25,4705.25
20038,2024-04-23 13:25:00,4706.0,4707.0,4705.3,4706.05
20039,2024-04-23 13:26:00,4707.0,4708.0,4706.05,4706.15
20040,2024-04-23 13:27:00,4708.0,4708.0,4706.15,4706.25
20041,2024-04-23 13:28:00,4707.2,4707.3,4706.25,4706.35
20042,2024-04-23 13:29:00,4707.2,4707.95,4707.05,4707.2
20043,2024-04-23 13:30:00,4707.95,4708.0,4707.2,4707.25
20044,2024-04-23 13:31:00,4707.95,4708.0,4707.2,4708.0
20045,2024-04-23 13:32:00,4707.2,4707.95,4706.0,4707.05
20046,2024-04-23 13:33:00,4707.1,4707.95,4706.2,4707.0
20047,2024-04-23 13:34:00,4706.2,4708.0,4706.2,4707.85
20048,2024-04-23 13:35:00,4706.35,4707.85,4706.35,4707.0
20049,2024-04-23 13:36:00,4707.6,4707.6,4707.0,4707.0
20050,2024-04-23 13:37:00,4707.5,4707.6,4706.15,4706.25
20051,2024-04-23 13:38:00,4707.0,4707.0,4706.0,4706.05
20052,2024-04-23 13:39:00,4706.5,4708.0,4706.0,4706.0
20053,2024-04-23 13:40:00,4706.7,4708.0,4706.0,4706.1
20054,2024-04-23 13:41:00,4708.0,4708.0,4706.1,4706.1
20055,2024-04-23 13:42:00,4707.25,4707.25,4706.1,4707.0
20056,2024-04-23 13:43:00,4706.15,4706.75,4706.15,4706.15
20057,2024-04-23 13:44:00,4706.4,4707.25,4706.15,4706.4
20058,2024-04-23 13:45:00,4707.25,4707.25,4706.0,4706.0
20059,2024-04-23 13:46:00,4707.2,4707.2,4706.0,4707.0
20060,2024-04-23 13:47:00,4707.2,4707.2,4706.05,4706.1
20061,2024-04-23 13:48:00,4707.0,4707.0,4706.15,4706.2
20062,2024-04-23 13:49:00,4707.0,4707.0,4706.15,4706.15
20063,2024-04-23 13:50:00,4707.0,4707.0,4706.15,4706.95
20064,2024-04-23 13:51:00,4706.15,4707.2,4706.0,4706.05
20065,2024-04-23 13:52:00,4706.15,4707.2,4706.15,4706.2
20066,2024-04-23 13:53:00,4707.0,4707.0,4706.05,4707.0
20067,2024-04-23 13:54:00,4706.1,4706.95,4706.1,4706.1
20068,2024-04-23 13:55:00,4706.3,4707.0,4706.1,4706.15
20069,2024-04-23 13:56:00,4707.0,4707.0,4706.1,4706.1
20070,2024-04-23 13:57:00,4706.6,4706.6,4706.0,4706.0
20071,2024-04-23 13:58:00,4706.6,4706.6,4706.0,4706.0
20072,2024-04-23 13:59:00,4706.6,4706.6,4706.0,4706.0
20073,2024-04-23 14:00:00,4706.6,4706.6,4706.0,4706.0
20074,2024-04-23 14:01:00,4706.6,4706.6,4706.0,4706.0
20075,2024-04-23 14:02:00,4706.4,4706.4,4706.0,4706.0
20076,2024-04-23 14:03:00,4706.4,4706.4,4706.0,4706.3
20077,2024-04-23 14:04:00,4706.05,4706.3,4706.0,4706.05
20078,2024-04-23 14:05:00,4706.0,4706.3,4706.0,4706.0
20079,2024-04-23 14:06:00,4706.3,4706.3,4706.0,4706.0
20080,2024-04-23 14:07:00,4706.3,4706.3,4706.0,4706.0
20081,2024-04-23 14:08:00,4706.3,4707.0,4706.0,4706.0
20082,2024-04-23 14:09:00,4706.95,4707.0,4706.0,4706.0
20083,2024-04-23 14:10:00,4706.95,4706.95,4706.0,4706.0
20084,2024-04-23 14:11:00,4706.15,4706.15,4706.0,4706.15
20085,2024-04-23 14:12:00,4706.0,4706.15,4706.0,4706.15
20086,2024-04-23 14:13:00,4706.0,4706.0,4706.0,4706.0
20087,2024-04-23 14:14:00,4706.15,4706.95,4706.0,4706.9
20088,2024-04-23 14:15:00,4706.2,4706.9,4706.2,4706.9
20089,2024-04-23 14:16:00,4708.1,4708.1,4707.05,4707.15
20090,2024-04-23 14:17:00,4708.0,4708.0,4706.55,4706.65
20091,2024-04-23 14:18:00,4707.0,4708.0,4707.0,4708.0
20092,2024-04-23 14:19:00,4707.0,4708.0,4707.0,4707.2
20093,2024-04-23 14:20:00,4708.0,4708.0,4706.6,4707.95
20094,2024-04-23 14:21:00,4706.95,4707.85,4706.2,4706.2
20095,2024-04-23 14:22:00,4707.4,4708.0,4706.2,4708.0
20096,2024-04-23 14:23:00,4706.4,4708.1,4706.3,4706.3
20097,2024-04-23 14:24:00,4708.0,4711.0,4707.5,4711.0
20098,2024-04-23 14:25:00,4711.75,4711.75,4706.0,4708.05
20099,2024-04-23 14:26:00,4709.35,4711.0,4709.35,4711.0
20100,2024-04-23 14:27:00,4713.7,4721.0,4710.8,4720.0
20101,2024-04-23 14:28:00,4718.95,4724.95,4716.5,4722.6
20102,2024-04-23 14:29:00,4723.35,4723.95,4720.8,4721.5
20103,2024-04-23 14:30:00,4721.9,4722.0,4720.0,4720.0
20104,2024-04-23 14:31:00,4718.0,4720.1,4718.0,4718.85
20105,2024-04-23 14:32:00,4720.0,4720.0,4716.05,4717.7
20106,2024-04-23 14:33:00,4718.0,4719.8,4716.5,4719.25
20107,2024-04-23 14:34:00,4718.15,4719.2,4715.05,4716.75
20108,2024-04-23 14:35:00,4718.75,4718.75,4716.15,4716.55
20109,2024-04-23 14:36:00,4716.2,4718.3,4715.7,4715.85
20110,2024-04-23 14:37:00,4715.8,4717.95,4715.1,4717.0
20111,2024-04-23 14:38:00,4715.25,4718.0,4715.05,4716.0
20112,2024-04-23 14:39:00,4717.0,4718.4,4716.0,4718.0
20113,2024-04-23 14:40:00,4718.4,4719.7,4718.0,4718.0
20114,2024-04-23 14:41:00,4719.35,4719.4,4718.0,4719.4
20115,2024-04-23 14:42:00,4719.45,4723.0,4719.0,4723.0
20116,2024-04-23 14:43:00,4720.9,4722.0,4720.0,4720.5
20117,2024-04-23 14:44:00,4721.2,4721.5,4720.0,4720.5
20118,2024-04-23 14:45:00,4721.0,4721.0,4719.5,4720.0
20119,2024-04-23 14:46:00,4721.0,4724.85,4720.0,4724.65
20120,2024-04-23 14:47:00,4724.9,4727.55,4723.25,4726.7
20121,2024-04-23 14:48:00,4725.1,4731.05,4724.55,4727.05
20122,2024-04-23 14:49:00,4729.45,4732.5,4727.0,4732.0
20123,2024-04-23 14:50:00,4732.3,4732.4,4730.0,4732.4
20124,2024-04-23 14:51:00,4732.65,4732.65,4728.05,4729.8
20125,2024-04-23 14:52:00,4730.0,4730.0,4727.05,4727.85
20126,2024-04-23 14:53:00,4728.0,4732.65,4727.05,4731.0
20127,2024-04-23 14:54:00,4731.9,4733.05,4730.3,4732.55
20128,2024-04-23 14:55:00,4732.95,4737.05,4731.65,4734.0
20129,2024-04-23 14:56:00,4734.05,4737.0,4732.25,4735.7
20130,2024-04-23 14:57:00,4736.0,4738.0,4734.4,4737.95
20131,2024-04-23 14:58:00,4738.5,4740.95,4735.1,4735.4
20132,2024-04-23 14:59:00,4735.75,4740.0,4735.45,4738.0
20133,2024-04-23 15:00:00,4737.4,4739.65,4732.0,4733.65
20134,2024-04-23 15:01:00,4733.85,4734.6,4726.05,4727.2
20135,2024-04-23 15:02:00,4726.65,4730.0,4723.85,4723.85
20136,2024-04-23 15:03:00,4724.0,4725.0,4722.05,4724.65
20137,2024-04-23 15:04:00,4724.6,4724.7,4722.0,4723.5
20138,2024-04-23 15:05:00,4723.55,4730.0,4723.55,4726.15
20139,2024-04-23 15:06:00,4725.7,4730.9,4723.65,4724.9
20140,2024-04-23 15:07:00,4724.85,4730.0,4722.4,4728.45
20141,2024-04-23 15:08:00,4729.55,4729.65,4725.0,4729.5
20142,2024-04-23 15:09:00,4727.9,4729.45,4725.35,4726.95
20143,2024-04-23 15:10:00,4727.05,4728.6,4725.0,4725.0
20144,2024-04-23 15:11:00,4725.85,4728.4,4725.0,4727.35
20145,2024-04-23 15:12:00,4727.95,4727.95,4723.0,4725.05
20146,2024-04-23 15:13:00,4727.0,4729.0,4726.55,4728.7
20147,2024-04-23 15:14:00,4729.85,4730.0,4726.55,4729.75
20148,2024-04-23 15:15:00,4729.7,4729.75,4728.05,4729.6
20149,2024-04-23 15:16:00,4728.05,4730.0,4727.05,4728.05
20150,2024-04-23 15:17:00,4729.4,4730.0,4725.05,4725.35
20151,2024-04-23 15:18:00,4727.65,4728.1,4722.05,4723.55
20152,2024-04-23 15:19:00,4723.7,4723.7,4721.0,4721.0
20153,2024-04-23 15:20:00,4720.55,4723.55,4720.55,4721.0
20154,2024-04-23 15:21:00,4723.1,4723.15,4716.25,4718.25
20155,2024-04-23 15:22:00,4717.25,4717.25,4711.15,4711.75
20156,2024-04-23 15:23:00,4710.05,4716.4,4710.05,4713.0
20157,2024-04-23 15:24:00,4713.9,4715.6,4712.0,4714.0
20158,2024-04-23 15:25:00,4714.55,4714.65,4712.0,4712.0
20159,2024-04-23 15:26:00,4712.05,4722.0,4710.0,4720.45
20160,2024-04-23 15:27:00,4720.3,4729.75,4720.0,4724.0
20161,2024-04-23 15:28:00,4724.8,4726.3,4720.0,4720.0
20162,2024-04-23 15:29:00,4721.0,4722.0,4720.0,4720.05
20163,2024-04-24 09:15:00,4741.05,4752.4,4740.05,4744.15
20164,2024-04-24 09:16:00,4740.65,4741.95,4730.35,4732.9
20165,2024-04-24 09:17:00,4733.4,4742.0,4725.3,4728.75
20166,2024-04-24 09:18:00,4729.7,4729.7,4710.25,4727.55
20167,2024-04-24 09:19:00,4725.6,4733.4,4724.15,4732.3
20168,2024-04-24 09:20:00,4729.35,4735.9,4727.05,4735.9
20169,2024-04-24 09:21:00,4735.0,4750.0,4735.0,4746.35
20170,2024-04-24 09:22:00,4743.15,4746.95,4736.25,4740.65
20171,2024-04-24 09:23:00,4740.85,4743.0,4737.35,4739.2
20172,2024-04-24 09:24:00,4739.6,4740.5,4731.75,4731.75
20173,2024-04-24 09:25:00,4734.0,4734.0,4729.35,4730.75
20174,2024-04-24 09:26:00,4731.15,4733.25,4728.55,4730.55
20175,2024-04-24 09:27:00,4734.0,4736.45,4731.55,4735.0
20176,2024-04-24 09:28:00,4736.5,4739.05,4730.1,4733.25
20177,2024-04-24 09:29:00,4734.1,4741.0,4734.1,4739.9
20178,2024-04-24 09:30:00,4739.7,4743.1,4737.55,4737.55
20179,2024-04-24 09:31:00,4739.0,4739.0,4730.0,4733.0
20180,2024-04-24 09:32:00,4731.25,4733.0,4728.0,4731.0
20181,2024-04-24 09:33:00,4728.5,4737.45,4728.5,4735.0
20182,2024-04-24 09:34:00,4735.35,4736.85,4731.2,4733.0
20183,2024-04-24 09:35:00,4731.75,4734.0,4731.75,4733.8
20184,2024-04-24 09:36:00,4731.0,4735.0,4730.0,4735.0
20185,2024-04-24 09:37:00,4737.45,4738.45,4733.2,4733.2
20186,2024-04-24 09:38:00,4733.15,4733.15,4730.05,4732.0
20187,2024-04-24 09:39:00,4730.25,4733.05,4730.05,4730.1
20188,2024-04-24 09:40:00,4730.2,4732.9,4730.05,4732.9
20189,2024-04-24 09:41:00,4731.05,4733.0,4725.45,4725.5
20190,2024-04-24 09:42:00,4728.4,4728.45,4723.75,4728.0
20191,2024-04-24 09:43:00,4726.1,4728.0,4725.0,4725.0
20192,2024-04-24 09:44:00,4727.25,4727.25,4724.0,4725.65
20193,2024-04-24 09:45:00,4725.6,4725.6,4722.2,4724.0
20194,2024-04-24 09:46:00,4723.0,4725.0,4718.65,4718.65
20195,2024-04-24 09:47:00,4718.7,4722.6,4718.7,4722.0
20196,2024-04-24 09:48:00,4722.55,4725.0,4721.5,4724.75
20197,2024-04-24 09:49:00,4724.35,4729.35,4723.1,4726.5
20198,2024-04-24 09:50:00,4729.3,4729.55,4726.5,4727.1
20199,2024-04-24 09:51:00,4729.85,4730.05,4729.25,4730.05
20200,2024-04-24 09:52:00,4730.15,4733.9,4725.65,4733.9
20201,2024-04-24 09:53:00,4732.1,4738.0,4732.1,4738.0
20202,2024-04-24 09:54:00,4735.8,4739.0,4735.8,4736.85
20203,2024-04-24 09:55:00,4739.0,4741.95,4738.75,4741.95
20204,2024-04-24 09:56:00,4741.1,4744.95,4739.25,4739.25
20205,2024-04-24 09:57:00,4742.1,4742.95,4738.85,4741.9
20206,2024-04-24 09:58:00,4739.55,4739.55,4734.9,4734.9
20207,2024-04-24 09:59:00,4736.0,4736.95,4732.5,4736.5
20208,2024-04-24 10:00:00,4735.8,4736.8,4728.8,4730.25
20209,2024-04-24 10:01:00,4730.1,4733.95,4728.95,4730.75
20210,2024-04-24 10:02:00,4730.2,4733.0,4729.65,4730.75
20211,2024-04-24 10:03:00,4728.2,4730.0,4727.0,4729.95
20212,2024-04-24 10:04:00,4730.0,4730.0,4722.5,4724.7
20213,2024-04-24 10:05:00,4725.0,4726.0,4722.05,4722.05
20214,2024-04-24 10:06:00,4724.75,4724.75,4721.2,4723.35
20215,2024-04-24 10:07:00,4721.2,4723.3,4719.1,4723.0
20216,2024-04-24 10:08:00,4722.95,4730.0,4720.0,4730.0
20217,2024-04-24 10:09:00,4730.95,4736.0,4728.85,4736.0
20218,2024-04-24 10:10:00,4734.0,4742.0,4734.0,4739.2
20219,2024-04-24 10:11:00,4739.45,4744.0,4739.45,4741.0
20220,2024-04-24 10:12:00,4742.4,4742.5,4737.25,4737.9
20221,2024-04-24 10:13:00,4733.4,4739.9,4733.4,4737.8
20222,2024-04-24 10:14:00,4735.55,4738.65,4735.0,4738.35
20223,2024-04-24 10:15:00,4736.75,4738.45,4735.0,4736.0
20224,2024-04-24 10:16:00,4735.0,4735.0,4730.0,4733.65
20225,2024-04-24 10:17:00,4733.25,4733.25,4725.0,4729.35
20226,2024-04-24 10:18:00,4731.05,4731.15,4729.0,4730.85
20227,2024-04-24 10:19:00,4732.35,4734.0,4731.0,4731.0
20228,2024-04-24 10:20:00,4733.75,4734.45,4731.65,4734.45
20229,2024-04-24 10:21:00,4733.0,4735.95,4733.0,4735.95
20230,2024-04-24 10:22:00,4735.0,4735.95,4730.6,4733.05
20231,2024-04-24 10:23:00,4732.0,4733.0,4731.15,4731.6
20232,2024-04-24 10:24:00,4733.0,4733.0,4730.45,4731.75
20233,2024-04-24 10:25:00,4731.85,4735.85,4730.45,4735.85
20234,2024-04-24 10:26:00,4735.65,4738.95,4730.45,4735.0
20235,2024-04-24 10:27:00,4732.6,4734.4,4731.4,4733.95
20236,2024-04-24 10:28:00,4732.25,4735.0,4732.1,4735.0
20237,2024-04-24 10:29:00,4732.55,4733.0,4730.55,4732.4
20238,2024-04-24 10:30:00,4730.25,4732.6,4729.05,4730.0
20239,2024-04-24 10:31:00,4729.0,4730.0,4728.0,4729.95
20240,2024-04-24 10:32:00,4729.0,4729.95,4728.0,4729.35
20241,2024-04-24 10:33:00,4727.0,4728.0,4726.0,4726.7
20242,2024-04-24 10:34:00,4726.75,4730.0,4726.75,4730.0
20243,2024-04-24 10:35:00,4728.2,4730.0,4728.2,4729.95
20244,2024-04-24 10:36:00,4728.0,4728.5,4725.1,4727.4
20245,2024-04-24 10:37:00,4727.1,4728.5,4725.1,4728.45
20246,2024-04-24 10:38:00,4728.3,4729.35,4727.0,4729.35
20247,2024-04-24 10:39:00,4728.75,4730.0,4727.25,4730.0
20248,2024-04-24 10:40:00,4728.1,4730.0,4725.9,4729.5
20249,2024-04-24 10:41:00,4730.0,4730.0,4727.5,4729.95
20250,2024-04-24 10:42:00,4729.0,4730.0,4725.0,4730.0
20251,2024-04-24 10:43:00,4730.95,4731.75,4728.65,4731.0
20252,2024-04-24 10:44:00,4728.85,4731.6,4728.05,4730.15
20253,2024-04-24 10:45:00,4730.1,4730.1,4723.9,4723.9
20254,2024-04-24 10:46:00,4722.2,4725.95,4722.2,4725.95
20255,2024-04-24 10:47:00,4725.0,4728.45,4725.0,4728.3
20256,2024-04-24 10:48:00,4725.55,4727.55,4725.0,4726.9
20257,2024-04-24 10:49:00,4725.0,4726.9,4723.0,4726.9
20258,2024-04-24 10:50:00,4723.95,4726.8,4721.0,4723.35
20259,2024-04-24 10:51:00,4721.3,4723.6,4720.75,4721.1
20260,2024-04-24 10:52:00,4723.7,4723.9,4720.0,4723.25
20261,2024-04-24 10:53:00,4723.3,4723.65,4721.2,4723.35
20262,2024-04-24 10:54:00,4723.2,4723.2,4720.0,4721.45
20263,2024-04-24 10:55:00,4721.5,4723.35,4720.9,4723.35
20264,2024-04-24 10:56:00,4722.2,4725.75,4721.35,4725.0
20265,2024-04-24 10:57:00,4723.05,4726.1,4722.05,4725.9
20266,2024-04-24 10:58:00,4727.0,4727.0,4725.9,4727.0
20267,2024-04-24 10:59:00,4725.9,4727.0,4721.45,4724.85
20268,2024-04-24 11:00:00,4722.4,4724.5,4721.35,4721.35
20269,2024-04-24 11:01:00,4721.4,4722.45,4719.5,4722.45
20270,2024-04-24 11:02:00,4723.3,4723.45,4720.85,4723.0
20271,2024-04-24 11:03:00,4721.1,4721.9,4720.0,4721.0
20272,2024-04-24 11:04:00,4720.0,4721.0,4718.5,4720.0
20273,2024-04-24 11:05:00,4719.0,4720.0,4719.0,4720.0
20274,2024-04-24 11:06:00,4719.95,4720.0,4719.0,4720.0
20275,2024-04-24 11:07:00,4721.1,4721.1,4719.0,4720.0
20276,2024-04-24 11:08:00,4719.0,4722.8,4719.0,4720.9
20277,2024-04-24 11:09:00,4722.85,4723.0,4721.05,4723.0
20278,2024-04-24 11:10:00,4720.25,4724.95,4720.25,4724.95
20279,2024-04-24 11:11:00,4722.75,4722.9,4716.7,4720.85
20280,2024-04-24 11:12:00,4719.0,4719.7,4716.0,4717.0
20281,2024-04-24 11:13:00,4716.0,4718.85,4716.0,4718.7
20282,2024-04-24 11:14:00,4718.0,4720.3,4717.5,4720.3
20283,2024-04-24 11:15:00,4720.0,4722.85,4719.0,4722.85
20284,2024-04-24 11:16:00,4722.8,4722.8,4720.0,4722.55
20285,2024-04-24 11:17:00,4722.8,4723.0,4721.0,4722.85
20286,2024-04-24 11:18:00,4721.5,4722.85,4720.0,4721.95
20287,2024-04-24 11:19:00,4720.0,4721.9,4720.0,4720.0
20288,2024-04-24 11:20:00,4720.85,4723.0,4720.85,4722.75
20289,2024-04-24 11:21:00,4722.0,4722.45,4720.4,4720.55
20290,2024-04-24 11:22:00,4722.45,4725.4,4720.55,4725.4
20291,2024-04-24 11:23:00,4725.3,4725.3,4720.0,4720.0
20292,2024-04-24 11:24:00,4722.95,4723.45,4720.1,4722.95
20293,2024-04-24 11:25:00,4723.0,4723.35,4719.75,4719.75
20294,2024-04-24 11:26:00,4719.5,4721.5,4719.25,4720.05
20295,2024-04-24 11:27:00,4721.6,4722.9,4720.25,4722.45
20296,2024-04-24 11:28:00,4720.15,4722.85,4720.05,4722.85
20297,2024-04-24 11:29:00,4720.1,4723.8,4720.1,4722.5
20298,2024-04-24 11:30:00,4721.85,4723.1,4720.6,4720.6
20299,2024-04-24 11:31:00,4723.3,4723.6,4720.0,4721.6
20300,2024-04-24 11:32:00,4721.0,4722.0,4719.9,4721.45
20301,2024-04-24 11:33:00,4723.5,4725.5,4721.7,4725.45
20302,2024-04-24 11:34:00,4725.5,4726.35,4723.2,4723.4
20303,2024-04-24 11:35:00,4722.6,4723.95,4722.05,4722.65
20304,2024-04-24 11:36:00,4722.15,4726.05,4722.15,4725.95
20305,2024-04-24 11:37:00,4724.75,4725.9,4724.0,4725.9
20306,2024-04-24 11:38:00,4725.55,4725.55,4723.05,4725.5
20307,2024-04-24 11:39:00,4725.6,4726.0,4724.5,4726.0
20308,2024-04-24 11:40:00,4726.1,4726.4,4723.75,4726.05
20309,2024-04-24 11:41:00,4724.05,4726.35,4724.0,4724.0
20310,2024-04-24 11:42:00,4720.65,4721.95,4719.5,4720.85
20311,2024-04-24 11:43:00,4720.5,4720.5,4717.7,4719.3
20312,2024-04-24 11:44:00,4720.0,4720.0,4715.25,4717.6
20313,2024-04-24 11:45:00,4716.0,4717.55,4712.35,4715.5
20314,2024-04-24 11:46:00,4714.95,4715.4,4712.05,4715.4
20315,2024-04-24 11:47:00,4715.55,4720.0,4712.0,4719.0
20316,2024-04-24 11:48:00,4720.0,4720.0,4715.85,4717.45
20317,2024-04-24 11:49:00,4715.55,4720.0,4713.2,4718.4
20318,2024-04-24 11:50:00,4718.1,4718.1,4713.95,4713.95
20319,2024-04-24 11:51:00,4713.1,4713.1,4711.0,4711.05
20320,2024-04-24 11:52:00,4711.0,4716.15,4710.0,4710.0
20321,2024-04-24 11:53:00,4711.95,4715.5,4710.0,4715.15
20322,2024-04-24 11:54:00,4713.0,4716.35,4713.0,4716.35
20323,2024-04-24 11:55:00,4715.0,4717.25,4715.0,4717.0
20324,2024-04-24 11:56:00,4717.55,4719.6,4717.0,4719.6
20325,2024-04-24 11:57:00,4718.1,4720.0,4718.0,4718.0
20326,2024-04-24 11:58:00,4719.55,4720.0,4718.0,4720.0
20327,2024-04-24 11:59:00,4719.55,4720.0,4718.0,4719.0
20328,2024-04-24 12:00:00,4720.0,4720.0,4718.55,4718.55
20329,2024-04-24 12:01:00,4720.0,4724.0,4719.5,4724.0
20330,2024-04-24 12:02:00,4723.0,4724.85,4720.8,4723.85
20331,2024-04-24 12:03:00,4724.0,4724.0,4720.15,4722.5
20332,2024-04-24 12:04:00,4723.5,4723.85,4720.2,4723.05
20333,2024-04-24 12:05:00,4723.9,4724.0,4721.15,4721.4
20334,2024-04-24 12:06:00,4722.0,4723.7,4720.0,4722.4
20335,2024-04-24 12:07:00,4723.2,4723.2,4720.3,4722.65
20336,2024-04-24 12:08:00,4722.7,4723.95,4720.35,4723.0
20337,2024-04-24 12:09:00,4724.4,4724.85,4721.8,4722.1
20338,2024-04-24 12:10:00,4724.35,4724.85,4721.75,4724.85
20339,2024-04-24 12:11:00,4724.3,4725.0,4722.35,4723.15
20340,2024-04-24 12:12:00,4723.9,4723.9,4721.3,4722.0
20341,2024-04-24 12:13:00,4721.05,4724.2,4721.05,4724.0
20342,2024-04-24 12:14:00,4724.35,4724.5,4722.0,4722.25
20343,2024-04-24 12:15:00,4723.0,4725.0,4722.0,4725.0
20344,2024-04-24 12:16:00,4723.0,4725.0,4722.45,4724.85
20345,2024-04-24 12:17:00,4723.6,4724.8,4721.45,4721.45
20346,2024-04-24 12:18:00,4721.5,4723.75,4721.3,4721.4
20347,2024-04-24 12:19:00,4722.95,4723.65,4720.6,4721.15
20348,2024-04-24 12:20:00,4723.5,4723.5,4720.6,4722.95
20349,2024-04-24 12:21:00,4723.1,4723.1,4720.0,4722.05
20350,2024-04-24 12:22:00,4720.0,4722.5,4720.0,4722.25
20351,2024-04-24 12:23:00,4722.4,4722.85,4720.0,4720.0
20352,2024-04-24 12:24:00,4720.75,4720.75,4720.0,4720.05
20353,2024-04-24 12:25:00,4720.5,4720.5,4719.5,4720.0
20354,2024-04-24 12:26:00,4721.4,4721.8,4720.05,4721.8
20355,2024-04-24 12:27:00,4720.0,4721.85,4720.0,4721.55
20356,2024-04-24 12:28:00,4722.0,4723.65,4722.0,4723.45
20357,2024-04-24 12:29:00,4723.7,4724.9,4722.0,4723.0
20358,2024-04-24 12:30:00,4724.5,4724.8,4723.0,4724.25
20359,2024-04-24 12:31:00,4723.65,4724.7,4723.0,4723.0
20360,2024-04-24 12:32:00,4723.1,4725.0,4723.0,4725.0
20361,2024-04-24 12:33:00,4723.85,4725.95,4723.0,4725.15
20362,2024-04-24 12:34:00,4723.05,4725.3,4723.0,4723.0
20363,2024-04-24 12:35:00,4724.8,4726.0,4724.8,4725.0
20364,2024-04-24 12:36:00,4725.05,4726.0,4724.25,4725.4
20365,2024-04-24 12:37:00,4724.25,4726.0,4723.3,4723.6
20366,2024-04-24 12:38:00,4723.4,4726.0,4723.4,4725.4
20367,2024-04-24 12:39:00,4723.5,4725.35,4721.9,4725.15
20368,2024-04-24 12:40:00,4724.95,4724.95,4721.5,4723.65
20369,2024-04-24 12:41:00,4724.35,4724.35,4721.65,4723.65
20370,2024-04-24 12:42:00,4721.65,4723.5,4721.5,4721.7
20371,2024-04-24 12:43:00,4722.85,4723.45,4721.05,4721.05
20372,2024-04-24 12:44:00,4720.65,4722.5,4720.0,4721.65
20373,2024-04-24 12:45:00,4720.0,4721.65,4720.0,4720.0
20374,2024-04-24 12:46:00,4723.5,4723.5,4720.0,4720.0
20375,2024-04-24 12:47:00,4722.15,4722.15,4719.0,4719.0
20376,2024-04-24 12:48:00,4718.0,4720.0,4718.0,4719.0
20377,2024-04-24 12:49:00,4720.0,4720.0,4718.1,4719.0
20378,2024-04-24 12:50:00,4718.1,4720.0,4718.1,4718.1
20379,2024-04-24 12:51:00,4718.5,4720.0,4718.1,4720.0
20380,2024-04-24 12:52:00,4719.0,4720.0,4718.25,4718.25
20381,2024-04-24 12:53:00,4718.1,4720.0,4718.1,4720.0
20382,2024-04-24 12:54:00,4718.1,4720.0,4718.1,4719.9
20383,2024-04-24 12:55:00,4718.1,4719.9,4718.1,4718.1
20384,2024-04-24 12:56:00,4719.95,4720.85,4718.1,4720.7
20385,2024-04-24 12:57:00,4720.8,4721.05,4718.4,4719.0
20386,2024-04-24 12:58:00,4718.5,4721.3,4718.5,4721.3
20387,2024-04-24 12:59:00,4719.1,4721.3,4719.0,4719.5
20388,2024-04-24 13:00:00,4721.3,4725.0,4721.3,4725.0
20389,2024-04-24 13:01:00,4724.05,4725.75,4724.0,4724.0
20390,2024-04-24 13:02:00,4725.3,4725.4,4723.15,4723.15
20391,2024-04-24 13:03:00,4723.05,4725.45,4722.45,4723.85
20392,2024-04-24 13:04:00,4722.9,4723.9,4721.05,4722.05
20393,2024-04-24 13:05:00,4722.15,4724.3,4721.7,4721.7
20394,2024-04-24 13:06:00,4722.7,4724.15,4721.0,4721.0
20395,2024-04-24 13:07:00,4723.15,4724.0,4720.6,4723.95
20396,2024-04-24 13:08:00,4724.0,4724.0,4722.45,4722.45
20397,2024-04-24 13:09:00,4724.0,4725.45,4721.6,4725.45
20398,2024-04-24 13:10:00,4725.0,4725.45,4725.0,4725.45
20399,2024-04-24 13:11:00,4725.4,4726.0,4725.0,4725.3
20400,2024-04-24 13:12:00,4725.4,4725.95,4725.0,4725.95
20401,2024-04-24 13:13:00,4725.0,4725.9,4725.0,4725.0
20402,2024-04-24 13:14:00,4725.75,4725.9,4725.0,4725.9
20403,2024-04-24 13:15:00,4725.45,4725.7,4725.0,4725.2
20404,2024-04-24 13:16:00,4725.25,4725.85,4723.55,4725.85
20405,2024-04-24 13:17:00,4725.05,4727.25,4725.05,4727.25
20406,2024-04-24 13:18:00,4727.3,4728.85,4727.25,4728.85
20407,2024-04-24 13:19:00,4728.8,4729.5,4727.25,4728.0
20408,2024-04-24 13:20:00,4728.55,4728.55,4727.3,4728.4
20409,2024-04-24 13:21:00,4727.3,4728.4,4726.2,4727.0
20410,2024-04-24 13:22:00,4726.0,4728.35,4726.0,4726.1
20411,2024-04-24 13:23:00,4726.2,4728.15,4723.0,4725.8
20412,2024-04-24 13:24:00,4725.15,4726.6,4723.5,4726.5
20413,2024-04-24 13:25:00,4725.6,4726.55,4723.5,4724.9
20414,2024-04-24 13:26:00,4723.5,4725.95,4723.0,4723.65
20415,2024-04-24 13:27:00,4723.1,4725.75,4723.1,4725.75
20416,2024-04-24 13:28:00,4724.65,4725.75,4723.25,4724.65
20417,2024-04-24 13:29:00,4723.15,4724.95,4723.1,4724.95
20418,2024-04-24 13:30:00,4725.0,4725.75,4723.0,4723.15
20419,2024-04-24 13:31:00,4723.1,4725.4,4723.0,4723.2
20420,2024-04-24 13:32:00,4724.15,4724.15,4723.0,4723.3
20421,2024-04-24 13:33:00,4723.1,4724.0,4723.0,4723.15
20422,2024-04-24 13:34:00,4723.1,4724.0,4723.0,4723.0
20423,2024-04-24 13:35:00,4723.35,4725.0,4723.0,4724.7
20424,2024-04-24 13:36:00,4723.9,4724.7,4723.0,4723.1
20425,2024-04-24 13:37:00,4723.3,4725.0,4723.0,4723.0
20426,2024-04-24 13:38:00,4723.2,4723.3,4723.0,4723.0
20427,2024-04-24 13:39:00,4723.05,4726.3,4723.0,4726.0
20428,2024-04-24 13:40:00,4723.4,4724.9,4723.05,4723.1
20429,2024-04-24 13:41:00,4723.15,4724.2,4723.05,4723.1
20430,2024-04-24 13:42:00,4723.0,4724.35,4723.0,4723.1
20431,2024-04-24 13:43:00,4723.7,4725.65,4723.1,4723.4
20432,2024-04-24 13:44:00,4723.3,4726.0,4723.05,4724.2
20433,2024-04-24 13:45:00,4723.15,4725.35,4723.0,4723.1
20434,2024-04-24 13:46:00,4723.6,4726.1,4723.1,4723.5
20435,2024-04-24 13:47:00,4723.1,4723.3,4723.05,4723.1
20436,2024-04-24 13:48:00,4723.15,4723.3,4723.05,4723.1
20437,2024-04-24 13:49:00,4723.15,4724.9,4723.05,4723.1
20438,2024-04-24 13:50:00,4723.3,4725.0,4723.0,4723.1
20439,2024-04-24 13:51:00,4724.0,4725.6,4723.0,4723.8
20440,2024-04-24 13:52:00,4723.1,4725.95,4723.0,4723.1
20441,2024-04-24 13:53:00,4723.15,4726.4,4723.1,4723.25
20442,2024-04-24 13:54:00,4723.5,4725.55,4723.05,4723.1
20443,2024-04-24 13:55:00,4725.15,4725.4,4723.0,4723.0
20444,2024-04-24 13:56:00,4724.35,4724.5,4723.1,4724.0
20445,2024-04-24 13:57:00,4724.15,4724.35,4723.0,4723.1
20446,2024-04-24 13:58:00,4724.15,4724.25,4723.0,4723.1
20447,2024-04-24 13:59:00,4723.0,4723.95,4720.0,4722.05
20448,2024-04-24 14:00:00,4720.75,4723.0,4720.0,4720.15
20449,2024-04-24 14:01:00,4720.1,4721.8,4715.8,4716.1
20450,2024-04-24 14:02:00,4715.6,4717.5,4715.0,4715.0
20451,2024-04-24 14:03:00,4715.85,4717.0,4715.0,4716.0
20452,2024-04-24 14:04:00,4715.0,4718.35,4714.65,4714.75
20453,2024-04-24 14:05:00,4714.2,4718.85,4714.2,4714.65
20454,2024-04-24 14:06:00,4714.55,4717.35,4713.4,4713.4
20455,2024-04-24 14:07:00,4714.45,4715.0,4713.3,4713.3
20456,2024-04-24 14:08:00,4713.25,4716.1,4713.05,4713.5
20457,2024-04-24 14:09:00,4714.9,4714.9,4711.1,4711.3
20458,2024-04-24 14:10:00,4712.6,4719.45,4711.1,4719.05
20459,2024-04-24 14:11:00,4719.95,4721.5,4716.25,4720.0
20460,2024-04-24 14:12:00,4720.45,4721.05,4718.0,4720.1
20461,2024-04-24 14:13:00,4720.0,4720.9,4720.0,4720.0
20462,2024-04-24 14:14:00,4720.45,4720.8,4717.15,4719.05
20463,2024-04-24 14:15:00,4719.1,4724.0,4719.1,4720.15
20464,2024-04-24 14:16:00,4720.0,4720.3,4719.15,4720.0
20465,2024-04-24 14:17:00,4721.25,4721.75,4719.6,4719.8
20466,2024-04-24 14:18:00,4720.6,4720.6,4718.95,4720.0
20467,2024-04-24 14:19:00,4720.3,4721.15,4720.0,4720.0
20468,2024-04-24 14:20:00,4720.55,4721.9,4720.0,4721.9
20469,2024-04-24 14:21:00,4721.7,4722.5,4720.0,4720.05
20470,2024-04-24 14:22:00,4720.85,4722.0,4720.0,4720.05
20471,2024-04-24 14:23:00,4720.0,4721.05,4720.0,4720.0
20472,2024-04-24 14:24:00,4720.1,4723.45,4719.9,4723.45
20473,2024-04-24 14:25:00,4721.05,4722.65,4720.0,4721.15
20474,2024-04-24 14:26:00,4720.0,4721.0,4719.85,4720.0
20475,2024-04-24 14:27:00,4720.95,4720.95,4719.85,4720.05
20476,2024-04-24 14:28:00,4720.0,4720.05,4715.0,4715.0
20477,2024-04-24 14:29:00,4714.05,4714.05,4711.0,4711.05
20478,2024-04-24 14:30:00,4711.5,4720.85,4710.8,4720.0
20479,2024-04-24 14:31:00,4720.05,4721.05,4720.0,4720.0
20480,2024-04-24 14:32:00,4720.05,4720.85,4720.0,4720.0
20481,2024-04-24 14:33:00,4720.05,4721.8,4716.8,4716.8
20482,2024-04-24 14:34:00,4717.2,4719.5,4712.2,4715.4
20483,2024-04-24 14:35:00,4713.65,4719.0,4713.05,4715.6
20484,2024-04-24 14:36:00,4715.45,4717.8,4713.7,4714.6
20485,2024-04-24 14:37:00,4716.2,4716.45,4713.1,4713.1
20486,2024-04-24 14:38:00,4713.5,4720.0,4712.45,4720.0
20487,2024-04-24 14:39:00,4719.1,4722.0,4717.9,4718.25
20488,2024-04-24 14:40:00,4721.05,4724.0,4718.1,4721.55
20489,2024-04-24 14:41:00,4719.25,4723.55,4718.05,4718.05
20490,2024-04-24 14:42:00,4718.0,4721.95,4717.6,4718.05
20491,2024-04-24 14:43:00,4718.0,4720.4,4717.55,4718.0
20492,2024-04-24 14:44:00,4717.9,4720.95,4716.05,4718.2
20493,2024-04-24 14:45:00,4719.6,4720.95,4717.0,4718.85
20494,2024-04-24 14:46:00,4719.0,4720.7,4717.0,4717.95
20495,2024-04-24 14:47:00,4718.5,4719.9,4716.7,4718.15
20496,2024-04-24 14:48:00,4718.0,4719.9,4717.55,4718.25
20497,2024-04-24 14:49:00,4719.05,4720.0,4717.0,4717.65
20498,2024-04-24 14:50:00,4720.1,4721.35,4718.0,4719.0
20499,2024-04-24 14:51:00,4719.5,4720.55,4717.95,4718.45
20500,2024-04-24 14:52:00,4718.05,4722.9,4718.0,4718.85
20501,2024-04-24 14:53:00,4720.9,4724.85,4718.7,4722.85
20502,2024-04-24 14:54:00,4722.35,4723.45,4720.0,4723.0
20503,2024-04-24 14:55:00,4723.3,4723.5,4720.05,4720.05
20504,2024-04-24 14:56:00,4720.0,4722.3,4720.0,4720.0
20505,2024-04-24 14:57:00,4720.2,4721.0,4720.0,4720.0
20506,2024-04-24 14:58:00,4720.05,4723.5,4720.0,4722.15
20507,2024-04-24 14:59:00,4720.25,4724.0,4720.0,4721.85
20508,2024-04-24 15:00:00,4723.5,4725.0,4720.7,4725.0
20509,2024-04-24 15:01:00,4723.05,4724.75,4721.25,4721.95
20510,2024-04-24 15:02:00,4722.0,4722.5,4721.25,4721.25
20511,2024-04-24 15:03:00,4721.3,4721.55,4719.05,4719.05
20512,2024-04-24 15:04:00,4719.2,4720.0,4719.0,4719.65
20513,2024-04-24 15:05:00,4719.4,4720.0,4718.05,4718.05
20514,2024-04-24 15:06:00,4718.1,4723.7,4718.0,4721.65
20515,2024-04-24 15:07:00,4722.4,4724.65,4720.8,4722.85
20516,2024-04-24 15:08:00,4721.85,4724.0,4720.55,4721.0
20517,2024-04-24 15:09:00,4721.8,4724.85,4719.1,4722.05
20518,2024-04-24 15:10:00,4722.5,4725.85,4722.05,4723.0
20519,2024-04-24 15:11:00,4724.9,4725.0,4720.85,4721.9
20520,2024-04-24 15:12:00,4721.95,4723.95,4721.35,4722.55
20521,2024-04-24 15:13:00,4722.95,4725.0,4720.8,4723.05
20522,2024-04-24 15:14:00,4723.15,4725.0,4720.05,4720.15
20523,2024-04-24 15:15:00,4720.25,4724.4,4720.25,4723.1
20524,2024-04-24 15:16:00,4723.15,4726.95,4722.95,4726.05
20525,2024-04-24 15:17:00,4726.1,4729.7,4725.85,4727.55
20526,2024-04-24 15:18:00,4727.75,4730.0,4726.55,4728.05
20527,2024-04-24 15:19:00,4729.6,4731.6,4727.75,4727.75
20528,2024-04-24 15:20:00,4727.85,4736.2,4727.75,4734.0
20529,2024-04-24 15:21:00,4734.45,4734.45,4731.05,4731.4
20530,2024-04-24 15:22:00,4732.15,4739.0,4731.4,4738.3
20531,2024-04-24 15:23:00,4737.85,4741.0,4737.75,4739.3
20532,2024-04-24 15:24:00,4739.05,4739.5,4738.65,4739.15
20533,2024-04-24 15:25:00,4739.4,4739.5,4736.65,4739.15
20534,2024-04-24 15:26:00,4739.25,4739.25,4732.55,4734.9
20535,2024-04-24 15:27:00,4731.0,4736.0,4728.75,4733.0
20536,2024-04-24 15:28:00,4730.2,4732.95,4725.1,4732.0
20537,2024-04-24 15:29:00,4728.8,4733.0,4725.05,4733.0
20538,2024-04-25 09:15:00,4660.2,4686.95,4630.0,4631.8
20539,2024-04-25 09:16:00,4636.0,4637.9,4621.2,4636.25
20540,2024-04-25 09:17:00,4631.9,4635.05,4611.85,4616.45
20541,2024-04-25 09:18:00,4615.05,4654.55,4612.95,4647.7
20542,2024-04-25 09:19:00,4648.85,4658.35,4646.0,4656.15
20543,2024-04-25 09:20:00,4655.4,4660.3,4650.0,4650.5
20544,2024-04-25 09:21:00,4653.7,4658.0,4650.3,4652.95
20545,2024-04-25 09:22:00,4652.9,4658.9,4648.0,4657.65
20546,2024-04-25 09:23:00,4657.55,4662.75,4655.05,4657.0
20547,2024-04-25 09:24:00,4654.45,4659.75,4653.8,4657.45
20548,2024-04-25 09:25:00,4657.7,4659.7,4650.85,4655.25
20549,2024-04-25 09:26:00,4656.9,4658.75,4653.05,4655.0
20550,2024-04-25 09:27:00,4655.25,4658.0,4653.4,4656.1
20551,2024-04-25 09:28:00,4654.65,4657.7,4643.7,4644.6
20552,2024-04-25 09:29:00,4643.4,4647.6,4633.35,4635.25
20553,2024-04-25 09:30:00,4635.0,4640.1,4635.0,4640.0
20554,2024-04-25 09:31:00,4639.0,4643.6,4638.15,4639.85
20555,2024-04-25 09:32:00,4639.9,4639.9,4636.4,4639.0
20556,2024-04-25 09:33:00,4639.65,4639.65,4633.45,4633.45
20557,2024-04-25 09:34:00,4633.25,4638.95,4631.55,4634.65
20558,2024-04-25 09:35:00,4633.15,4646.4,4633.15,4641.5
20559,2024-04-25 09:36:00,4638.1,4654.9,4635.85,4653.3
20560,2024-04-25 09:37:00,4653.45,4656.95,4642.0,4642.4
20561,2024-04-25 09:38:00,4642.0,4646.55,4636.6,4646.55
20562,2024-04-25 09:39:00,4647.55,4649.9,4642.05,4648.1
20563,2024-04-25 09:40:00,4649.85,4652.85,4649.85,4650.0
20564,2024-04-25 09:41:00,4651.5,4654.0,4649.0,4650.0
20565,2024-04-25 09:42:00,4650.5,4652.0,4650.0,4650.1
20566,2024-04-25 09:43:00,4650.05,4654.0,4649.8,4650.4
20567,2024-04-25 09:44:00,4650.05,4652.65,4645.6,4648.25
20568,2024-04-25 09:45:00,4650.05,4650.05,4650.0,4650.0
20569,2024-04-25 09:46:00,4650.05,4650.05,4648.15,4650.0
20570,2024-04-25 09:47:00,4651.2,4667.8,4650.0,4661.0
20571,2024-04-25 09:48:00,4661.75,4662.9,4648.35,4650.0
20572,2024-04-25 09:49:00,4650.8,4653.0,4650.0,4652.3
20573,2024-04-25 09:50:00,4650.1,4650.95,4650.0,4650.95
20574,2024-04-25 09:51:00,4650.0,4650.95,4649.0,4650.0
20575,2024-04-25 09:52:00,4650.85,4652.35,4648.15,4650.0
20576,2024-04-25 09:53:00,4650.05,4655.2,4647.5,4650.75
20577,2024-04-25 09:54:00,4649.9,4660.65,4649.9,4658.1
20578,2024-04-25 09:55:00,4658.0,4668.7,4656.5,4662.7
20579,2024-04-25 09:56:00,4660.45,4660.45,4650.0,4650.6
20580,2024-04-25 09:57:00,4650.5,4655.0,4649.95,4650.0
20581,2024-04-25 09:58:00,4650.7,4654.25,4650.0,4652.05
20582,2024-04-25 09:59:00,4652.35,4652.9,4650.65,4652.55
20583,2024-04-25 10:00:00,4651.85,4658.5,4650.1,4650.95
20584,2024-04-25 10:01:00,4650.1,4653.5,4649.5,4650.2
20585,2024-04-25 10:02:00,4651.8,4655.4,4650.65,4652.65
20586,2024-04-25 10:03:00,4650.8,4652.65,4650.0,4650.25
20587,2024-04-25 10:04:00,4650.0,4650.45,4650.0,4650.0
20588,2024-04-25 10:05:00,4650.05,4651.9,4650.0,4650.65
20589,2024-04-25 10:06:00,4650.15,4651.7,4650.0,4650.15
20590,2024-04-25 10:07:00,4650.1,4650.15,4648.5,4650.05
20591,2024-04-25 10:08:00,4650.0,4650.5,4649.9,4650.4
20592,2024-04-25 10:09:00,4650.2,4654.1,4649.95,4650.0
20593,2024-04-25 10:10:00,4650.15,4652.55,4650.0,4652.25
20594,2024-04-25 10:11:00,4652.55,4655.9,4650.0,4650.05
20595,2024-04-25 10:12:00,4650.0,4651.85,4650.0,4650.9
20596,2024-04-25 10:13:00,4651.85,4658.0,4650.0,4658.0
20597,2024-04-25 10:14:00,4657.4,4665.0,4657.4,4662.8
20598,2024-04-25 10:15:00,4661.45,4663.3,4650.0,4650.3
20599,2024-04-25 10:16:00,4651.35,4655.75,4649.1,4650.0
20600,2024-04-25 10:17:00,4650.4,4653.5,4649.9,4650.0
20601,2024-04-25 10:18:00,4650.35,4654.65,4650.0,4650.8
20602,2024-04-25 10:19:00,4650.65,4653.4,4650.0,4650.2
20603,2024-04-25 10:20:00,4651.6,4653.4,4650.0,4652.25
20604,2024-04-25 10:21:00,4651.85,4652.5,4650.0,4650.1
20605,2024-04-25 10:22:00,4651.15,4651.75,4650.0,4651.7
20606,2024-04-25 10:23:00,4650.5,4652.0,4650.0,4651.0
20607,2024-04-25 10:24:00,4650.05,4650.95,4650.0,4650.2
20608,2024-04-25 10:25:00,4650.4,4652.0,4650.0,4652.0
20609,2024-04-25 10:26:00,4650.1,4652.05,4650.05,4651.8
20610,2024-04-25 10:27:00,4650.6,4652.7,4650.25,4650.9
20611,2024-04-25 10:28:00,4652.0,4653.0,4650.4,4652.6
20612,2024-04-25 10:29:00,4652.55,4655.4,4651.0,4652.05
20613,2024-04-25 10:30:00,4652.1,4653.3,4649.5,4651.25
20614,2024-04-25 10:31:00,4650.9,4654.95,4650.0,4650.6
20615,2024-04-25 10:32:00,4652.95,4653.15,4650.0,4651.7
20616,2024-04-25 10:33:00,4650.45,4651.95,4642.0,4642.85
20617,2024-04-25 10:34:00,4643.65,4643.65,4637.6,4639.75
20618,2024-04-25 10:35:00,4639.25,4642.15,4638.2,4640.7
20619,2024-04-25 10:36:00,4639.2,4639.2,4634.0,4636.65
20620,2024-04-25 10:37:00,4636.7,4637.95,4634.0,4637.0
20621,2024-04-25 10:38:00,4636.9,4642.55,4634.0,4639.0
20622,2024-04-25 10:39:00,4639.25,4641.15,4638.1,4639.35
20623,2024-04-25 10:40:00,4639.55,4640.8,4638.9,4639.9
20624,2024-04-25 10:41:00,4640.0,4640.0,4633.6,4633.6
20625,2024-04-25 10:42:00,4633.15,4635.6,4630.45,4630.45
20626,2024-04-25 10:43:00,4632.85,4633.0,4630.05,4631.1
20627,2024-04-25 10:44:00,4633.7,4636.0,4633.05,4634.15
20628,2024-04-25 10:45:00,4634.0,4637.95,4631.5,4631.5
20629,2024-04-25 10:46:00,4633.45,4633.75,4630.2,4633.75
20630,2024-04-25 10:47:00,4631.3,4633.55,4628.0,4630.0
20631,2024-04-25 10:48:00,4630.25,4631.75,4629.9,4630.5
20632,2024-04-25 10:49:00,4630.4,4630.7,4628.25,4628.55
20633,2024-04-25 10:50:00,4630.25,4630.45,4626.2,4627.1
20634,2024-04-25 10:51:00,4625.25,4626.95,4617.0,4624.0
20635,2024-04-25 10:52:00,4621.55,4623.85,4614.0,4616.05
20636,2024-04-25 10:53:00,4615.05,4619.0,4615.05,4616.2
20637,2024-04-25 10:54:00,4616.75,4617.9,4615.15,4617.5
20638,2024-04-25 10:55:00,4617.7,4623.45,4616.0,4623.45
20639,2024-04-25 10:56:00,4620.75,4623.7,4620.75,4621.5
20640,2024-04-25 10:57:00,4621.0,4624.3,4621.0,4622.9
20641,2024-04-25 10:58:00,4621.8,4623.45,4620.0,4621.0
20642,2024-04-25 10:59:00,4621.7,4621.75,4616.7,4619.1
20643,2024-04-25 11:00:00,4618.0,4619.1,4618.0,4619.1
20644,2024-04-25 11:01:00,4618.2,4619.0,4610.0,4611.0
20645,2024-04-25 11:02:00,4610.0,4611.0,4603.65,4605.0
20646,2024-04-25 11:03:00,4605.2,4606.95,4600.45,4605.0
20647,2024-04-25 11:04:00,4606.85,4608.5,4601.3,4602.1
20648,2024-04-25 11:05:00,4604.2,4608.5,4600.4,4607.55
20649,2024-04-25 11:06:00,4610.05,4610.9,4606.95,4607.9
20650,2024-04-25 11:07:00,4609.95,4610.0,4604.55,4605.0
20651,2024-04-25 11:08:00,4605.05,4608.35,4603.45,4605.0
20652,2024-04-25 11:09:00,4604.5,4605.2,4600.0,4602.0
20653,2024-04-25 11:10:00,4600.0,4602.0,4599.1,4601.7
20654,2024-04-25 11:11:00,4601.75,4605.0,4601.7,4604.7
20655,2024-04-25 11:12:00,4604.25,4605.0,4604.25,4604.55
20656,2024-04-25 11:13:00,4604.5,4604.95,4596.6,4600.0
20657,2024-04-25 11:14:00,4599.65,4600.0,4597.0,4599.95
20658,2024-04-25 11:15:00,4601.0,4605.0,4600.0,4603.7
20659,2024-04-25 11:16:00,4603.15,4604.0,4603.0,4603.0
20660,2024-04-25 11:17:00,4603.75,4603.75,4600.0,4600.2
20661,2024-04-25 11:18:00,4600.3,4601.95,4600.05,4601.75
20662,2024-04-25 11:19:00,4601.2,4601.75,4599.9,4600.15
20663,2024-04-25 11:20:00,4600.2,4602.15,4597.0,4601.2
20664,2024-04-25 11:21:00,4599.3,4601.7,4599.0,4599.0
20665,2024-04-25 11:22:00,4599.3,4601.3,4599.0,4599.65
20666,2024-04-25 11:23:00,4599.2,4604.05,4599.05,4602.0
20667,2024-04-25 11:24:00,4600.5,4602.05,4599.2,4600.0
20668,2024-04-25 11:25:00,4599.85,4600.0,4599.25,4600.0
20669,2024-04-25 11:26:00,4599.95,4602.0,4599.2,4601.8
20670,2024-04-25 11:27:00,4600.05,4600.2,4599.0,4599.5
20671,2024-04-25 11:28:00,4600.0,4600.0,4599.15,4599.95
20672,2024-04-25 11:29:00,4599.9,4600.0,4599.0,4600.0
20673,2024-04-25 11:30:00,4599.95,4600.0,4598.0,4599.15
20674,2024-04-25 11:31:00,4599.3,4599.35,4593.1,4598.0
20675,2024-04-25 11:32:00,4598.5,4598.5,4598.0,4598.05
20676,2024-04-25 11:33:00,4598.4,4600.0,4598.15,4599.65
20677,2024-04-25 11:34:00,4600.0,4600.0,4599.6,4600.0
20678,2024-04-25 11:35:00,4599.9,4600.0,4599.5,4600.0
20679,2024-04-25 11:36:00,4599.2,4600.0,4597.35,4597.35
20680,2024-04-25 11:37:00,4597.4,4599.35,4594.5,4598.4
20681,2024-04-25 11:38:00,4598.0,4600.0,4598.0,4600.0
20682,2024-04-25 11:39:00,4599.3,4601.0,4599.25,4600.5
20683,2024-04-25 11:40:00,4600.0,4605.0,4600.0,4605.0
20684,2024-04-25 11:41:00,4604.85,4605.0,4601.55,4601.85
20685,2024-04-25 11:42:00,4603.5,4605.0,4602.0,4602.55
20686,2024-04-25 11:43:00,4604.9,4605.0,4602.6,4604.95
20687,2024-04-25 11:44:00,4604.0,4605.1,4602.85,4605.0
20688,2024-04-25 11:45:00,4603.45,4605.0,4603.1,4604.5
20689,2024-04-25 11:46:00,4603.5,4605.0,4603.4,4604.4
20690,2024-04-25 11:47:00,4604.6,4605.0,4603.7,4605.0
20691,2024-04-25 11:48:00,4604.95,4605.0,4603.7,4603.95
20692,2024-04-25 11:49:00,4605.0,4605.0,4603.8,4605.0
20693,2024-04-25 11:50:00,4604.0,4605.0,4603.5,4605.0
20694,2024-04-25 11:51:00,4604.65,4605.0,4603.75,4604.95
20695,2024-04-25 11:52:00,4603.8,4605.0,4603.8,4603.8
20696,2024-04-25 11:53:00,4604.8,4605.0,4603.75,4604.05
20697,2024-04-25 11:54:00,4604.95,4605.0,4603.75,4603.75
20698,2024-04-25 11:55:00,4604.0,4605.0,4603.0,4603.1
20699,2024-04-25 11:56:00,4603.05,4604.35,4602.85,4603.2
20700,2024-04-25 11:57:00,4603.5,4604.25,4599.0,4599.0
20701,2024-04-25 11:58:00,4599.95,4600.0,4596.15,4599.75
20702,2024-04-25 11:59:00,4598.9,4600.0,4597.9,4599.25
20703,2024-04-25 12:00:00,4599.35,4600.0,4596.95,4599.9
20704,2024-04-25 12:01:00,4599.85,4600.0,4597.65,4599.95
20705,2024-04-25 12:02:00,4599.8,4600.1,4598.05,4600.05
20706,2024-04-25 12:03:00,4600.0,4601.0,4600.0,4600.0
20707,2024-04-25 12:04:00,4600.05,4600.85,4600.0,4600.0
20708,2024-04-25 12:05:00,4599.95,4600.0,4598.0,4600.0
20709,2024-04-25 12:06:00,4599.0,4600.95,4598.7,4600.0
20710,2024-04-25 12:07:00,4599.0,4600.0,4599.0,4600.0
20711,2024-04-25 12:08:00,4599.8,4600.0,4598.0,4599.45
20712,2024-04-25 12:09:00,4598.0,4599.8,4598.0,4599.65
20713,2024-04-25 12:10:00,4599.7,4599.8,4599.0,4599.8
20714,2024-04-25 12:11:00,4599.6,4599.8,4598.0,4599.65
20715,2024-04-25 12:12:00,4599.0,4599.65,4599.0,4599.65
20716,2024-04-25 12:13:00,4599.0,4599.65,4598.5,4598.5
20717,2024-04-25 12:14:00,4599.0,4599.8,4598.0,4599.8
20718,2024-04-25 12:15:00,4598.5,4599.8,4598.05,4599.8
20719,2024-04-25 12:16:00,4599.15,4599.75,4598.1,4598.8
20720,2024-04-25 12:17:00,4598.1,4599.65,4598.05,4599.65
20721,2024-04-25 12:18:00,4599.05,4599.65,4598.1,4599.65
20722,2024-04-25 12:19:00,4599.0,4600.0,4599.0,4600.0
20723,2024-04-25 12:20:00,4599.8,4599.8,4599.55,4599.8
20724,2024-04-25 12:21:00,4599.55,4600.75,4599.4,4600.0
20725,2024-04-25 12:22:00,4599.4,4600.0,4599.05,4599.8
20726,2024-04-25 12:23:00,4599.5,4599.8,4599.15,4599.4
20727,2024-04-25 12:24:00,4599.65,4599.8,4599.05,4599.8
20728,2024-04-25 12:25:00,4599.5,4600.0,4599.05,4599.8
20729,2024-04-25 12:26:00,4599.05,4600.0,4599.05,4600.0
20730,2024-04-25 12:27:00,4599.8,4600.0,4599.05,4600.0
20731,2024-04-25 12:28:00,4599.05,4600.0,4599.0,4600.0
20732,2024-04-25 12:29:00,4599.0,4600.0,4598.05,4599.75
20733,2024-04-25 12:30:00,4599.7,4600.0,4598.0,4599.0
20734,2024-04-25 12:31:00,4598.1,4600.0,4598.1,4599.3
20735,2024-04-25 12:32:00,4599.15,4600.0,4598.0,4600.0
20736,2024-04-25 12:33:00,4599.65,4600.0,4598.05,4599.95
20737,2024-04-25 12:34:00,4600.0,4600.0,4598.05,4598.5
20738,2024-04-25 12:35:00,4598.05,4600.0,4598.05,4600.0
20739,2024-04-25 12:36:00,4598.5,4600.0,4598.15,4599.2
20740,2024-04-25 12:37:00,4600.0,4600.0,4598.45,4600.0
20741,2024-04-25 12:38:00,4598.05,4600.0,4598.05,4600.0
20742,2024-04-25 12:39:00,4599.5,4599.95,4599.0,4599.9
20743,2024-04-25 12:40:00,4599.0,4600.0,4598.5,4600.0
20744,2024-04-25 12:41:00,4599.0,4600.1,4598.5,4600.0
20745,2024-04-25 12:42:00,4598.9,4600.0,4598.5,4598.9
20746,2024-04-25 12:43:00,4598.5,4600.0,4598.5,4599.8
20747,2024-04-25 12:44:00,4599.0,4599.9,4598.5,4598.5
20748,2024-04-25 12:45:00,4598.95,4599.9,4598.05,4599.0
20749,2024-04-25 12:46:00,4599.15,4600.0,4599.0,4600.0
20750,2024-04-25 12:47:00,4599.75,4600.0,4599.0,4600.0
20751,2024-04-25 12:48:00,4599.95,4600.0,4599.0,4599.8
20752,2024-04-25 12:49:00,4599.05,4600.05,4599.0,4600.0
20753,2024-04-25 12:50:00,4599.1,4600.0,4599.05,4599.9
20754,2024-04-25 12:51:00,4599.3,4600.0,4599.3,4600.0
20755,2024-04-25 12:52:00,4599.5,4600.0,4599.3,4599.6
20756,2024-04-25 12:53:00,4599.3,4600.0,4599.3,4599.65
20757,2024-04-25 12:54:00,4599.5,4603.9,4599.35,4600.0
20758,2024-04-25 12:55:00,4599.65,4600.0,4599.35,4600.0
20759,2024-04-25 12:56:00,4599.4,4604.25,4599.4,4604.25
20760,2024-04-25 12:57:00,4604.3,4604.75,4600.0,4604.4
20761,2024-04-25 12:58:00,4602.15,4603.35,4602.0,4602.05
20762,2024-04-25 12:59:00,4603.1,4605.0,4602.0,4602.1
20763,2024-04-25 13:00:00,4604.2,4605.0,4602.0,4603.45
20764,2024-04-25 13:01:00,4602.8,4605.0,4602.05,4604.35
20765,2024-04-25 13:02:00,4603.1,4605.0,4602.35,4603.05
20766,2024-04-25 13:03:00,4602.45,4603.65,4602.35,4603.0
20767,2024-04-25 13:04:00,4602.35,4604.9,4602.35,4602.35
20768,2024-04-25 13:05:00,4603.35,4604.65,4602.35,4602.95
20769,2024-04-25 13:06:00,4602.35,4604.65,4602.0,4602.25
20770,2024-04-25 13:07:00,4604.1,4604.1,4600.4,4600.4
20771,2024-04-25 13:08:00,4600.55,4601.7,4599.95,4600.0
20772,2024-04-25 13:09:00,4600.05,4602.0,4600.0,4601.05
20773,2024-04-25 13:10:00,4601.9,4602.8,4600.0,4600.05
20774,2024-04-25 13:11:00,4600.1,4601.9,4600.0,4600.0
20775,2024-04-25 13:12:00,4600.65,4601.45,4600.0,4600.0
20776,2024-04-25 13:13:00,4601.0,4601.45,4600.0,4601.4
20777,2024-04-25 13:14:00,4601.15,4602.1,4600.05,4600.3
20778,2024-04-25 13:15:00,4602.25,4603.55,4600.05,4601.55
20779,2024-04-25 13:16:00,4603.1,4605.25,4601.6,4602.35
20780,2024-04-25 13:17:00,4605.0,4605.0,4601.0,4602.25
20781,2024-04-25 13:18:00,4603.5,4604.7,4602.3,4603.0
20782,2024-04-25 13:19:00,4604.0,4604.95,4602.0,4604.0
20783,2024-04-25 13:20:00,4604.05,4617.5,4604.05,4612.15
20784,2024-04-25 13:21:00,4611.4,4614.85,4611.15,4612.5
20785,2024-04-25 13:22:00,4614.75,4617.85,4611.85,4611.85
20786,2024-04-25 13:23:00,4612.75,4616.0,4612.0,4614.55
20787,2024-04-25 13:24:00,4614.6,4616.3,4612.7,4614.2
20788,2024-04-25 13:25:00,4615.35,4616.95,4614.05,4614.25
20789,2024-04-25 13:26:00,4615.7,4618.5,4613.5,4618.45
20790,2024-04-25 13:27:00,4617.0,4620.0,4615.55,4616.1
20791,2024-04-25 13:28:00,4616.0,4616.6,4613.0,4613.1
20792,2024-04-25 13:29:00,4614.35,4618.65,4612.85,4618.65
20793,2024-04-25 13:30:00,4618.8,4620.0,4618.0,4618.25
20794,2024-04-25 13:31:00,4619.0,4620.0,4618.25,4619.3
20795,2024-04-25 13:32:00,4619.0,4619.5,4616.0,4616.85
20796,2024-04-25 13:33:00,4616.0,4618.7,4616.0,4616.6
20797,2024-04-25 13:34:00,4616.65,4619.9,4616.2,4617.25
20798,2024-04-25 13:35:00,4618.0,4619.6,4616.0,4617.05
20799,2024-04-25 13:36:00,4618.85,4621.85,4616.65,4617.7
20800,2024-04-25 13:37:00,4617.75,4619.3,4617.1,4619.2
20801,2024-04-25 13:38:00,4619.3,4620.8,4616.2,4616.35
20802,2024-04-25 13:39:00,4616.2,4618.85,4616.0,4617.15
20803,2024-04-25 13:40:00,4617.2,4618.2,4616.0,4617.6
20804,2024-04-25 13:41:00,4616.0,4618.45,4616.0,4616.05
20805,2024-04-25 13:42:00,4616.25,4618.0,4616.0,4616.0
20806,2024-04-25 13:43:00,4616.75,4618.5,4616.0,4616.0
20807,2024-04-25 13:44:00,4617.65,4621.8,4616.0,4618.95
20808,2024-04-25 13:45:00,4617.25,4621.85,4616.15,4616.15
20809,2024-04-25 13:46:00,4617.0,4619.65,4616.05,4619.4
20810,2024-04-25 13:47:00,4620.45,4623.0,4618.15,4618.5
20811,2024-04-25 13:48:00,4618.35,4621.2,4616.0,4617.9
20812,2024-04-25 13:49:00,4619.85,4622.8,4617.95,4617.95
20813,2024-04-25 13:50:00,4620.15,4620.3,4616.0,4617.4
20814,2024-04-25 13:51:00,4617.45,4620.0,4616.0,4616.0
20815,2024-04-25 13:52:00,4616.15,4617.05,4616.0,4616.0
20816,2024-04-25 13:53:00,4615.7,4617.55,4615.05,4616.0
20817,2024-04-25 13:54:00,4616.6,4617.0,4614.5,4614.5
20818,2024-04-25 13:55:00,4614.1,4622.0,4611.5,4620.7
20819,2024-04-25 13:56:00,4620.4,4620.95,4619.9,4620.8
20820,2024-04-25 13:57:00,4620.85,4621.95,4619.0,4620.4
20821,2024-04-25 13:58:00,4620.0,4621.75,4620.0,4620.05
20822,2024-04-25 13:59:00,4620.15,4621.25,4619.9,4620.0
20823,2024-04-25 14:00:00,4620.45,4623.8,4619.5,4622.95
20824,2024-04-25 14:01:00,4622.25,4623.75,4620.0,4620.3
20825,2024-04-25 14:02:00,4621.8,4622.05,4620.0,4620.0
20826,2024-04-25 14:03:00,4620.1,4620.25,4618.0,4619.45
20827,2024-04-25 14:04:00,4618.2,4621.95,4616.6,4621.95
20828,2024-04-25 14:05:00,4621.2,4623.8,4618.85,4623.0
20829,2024-04-25 14:06:00,4621.3,4630.0,4621.3,4629.9
20830,2024-04-25 14:07:00,4627.1,4630.2,4625.65,4630.2
20831,2024-04-25 14:08:00,4630.45,4632.0,4625.7,4627.65
20832,2024-04-25 14:09:00,4626.0,4631.65,4626.0,4628.0
20833,2024-04-25 14:10:00,4629.7,4631.9,4628.0,4628.25
20834,2024-04-25 14:11:00,4629.15,4631.7,4626.35,4630.65
20835,2024-04-25 14:12:00,4628.35,4631.7,4628.05,4628.15
20836,2024-04-25 14:13:00,4628.0,4634.85,4628.0,4633.95
20837,2024-04-25 14:14:00,4632.0,4634.95,4628.9,4630.95
20838,2024-04-25 14:15:00,4632.5,4632.5,4628.55,4629.65
20839,2024-04-25 14:16:00,4632.0,4633.25,4629.05,4632.0
20840,2024-04-25 14:17:00,4631.7,4634.3,4629.6,4631.15
20841,2024-04-25 14:18:00,4631.3,4634.3,4630.0,4633.0
20842,2024-04-25 14:19:00,4632.9,4634.0,4630.95,4631.8
20843,2024-04-25 14:20:00,4631.9,4633.45,4631.0,4633.0
20844,2024-04-25 14:21:00,4633.2,4635.2,4631.4,4632.65
20845,2024-04-25 14:22:00,4633.0,4635.35,4631.2,4632.3
20846,2024-04-25 14:23:00,4633.55,4636.05,4632.0,4632.0
20847,2024-04-25 14:24:00,4633.55,4634.4,4630.0,4631.3
20848,2024-04-25 14:25:00,4633.15,4634.6,4630.65,4633.0
20849,2024-04-25 14:26:00,4632.8,4633.15,4629.45,4631.9
20850,2024-04-25 14:27:00,4630.5,4634.25,4629.1,4631.1
20851,2024-04-25 14:28:00,4632.05,4632.55,4627.65,4630.95
20852,2024-04-25 14:29:00,4631.0,4631.65,4630.95,4631.0
20853,2024-04-25 14:30:00,4630.95,4631.25,4621.75,4627.85
20854,2024-04-25 14:31:00,4627.2,4628.0,4610.65,4615.0
20855,2024-04-25 14:32:00,4616.0,4618.8,4613.45,4615.55
20856,2024-04-25 14:33:00,4617.95,4618.45,4612.95,4615.35
20857,2024-04-25 14:34:00,4616.9,4619.15,4613.25,4618.4
20858,2024-04-25 14:35:00,4615.7,4618.6,4614.6,4618.2
20859,2024-04-25 14:36:00,4618.9,4619.1,4615.55,4617.6
20860,2024-04-25 14:37:00,4617.65,4626.25,4616.0,4622.7
20861,2024-04-25 14:38:00,4622.2,4627.0,4621.95,4622.3
20862,2024-04-25 14:39:00,4622.55,4624.45,4619.65,4624.15
20863,2024-04-25 14:40:00,4624.3,4625.85,4621.2,4625.45
20864,2024-04-25 14:41:00,4625.5,4626.9,4624.85,4625.1
20865,2024-04-25 14:42:00,4625.0,4628.65,4623.7,4628.65
20866,2024-04-25 14:43:00,4628.6,4628.65,4623.8,4626.75
20867,2024-04-25 14:44:00,4626.85,4627.1,4621.05,4624.1
20868,2024-04-25 14:45:00,4626.3,4628.8,4624.1,4628.8
20869,2024-04-25 14:46:00,4628.9,4629.35,4625.9,4627.1
20870,2024-04-25 14:47:00,4626.8,4629.8,4625.9,4629.8
20871,2024-04-25 14:48:00,4630.8,4632.05,4628.55,4630.45
20872,2024-04-25 14:49:00,4632.05,4632.65,4628.9,4631.9
20873,2024-04-25 14:50:00,4632.35,4632.35,4628.55,4630.0
20874,2024-04-25 14:51:00,4630.75,4630.8,4623.15,4625.3
20875,2024-04-25 14:52:00,4625.7,4625.7,4622.15,4624.0
20876,2024-04-25 14:53:00,4623.75,4624.95,4623.0,4624.55
20877,2024-04-25 14:54:00,4624.8,4627.8,4624.0,4625.0
20878,2024-04-25 14:55:00,4627.35,4628.55,4624.1,4627.9
20879,2024-04-25 14:56:00,4628.1,4629.5,4625.0,4626.0
20880,2024-04-25 14:57:00,4625.8,4628.6,4625.0,4626.3
20881,2024-04-25 14:58:00,4625.0,4628.8,4625.0,4628.8
20882,2024-04-25 14:59:00,4626.6,4627.95,4625.9,4626.65
20883,2024-04-25 15:00:00,4626.85,4627.85,4626.0,4626.85
20884,2024-04-25 15:01:00,4626.8,4630.85,4626.0,4627.65
20885,2024-04-25 15:02:00,4627.7,4631.25,4626.85,4631.2
20886,2024-04-25 15:03:00,4631.05,4633.0,4630.0,4633.0
20887,2024-04-25 15:04:00,4632.5,4635.8,4631.85,4634.95
20888,2024-04-25 15:05:00,4633.25,4636.5,4632.15,4636.05
20889,2024-04-25 15:06:00,4635.95,4637.25,4633.05,4633.15
20890,2024-04-25 15:07:00,4633.2,4637.85,4633.05,4634.95
20891,2024-04-25 15:08:00,4636.15,4636.6,4633.85,4633.85
20892,2024-04-25 15:09:00,4633.9,4634.65,4630.15,4630.5
20893,2024-04-25 15:10:00,4630.8,4634.0,4630.0,4630.0
20894,2024-04-25 15:11:00,4630.65,4632.5,4630.0,4632.5
20895,2024-04-25 15:12:00,4632.55,4632.55,4627.65,4631.1
20896,2024-04-25 15:13:00,4631.0,4631.85,4628.1,4630.1
20897,2024-04-25 15:14:00,4630.05,4633.9,4628.4,4633.9
20898,2024-04-25 15:15:00,4633.15,4636.35,4632.45,4635.15
20899,2024-04-25 15:16:00,4635.1,4637.25,4633.0,4633.9
20900,2024-04-25 15:17:00,4635.1,4639.05,4633.25,4637.35
20901,2024-04-25 15:18:00,4637.2,4642.0,4635.3,4640.55
20902,2024-04-25 15:19:00,4640.5,4642.55,4640.0,4640.35
20903,2024-04-25 15:20:00,4640.0,4644.95,4640.0,4641.7
20904,2024-04-25 15:21:00,4640.55,4642.9,4640.0,4641.7
20905,2024-04-25 15:22:00,4640.0,4642.9,4640.0,4640.2
20906,2024-04-25 15:23:00,4640.1,4643.0,4640.0,4641.0
20907,2024-04-25 15:24:00,4640.1,4643.0,4640.0,4642.05
20908,2024-04-25 15:25:00,4641.9,4643.0,4640.0,4640.4
20909,2024-04-25 15:26:00,4640.0,4643.0,4640.0,4641.9
20910,2024-04-25 15:27:00,4641.8,4642.95,4640.0,4640.0
20911,2024-04-25 15:28:00,4640.2,4641.45,4635.0,4638.0
20912,2024-04-25 15:29:00,4639.0,4641.5,4635.0,4637.0
20913,2024-04-26 09:15:00,4639.7,4669.9,4639.7,4664.55
20914,2024-04-26 09:16:00,4667.9,4683.6,4664.25,4683.6
20915,2024-04-26 09:17:00,4683.3,4688.0,4676.9,4682.0
20916,2024-04-26 09:18:00,4684.0,4684.0,4676.65,4681.0
20917,2024-04-26 09:19:00,4682.0,4687.0,4676.65,4678.4
20918,2024-04-26 09:20:00,4677.9,4679.0,4672.0,4674.0
20919,2024-04-26 09:21:00,4675.0,4688.0,4674.0,4687.6
20920,2024-04-26 09:22:00,4688.0,4689.35,4683.4,4683.7
20921,2024-04-26 09:23:00,4684.1,4689.95,4680.25,4689.95
20922,2024-04-26 09:24:00,4690.0,4700.0,4688.5,4697.75
20923,2024-04-26 09:25:00,4696.5,4702.4,4691.5,4694.05
20924,2024-04-26 09:26:00,4695.0,4695.9,4690.0,4695.3
20925,2024-04-26 09:27:00,4695.65,4696.0,4692.65,4695.0
20926,2024-04-26 09:28:00,4695.65,4705.7,4692.6,4705.2
20927,2024-04-26 09:29:00,4706.0,4727.15,4705.05,4727.15
20928,2024-04-26 09:30:00,4724.0,4739.9,4720.0,4720.0
20929,2024-04-26 09:31:00,4723.55,4734.95,4717.55,4734.95
20930,2024-04-26 09:32:00,4734.9,4745.0,4729.7,4733.15
20931,2024-04-26 09:33:00,4733.4,4744.95,4731.05,4741.6
20932,2024-04-26 09:34:00,4743.0,4745.95,4740.0,4745.0
20933,2024-04-26 09:35:00,4746.0,4748.2,4741.1,4748.2
20934,2024-04-26 09:36:00,4747.05,4778.85,4747.05,4770.65
20935,2024-04-26 09:37:00,4770.35,4788.3,4770.25,4788.15
20936,2024-04-26 09:38:00,4788.25,4803.8,4784.2,4800.2
20937,2024-04-26 09:39:00,4797.1,4815.0,4788.2,4793.05
20938,2024-04-26 09:40:00,4789.8,4791.85,4774.35,4780.4
20939,2024-04-26 09:41:00,4778.0,4790.0,4777.95,4786.6
20940,2024-04-26 09:42:00,4789.45,4800.0,4786.6,4800.0
20941,2024-04-26 09:43:00,4799.85,4801.2,4787.0,4796.65
20942,2024-04-26 09:44:00,4798.25,4807.5,4793.2,4803.95
20943,2024-04-26 09:45:00,4802.3,4804.65,4793.4,4793.4
20944,2024-04-26 09:46:00,4795.85,4797.6,4790.05,4794.0
20945,2024-04-26 09:47:00,4792.0,4799.85,4785.0,4797.1
20946,2024-04-26 09:48:00,4797.3,4798.75,4791.65,4795.85
20947,2024-04-26 09:49:00,4797.7,4797.7,4792.4,4795.0
20948,2024-04-26 09:50:00,4794.9,4803.9,4790.05,4802.15
20949,2024-04-26 09:51:00,4800.0,4800.0,4788.0,4795.0
20950,2024-04-26 09:52:00,4798.1,4800.0,4794.95,4799.0
20951,2024-04-26 09:53:00,4799.55,4799.55,4795.0,4798.45
20952,2024-04-26 09:54:00,4795.05,4801.5,4795.05,4798.0
20953,2024-04-26 09:55:00,4800.0,4800.0,4793.55,4794.3
20954,2024-04-26 09:56:00,4793.6,4796.2,4788.5,4792.6
20955,2024-04-26 09:57:00,4795.0,4799.5,4790.5,4795.45
20956,2024-04-26 09:58:00,4798.25,4798.35,4791.5,4794.9
20957,2024-04-26 09:59:00,4791.6,4797.0,4791.2,4794.9
20958,2024-04-26 10:00:00,4793.0,4796.45,4790.1,4790.1
20959,2024-04-26 10:01:00,4792.45,4792.95,4788.1,4788.25
20960,2024-04-26 10:02:00,4786.1,4786.1,4777.0,4778.05
20961,2024-04-26 10:03:00,4778.0,4798.2,4778.0,4796.0
20962,2024-04-26 10:04:00,4796.4,4800.0,4789.3,4791.75
20963,2024-04-26 10:05:00,4791.7,4795.8,4790.6,4791.9
20964,2024-04-26 10:06:00,4790.5,4790.5,4778.15,4779.7
20965,2024-04-26 10:07:00,4779.0,4783.2,4775.1,4777.65
20966,2024-04-26 10:08:00,4777.4,4780.0,4776.0,4780.0
20967,2024-04-26 10:09:00,4781.0,4783.0,4770.5,4770.5
20968,2024-04-26 10:10:00,4770.55,4777.75,4770.55,4776.8
20969,2024-04-26 10:11:00,4775.0,4779.85,4773.75,4777.05
20970,2024-04-26 10:12:00,4776.5,4786.2,4776.5,4783.85
20971,2024-04-26 10:13:00,4783.8,4787.25,4778.75,4781.45
20972,2024-04-26 10:14:00,4780.45,4785.0,4776.0,4784.7
20973,2024-04-26 10:15:00,4785.0,4794.2,4781.95,4790.45
20974,2024-04-26 10:16:00,4790.35,4804.0,4790.35,4804.0
20975,2024-04-26 10:17:00,4802.0,4803.7,4786.1,4790.6
20976,2024-04-26 10:18:00,4789.65,4792.0,4785.95,4786.0
20977,2024-04-26 10:19:00,4785.95,4789.95,4785.0,4787.3
20978,2024-04-26 10:20:00,4788.05,4794.55,4788.05,4792.4
20979,2024-04-26 10:21:00,4793.7,4794.35,4787.2,4790.0
20980,2024-04-26 10:22:00,4791.75,4797.3,4789.35,4793.5
20981,2024-04-26 10:23:00,4794.15,4797.55,4786.75,4790.45
20982,2024-04-26 10:24:00,4789.0,4792.85,4781.5,4782.1
20983,2024-04-26 10:25:00,4781.05,4784.8,4775.75,4778.3
20984,2024-04-26 10:26:00,4776.0,4782.2,4776.0,4779.75
20985,2024-04-26 10:27:00,4780.45,4782.25,4775.9,4778.6
20986,2024-04-26 10:28:00,4776.15,4784.3,4776.15,4780.65
20987,2024-04-26 10:29:00,4780.6,4783.95,4780.55,4780.85
20988,2024-04-26 10:30:00,4780.3,4780.35,4769.95,4772.1
20989,2024-04-26 10:31:00,4771.05,4774.6,4769.15,4771.25
20990,2024-04-26 10:32:00,4772.0,4777.95,4771.35,4774.0
20991,2024-04-26 10:33:00,4776.25,4777.0,4775.0,4776.0
20992,2024-04-26 10:34:00,4777.0,4783.5,4776.0,4782.95
20993,2024-04-26 10:35:00,4780.95,4784.8,4779.25,4783.8
20994,2024-04-26 10:36:00,4783.45,4787.0,4779.0,4784.5
20995,2024-04-26 10:37:00,4783.15,4790.0,4783.15,4788.0
20996,2024-04-26 10:38:00,4788.35,4788.5,4780.05,4788.3
20997,2024-04-26 10:39:00,4788.35,4789.8,4785.8,4788.6
20998,2024-04-26 10:40:00,4789.0,4794.6,4788.0,4793.9
20999,2024-04-26 10:41:00,4791.85,4794.25,4789.8,4790.2
21000,2024-04-26 10:42:00,4791.5,4797.75,4790.0,4796.5
21001,2024-04-26 10:43:00,4796.15,4799.4,4795.0,4795.5
21002,2024-04-26 10:44:00,4795.0,4804.75,4795.0,4801.4
21003,2024-04-26 10:45:00,4804.2,4804.9,4800.85,4803.7
21004,2024-04-26 10:46:00,4803.65,4808.5,4803.65,4805.5
21005,2024-04-26 10:47:00,4805.45,4806.6,4801.2,4804.45
21006,2024-04-26 10:48:00,4803.0,4804.0,4801.0,4801.7
21007,2024-04-26 10:49:00,4801.15,4802.7,4800.0,4801.0
21008,2024-04-26 10:50:00,4801.5,4801.5,4795.0,4795.35
21009,2024-04-26 10:51:00,4796.5,4806.0,4795.45,4805.2
21010,2024-04-26 10:52:00,4804.5,4806.95,4801.6,4805.0
21011,2024-04-26 10:53:00,4805.15,4814.0,4805.15,4808.5
21012,2024-04-26 10:54:00,4808.85,4811.95,4803.8,4806.6
21013,2024-04-26 10:55:00,4805.4,4808.95,4804.0,4804.0
21014,2024-04-26 10:56:00,4804.75,4804.8,4800.0,4800.05
21015,2024-04-26 10:57:00,4800.95,4806.75,4799.35,4801.9
21016,2024-04-26 10:58:00,4801.95,4803.5,4800.0,4803.05
21017,2024-04-26 10:59:00,4801.7,4810.0,4800.4,4807.2
21018,2024-04-26 11:00:00,4808.45,4821.9,4806.5,4821.0
21019,2024-04-26 11:01:00,4821.05,4823.15,4808.95,4811.15
21020,2024-04-26 11:02:00,4808.9,4816.2,4805.85,4815.25
21021,2024-04-26 11:03:00,4812.35,4815.0,4809.25,4811.0
21022,2024-04-26 11:04:00,4808.9,4808.9,4802.65,4802.65
21023,2024-04-26 11:05:00,4805.3,4807.45,4802.55,4803.15
21024,2024-04-26 11:06:00,4804.95,4805.0,4802.2,4802.35
21025,2024-04-26 11:07:00,4803.6,4808.0,4802.3,4804.2
21026,2024-04-26 11:08:00,4804.95,4809.45,4801.4,4806.0
21027,2024-04-26 11:09:00,4806.6,4808.1,4805.7,4808.1
21028,2024-04-26 11:10:00,4808.95,4813.85,4806.35,4813.6
21029,2024-04-26 11:11:00,4811.55,4817.85,4810.1,4815.1
21030,2024-04-26 11:12:00,4816.25,4819.95,4813.2,4819.05
21031,2024-04-26 11:13:00,4819.0,4819.9,4816.4,4816.4
21032,2024-04-26 11:14:00,4817.0,4817.0,4812.9,4815.15
21033,2024-04-26 11:15:00,4816.8,4821.0,4814.55,4819.0
21034,2024-04-26 11:16:00,4818.15,4819.0,4815.7,4817.95
21035,2024-04-26 11:17:00,4816.6,4820.0,4816.05,4817.2
21036,2024-04-26 11:18:00,4817.8,4819.95,4815.15,4815.15
21037,2024-04-26 11:19:00,4815.0,4817.05,4814.5,4816.0
21038,2024-04-26 11:20:00,4816.9,4817.0,4812.25,4814.1
21039,2024-04-26 11:21:00,4812.55,4814.25,4805.5,4811.9
21040,2024-04-26 11:22:00,4811.85,4811.85,4807.65,4811.55
21041,2024-04-26 11:23:00,4810.35,4810.35,4799.6,4800.25
21042,2024-04-26 11:24:00,4801.4,4803.0,4800.85,4803.0
21043,2024-04-26 11:25:00,4802.25,4803.0,4799.2,4801.4
21044,2024-04-26 11:26:00,4800.4,4801.95,4795.7,4797.15
21045,2024-04-26 11:27:00,4798.2,4798.2,4795.0,4796.0
21046,2024-04-26 11:28:00,4795.2,4798.0,4795.2,4796.25
21047,2024-04-26 11:29:00,4797.25,4802.5,4795.85,4798.0
21048,2024-04-26 11:30:00,4797.3,4800.75,4796.35,4798.45
21049,2024-04-26 11:31:00,4800.65,4802.2,4798.65,4802.0
21050,2024-04-26 11:32:00,4801.95,4802.9,4798.0,4798.0
21051,2024-04-26 11:33:00,4798.7,4800.55,4796.85,4796.85
21052,2024-04-26 11:34:00,4796.35,4796.35,4785.05,4785.8
21053,2024-04-26 11:35:00,4786.2,4788.7,4782.5,4782.5
21054,2024-04-26 11:36:00,4782.4,4786.65,4782.35,4784.0
21055,2024-04-26 11:37:00,4782.5,4790.75,4782.5,4785.5
21056,2024-04-26 11:38:00,4785.7,4788.9,4785.3,4787.05
21057,2024-04-26 11:39:00,4788.85,4792.0,4787.65,4790.35
21058,2024-04-26 11:40:00,4790.1,4790.1,4785.45,4785.45
21059,2024-04-26 11:41:00,4787.45,4793.3,4785.0,4789.75
21060,2024-04-26 11:42:00,4787.85,4792.75,4787.85,4789.05
21061,2024-04-26 11:43:00,4788.8,4796.45,4788.65,4789.05
21062,2024-04-26 11:44:00,4791.45,4793.5,4790.45,4793.5
21063,2024-04-26 11:45:00,4792.5,4794.95,4791.1,4792.35
21064,2024-04-26 11:46:00,4793.5,4795.95,4793.5,4795.95
21065,2024-04-26 11:47:00,4795.0,4796.95,4795.0,4796.95
21066,2024-04-26 11:48:00,4796.0,4802.45,4796.0,4799.0
21067,2024-04-26 11:49:00,4798.0,4802.0,4797.9,4802.0
21068,2024-04-26 11:50:00,4802.25,4802.4,4797.0,4797.0
21069,2024-04-26 11:51:00,4796.7,4798.25,4795.25,4795.3
21070,2024-04-26 11:52:00,4796.0,4798.9,4795.6,4796.1
21071,2024-04-26 11:53:00,4796.0,4798.5,4796.0,4797.2
21072,2024-04-26 11:54:00,4796.1,4798.6,4795.55,4795.7
21073,2024-04-26 11:55:00,4796.55,4798.8,4795.9,4795.9
21074,2024-04-26 11:56:00,4796.9,4797.9,4793.05,4794.0
21075,2024-04-26 11:57:00,4796.45,4796.45,4793.5,4796.35
21076,2024-04-26 11:58:00,4795.2,4796.35,4794.05,4795.95
21077,2024-04-26 11:59:00,4793.9,4795.95,4793.05,4794.0
21078,2024-04-26 12:00:00,4794.45,4796.0,4792.15,4794.25
21079,2024-04-26 12:01:00,4794.1,4797.15,4792.2,4792.2
21080,2024-04-26 12:02:00,4792.1,4797.0,4792.1,4796.95
21081,2024-04-26 12:03:00,4796.9,4797.95,4795.15,4797.45
21082,2024-04-26 12:04:00,4796.45,4798.0,4795.35,4797.9
21083,2024-04-26 12:05:00,4798.0,4798.3,4795.2,4796.1
21084,2024-04-26 12:06:00,4798.4,4798.4,4795.0,4795.2
21085,2024-04-26 12:07:00,4797.5,4799.0,4795.0,4795.05
21086,2024-04-26 12:08:00,4795.0,4795.0,4791.0,4791.0
21087,2024-04-26 12:09:00,4792.15,4795.95,4791.9,4795.35
21088,2024-04-26 12:10:00,4793.35,4795.5,4793.35,4795.0
21089,2024-04-26 12:11:00,4795.5,4796.6,4793.95,4794.2
21090,2024-04-26 12:12:00,4796.15,4796.4,4793.95,4795.95
21091,2024-04-26 12:13:00,4796.0,4798.0,4795.95,4796.1
21092,2024-04-26 12:14:00,4797.15,4798.0,4793.0,4793.35
21093,2024-04-26 12:15:00,4794.75,4795.9,4793.0,4793.0
21094,2024-04-26 12:16:00,4793.7,4795.1,4791.05,4791.05
21095,2024-04-26 12:17:00,4791.0,4792.15,4788.85,4789.75
21096,2024-04-26 12:18:00,4793.0,4796.45,4790.95,4796.45
21097,2024-04-26 12:19:00,4795.7,4797.45,4795.0,4796.2
21098,2024-04-26 12:20:00,4796.0,4797.0,4795.0,4795.5
21099,2024-04-26 12:21:00,4795.45,4796.55,4793.05,4795.0
21100,2024-04-26 12:22:00,4796.0,4796.4,4795.0,4795.0
21101,2024-04-26 12:23:00,4796.4,4797.6,4795.0,4796.05
21102,2024-04-26 12:24:00,4795.0,4796.75,4795.0,4795.0
21103,2024-04-26 12:25:00,4796.2,4797.0,4792.65,4792.65
21104,2024-04-26 12:26:00,4792.1,4794.8,4791.4,4791.75
21105,2024-04-26 12:27:00,4791.8,4796.0,4791.8,4795.0
21106,2024-04-26 12:28:00,4796.0,4796.0,4795.05,4795.4
21107,2024-04-26 12:29:00,4796.2,4796.8,4795.4,4796.8
21108,2024-04-26 12:30:00,4795.5,4796.8,4795.45,4795.5
21109,2024-04-26 12:31:00,4797.0,4797.0,4791.05,4791.55
21110,2024-04-26 12:32:00,4791.0,4791.5,4788.0,4788.75
21111,2024-04-26 12:33:00,4789.55,4794.0,4789.55,4790.75
21112,2024-04-26 12:34:00,4792.8,4792.8,4790.05,4791.85
21113,2024-04-26 12:35:00,4791.75,4793.7,4790.2,4790.7
21114,2024-04-26 12:36:00,4790.2,4792.25,4788.0,4790.0
21115,2024-04-26 12:37:00,4788.15,4790.0,4785.15,4787.1
21116,2024-04-26 12:38:00,4785.3,4788.55,4785.0,4785.0
21117,2024-04-26 12:39:00,4783.0,4784.25,4776.75,4776.75
21118,2024-04-26 12:40:00,4776.0,4778.15,4775.25,4778.15
21119,2024-04-26 12:41:00,4776.0,4777.3,4774.4,4776.0
21120,2024-04-26 12:42:00,4777.75,4777.75,4772.6,4775.75
21121,2024-04-26 12:43:00,4773.05,4776.0,4772.5,4775.45
21122,2024-04-26 12:44:00,4775.4,4776.2,4773.0,4774.05
21123,2024-04-26 12:45:00,4777.05,4780.75,4774.05,4780.75
21124,2024-04-26 12:46:00,4780.0,4782.85,4775.95,4778.8
21125,2024-04-26 12:47:00,4776.15,4778.8,4775.8,4775.8
21126,2024-04-26 12:48:00,4775.95,4781.65,4775.8,4778.85
21127,2024-04-26 12:49:00,4781.0,4785.75,4781.0,4785.75
21128,2024-04-26 12:50:00,4785.0,4786.95,4782.05,4783.95
21129,2024-04-26 12:51:00,4783.8,4786.4,4782.5,4785.0
21130,2024-04-26 12:52:00,4784.75,4786.2,4784.0,4785.05
21131,2024-04-26 12:53:00,4786.0,4786.2,4784.75,4785.4
21132,2024-04-26 12:54:00,4785.05,4786.0,4784.1,4785.05
21133,2024-04-26 12:55:00,4785.0,4785.65,4783.1,4785.65
21134,2024-04-26 12:56:00,4784.5,4790.0,4784.5,4790.0
21135,2024-04-26 12:57:00,4788.05,4790.4,4788.0,4790.0
21136,2024-04-26 12:58:00,4790.35,4792.3,4790.0,4790.25
21137,2024-04-26 12:59:00,4790.15,4798.0,4790.15,4796.65
21138,2024-04-26 13:00:00,4796.0,4798.7,4795.0,4795.0
21139,2024-04-26 13:01:00,4795.05,4797.95,4795.0,4797.9
21140,2024-04-26 13:02:00,4797.65,4800.0,4796.0,4798.35
21141,2024-04-26 13:03:00,4796.05,4799.35,4795.05,4796.2
21142,2024-04-26 13:04:00,4795.65,4797.9,4792.45,4797.9
21143,2024-04-26 13:05:00,4797.45,4798.35,4795.0,4795.5
21144,2024-04-26 13:06:00,4796.15,4797.05,4795.0,4795.0
21145,2024-04-26 13:07:00,4796.85,4796.85,4787.3,4787.3
21146,2024-04-26 13:08:00,4786.7,4788.2,4782.05,4782.55
21147,2024-04-26 13:09:00,4784.0,4784.95,4781.5,4783.25
21148,2024-04-26 13:10:00,4782.2,4784.75,4781.5,4781.7
21149,2024-04-26 13:11:00,4782.25,4787.3,4781.6,4782.3
21150,2024-04-26 13:12:00,4784.0,4785.0,4782.0,4784.05
21151,2024-04-26 13:13:00,4782.25,4784.95,4782.1,4783.1
21152,2024-04-26 13:14:00,4782.25,4795.95,4782.25,4791.25
21153,2024-04-26 13:15:00,4791.3,4800.15,4790.55,4800.1
21154,2024-04-26 13:16:00,4800.0,4802.6,4797.55,4797.55
21155,2024-04-26 13:17:00,4798.05,4801.85,4797.15,4800.05
21156,2024-04-26 13:18:00,4801.05,4809.75,4799.8,4807.0
21157,2024-04-26 13:19:00,4807.05,4812.1,4806.1,4810.6
21158,2024-04-26 13:20:00,4810.85,4813.0,4803.65,4805.0
21159,2024-04-26 13:21:00,4803.55,4805.1,4802.0,4803.4
21160,2024-04-26 13:22:00,4802.0,4804.65,4801.4,4802.1
21161,2024-04-26 13:23:00,4801.4,4803.0,4792.85,4794.7
21162,2024-04-26 13:24:00,4796.0,4801.3,4795.95,4796.0
21163,2024-04-26 13:25:00,4795.95,4798.0,4795.0,4795.0
21164,2024-04-26 13:26:00,4796.45,4797.3,4792.4,4792.85
21165,2024-04-26 13:27:00,4792.0,4794.55,4790.1,4790.15
21166,2024-04-26 13:28:00,4790.1,4791.8,4788.0,4788.2
21167,2024-04-26 13:29:00,4788.6,4789.25,4784.35,4786.3
21168,2024-04-26 13:30:00,4786.1,4789.95,4784.3,4785.0
21169,2024-04-26 13:31:00,4787.15,4788.5,4784.6,4787.6
21170,2024-04-26 13:32:00,4785.05,4798.0,4784.6,4795.15
21171,2024-04-26 13:33:00,4796.2,4798.0,4795.0,4795.05
21172,2024-04-26 13:34:00,4795.0,4795.75,4795.0,4795.3
21173,2024-04-26 13:35:00,4795.25,4796.6,4795.0,4795.0
21174,2024-04-26 13:36:00,4796.15,4796.15,4791.75,4792.0
21175,2024-04-26 13:37:00,4791.7,4793.7,4791.3,4792.0
21176,2024-04-26 13:38:00,4791.85,4792.3,4790.8,4791.0
21177,2024-04-26 13:39:00,4791.05,4792.0,4790.75,4791.0
21178,2024-04-26 13:40:00,4791.05,4795.3,4790.45,4794.3
21179,2024-04-26 13:41:00,4793.25,4796.0,4793.25,4794.0
21180,2024-04-26 13:42:00,4794.25,4796.0,4793.0,4793.95
21181,2024-04-26 13:43:00,4793.0,4796.0,4793.0,4794.25
21182,2024-04-26 13:44:00,4793.95,4796.0,4793.1,4793.1
21183,2024-04-26 13:45:00,4794.8,4795.4,4792.95,4795.4
21184,2024-04-26 13:46:00,4793.8,4795.85,4792.1,4793.0
21185,2024-04-26 13:47:00,4792.7,4794.5,4792.0,4793.0
21186,2024-04-26 13:48:00,4793.25,4795.75,4792.5,4793.05
21187,2024-04-26 13:49:00,4793.0,4794.95,4790.85,4790.85
21188,2024-04-26 13:50:00,4790.15,4792.9,4790.15,4791.0
21189,2024-04-26 13:51:00,4790.95,4792.45,4781.05,4781.05
21190,2024-04-26 13:52:00,4784.2,4784.4,4780.0,4781.05
21191,2024-04-26 13:53:00,4780.0,4781.3,4776.05,4778.0
21192,2024-04-26 13:54:00,4778.9,4783.0,4778.0,4780.0
21193,2024-04-26 13:55:00,4779.15,4781.7,4778.85,4779.05
21194,2024-04-26 13:56:00,4781.3,4783.75,4780.0,4782.95
21195,2024-04-26 13:57:00,4784.1,4788.0,4782.35,4786.45
21196,2024-04-26 13:58:00,4784.1,4785.95,4783.0,4785.0
21197,2024-04-26 13:59:00,4783.05,4785.0,4782.95,4785.0
21198,2024-04-26 14:00:00,4783.75,4786.9,4783.0,4785.0
21199,2024-04-26 14:01:00,4785.8,4785.8,4784.0,4784.35
21200,2024-04-26 14:02:00,4784.0,4786.25,4784.0,4785.7
21201,2024-04-26 14:03:00,4787.2,4793.1,4785.6,4788.55
21202,2024-04-26 14:04:00,4788.85,4790.8,4787.7,4789.0
21203,2024-04-26 14:05:00,4788.0,4790.2,4787.65,4788.45
21204,2024-04-26 14:06:00,4788.0,4789.0,4785.0,4785.55
21205,2024-04-26 14:07:00,4785.0,4788.65,4785.0,4786.35
21206,2024-04-26 14:08:00,4787.8,4787.8,4785.0,4785.0
21207,2024-04-26 14:09:00,4785.5,4790.15,4784.5,4787.0
21208,2024-04-26 14:10:00,4786.6,4789.8,4786.25,4787.0
21209,2024-04-26 14:11:00,4789.15,4789.2,4787.0,4787.0
21210,2024-04-26 14:12:00,4787.8,4791.6,4787.0,4791.6
21211,2024-04-26 14:13:00,4790.0,4791.9,4789.1,4789.5
21212,2024-04-26 14:14:00,4789.0,4792.0,4788.0,4791.4
21213,2024-04-26 14:15:00,4791.0,4791.95,4790.0,4791.8
21214,2024-04-26 14:16:00,4792.55,4792.65,4790.0,4791.9
21215,2024-04-26 14:17:00,4791.0,4792.55,4790.0,4791.4
21216,2024-04-26 14:18:00,4791.0,4793.4,4791.0,4791.0
21217,2024-04-26 14:19:00,4792.7,4792.7,4790.0,4790.0
21218,2024-04-26 14:20:00,4791.75,4791.9,4788.0,4788.0
21219,2024-04-26 14:21:00,4789.55,4791.0,4788.0,4788.15
21220,2024-04-26 14:22:00,4789.9,4789.9,4788.0,4788.0
21221,2024-04-26 14:23:00,4788.95,4789.0,4785.0,4785.85
21222,2024-04-26 14:24:00,4785.05,4786.4,4785.0,4786.0
21223,2024-04-26 14:25:00,4786.55,4786.6,4781.0,4781.0
21224,2024-04-26 14:26:00,4783.0,4790.05,4783.0,4785.95
21225,2024-04-26 14:27:00,4786.05,4789.55,4785.85,4789.0
21226,2024-04-26 14:28:00,4789.95,4790.0,4783.0,4783.0
21227,2024-04-26 14:29:00,4782.0,4784.4,4781.0,4784.3
21228,2024-04-26 14:30:00,4782.1,4789.0,4782.1,4787.1
21229,2024-04-26 14:31:00,4788.0,4788.9,4787.0,4788.9
21230,2024-04-26 14:32:00,4788.0,4789.0,4780.5,4781.5
21231,2024-04-26 14:33:00,4781.6,4785.0,4781.6,4782.3
21232,2024-04-26 14:34:00,4782.25,4790.95,4781.0,4788.55
21233,2024-04-26 14:35:00,4788.4,4791.55,4783.25,4787.45
21234,2024-04-26 14:36:00,4785.9,4789.0,4785.05,4786.7
21235,2024-04-26 14:37:00,4789.45,4796.0,4789.35,4795.05
21236,2024-04-26 14:38:00,4795.85,4798.3,4795.0,4795.85
21237,2024-04-26 14:39:00,4795.9,4799.6,4795.9,4799.5
21238,2024-04-26 14:40:00,4797.0,4799.9,4797.0,4797.65
21239,2024-04-26 14:41:00,4797.75,4799.9,4797.4,4799.35
21240,2024-04-26 14:42:00,4800.0,4800.0,4795.0,4797.85
21241,2024-04-26 14:43:00,4795.25,4797.35,4795.0,4795.0
21242,2024-04-26 14:44:00,4796.9,4796.95,4792.55,4795.0
21243,2024-04-26 14:45:00,4796.7,4797.95,4795.0,4795.0
21244,2024-04-26 14:46:00,4795.05,4797.2,4795.0,4796.9
21245,2024-04-26 14:47:00,4795.0,4796.95,4794.0,4795.0
21246,2024-04-26 14:48:00,4795.9,4798.0,4795.0,4797.65
21247,2024-04-26 14:49:00,4795.1,4797.25,4795.0,4796.0
21248,2024-04-26 14:50:00,4795.15,4800.4,4795.0,4800.0
21249,2024-04-26 14:51:00,4800.5,4805.0,4800.0,4803.95
21250,2024-04-26 14:52:00,4801.8,4806.45,4801.8,4803.05
21251,2024-04-26 14:53:00,4803.0,4804.25,4800.0,4801.1
21252,2024-04-26 14:54:00,4800.2,4803.55,4800.0,4800.0
21253,2024-04-26 14:55:00,4802.15,4802.15,4792.9,4794.5
21254,2024-04-26 14:56:00,4792.9,4798.6,4792.0,4793.65
21255,2024-04-26 14:57:00,4796.25,4802.0,4793.8,4795.0
21256,2024-04-26 14:58:00,4796.85,4797.7,4793.45,4794.25
21257,2024-04-26 14:59:00,4794.3,4796.8,4790.0,4790.0
21258,2024-04-26 15:00:00,4790.9,4791.9,4787.6,4788.7
21259,2024-04-26 15:01:00,4788.6,4791.7,4788.0,4788.0
21260,2024-04-26 15:02:00,4789.65,4791.55,4781.0,4781.05
21261,2024-04-26 15:03:00,4780.6,4782.2,4777.1,4779.6
21262,2024-04-26 15:04:00,4779.5,4783.0,4779.0,4780.25
21263,2024-04-26 15:05:00,4780.0,4782.45,4779.0,4780.5
21264,2024-04-26 15:06:00,4780.2,4782.35,4779.8,4780.45
21265,2024-04-26 15:07:00,4780.35,4780.4,4775.4,4777.4
21266,2024-04-26 15:08:00,4776.0,4780.0,4776.0,4777.0
21267,2024-04-26 15:09:00,4777.05,4783.9,4775.05,4781.35
21268,2024-04-26 15:10:00,4782.3,4788.9,4782.1,4788.15
21269,2024-04-26 15:11:00,4788.55,4795.3,4788.15,4795.0
21270,2024-04-26 15:12:00,4795.05,4795.05,4787.65,4787.65
21271,2024-04-26 15:13:00,4786.7,4787.05,4780.55,4782.05
21272,2024-04-26 15:14:00,4782.2,4785.95,4781.05,4782.8
21273,2024-04-26 15:15:00,4782.6,4791.3,4782.6,4785.2
21274,2024-04-26 15:16:00,4786.55,4787.5,4782.1,4785.2
21275,2024-04-26 15:17:00,4785.5,4795.5,4785.15,4795.5
21276,2024-04-26 15:18:00,4795.05,4795.3,4792.55,4793.4
21277,2024-04-26 15:19:00,4793.0,4794.0,4788.05,4788.05
21278,2024-04-26 15:20:00,4788.15,4791.8,4786.95,4787.75
21279,2024-04-26 15:21:00,4788.0,4790.25,4786.6,4786.6
21280,2024-04-26 15:22:00,4786.55,4787.7,4785.0,4785.0
21281,2024-04-26 15:23:00,4785.15,4789.8,4785.0,4788.2
21282,2024-04-26 15:24:00,4788.0,4789.55,4786.55,4788.15
21283,2024-04-26 15:25:00,4788.6,4789.1,4786.9,4788.0
21284,2024-04-26 15:26:00,4788.1,4788.1,4788.0,4788.0
21285,2024-04-26 15:27:00,4788.05,4792.0,4788.0,4792.0
21286,2024-04-26 15:28:00,4793.45,4793.45,4790.0,4790.0
21287,2024-04-26 15:29:00,4790.95,4793.45,4790.0,4792.0
21288,2024-04-29 09:15:00,4809.9,4809.9,4790.05,4794.05
21289,2024-04-29 09:16:00,4789.15,4806.25,4784.7,4800.0
21290,2024-04-29 09:17:00,4799.9,4801.15,4790.65,4794.1
21291,2024-04-29 09:18:00,4790.65,4793.85,4780.1,4781.4
21292,2024-04-29 09:19:00,4785.25,4801.0,4785.25,4800.45
21293,2024-04-29 09:20:00,4803.15,4809.25,4802.05,4808.85
21294,2024-04-29 09:21:00,4803.9,4807.9,4800.1,4803.2
21295,2024-04-29 09:22:00,4806.0,4806.25,4788.1,4788.1
21296,2024-04-29 09:23:00,4789.3,4800.0,4788.55,4788.55
21297,2024-04-29 09:24:00,4790.9,4790.9,4775.35,4780.6
21298,2024-04-29 09:25:00,4780.55,4795.25,4780.55,4791.45
21299,2024-04-29 09:26:00,4789.0,4791.6,4783.0,4786.05
21300,2024-04-29 09:27:00,4785.0,4787.45,4781.55,4781.55
21301,2024-04-29 09:28:00,4783.7,4783.75,4774.75,4775.2
21302,2024-04-29 09:29:00,4775.85,4777.1,4762.7,4762.7
21303,2024-04-29 09:30:00,4761.05,4771.05,4760.65,4770.0
21304,2024-04-29 09:31:00,4770.1,4771.5,4765.05,4769.45
21305,2024-04-29 09:32:00,4767.8,4780.0,4765.95,4779.9
21306,2024-04-29 09:33:00,4777.45,4780.55,4768.45,4768.45
21307,2024-04-29 09:34:00,4770.7,4778.95,4770.7,4774.45
21308,2024-04-29 09:35:00,4774.4,4780.45,4771.55,4775.0
21309,2024-04-29 09:36:00,4775.2,4780.95,4775.0,4776.3
21310,2024-04-29 09:37:00,4776.5,4787.95,4776.05,4781.6
21311,2024-04-29 09:38:00,4781.7,4788.8,4780.6,4782.6
21312,2024-04-29 09:39:00,4780.85,4783.6,4775.45,4780.95
21313,2024-04-29 09:40:00,4783.25,4785.0,4780.05,4780.05
21314,2024-04-29 09:41:00,4780.0,4780.1,4775.15,4776.4
21315,2024-04-29 09:42:00,4779.15,4780.45,4772.2,4776.0
21316,2024-04-29 09:43:00,4777.0,4778.05,4767.05,4770.0
21317,2024-04-29 09:44:00,4769.35,4771.75,4765.0,4766.6
21318,2024-04-29 09:45:00,4765.0,4766.75,4755.4,4757.85
21319,2024-04-29 09:46:00,4755.6,4757.8,4750.9,4751.0
21320,2024-04-29 09:47:00,4750.8,4764.8,4750.5,4763.8
21321,2024-04-29 09:48:00,4763.85,4764.25,4761.05,4761.75
21322,2024-04-29 09:49:00,4760.0,4762.45,4751.75,4755.45
21323,2024-04-29 09:50:00,4755.35,4757.6,4746.15,4747.15
21324,2024-04-29 09:51:00,4746.15,4752.45,4743.3,4744.9
21325,2024-04-29 09:52:00,4743.05,4752.25,4742.15,4752.25
21326,2024-04-29 09:53:00,4751.8,4754.35,4745.55,4747.25
21327,2024-04-29 09:54:00,4748.85,4748.85,4737.65,4739.1
21328,2024-04-29 09:55:00,4735.0,4740.8,4726.4,4730.0
21329,2024-04-29 09:56:00,4731.9,4740.1,4731.75,4732.5
21330,2024-04-29 09:57:00,4732.05,4737.7,4731.0,4731.0
21331,2024-04-29 09:58:00,4730.2,4733.85,4720.6,4720.6
21332,2024-04-29 09:59:00,4720.65,4733.8,4720.0,4733.8
21333,2024-04-29 10:00:00,4733.85,4736.95,4732.35,4735.0
21334,2024-04-29 10:01:00,4733.0,4741.45,4733.0,4738.9
21335,2024-04-29 10:02:00,4738.85,4743.65,4733.95,4733.95
21336,2024-04-29 10:03:00,4733.25,4736.85,4730.0,4730.0
21337,2024-04-29 10:04:00,4731.6,4735.45,4728.05,4733.7
21338,2024-04-29 10:05:00,4732.55,4742.0,4731.35,4739.25
21339,2024-04-29 10:06:00,4741.6,4741.6,4728.05,4728.05
21340,2024-04-29 10:07:00,4729.9,4731.5,4728.05,4729.4
21341,2024-04-29 10:08:00,4729.45,4735.75,4729.15,4733.6
21342,2024-04-29 10:09:00,4734.95,4736.6,4727.55,4727.55
21343,2024-04-29 10:10:00,4727.5,4733.2,4725.6,4727.6
21344,2024-04-29 10:11:00,4729.6,4732.85,4727.6,4730.8
21345,2024-04-29 10:12:00,4729.45,4731.85,4729.4,4731.25
21346,2024-04-29 10:13:00,4729.55,4730.35,4727.6,4728.05
21347,2024-04-29 10:14:00,4729.45,4729.65,4727.05,4729.65
21348,2024-04-29 10:15:00,4730.0,4734.65,4730.0,4732.65
21349,2024-04-29 10:16:00,4732.0,4733.9,4730.3,4733.75
21350,2024-04-29 10:17:00,4734.0,4734.0,4730.0,4730.55
21351,2024-04-29 10:18:00,4730.05,4737.0,4728.1,4737.0
21352,2024-04-29 10:19:00,4737.95,4743.25,4729.7,4735.1
21353,2024-04-29 10:20:00,4733.7,4738.75,4732.0,4732.0
21354,2024-04-29 10:21:00,4732.2,4735.9,4732.2,4733.0
21355,2024-04-29 10:22:00,4734.7,4736.35,4733.0,4736.3
21356,2024-04-29 10:23:00,4733.2,4736.55,4733.0,4734.8
21357,2024-04-29 10:24:00,4733.4,4735.1,4732.1,4732.9
21358,2024-04-29 10:25:00,4732.95,4742.4,4732.95,4742.15
21359,2024-04-29 10:26:00,4742.25,4747.8,4739.2,4741.65
21360,2024-04-29 10:27:00,4739.3,4745.25,4737.6,4740.45
21361,2024-04-29 10:28:00,4742.45,4742.85,4738.55,4738.8
21362,2024-04-29 10:29:00,4738.5,4741.7,4738.5,4740.7
21363,2024-04-29 10:30:00,4741.65,4746.75,4741.65,4746.6
21364,2024-04-29 10:31:00,4746.95,4747.55,4738.4,4741.8
21365,2024-04-29 10:32:00,4740.85,4744.95,4740.65,4740.65
21366,2024-04-29 10:33:00,4741.25,4744.65,4741.0,4743.75
21367,2024-04-29 10:34:00,4741.7,4744.7,4741.7,4741.7
21368,2024-04-29 10:35:00,4743.15,4743.15,4741.5,4741.95
21369,2024-04-29 10:36:00,4742.0,4744.8,4742.0,4742.3
21370,2024-04-29 10:37:00,4742.35,4745.75,4742.35,4745.75
21371,2024-04-29 10:38:00,4745.7,4747.0,4744.5,4746.0
21372,2024-04-29 10:39:00,4746.65,4747.5,4744.5,4745.3
21373,2024-04-29 10:40:00,4743.7,4746.9,4739.2,4746.9
21374,2024-04-29 10:41:00,4746.95,4751.1,4744.6,4750.0
21375,2024-04-29 10:42:00,4751.95,4752.0,4750.0,4750.9
21376,2024-04-29 10:43:00,4751.8,4754.0,4750.9,4752.0
21377,2024-04-29 10:44:00,4754.0,4754.0,4751.0,4751.0
21378,2024-04-29 10:45:00,4750.1,4753.6,4747.5,4753.6
21379,2024-04-29 10:46:00,4753.4,4753.4,4750.0,4750.0
21380,2024-04-29 10:47:00,4751.75,4752.45,4750.0,4750.35
21381,2024-04-29 10:48:00,4750.6,4760.0,4750.6,4759.15
21382,2024-04-29 10:49:00,4758.0,4760.65,4758.0,4760.65
21383,2024-04-29 10:50:00,4759.8,4766.15,4759.8,4766.1
21384,2024-04-29 10:51:00,4769.2,4769.25,4762.6,4763.05
21385,2024-04-29 10:52:00,4764.9,4764.95,4758.6,4759.0
21386,2024-04-29 10:53:00,4759.95,4765.0,4758.95,4762.65
21387,2024-04-29 10:54:00,4763.7,4763.7,4762.6,4762.85
21388,2024-04-29 10:55:00,4762.6,4764.5,4761.0,4764.5
21389,2024-04-29 10:56:00,4764.45,4764.45,4760.0,4761.95
21390,2024-04-29 10:57:00,4761.9,4761.9,4757.8,4760.1
21391,2024-04-29 10:58:00,4758.9,4760.1,4757.45,4758.1
21392,2024-04-29 10:59:00,4760.45,4761.0,4758.0,4758.0
21393,2024-04-29 11:00:00,4758.5,4760.5,4755.1,4755.1
21394,2024-04-29 11:01:00,4755.45,4757.45,4755.1,4755.1
21395,2024-04-29 11:02:00,4755.15,4757.2,4752.1,4752.1
21396,2024-04-29 11:03:00,4752.35,4754.8,4752.1,4753.25
21397,2024-04-29 11:04:00,4753.65,4761.65,4753.65,4759.75
21398,2024-04-29 11:05:00,4758.5,4759.3,4756.0,4758.35
21399,2024-04-29 11:06:00,4757.45,4758.45,4755.55,4757.4
21400,2024-04-29 11:07:00,4758.5,4760.0,4751.4,4751.55
21401,2024-04-29 11:08:00,4751.35,4756.85,4751.3,4753.4
21402,2024-04-29 11:09:00,4753.0,4754.0,4750.05,4750.05
21403,2024-04-29 11:10:00,4750.1,4750.8,4750.0,4750.0
21404,2024-04-29 11:11:00,4751.0,4753.2,4750.0,4750.45
21405,2024-04-29 11:12:00,4750.05,4752.25,4750.0,4750.35
21406,2024-04-29 11:13:00,4750.0,4752.0,4750.0,4751.25
21407,2024-04-29 11:14:00,4751.2,4755.0,4750.45,4755.0
21408,2024-04-29 11:15:00,4753.15,4756.3,4750.6,4750.6
21409,2024-04-29 11:16:00,4751.1,4751.7,4750.45,4750.45
21410,2024-04-29 11:17:00,4750.0,4750.4,4750.0,4750.1
21411,2024-04-29 11:18:00,4750.15,4751.05,4747.0,4751.05
21412,2024-04-29 11:19:00,4750.85,4750.85,4747.7,4748.7
21413,2024-04-29 11:20:00,4750.05,4751.2,4748.75,4751.0
21414,2024-04-29 11:21:00,4750.0,4750.9,4748.5,4748.7
21415,2024-04-29 11:22:00,4750.0,4751.75,4748.5,4749.7
21416,2024-04-29 11:23:00,4749.95,4751.95,4748.65,4750.35
21417,2024-04-29 11:24:00,4750.0,4750.8,4748.9,4750.0
21418,2024-04-29 11:25:00,4750.3,4750.85,4750.0,4750.0
21419,2024-04-29 11:26:00,4750.05,4750.05,4750.0,4750.0
21420,2024-04-29 11:27:00,4749.8,4750.25,4743.65,4748.85
21421,2024-04-29 11:28:00,4750.1,4751.4,4748.9,4750.0
21422,2024-04-29 11:29:00,4750.4,4751.75,4750.0,4750.0
21423,2024-04-29 11:30:00,4748.75,4751.2,4745.3,4750.0
21424,2024-04-29 11:31:00,4751.0,4751.0,4750.0,4750.05
21425,2024-04-29 11:32:00,4750.0,4752.2,4750.0,4750.0
21426,2024-04-29 11:33:00,4750.05,4752.75,4750.05,4750.45
21427,2024-04-29 11:34:00,4752.4,4753.15,4750.65,4753.05
21428,2024-04-29 11:35:00,4752.2,4752.85,4751.8,4752.0
21429,2024-04-29 11:36:00,4751.35,4752.1,4750.45,4751.45
21430,2024-04-29 11:37:00,4751.8,4755.0,4751.3,4753.95
21431,2024-04-29 11:38:00,4754.0,4754.0,4750.45,4752.4
21432,2024-04-29 11:39:00,4751.5,4752.4,4750.0,4751.1
21433,2024-04-29 11:40:00,4750.0,4757.75,4750.0,4756.75
21434,2024-04-29 11:41:00,4756.8,4759.6,4753.35,4754.65
21435,2024-04-29 11:42:00,4754.45,4758.05,4753.8,4754.1
21436,2024-04-29 11:43:00,4755.25,4755.7,4752.35,4753.55
21437,2024-04-29 11:44:00,4752.85,4753.4,4751.0,4752.4
21438,2024-04-29 11:45:00,4752.5,4752.5,4750.0,4750.0
21439,2024-04-29 11:46:00,4750.05,4753.55,4750.05,4751.15
21440,2024-04-29 11:47:00,4750.4,4751.15,4747.55,4749.1
21441,2024-04-29 11:48:00,4747.8,4751.0,4747.05,4751.0
21442,2024-04-29 11:49:00,4751.05,4751.7,4750.0,4750.85
21443,2024-04-29 11:50:00,4750.8,4750.8,4745.6,4747.65
21444,2024-04-29 11:51:00,4746.0,4750.75,4746.0,4749.0
21445,2024-04-29 11:52:00,4749.9,4750.1,4748.0,4748.0
21446,2024-04-29 11:53:00,4750.0,4750.0,4746.8,4747.3
21447,2024-04-29 11:54:00,4749.3,4749.4,4746.0,4746.0
21448,2024-04-29 11:55:00,4745.6,4745.75,4740.6,4740.6
21449,2024-04-29 11:56:00,4745.4,4745.4,4742.25,4744.55
21450,2024-04-29 11:57:00,4745.9,4746.9,4744.55,4744.95
21451,2024-04-29 11:58:00,4744.0,4744.0,4737.6,4739.8
21452,2024-04-29 11:59:00,4739.85,4740.0,4737.55,4739.95
21453,2024-04-29 12:00:00,4740.0,4740.55,4740.0,4740.0
21454,2024-04-29 12:01:00,4740.05,4748.5,4740.0,4746.65
21455,2024-04-29 12:02:00,4747.95,4747.95,4745.0,4745.0
21456,2024-04-29 12:03:00,4745.7,4746.7,4745.6,4746.2
21457,2024-04-29 12:04:00,4746.15,4747.0,4745.0,4746.0
21458,2024-04-29 12:05:00,4745.65,4746.15,4745.0,4745.1
21459,2024-04-29 12:06:00,4745.95,4745.95,4744.0,4745.0
21460,2024-04-29 12:07:00,4745.1,4745.6,4741.0,4742.1
21461,2024-04-29 12:08:00,4741.0,4741.55,4740.0,4740.7
21462,2024-04-29 12:09:00,4740.5,4742.15,4740.5,4742.15
21463,2024-04-29 12:10:00,4742.1,4742.4,4740.55,4742.4
21464,2024-04-29 12:11:00,4740.6,4742.4,4740.6,4741.3
21465,2024-04-29 12:12:00,4742.55,4742.55,4740.55,4740.55
21466,2024-04-29 12:13:00,4740.65,4742.3,4740.35,4740.5
21467,2024-04-29 12:14:00,4741.85,4741.85,4739.75,4739.75
21468,2024-04-29 12:15:00,4739.8,4740.0,4735.8,4736.15
21469,2024-04-29 12:16:00,4738.5,4738.5,4733.2,4733.2
21470,2024-04-29 12:17:00,4734.7,4735.7,4733.2,4734.7
21471,2024-04-29 12:18:00,4735.6,4735.6,4733.0,4733.0
21472,2024-04-29 12:19:00,4733.15,4735.55,4733.0,4735.35
21473,2024-04-29 12:20:00,4735.6,4737.4,4735.35,4737.1
21474,2024-04-29 12:21:00,4736.0,4739.45,4735.35,4736.85
21475,2024-04-29 12:22:00,4738.5,4740.0,4736.1,4737.75
21476,2024-04-29 12:23:00,4739.9,4739.95,4736.45,4736.45
21477,2024-04-29 12:24:00,4736.9,4738.45,4736.55,4736.55
21478,2024-04-29 12:25:00,4737.2,4737.2,4735.0,4735.0
21479,2024-04-29 12:26:00,4735.85,4736.3,4735.0,4735.25
21480,2024-04-29 12:27:00,4736.15,4737.95,4735.0,4736.05
21481,2024-04-29 12:28:00,4737.75,4739.7,4736.5,4738.15
21482,2024-04-29 12:29:00,4739.7,4740.0,4738.0,4738.0
21483,2024-04-29 12:30:00,4739.5,4739.5,4738.0,4738.0
21484,2024-04-29 12:31:00,4737.95,4738.0,4735.0,4736.15
21485,2024-04-29 12:32:00,4737.95,4737.95,4736.15,4737.0
21486,2024-04-29 12:33:00,4738.7,4738.7,4734.9,4735.0
21487,2024-04-29 12:34:00,4736.7,4736.95,4734.9,4734.9
21488,2024-04-29 12:35:00,4735.0,4735.0,4731.1,4732.55
21489,2024-04-29 12:36:00,4732.6,4733.0,4731.0,4732.05
21490,2024-04-29 12:37:00,4732.15,4736.1,4732.15,4736.05
21491,2024-04-29 12:38:00,4736.0,4736.0,4735.0,4735.0
21492,2024-04-29 12:39:00,4735.1,4736.85,4735.0,4736.45
21493,2024-04-29 12:40:00,4735.2,4736.1,4735.0,4735.0
21494,2024-04-29 12:41:00,4735.05,4736.2,4735.0,4735.0
21495,2024-04-29 12:42:00,4735.05,4738.4,4735.0,4735.0
21496,2024-04-29 12:43:00,4735.05,4736.45,4735.05,4736.2
21497,2024-04-29 12:44:00,4735.1,4735.3,4735.0,4735.0
21498,2024-04-29 12:45:00,4735.05,4736.95,4735.0,4735.0
21499,2024-04-29 12:46:00,4735.05,4736.15,4735.0,4735.0
21500,2024-04-29 12:47:00,4736.15,4736.2,4735.0,4735.0
21501,2024-04-29 12:48:00,4735.05,4735.6,4735.0,4735.05
21502,2024-04-29 12:49:00,4735.1,4735.15,4735.0,4735.0
21503,2024-04-29 12:50:00,4735.05,4736.85,4735.0,4735.0
21504,2024-04-29 12:51:00,4735.05,4736.85,4735.0,4735.0
21505,2024-04-29 12:52:00,4735.35,4735.9,4735.0,4735.45
21506,2024-04-29 12:53:00,4736.6,4736.6,4735.0,4736.55
21507,2024-04-29 12:54:00,4735.7,4736.2,4735.0,4735.0
21508,2024-04-29 12:55:00,4735.25,4737.4,4735.0,4735.6
21509,2024-04-29 12:56:00,4735.25,4739.45,4735.0,4735.0
21510,2024-04-29 12:57:00,4735.05,4738.45,4735.0,4735.0
21511,2024-04-29 12:58:00,4735.35,4740.55,4735.2,4739.25
21512,2024-04-29 12:59:00,4739.2,4740.0,4736.9,4737.05
21513,2024-04-29 13:00:00,4737.0,4739.7,4737.0,4737.4
21514,2024-04-29 13:01:00,4739.55,4740.55,4736.25,4737.3
21515,2024-04-29 13:02:00,4737.0,4741.4,4737.0,4738.95
21516,2024-04-29 13:03:00,4739.25,4743.25,4739.05,4741.85
21517,2024-04-29 13:04:00,4743.15,4744.7,4741.85,4742.6
21518,2024-04-29 13:05:00,4742.55,4742.55,4736.3,4738.55
21519,2024-04-29 13:06:00,4738.0,4738.0,4735.0,4735.0
21520,2024-04-29 13:07:00,4735.05,4736.8,4735.0,4735.0
21521,2024-04-29 13:08:00,4735.5,4738.1,4735.0,4735.0
21522,2024-04-29 13:09:00,4735.05,4738.45,4735.0,4735.35
21523,2024-04-29 13:10:00,4735.45,4736.25,4735.25,4736.15
21524,2024-04-29 13:11:00,4735.6,4735.85,4735.25,4735.85
21525,2024-04-29 13:12:00,4735.25,4736.35,4735.25,4735.25
21526,2024-04-29 13:13:00,4735.3,4736.3,4735.25,4735.25
21527,2024-04-29 13:14:00,4735.0,4736.9,4735.0,4736.45
21528,2024-04-29 13:15:00,4735.05,4735.95,4730.75,4735.0
21529,2024-04-29 13:16:00,4735.05,4735.85,4735.0,4735.45
21530,2024-04-29 13:17:00,4735.05,4735.45,4735.0,4735.0
21531,2024-04-29 13:18:00,4735.35,4736.15,4735.0,4735.4
21532,2024-04-29 13:19:00,4735.45,4738.75,4735.35,4737.15
21533,2024-04-29 13:20:00,4737.2,4740.0,4735.75,4736.95
21534,2024-04-29 13:21:00,4737.8,4737.8,4735.35,4735.4
21535,2024-04-29 13:22:00,4735.35,4737.45,4735.0,4735.4
21536,2024-04-29 13:23:00,4735.05,4736.0,4735.0,4735.0
21537,2024-04-29 13:24:00,4735.05,4735.95,4735.0,4735.0
21538,2024-04-29 13:25:00,4734.9,4736.0,4733.5,4735.1
21539,2024-04-29 13:26:00,4735.0,4735.25,4733.5,4735.05
21540,2024-04-29 13:27:00,4735.0,4736.15,4735.0,4735.0
21541,2024-04-29 13:28:00,4735.15,4737.1,4735.0,4735.1
21542,2024-04-29 13:29:00,4737.25,4737.25,4735.0,4735.1
21543,2024-04-29 13:30:00,4735.15,4737.25,4735.05,4735.05
21544,2024-04-29 13:31:00,4735.1,4737.45,4735.05,4736.25
21545,2024-04-29 13:32:00,4737.45,4738.95,4735.0,4736.65
21546,2024-04-29 13:33:00,4735.25,4739.0,4735.25,4739.0
21547,2024-04-29 13:34:00,4736.8,4738.55,4735.9,4736.0
21548,2024-04-29 13:35:00,4735.9,4736.95,4734.9,4734.9
21549,2024-04-29 13:36:00,4734.85,4736.2,4734.15,4734.8
21550,2024-04-29 13:37:00,4734.15,4734.7,4733.05,4733.05
21551,2024-04-29 13:38:00,4733.1,4734.85,4733.05,4733.3
21552,2024-04-29 13:39:00,4733.5,4734.65,4733.05,4733.25
21553,2024-04-29 13:40:00,4733.95,4735.7,4733.05,4733.4
21554,2024-04-29 13:41:00,4733.65,4735.4,4733.25,4733.25
21555,2024-04-29 13:42:00,4734.45,4734.95,4733.25,4734.25
21556,2024-04-29 13:43:00,4734.7,4735.0,4734.0,4734.5
21557,2024-04-29 13:44:00,4734.75,4735.0,4734.75,4734.95
21558,2024-04-29 13:45:00,4734.9,4735.0,4733.0,4733.0
21559,2024-04-29 13:46:00,4733.05,4735.0,4733.0,4734.45
21560,2024-04-29 13:47:00,4733.05,4734.9,4732.95,4733.0
21561,2024-04-29 13:48:00,4733.05,4734.65,4733.05,4733.3
21562,2024-04-29 13:49:00,4733.2,4735.0,4733.0,4733.35
21563,2024-04-29 13:50:00,4733.25,4734.55,4733.0,4733.0
21564,2024-04-29 13:51:00,4733.45,4734.4,4732.0,4734.35
21565,2024-04-29 13:52:00,4734.0,4734.0,4732.05,4733.5
21566,2024-04-29 13:53:00,4733.0,4735.0,4732.95,4734.95
21567,2024-04-29 13:54:00,4734.9,4734.9,4733.05,4733.15
21568,2024-04-29 13:55:00,4734.35,4737.2,4733.05,4735.1
21569,2024-04-29 13:56:00,4734.3,4735.1,4733.1,4734.95
21570,2024-04-29 13:57:00,4734.9,4735.0,4733.0,4733.3
21571,2024-04-29 13:58:00,4733.05,4734.2,4732.0,4734.2
21572,2024-04-29 13:59:00,4732.15,4735.0,4732.1,4733.15
21573,2024-04-29 14:00:00,4733.1,4734.9,4733.05,4733.1
21574,2024-04-29 14:01:00,4734.25,4734.25,4733.05,4733.65
21575,2024-04-29 14:02:00,4734.5,4734.9,4732.25,4733.1
21576,2024-04-29 14:03:00,4734.1,4735.0,4733.0,4734.0
21577,2024-04-29 14:04:00,4734.9,4734.9,4734.0,4734.25
21578,2024-04-29 14:05:00,4734.2,4734.9,4734.0,4734.25
21579,2024-04-29 14:06:00,4734.3,4738.0,4734.25,4737.45
21580,2024-04-29 14:07:00,4738.0,4738.0,4735.0,4735.05
21581,2024-04-29 14:08:00,4735.0,4736.45,4733.45,4733.5
21582,2024-04-29 14:09:00,4734.7,4735.0,4733.0,4733.1
21583,2024-04-29 14:10:00,4734.0,4734.0,4733.1,4733.1
21584,2024-04-29 14:11:00,4733.3,4734.95,4733.1,4734.65
21585,2024-04-29 14:12:00,4733.1,4734.95,4733.1,4733.1
21586,2024-04-29 14:13:00,4735.0,4735.0,4733.05,4733.85
21587,2024-04-29 14:14:00,4733.0,4733.0,4726.2,4726.2
21588,2024-04-29 14:15:00,4726.15,4728.3,4725.0,4725.65
21589,2024-04-29 14:16:00,4728.25,4728.25,4723.8,4723.8
21590,2024-04-29 14:17:00,4722.8,4725.0,4720.0,4721.7
21591,2024-04-29 14:18:00,4720.05,4722.0,4719.0,4719.05
21592,2024-04-29 14:19:00,4719.2,4721.25,4717.5,4718.0
21593,2024-04-29 14:20:00,4718.9,4721.55,4715.2,4718.5
21594,2024-04-29 14:21:00,4720.95,4725.0,4718.75,4724.85
21595,2024-04-29 14:22:00,4723.95,4726.9,4723.95,4725.5
21596,2024-04-29 14:23:00,4726.45,4727.0,4725.0,4725.05
21597,2024-04-29 14:24:00,4726.2,4727.0,4725.0,4725.0
21598,2024-04-29 14:25:00,4726.45,4726.45,4725.0,4725.0
21599,2024-04-29 14:26:00,4725.9,4729.05,4725.9,4728.85
21600,2024-04-29 14:27:00,4728.75,4730.7,4728.15,4730.0
21601,2024-04-29 14:28:00,4730.7,4734.0,4730.0,4731.0
21602,2024-04-29 14:29:00,4732.85,4733.15,4731.0,4731.0
21603,2024-04-29 14:30:00,4731.1,4732.45,4731.0,4731.1
21604,2024-04-29 14:31:00,4731.25,4731.3,4730.55,4730.8
21605,2024-04-29 14:32:00,4730.55,4733.95,4730.0,4732.9
21606,2024-04-29 14:33:00,4735.0,4735.0,4733.5,4733.5
21607,2024-04-29 14:34:00,4734.2,4735.0,4733.5,4734.0
21608,2024-04-29 14:35:00,4734.7,4735.0,4733.5,4735.0
21609,2024-04-29 14:36:00,4734.8,4735.0,4734.6,4735.0
21610,2024-04-29 14:37:00,4734.95,4735.0,4734.6,4734.6
21611,2024-04-29 14:38:00,4734.95,4735.0,4734.6,4734.6
21612,2024-04-29 14:39:00,4734.8,4734.8,4731.1,4734.25
21613,2024-04-29 14:40:00,4733.0,4734.1,4732.15,4732.15
21614,2024-04-29 14:41:00,4731.45,4733.15,4731.0,4733.0
21615,2024-04-29 14:42:00,4731.05,4733.3,4731.0,4731.1
21616,2024-04-29 14:43:00,4732.4,4734.15,4732.0,4732.4
21617,2024-04-29 14:44:00,4733.9,4734.0,4731.5,4732.7
21618,2024-04-29 14:45:00,4731.5,4733.7,4731.25,4731.75
21619,2024-04-29 14:46:00,4733.15,4734.55,4731.25,4733.25
21620,2024-04-29 14:47:00,4734.5,4734.5,4732.0,4733.6
21621,2024-04-29 14:48:00,4734.5,4735.0,4733.55,4733.65
21622,2024-04-29 14:49:00,4733.1,4733.5,4732.0,4732.0
21623,2024-04-29 14:50:00,4732.45,4735.0,4732.0,4734.5
21624,2024-04-29 14:51:00,4734.55,4735.0,4734.5,4734.55
21625,2024-04-29 14:52:00,4734.7,4735.65,4734.55,4734.75
21626,2024-04-29 14:53:00,4734.55,4735.7,4734.55,4735.6
21627,2024-04-29 14:54:00,4735.55,4736.0,4735.55,4735.85
21628,2024-04-29 14:55:00,4735.9,4737.5,4735.85,4737.5
21629,2024-04-29 14:56:00,4738.2,4742.4,4737.5,4739.3
21630,2024-04-29 14:57:00,4739.0,4739.3,4735.0,4736.15
21631,2024-04-29 14:58:00,4736.85,4736.85,4733.0,4733.0
21632,2024-04-29 14:59:00,4734.05,4737.4,4733.0,4737.35
21633,2024-04-29 15:00:00,4737.3,4741.35,4731.15,4738.5
21634,2024-04-29 15:01:00,4739.4,4741.0,4733.9,4740.35
21635,2024-04-29 15:02:00,4740.8,4745.95,4740.8,4743.7
21636,2024-04-29 15:03:00,4745.8,4748.0,4743.45,4745.6
21637,2024-04-29 15:04:00,4746.75,4746.75,4740.05,4742.85
21638,2024-04-29 15:05:00,4740.7,4745.0,4740.65,4743.45
21639,2024-04-29 15:06:00,4743.3,4746.55,4742.5,4746.55
21640,2024-04-29 15:07:00,4746.05,4748.0,4744.4,4747.0
21641,2024-04-29 15:08:00,4746.1,4749.55,4746.1,4748.0
21642,2024-04-29 15:09:00,4749.5,4751.55,4745.55,4749.1
21643,2024-04-29 15:10:00,4747.75,4749.0,4746.5,4748.9
21644,2024-04-29 15:11:00,4749.0,4749.0,4745.0,4746.05
21645,2024-04-29 15:12:00,4746.0,4750.5,4745.55,4748.4
21646,2024-04-29 15:13:00,4749.7,4752.4,4748.4,4750.35
21647,2024-04-29 15:14:00,4750.8,4754.0,4750.7,4754.0
21648,2024-04-29 15:15:00,4753.2,4755.0,4753.2,4753.5
21649,2024-04-29 15:16:00,4753.35,4756.85,4753.35,4756.25
21650,2024-04-29 15:17:00,4756.5,4756.8,4754.15,4755.55
21651,2024-04-29 15:18:00,4754.95,4756.0,4749.05,4750.35
21652,2024-04-29 15:19:00,4749.1,4749.15,4746.05,4746.75
21653,2024-04-29 15:20:00,4747.3,4751.85,4746.8,4747.0
21654,2024-04-29 15:21:00,4746.75,4749.45,4746.0,4748.1
21655,2024-04-29 15:22:00,4748.5,4750.0,4748.0,4748.35
21656,2024-04-29 15:23:00,4748.25,4750.0,4748.25,4748.95
21657,2024-04-29 15:24:00,4750.0,4750.0,4748.9,4749.55
21658,2024-04-29 15:25:00,4749.6,4750.0,4749.55,4749.6
21659,2024-04-29 15:26:00,4749.55,4750.0,4749.55,4749.75
21660,2024-04-29 15:27:00,4749.7,4750.0,4749.0,4749.5
21661,2024-04-29 15:28:00,4750.0,4750.0,4749.0,4749.0
21662,2024-04-29 15:29:00,4748.9,4749.0,4748.0,4748.1
21663,2024-04-30 09:14:00,4750.0,4750.0,4750.0,4750.0
21664,2024-04-30 09:15:00,4759.8,4763.45,4750.0,4754.2
21665,2024-04-30 09:16:00,4758.4,4763.95,4748.05,4760.3
21666,2024-04-30 09:17:00,4759.1,4762.55,4751.95,4762.55
21667,2024-04-30 09:18:00,4763.0,4767.0,4750.0,4750.0
21668,2024-04-30 09:19:00,4751.2,4751.2,4741.0,4747.3
21669,2024-04-30 09:20:00,4749.45,4750.3,4746.95,4747.0
21670,2024-04-30 09:21:00,4748.6,4748.6,4735.0,4744.65
21671,2024-04-30 09:22:00,4745.0,4747.5,4742.9,4747.5
21672,2024-04-30 09:23:00,4747.8,4748.2,4745.1,4746.05
21673,2024-04-30 09:24:00,4746.0,4747.75,4743.0,4745.0
21674,2024-04-30 09:25:00,4744.15,4745.1,4741.05,4745.0
21675,2024-04-30 09:26:00,4744.8,4745.0,4742.0,4744.0
21676,2024-04-30 09:27:00,4740.3,4744.65,4740.3,4744.65
21677,2024-04-30 09:28:00,4745.0,4747.0,4742.4,4743.5
21678,2024-04-30 09:29:00,4745.0,4745.0,4743.15,4745.0
21679,2024-04-30 09:30:00,4743.5,4747.8,4743.5,4747.8
21680,2024-04-30 09:31:00,4749.35,4755.0,4749.35,4751.3
21681,2024-04-30 09:32:00,4753.95,4757.5,4749.25,4752.7
21682,2024-04-30 09:33:00,4755.0,4759.9,4755.0,4758.0
21683,2024-04-30 09:34:00,4755.75,4762.0,4755.0,4760.1
21684,2024-04-30 09:35:00,4762.0,4764.0,4760.0,4761.35
21685,2024-04-30 09:36:00,4763.5,4765.0,4761.3,4765.0
21686,2024-04-30 09:37:00,4764.95,4765.0,4763.6,4765.0
21687,2024-04-30 09:38:00,4764.0,4765.0,4764.0,4764.95
21688,2024-04-30 09:39:00,4765.0,4765.0,4763.8,4764.0
21689,2024-04-30 09:40:00,4765.0,4770.0,4764.0,4770.0
21690,2024-04-30 09:41:00,4770.2,4773.65,4770.0,4771.95
21691,2024-04-30 09:42:00,4770.15,4771.15,4767.4,4768.45
21692,2024-04-30 09:43:00,4769.15,4769.95,4766.0,4769.95
21693,2024-04-30 09:44:00,4769.75,4770.0,4768.0,4769.95
21694,2024-04-30 09:45:00,4769.0,4769.0,4765.05,4767.55
21695,2024-04-30 09:46:00,4768.9,4769.0,4765.4,4765.4
21696,2024-04-30 09:47:00,4767.55,4767.55,4763.1,4764.0
21697,2024-04-30 09:48:00,4763.0,4764.95,4763.0,4764.95
21698,2024-04-30 09:49:00,4766.0,4768.55,4765.0,4768.55
21699,2024-04-30 09:50:00,4768.65,4772.5,4767.0,4771.8
21700,2024-04-30 09:51:00,4770.0,4772.5,4770.0,4770.2
21701,2024-04-30 09:52:00,4771.85,4774.0,4770.2,4772.0
21702,2024-04-30 09:53:00,4770.3,4772.0,4769.0,4769.0
21703,2024-04-30 09:54:00,4766.95,4771.65,4766.95,4771.5
21704,2024-04-30 09:55:00,4769.6,4773.7,4769.5,4773.6
21705,2024-04-30 09:56:00,4774.0,4778.0,4774.0,4777.0
21706,2024-04-30 09:57:00,4778.0,4778.6,4773.05,4774.95
21707,2024-04-30 09:58:00,4775.1,4775.1,4771.15,4771.2
21708,2024-04-30 09:59:00,4771.0,4772.0,4770.0,4770.0
21709,2024-04-30 10:00:00,4771.85,4772.0,4769.0,4771.55
21710,2024-04-30 10:01:00,4769.1,4771.0,4766.5,4766.5
21711,2024-04-30 10:02:00,4767.2,4769.1,4765.0,4765.6
21712,2024-04-30 10:03:00,4768.05,4768.05,4763.4,4763.75
21713,2024-04-30 10:04:00,4765.0,4765.0,4763.0,4764.8
21714,2024-04-30 10:05:00,4762.55,4762.55,4755.15,4757.05
21715,2024-04-30 10:06:00,4759.85,4761.25,4756.2,4758.9
21716,2024-04-30 10:07:00,4759.0,4760.6,4759.0,4759.0
21717,2024-04-30 10:08:00,4760.0,4761.45,4755.5,4761.45
21718,2024-04-30 10:09:00,4758.9,4763.0,4758.9,4760.9
21719,2024-04-30 10:10:00,4760.0,4765.0,4759.85,4765.0
21720,2024-04-30 10:11:00,4764.95,4764.95,4758.9,4760.0
21721,2024-04-30 10:12:00,4763.4,4765.0,4763.35,4765.0
21722,2024-04-30 10:13:00,4763.5,4763.85,4760.0,4761.35
21723,2024-04-30 10:14:00,4763.1,4763.3,4760.3,4760.5
21724,2024-04-30 10:15:00,4762.65,4765.0,4760.4,4765.0
21725,2024-04-30 10:16:00,4762.75,4765.0,4762.75,4765.0
21726,2024-04-30 10:17:00,4763.0,4765.9,4761.1,4764.65
21727,2024-04-30 10:18:00,4763.05,4765.0,4759.5,4759.5
21728,2024-04-30 10:19:00,4761.95,4762.0,4760.0,4761.9
21729,2024-04-30 10:20:00,4760.05,4763.0,4760.05,4760.4
21730,2024-04-30 10:21:00,4761.95,4762.0,4760.4,4762.0
21731,2024-04-30 10:22:00,4761.95,4761.95,4759.05,4760.0
21732,2024-04-30 10:23:00,4759.8,4760.15,4758.0,4758.55
21733,2024-04-30 10:24:00,4756.9,4758.6,4756.6,4756.6
21734,2024-04-30 10:25:00,4756.9,4758.95,4756.6,4758.95
21735,2024-04-30 10:26:00,4756.6,4758.0,4756.0,4756.0
21736,2024-04-30 10:27:00,4756.05,4757.9,4756.0,4756.0
21737,2024-04-30 10:28:00,4755.0,4755.0,4752.0,4754.05
21738,2024-04-30 10:29:00,4753.0,4753.85,4750.0,4751.15
21739,2024-04-30 10:30:00,4751.0,4751.9,4750.0,4751.9
21740,2024-04-30 10:31:00,4750.1,4752.0,4750.1,4751.9
21741,2024-04-30 10:32:00,4752.0,4752.85,4750.25,4752.55
21742,2024-04-30 10:33:00,4752.5,4752.5,4750.5,4752.0
21743,2024-04-30 10:34:00,4752.5,4752.5,4749.05,4750.0
21744,2024-04-30 10:35:00,4751.45,4752.55,4749.05,4752.45
21745,2024-04-30 10:36:00,4750.0,4750.0,4749.0,4750.0
21746,2024-04-30 10:37:00,4748.5,4749.8,4748.0,4749.0
21747,2024-04-30 10:38:00,4748.0,4749.0,4748.0,4749.0
21748,2024-04-30 10:39:00,4748.0,4750.0,4748.0,4748.0
21749,2024-04-30 10:40:00,4749.0,4752.75,4747.0,4752.75
21750,2024-04-30 10:41:00,4752.7,4752.75,4752.0,4752.0
21751,2024-04-30 10:42:00,4751.7,4753.45,4751.7,4753.4
21752,2024-04-30 10:43:00,4751.7,4753.45,4749.75,4751.05
21753,2024-04-30 10:44:00,4751.15,4751.15,4749.95,4751.15
21754,2024-04-30 10:45:00,4751.0,4751.45,4749.3,4750.0
21755,2024-04-30 10:46:00,4749.3,4749.95,4748.0,4749.75
21756,2024-04-30 10:47:00,4748.0,4748.0,4740.9,4740.9
21757,2024-04-30 10:48:00,4740.95,4748.0,4740.95,4746.65
21758,2024-04-30 10:49:00,4749.15,4749.15,4746.65,4748.25
21759,2024-04-30 10:50:00,4746.65,4748.0,4743.5,4748.0
21760,2024-04-30 10:51:00,4746.2,4749.2,4746.2,4749.15
21761,2024-04-30 10:52:00,4749.05,4750.0,4749.05,4750.0
21762,2024-04-30 10:53:00,4749.15,4750.0,4746.2,4748.0
21763,2024-04-30 10:54:00,4747.95,4748.0,4747.0,4748.0
21764,2024-04-30 10:55:00,4747.0,4747.35,4745.0,4746.9
21765,2024-04-30 10:56:00,4745.0,4745.0,4740.55,4744.45
21766,2024-04-30 10:57:00,4745.15,4748.95,4742.05,4742.05
21767,2024-04-30 10:58:00,4744.3,4744.9,4741.0,4741.0
21768,2024-04-30 10:59:00,4742.0,4745.0,4742.0,4743.0
21769,2024-04-30 11:00:00,4745.0,4745.0,4742.75,4742.75
21770,2024-04-30 11:01:00,4744.95,4744.95,4742.75,4744.05
21771,2024-04-30 11:02:00,4742.0,4744.25,4741.3,4741.3
21772,2024-04-30 11:03:00,4741.35,4743.9,4741.35,4743.9
21773,2024-04-30 11:04:00,4743.85,4743.85,4741.75,4743.6
21774,2024-04-30 11:05:00,4743.3,4743.3,4741.75,4743.25
21775,2024-04-30 11:06:00,4741.75,4742.75,4741.35,4742.5
21776,2024-04-30 11:07:00,4741.35,4742.5,4741.35,4742.5
21777,2024-04-30 11:08:00,4741.2,4742.5,4741.2,4742.5
21778,2024-04-30 11:09:00,4742.45,4742.6,4741.0,4741.0
21779,2024-04-30 11:10:00,4742.0,4743.65,4741.0,4742.5
21780,2024-04-30 11:11:00,4744.1,4744.1,4738.75,4739.7
21781,2024-04-30 11:12:00,4739.9,4741.0,4738.9,4740.0
21782,2024-04-30 11:13:00,4739.55,4741.85,4738.9,4741.85
21783,2024-04-30 11:14:00,4740.0,4740.0,4739.05,4739.05
21784,2024-04-30 11:15:00,4739.0,4740.0,4739.0,4739.75
21785,2024-04-30 11:16:00,4740.0,4740.0,4737.0,4737.25
21786,2024-04-30 11:17:00,4737.55,4738.85,4736.05,4737.65
21787,2024-04-30 11:18:00,4737.3,4741.85,4737.3,4741.85
21788,2024-04-30 11:19:00,4741.9,4742.0,4738.0,4738.6
21789,2024-04-30 11:20:00,4738.7,4740.75,4737.0,4738.55
21790,2024-04-30 11:21:00,4738.0,4738.85,4737.0,4738.05
21791,2024-04-30 11:22:00,4738.4,4738.4,4736.55,4738.25
21792,2024-04-30 11:23:00,4738.35,4738.8,4736.05,4738.8
21793,2024-04-30 11:24:00,4738.95,4738.95,4737.45,4737.45
21794,2024-04-30 11:25:00,4737.95,4738.0,4737.45,4738.0
21795,2024-04-30 11:26:00,4739.0,4740.4,4737.45,4740.4
21796,2024-04-30 11:27:00,4740.0,4740.45,4739.0,4740.45
21797,2024-04-30 11:28:00,4739.1,4741.95,4739.0,4741.95
21798,2024-04-30 11:29:00,4741.3,4744.25,4740.0,4740.8
21799,2024-04-30 11:30:00,4742.8,4743.65,4740.6,4743.55
21800,2024-04-30 11:31:00,4742.0,4744.7,4742.0,4744.6
21801,2024-04-30 11:32:00,4744.65,4749.7,4743.0,4746.8
21802,2024-04-30 11:33:00,4748.4,4749.8,4746.15,4748.0
21803,2024-04-30 11:34:00,4749.5,4749.5,4748.0,4749.0
21804,2024-04-30 11:35:00,4749.3,4750.0,4748.05,4748.3
21805,2024-04-30 11:36:00,4750.55,4750.55,4748.05,4748.05
21806,2024-04-30 11:37:00,4748.45,4749.4,4745.0,4747.35
21807,2024-04-30 11:38:00,4745.85,4748.85,4745.85,4747.35
21808,2024-04-30 11:39:00,4748.7,4748.85,4746.0,4746.0
21809,2024-04-30 11:40:00,4747.95,4747.95,4745.25,4745.25
21810,2024-04-30 11:41:00,4746.2,4746.2,4744.0,4744.0
21811,2024-04-30 11:42:00,4743.45,4745.9,4743.4,4743.6
21812,2024-04-30 11:43:00,4743.5,4746.45,4743.5,4744.75
21813,2024-04-30 11:44:00,4744.1,4746.0,4744.1,4744.8
21814,2024-04-30 11:45:00,4744.1,4748.25,4743.5,4748.25
21815,2024-04-30 11:46:00,4746.5,4748.65,4746.5,4748.65
21816,2024-04-30 11:47:00,4747.7,4748.7,4747.7,4748.7
21817,2024-04-30 11:48:00,4748.5,4749.9,4748.2,4749.45
21818,2024-04-30 11:49:00,4747.8,4749.65,4747.1,4748.25
21819,2024-04-30 11:50:00,4748.7,4748.7,4747.95,4748.0
21820,2024-04-30 11:51:00,4747.95,4748.0,4746.45,4746.45
21821,2024-04-30 11:52:00,4747.95,4747.95,4746.65,4746.65
21822,2024-04-30 11:53:00,4747.5,4748.0,4745.0,4746.0
21823,2024-04-30 11:54:00,4747.3,4747.85,4747.0,4747.35
21824,2024-04-30 11:55:00,4747.95,4749.0,4747.35,4749.0
21825,2024-04-30 11:56:00,4747.85,4749.0,4746.0,4749.0
21826,2024-04-30 11:57:00,4748.6,4748.6,4744.75,4748.3
21827,2024-04-30 11:58:00,4748.7,4749.25,4745.55,4749.25
21828,2024-04-30 11:59:00,4747.45,4750.95,4747.4,4750.95
21829,2024-04-30 12:00:00,4750.2,4750.85,4747.4,4748.0
21830,2024-04-30 12:01:00,4749.0,4751.0,4748.05,4750.0
21831,2024-04-30 12:02:00,4749.95,4751.25,4748.05,4748.1
21832,2024-04-30 12:03:00,4750.25,4750.25,4749.25,4749.25
21833,2024-04-30 12:04:00,4750.0,4750.0,4749.3,4749.95
21834,2024-04-30 12:05:00,4749.9,4749.95,4749.0,4749.0
21835,2024-04-30 12:06:00,4749.95,4750.0,4749.05,4750.0
21836,2024-04-30 12:07:00,4749.85,4749.85,4749.0,4749.0
21837,2024-04-30 12:08:00,4749.5,4749.5,4747.0,4747.0
21838,2024-04-30 12:09:00,4747.5,4748.95,4746.55,4747.6
21839,2024-04-30 12:10:00,4747.5,4748.55,4747.5,4747.5
21840,2024-04-30 12:11:00,4747.8,4748.0,4744.75,4744.75
21841,2024-04-30 12:12:00,4746.4,4747.45,4746.0,4747.45
21842,2024-04-30 12:13:00,4746.05,4749.5,4746.05,4749.5
21843,2024-04-30 12:14:00,4749.95,4749.95,4748.05,4748.05
21844,2024-04-30 12:15:00,4747.3,4749.0,4744.8,4744.95
21845,2024-04-30 12:16:00,4746.75,4746.75,4744.95,4744.95
21846,2024-04-30 12:17:00,4745.05,4745.05,4744.95,4745.0
21847,2024-04-30 12:18:00,4744.95,4745.0,4744.95,4745.0
21848,2024-04-30 12:19:00,4744.95,4747.3,4744.3,4746.75
21849,2024-04-30 12:20:00,4746.7,4746.95,4744.0,4744.0
21850,2024-04-30 12:21:00,4746.5,4746.5,4744.0,4745.3
21851,2024-04-30 12:22:00,4745.7,4746.35,4745.05,4746.0
21852,2024-04-30 12:23:00,4745.0,4746.0,4744.0,4744.0
21853,2024-04-30 12:24:00,4744.95,4745.3,4744.0,4744.95
21854,2024-04-30 12:25:00,4744.85,4745.0,4744.85,4745.0
21855,2024-04-30 12:26:00,4745.05,4746.0,4743.65,4743.65
21856,2024-04-30 12:27:00,4745.05,4746.0,4743.65,4746.0
21857,2024-04-30 12:28:00,4746.9,4746.9,4743.45,4744.9
21858,2024-04-30 12:29:00,4745.8,4746.05,4740.05,4740.15
21859,2024-04-30 12:30:00,4740.0,4740.45,4737.0,4740.25
21860,2024-04-30 12:31:00,4741.2,4742.45,4739.0,4742.45
21861,2024-04-30 12:32:00,4742.4,4743.7,4741.85,4742.05
21862,2024-04-30 12:33:00,4743.0,4744.95,4743.0,4744.1
21863,2024-04-30 12:34:00,4745.2,4748.7,4745.2,4748.7
21864,2024-04-30 12:35:00,4748.0,4749.2,4743.2,4745.0
21865,2024-04-30 12:36:00,4746.8,4749.9,4746.0,4748.45
21866,2024-04-30 12:37:00,4749.95,4749.95,4747.0,4749.05
21867,2024-04-30 12:38:00,4748.5,4749.0,4748.5,4748.8
21868,2024-04-30 12:39:00,4749.0,4749.6,4749.0,4749.6
21869,2024-04-30 12:40:00,4749.9,4749.9,4749.15,4749.3
21870,2024-04-30 12:41:00,4749.8,4753.0,4749.6,4753.0
21871,2024-04-30 12:42:00,4752.8,4754.3,4752.8,4753.35
21872,2024-04-30 12:43:00,4753.6,4756.0,4753.35,4755.25
21873,2024-04-30 12:44:00,4755.0,4755.25,4748.55,4748.55
21874,2024-04-30 12:45:00,4749.15,4750.0,4749.15,4749.7
21875,2024-04-30 12:46:00,4749.9,4749.95,4749.7,4749.7
21876,2024-04-30 12:47:00,4749.9,4749.95,4747.25,4749.3
21877,2024-04-30 12:48:00,4748.1,4749.25,4743.1,4743.15
21878,2024-04-30 12:49:00,4743.0,4743.0,4737.0,4738.55
21879,2024-04-30 12:50:00,4737.0,4744.9,4737.0,4744.45
21880,2024-04-30 12:51:00,4744.9,4744.9,4738.45,4738.65
21881,2024-04-30 12:52:00,4738.45,4740.0,4737.0,4739.7
21882,2024-04-30 12:53:00,4737.0,4741.75,4736.75,4740.75
21883,2024-04-30 12:54:00,4739.4,4741.75,4737.0,4739.55
21884,2024-04-30 12:55:00,4741.9,4741.9,4732.75,4739.9
21885,2024-04-30 12:56:00,4737.05,4741.9,4735.75,4738.55
21886,2024-04-30 12:57:00,4739.0,4742.0,4736.8,4740.3
21887,2024-04-30 12:58:00,4740.5,4741.45,4737.15,4739.4
21888,2024-04-30 12:59:00,4737.5,4739.45,4736.5,4738.0
21889,2024-04-30 13:00:00,4737.15,4740.8,4737.0,4739.0
21890,2024-04-30 13:01:00,4739.55,4742.0,4739.55,4742.0
21891,2024-04-30 13:02:00,4741.95,4742.0,4737.9,4740.0
21892,2024-04-30 13:03:00,4737.0,4740.0,4736.05,4738.55
21893,2024-04-30 13:04:00,4736.15,4737.85,4735.0,4735.0
21894,2024-04-30 13:05:00,4736.95,4736.95,4730.0,4731.0
21895,2024-04-30 13:06:00,4730.0,4732.0,4725.05,4725.05
21896,2024-04-30 13:07:00,4725.0,4727.9,4725.0,4725.6
21897,2024-04-30 13:08:00,4725.55,4727.9,4725.0,4725.45
21898,2024-04-30 13:09:00,4726.75,4727.0,4725.0,4725.1
21899,2024-04-30 13:10:00,4726.55,4727.75,4725.0,4725.05
21900,2024-04-30 13:11:00,4725.5,4728.5,4725.0,4727.05
21901,2024-04-30 13:12:00,4725.6,4727.95,4725.0,4725.05
21902,2024-04-30 13:13:00,4725.0,4726.85,4724.7,4725.75
21903,2024-04-30 13:14:00,4725.0,4725.7,4722.95,4725.0
21904,2024-04-30 13:15:00,4724.95,4725.0,4724.05,4725.0
21905,2024-04-30 13:16:00,4726.0,4729.85,4725.0,4729.65
21906,2024-04-30 13:17:00,4726.95,4727.25,4724.1,4726.7
21907,2024-04-30 13:18:00,4725.0,4725.0,4724.1,4725.0
21908,2024-04-30 13:19:00,4724.6,4725.0,4724.6,4725.0
21909,2024-04-30 13:20:00,4724.95,4725.0,4724.95,4724.95
21910,2024-04-30 13:21:00,4725.85,4726.95,4724.1,4725.0
21911,2024-04-30 13:22:00,4724.9,4727.0,4724.8,4725.0
21912,2024-04-30 13:23:00,4724.95,4725.0,4724.95,4724.95
21913,2024-04-30 13:24:00,4725.0,4725.0,4724.5,4725.0
21914,2024-04-30 13:25:00,4724.95,4725.0,4724.9,4725.0
21915,2024-04-30 13:26:00,4724.95,4725.0,4724.95,4724.95
21916,2024-04-30 13:27:00,4725.0,4727.0,4724.0,4725.0
21917,2024-04-30 13:28:00,4724.8,4725.0,4724.8,4725.0
21918,2024-04-30 13:29:00,4724.95,4725.0,4724.95,4725.0
21919,2024-04-30 13:30:00,4724.95,4726.6,4724.95,4725.0
21920,2024-04-30 13:31:00,4724.95,4725.0,4722.0,4722.0
21921,2024-04-30 13:32:00,4723.05,4725.0,4723.05,4725.0
21922,2024-04-30 13:33:00,4724.95,4725.0,4720.0,4720.7
21923,2024-04-30 13:34:00,4722.6,4725.0,4722.6,4725.0
21924,2024-04-30 13:35:00,4724.95,4725.0,4724.8,4725.0
21925,2024-04-30 13:36:00,4724.9,4727.1,4724.8,4725.0
21926,2024-04-30 13:37:00,4724.95,4725.0,4724.95,4725.0
21927,2024-04-30 13:38:00,4724.95,4725.0,4724.95,4725.0
21928,2024-04-30 13:39:00,4724.95,4725.0,4724.95,4725.0
21929,2024-04-30 13:40:00,4724.95,4725.0,4720.05,4724.3
21930,2024-04-30 13:41:00,4723.35,4724.35,4722.25,4724.35
21931,2024-04-30 13:42:00,4724.25,4725.0,4724.0,4724.0
21932,2024-04-30 13:43:00,4724.75,4725.0,4722.3,4724.45
21933,2024-04-30 13:44:00,4723.8,4724.55,4722.3,4724.4
21934,2024-04-30 13:45:00,4724.5,4725.0,4724.4,4724.85
21935,2024-04-30 13:46:00,4724.8,4725.0,4724.8,4725.0
21936,2024-04-30 13:47:00,4724.95,4725.0,4724.9,4724.9
21937,2024-04-30 13:48:00,4724.95,4724.95,4722.35,4722.5
21938,2024-04-30 13:49:00,4724.6,4724.85,4722.3,4723.0
21939,2024-04-30 13:50:00,4723.8,4724.95,4722.3,4724.9
21940,2024-04-30 13:51:00,4724.95,4724.95,4724.9,4724.95
21941,2024-04-30 13:52:00,4724.9,4724.95,4724.9,4724.95
21942,2024-04-30 13:53:00,4724.9,4724.95,4723.05,4724.9
21943,2024-04-30 13:54:00,4724.95,4724.95,4724.75,4724.95
21944,2024-04-30 13:55:00,4724.9,4724.95,4724.9,4724.95
21945,2024-04-30 13:56:00,4724.9,4724.95,4723.3,4723.3
21946,2024-04-30 13:57:00,4724.15,4724.95,4723.05,4724.0
21947,2024-04-30 13:58:00,4723.95,4724.5,4721.4,4724.5
21948,2024-04-30 13:59:00,4723.8,4724.5,4722.5,4724.5
21949,2024-04-30 14:00:00,4724.0,4724.0,4723.5,4723.5
21950,2024-04-30 14:01:00,4723.0,4723.05,4721.5,4723.05
21951,2024-04-30 14:02:00,4723.0,4723.05,4720.0,4720.0
21952,2024-04-30 14:03:00,4721.6,4721.6,4716.0,4717.0
21953,2024-04-30 14:04:00,4718.65,4720.0,4717.0,4720.0
21954,2024-04-30 14:05:00,4719.95,4720.0,4718.05,4720.0
21955,2024-04-30 14:06:00,4719.95,4720.0,4718.0,4719.15
21956,2024-04-30 14:07:00,4718.05,4722.85,4718.05,4721.35
21957,2024-04-30 14:08:00,4722.0,4722.6,4717.65,4720.0
21958,2024-04-30 14:09:00,4717.25,4719.95,4717.25,4718.7
21959,2024-04-30 14:10:00,4719.0,4720.0,4719.0,4720.0
21960,2024-04-30 14:11:00,4719.9,4720.0,4719.1,4720.0
21961,2024-04-30 14:12:00,4719.95,4720.0,4716.0,4716.0
21962,2024-04-30 14:13:00,4717.55,4718.2,4716.45,4717.9
21963,2024-04-30 14:14:00,4717.85,4720.0,4717.85,4719.85
21964,2024-04-30 14:15:00,4720.0,4720.0,4719.95,4720.0
21965,2024-04-30 14:16:00,4719.95,4720.0,4715.05,4715.3
21966,2024-04-30 14:17:00,4718.0,4719.6,4716.4,4719.45
21967,2024-04-30 14:18:00,4716.0,4719.8,4716.0,4719.0
21968,2024-04-30 14:19:00,4719.3,4719.3,4719.15,4719.3
21969,2024-04-30 14:20:00,4719.9,4719.95,4717.75,4717.8
21970,2024-04-30 14:21:00,4719.25,4720.0,4718.2,4719.4
21971,2024-04-30 14:22:00,4718.35,4720.0,4718.0,4719.2
21972,2024-04-30 14:23:00,4717.0,4719.2,4717.0,4719.1
21973,2024-04-30 14:24:00,4719.9,4720.0,4717.8,4720.0
21974,2024-04-30 14:25:00,4719.1,4720.0,4719.1,4720.0
21975,2024-04-30 14:26:00,4719.85,4720.0,4719.6,4719.85
21976,2024-04-30 14:27:00,4720.0,4720.0,4719.85,4719.85
21977,2024-04-30 14:28:00,4719.6,4719.6,4717.0,4717.9
21978,2024-04-30 14:29:00,4718.65,4718.8,4715.15,4715.7
21979,2024-04-30 14:30:00,4715.05,4716.0,4715.0,4716.0
21980,2024-04-30 14:31:00,4715.75,4716.0,4715.0,4715.75
21981,2024-04-30 14:32:00,4715.7,4715.75,4715.5,4715.75
21982,2024-04-30 14:33:00,4715.7,4715.7,4715.05,4715.5
21983,2024-04-30 14:34:00,4715.7,4715.7,4715.0,4715.55
21984,2024-04-30 14:35:00,4715.65,4715.7,4715.55,4715.7
21985,2024-04-30 14:36:00,4715.55,4715.7,4715.55,4715.65
21986,2024-04-30 14:37:00,4715.7,4715.7,4711.05,4713.7
21987,2024-04-30 14:38:00,4713.6,4714.65,4712.55,4712.8
21988,2024-04-30 14:39:00,4713.9,4714.85,4712.0,4712.0
21989,2024-04-30 14:40:00,4712.55,4713.3,4710.25,4713.3
21990,2024-04-30 14:41:00,4711.0,4713.85,4710.0,4713.85
21991,2024-04-30 14:42:00,4711.35,4713.85,4709.5,4710.8
21992,2024-04-30 14:43:00,4712.9,4712.9,4710.45,4711.0
21993,2024-04-30 14:44:00,4712.0,4714.3,4711.0,4714.3
21994,2024-04-30 14:45:00,4712.05,4715.55,4712.05,4715.3
21995,2024-04-30 14:46:00,4715.7,4715.7,4713.9,4714.8
21996,2024-04-30 14:47:00,4714.65,4715.0,4714.5,4714.85
21997,2024-04-30 14:48:00,4714.9,4715.0,4711.0,4712.0
21998,2024-04-30 14:49:00,4712.65,4712.65,4710.25,4710.6
21999,2024-04-30 14:50:00,4712.5,4713.9,4709.3,4709.9
22000,2024-04-30 14:51:00,4709.3,4711.4,4707.5,4708.85
22001,2024-04-30 14:52:00,4711.3,4713.5,4710.1,4713.3
22002,2024-04-30 14:53:00,4713.35,4714.5,4713.35,4714.5
22003,2024-04-30 14:54:00,4715.0,4715.0,4714.0,4714.75
22004,2024-04-30 14:55:00,4714.8,4715.0,4714.75,4715.0
22005,2024-04-30 14:56:00,4714.95,4714.95,4713.0,4713.5
22006,2024-04-30 14:57:00,4714.0,4714.85,4713.0,4713.15
22007,2024-04-30 14:58:00,4714.85,4714.85,4712.2,4713.1
22008,2024-04-30 14:59:00,4713.05,4713.1,4712.2,4712.45
22009,2024-04-30 15:00:00,4712.5,4712.5,4706.0,4706.35
22010,2024-04-30 15:01:00,4705.55,4707.1,4703.0,4705.85
22011,2024-04-30 15:02:00,4706.55,4707.1,4702.5,4703.1
22012,2024-04-30 15:03:00,4705.65,4705.65,4702.5,4702.6
22013,2024-04-30 15:04:00,4702.5,4707.15,4702.0,4702.9
22014,2024-04-30 15:05:00,4702.1,4704.75,4701.3,4704.7
22015,2024-04-30 15:06:00,4705.0,4708.75,4705.0,4708.0
22016,2024-04-30 15:07:00,4707.95,4708.0,4707.95,4707.95
22017,2024-04-30 15:08:00,4708.0,4708.0,4705.8,4707.85
22018,2024-04-30 15:09:00,4707.8,4711.3,4706.05,4710.55
22019,2024-04-30 15:10:00,4711.05,4714.5,4709.3,4710.65
22020,2024-04-30 15:11:00,4710.1,4714.85,4708.75,4710.0
22021,2024-04-30 15:12:00,4709.9,4710.55,4709.85,4709.95
22022,2024-04-30 15:13:00,4709.85,4710.0,4707.9,4708.95
22023,2024-04-30 15:14:00,4708.7,4708.95,4706.3,4708.6
22024,2024-04-30 15:15:00,4709.0,4711.1,4707.7,4708.1
22025,2024-04-30 15:16:00,4708.05,4708.1,4707.95,4708.0
22026,2024-04-30 15:17:00,4707.5,4707.5,4705.05,4705.05
22027,2024-04-30 15:18:00,4705.65,4705.65,4702.0,4702.0
22028,2024-04-30 15:19:00,4702.95,4710.0,4702.85,4708.0
22029,2024-04-30 15:20:00,4709.1,4710.0,4706.1,4709.55
22030,2024-04-30 15:21:00,4709.35,4709.55,4705.4,4705.4
22031,2024-04-30 15:22:00,4706.0,4706.95,4702.15,4702.75
22032,2024-04-30 15:23:00,4703.85,4706.0,4702.75,4704.8
22033,2024-04-30 15:24:00,4704.75,4704.8,4703.0,4703.2
22034,2024-04-30 15:25:00,4703.25,4704.85,4702.4,4704.85
22035,2024-04-30 15:26:00,4704.8,4709.8,4704.75,4709.35
22036,2024-04-30 15:27:00,4709.5,4709.8,4707.1,4708.2
22037,2024-04-30 15:28:00,4707.7,4710.5,4705.0,4710.5
22038,2024-04-30 15:29:00,4710.0,4710.5,4709.0,4709.0
22039,2024-05-02 09:15:00,4727.65,4733.7,4720.0,4733.7
22040,2024-05-02 09:16:00,4732.5,4745.95,4720.1,4732.35
22041,2024-05-02 09:17:00,4733.3,4734.5,4721.35,4730.05
22042,2024-05-02 09:18:00,4730.7,4734.4,4715.65,4715.9
22043,2024-05-02 09:19:00,4718.45,4718.45,4706.4,4711.6
22044,2024-05-02 09:20:00,4711.3,4718.25,4709.95,4717.0
22045,2024-05-02 09:21:00,4716.0,4719.95,4711.15,4719.95
22046,2024-05-02 09:22:00,4718.8,4727.0,4715.8,4727.0
22047,2024-05-02 09:23:00,4726.45,4738.0,4725.65,4738.0
22048,2024-05-02 09:24:00,4737.3,4737.3,4722.85,4725.3
22049,2024-05-02 09:25:00,4725.5,4727.0,4717.9,4719.0
22050,2024-05-02 09:26:00,4720.55,4727.0,4718.6,4726.95
22051,2024-05-02 09:27:00,4725.6,4726.45,4719.55,4720.8
22052,2024-05-02 09:28:00,4720.5,4722.95,4719.05,4721.9
22053,2024-05-02 09:29:00,4722.0,4725.0,4721.25,4721.95
22054,2024-05-02 09:30:00,4722.0,4725.0,4720.5,4720.5
22055,2024-05-02 09:31:00,4720.6,4726.0,4720.6,4726.0
22056,2024-05-02 09:32:00,4725.8,4727.2,4720.2,4721.65
22057,2024-05-02 09:33:00,4720.0,4721.55,4716.1,4718.75
22058,2024-05-02 09:34:00,4717.5,4717.95,4709.0,4712.1
22059,2024-05-02 09:35:00,4712.05,4714.25,4710.95,4711.55
22060,2024-05-02 09:36:00,4711.1,4713.85,4709.5,4712.5
22061,2024-05-02 09:37:00,4712.45,4714.85,4711.8,4713.1
22062,2024-05-02 09:38:00,4711.4,4718.0,4710.0,4717.6
22063,2024-05-02 09:39:00,4718.0,4718.0,4713.15,4716.7
22064,2024-05-02 09:40:00,4717.1,4723.85,4716.95,4723.85
22065,2024-05-02 09:41:00,4722.6,4729.65,4721.9,4728.0
22066,2024-05-02 09:42:00,4727.8,4729.0,4724.6,4729.0
22067,2024-05-02 09:43:00,4729.5,4736.85,4728.25,4730.0
22068,2024-05-02 09:44:00,4729.95,4735.0,4729.55,4733.4
22069,2024-05-02 09:45:00,4734.9,4737.45,4733.0,4735.45
22070,2024-05-02 09:46:00,4733.9,4737.95,4727.8,4731.3
22071,2024-05-02 09:47:00,4731.1,4731.1,4726.6,4726.6
22072,2024-05-02 09:48:00,4726.45,4727.0,4721.1,4723.05
22073,2024-05-02 09:49:00,4721.9,4724.95,4720.55,4723.35
22074,2024-05-02 09:50:00,4721.35,4726.15,4720.1,4724.7
22075,2024-05-02 09:51:00,4726.95,4731.35,4724.85,4728.7
22076,2024-05-02 09:52:00,4727.55,4730.5,4727.25,4729.8
22077,2024-05-02 09:53:00,4729.65,4731.95,4728.6,4729.9
22078,2024-05-02 09:54:00,4728.65,4730.55,4723.15,4728.0
22079,2024-05-02 09:55:00,4727.3,4731.35,4725.7,4729.95
22080,2024-05-02 09:56:00,4729.9,4730.0,4727.6,4728.95
22081,2024-05-02 09:57:00,4729.9,4734.0,4727.1,4733.1
22082,2024-05-02 09:58:00,4732.2,4733.05,4723.95,4728.2
22083,2024-05-02 09:59:00,4727.95,4727.95,4722.3,4725.1
22084,2024-05-02 10:00:00,4724.7,4726.45,4715.15,4717.15
22085,2024-05-02 10:01:00,4717.55,4724.35,4715.35,4724.35
22086,2024-05-02 10:02:00,4725.5,4728.6,4723.0,4726.85
22087,2024-05-02 10:03:00,4726.65,4726.9,4723.85,4726.0
22088,2024-05-02 10:04:00,4725.75,4726.0,4721.05,4721.6
22089,2024-05-02 10:05:00,4721.55,4726.0,4719.6,4722.25
22090,2024-05-02 10:06:00,4722.35,4724.95,4720.05,4724.15
22091,2024-05-02 10:07:00,4723.85,4724.85,4721.45,4724.45
22092,2024-05-02 10:08:00,4722.45,4725.0,4720.8,4725.0
22093,2024-05-02 10:09:00,4724.15,4724.9,4719.2,4722.9
22094,2024-05-02 10:10:00,4724.0,4725.0,4722.55,4724.6
22095,2024-05-02 10:11:00,4724.5,4724.9,4719.15,4723.45
22096,2024-05-02 10:12:00,4724.9,4724.9,4722.9,4722.9
22097,2024-05-02 10:13:00,4724.0,4724.5,4723.7,4724.45
22098,2024-05-02 10:14:00,4724.4,4724.5,4722.9,4724.5
22099,2024-05-02 10:15:00,4724.45,4724.5,4722.6,4723.85
22100,2024-05-02 10:16:00,4722.65,4724.0,4719.7,4722.8
22101,2024-05-02 10:17:00,4721.3,4723.5,4719.45,4719.45
22102,2024-05-02 10:18:00,4720.0,4723.55,4718.55,4721.05
22103,2024-05-02 10:19:00,4721.7,4721.7,4718.35,4719.35
22104,2024-05-02 10:20:00,4719.55,4722.1,4717.75,4720.7
22105,2024-05-02 10:21:00,4721.1,4723.95,4717.7,4719.95
22106,2024-05-02 10:22:00,4718.7,4723.45,4716.95,4723.45
22107,2024-05-02 10:23:00,4724.0,4726.0,4722.0,4726.0
22108,2024-05-02 10:24:00,4726.85,4730.0,4726.0,4726.5
22109,2024-05-02 10:25:00,4726.95,4728.0,4725.15,4727.0
22110,2024-05-02 10:26:00,4726.15,4727.0,4725.0,4727.0
22111,2024-05-02 10:27:00,4726.0,4726.0,4720.4,4722.15
22112,2024-05-02 10:28:00,4722.7,4727.0,4722.7,4725.1
22113,2024-05-02 10:29:00,4725.5,4727.95,4724.35,4726.35
22114,2024-05-02 10:30:00,4727.2,4727.7,4721.15,4724.65
22115,2024-05-02 10:31:00,4725.5,4728.0,4724.3,4727.95
22116,2024-05-02 10:32:00,4727.9,4727.9,4724.65,4726.4
22117,2024-05-02 10:33:00,4727.45,4727.5,4724.8,4725.25
22118,2024-05-02 10:34:00,4726.75,4727.35,4722.4,4724.8
22119,2024-05-02 10:35:00,4722.4,4725.8,4722.3,4725.0
22120,2024-05-02 10:36:00,4724.95,4725.0,4722.5,4725.0
22121,2024-05-02 10:37:00,4724.95,4725.0,4721.55,4725.0
22122,2024-05-02 10:38:00,4724.95,4725.0,4721.65,4724.4
22123,2024-05-02 10:39:00,4725.0,4725.0,4720.65,4725.0
22124,2024-05-02 10:40:00,4724.85,4725.0,4722.3,4724.9
22125,2024-05-02 10:41:00,4724.85,4725.0,4722.05,4725.0
22126,2024-05-02 10:42:00,4724.7,4725.0,4721.75,4721.75
22127,2024-05-02 10:43:00,4724.35,4724.95,4720.55,4724.7
22128,2024-05-02 10:44:00,4724.75,4725.0,4720.05,4725.0
22129,2024-05-02 10:45:00,4724.45,4725.0,4721.05,4723.9
22130,2024-05-02 10:46:00,4723.45,4724.65,4715.6,4719.4
22131,2024-05-02 10:47:00,4719.5,4722.0,4718.55,4720.1
22132,2024-05-02 10:48:00,4721.15,4722.0,4718.4,4720.95
22133,2024-05-02 10:49:00,4722.0,4722.0,4718.55,4721.0
22134,2024-05-02 10:50:00,4719.0,4722.0,4718.2,4722.0
22135,2024-05-02 10:51:00,4721.8,4725.0,4720.25,4723.8
22136,2024-05-02 10:52:00,4725.0,4725.0,4720.65,4724.85
22137,2024-05-02 10:53:00,4724.5,4725.0,4720.25,4725.0
22138,2024-05-02 10:54:00,4724.95,4724.95,4720.45,4722.25
22139,2024-05-02 10:55:00,4722.55,4724.0,4719.75,4723.65
22140,2024-05-02 10:56:00,4723.95,4724.0,4719.55,4719.55
22141,2024-05-02 10:57:00,4721.5,4723.65,4718.3,4720.0
22142,2024-05-02 10:58:00,4719.7,4720.0,4717.95,4720.0
22143,2024-05-02 10:59:00,4718.0,4720.0,4716.0,4718.9
22144,2024-05-02 11:00:00,4716.2,4718.9,4715.0,4715.6
22145,2024-05-02 11:01:00,4715.4,4718.0,4715.0,4715.15
22146,2024-05-02 11:02:00,4715.05,4715.05,4709.0,4710.15
22147,2024-05-02 11:03:00,4711.3,4711.3,4709.1,4710.0
22148,2024-05-02 11:04:00,4709.2,4710.0,4708.0,4710.0
22149,2024-05-02 11:05:00,4709.85,4710.0,4707.05,4708.95
22150,2024-05-02 11:06:00,4709.9,4710.0,4707.05,4710.0
22151,2024-05-02 11:07:00,4709.9,4710.05,4708.4,4708.5
22152,2024-05-02 11:08:00,4709.3,4712.0,4708.15,4710.7
22153,2024-05-02 11:09:00,4711.2,4718.0,4710.6,4718.0
22154,2024-05-02 11:10:00,4719.0,4723.75,4719.0,4722.0
22155,2024-05-02 11:11:00,4721.2,4722.1,4718.15,4722.1
22156,2024-05-02 11:12:00,4720.3,4722.1,4718.0,4721.5
22157,2024-05-02 11:13:00,4721.55,4724.0,4717.0,4723.65
22158,2024-05-02 11:14:00,4722.55,4723.65,4714.9,4720.3
22159,2024-05-02 11:15:00,4720.4,4722.0,4717.55,4721.0
22160,2024-05-02 11:16:00,4720.9,4722.05,4715.4,4715.75
22161,2024-05-02 11:17:00,4718.75,4718.75,4708.55,4709.95
22162,2024-05-02 11:18:00,4710.0,4712.1,4678.7,4678.7
22163,2024-05-02 11:19:00,4681.95,4703.7,4681.95,4702.8
22164,2024-05-02 11:20:00,4703.3,4705.0,4701.15,4704.5
22165,2024-05-02 11:21:00,4702.2,4702.2,4695.0,4695.0
22166,2024-05-02 11:22:00,4696.0,4696.0,4692.6,4693.05
22167,2024-05-02 11:23:00,4695.0,4696.0,4692.6,4696.0
22168,2024-05-02 11:24:00,4695.85,4697.55,4692.5,4694.65
22169,2024-05-02 11:25:00,4695.0,4695.0,4692.05,4693.95
22170,2024-05-02 11:26:00,4693.8,4693.9,4681.05,4683.75
22171,2024-05-02 11:27:00,4681.0,4688.0,4675.55,4686.8
22172,2024-05-02 11:28:00,4686.9,4699.5,4685.0,4699.5
22173,2024-05-02 11:29:00,4699.6,4700.0,4695.55,4698.85
22174,2024-05-02 11:30:00,4699.6,4700.0,4684.3,4689.15
22175,2024-05-02 11:31:00,4691.45,4696.8,4688.3,4696.8
22176,2024-05-02 11:32:00,4697.0,4708.6,4694.3,4708.6
22177,2024-05-02 11:33:00,4709.0,4709.0,4703.2,4708.65
22178,2024-05-02 11:34:00,4708.8,4708.8,4702.0,4704.3
22179,2024-05-02 11:35:00,4704.35,4706.4,4695.35,4698.2
22180,2024-05-02 11:36:00,4697.45,4700.0,4695.0,4700.0
22181,2024-05-02 11:37:00,4699.5,4700.0,4696.95,4699.55
22182,2024-05-02 11:38:00,4699.8,4700.0,4697.35,4699.65
22183,2024-05-02 11:39:00,4699.85,4699.85,4696.85,4699.2
22184,2024-05-02 11:40:00,4699.5,4703.4,4698.6,4703.35
22185,2024-05-02 11:41:00,4703.3,4705.8,4699.75,4704.55
22186,2024-05-02 11:42:00,4702.85,4703.5,4699.5,4699.95
22187,2024-05-02 11:43:00,4699.8,4700.0,4699.0,4700.0
22188,2024-05-02 11:44:00,4699.95,4702.1,4699.85,4701.5
22189,2024-05-02 11:45:00,4700.0,4701.9,4699.55,4699.95
22190,2024-05-02 11:46:00,4700.0,4700.45,4699.35,4700.1
22191,2024-05-02 11:47:00,4700.4,4702.0,4700.0,4700.55
22192,2024-05-02 11:48:00,4700.6,4701.0,4695.0,4696.2
22193,2024-05-02 11:49:00,4696.5,4699.0,4695.05,4699.0
22194,2024-05-02 11:50:00,4697.8,4699.15,4696.35,4698.7
22195,2024-05-02 11:51:00,4696.45,4697.8,4691.5,4691.8
22196,2024-05-02 11:52:00,4694.3,4696.15,4692.4,4696.0
22197,2024-05-02 11:53:00,4696.85,4698.65,4692.3,4696.65
22198,2024-05-02 11:54:00,4697.0,4699.1,4695.1,4699.05
22199,2024-05-02 11:55:00,4699.1,4699.1,4694.45,4697.15
22200,2024-05-02 11:56:00,4697.0,4697.5,4693.0,4695.25
22201,2024-05-02 11:57:00,4694.0,4697.45,4693.6,4696.85
22202,2024-05-02 11:58:00,4694.65,4697.5,4694.4,4695.0
22203,2024-05-02 11:59:00,4696.0,4697.5,4695.0,4695.0
22204,2024-05-02 12:00:00,4696.7,4696.95,4694.5,4695.35
22205,2024-05-02 12:01:00,4695.2,4696.0,4694.5,4695.0
22206,2024-05-02 12:02:00,4694.5,4696.95,4692.65,4696.95
22207,2024-05-02 12:03:00,4697.05,4698.65,4696.0,4697.85
22208,2024-05-02 12:04:00,4698.25,4699.9,4697.05,4698.85
22209,2024-05-02 12:05:00,4698.9,4699.95,4696.95,4699.95
22210,2024-05-02 12:06:00,4699.1,4700.0,4698.8,4699.7
22211,2024-05-02 12:07:00,4698.6,4700.0,4698.6,4700.0
22212,2024-05-02 12:08:00,4699.95,4699.95,4698.35,4699.75
22213,2024-05-02 12:09:00,4699.7,4700.0,4697.4,4699.1
22214,2024-05-02 12:10:00,4699.95,4700.0,4696.95,4697.85
22215,2024-05-02 12:11:00,4697.9,4698.0,4696.95,4697.85
22216,2024-05-02 12:12:00,4696.55,4700.0,4696.55,4700.0
22217,2024-05-02 12:13:00,4699.95,4700.0,4697.95,4699.85
22218,2024-05-02 12:14:00,4700.0,4700.0,4698.65,4699.85
22219,2024-05-02 12:15:00,4699.9,4713.65,4699.05,4711.75
22220,2024-05-02 12:16:00,4708.1,4708.1,4699.0,4702.3
22221,2024-05-02 12:17:00,4700.2,4707.0,4700.0,4702.3
22222,2024-05-02 12:18:00,4702.0,4707.5,4700.35,4706.2
22223,2024-05-02 12:19:00,4704.05,4707.0,4703.9,4706.75
22224,2024-05-02 12:20:00,4706.5,4707.0,4704.0,4704.05
22225,2024-05-02 12:21:00,4704.25,4706.9,4704.0,4704.5
22226,2024-05-02 12:22:00,4705.65,4711.0,4704.65,4707.95
22227,2024-05-02 12:23:00,4711.2,4712.7,4707.0,4710.65
22228,2024-05-02 12:24:00,4710.45,4711.0,4707.05,4708.05
22229,2024-05-02 12:25:00,4708.1,4712.0,4707.05,4712.0
22230,2024-05-02 12:26:00,4709.45,4713.25,4709.25,4709.25
22231,2024-05-02 12:27:00,4709.3,4712.0,4707.85,4710.7
22232,2024-05-02 12:28:00,4711.45,4715.0,4710.7,4713.3
22233,2024-05-02 12:29:00,4711.0,4714.65,4710.65,4711.0
22234,2024-05-02 12:30:00,4712.95,4713.5,4710.0,4712.1
22235,2024-05-02 12:31:00,4710.1,4712.25,4708.1,4712.25
22236,2024-05-02 12:32:00,4713.0,4713.0,4707.25,4709.45
22237,2024-05-02 12:33:00,4709.35,4709.35,4706.6,4706.6
22238,2024-05-02 12:34:00,4708.9,4709.25,4705.2,4706.25
22239,2024-05-02 12:35:00,4708.8,4708.8,4704.5,4707.0
22240,2024-05-02 12:36:00,4710.0,4713.25,4707.0,4709.7
22241,2024-05-02 12:37:00,4709.05,4711.75,4707.85,4708.0
22242,2024-05-02 12:38:00,4710.5,4712.0,4708.0,4712.0
22243,2024-05-02 12:39:00,4710.0,4711.95,4710.0,4711.5
22244,2024-05-02 12:40:00,4710.0,4712.5,4710.0,4712.5
22245,2024-05-02 12:41:00,4712.0,4712.0,4710.0,4711.95
22246,2024-05-02 12:42:00,4710.0,4713.25,4710.0,4711.1
22247,2024-05-02 12:43:00,4712.85,4712.85,4709.3,4710.0
22248,2024-05-02 12:44:00,4710.65,4712.25,4708.9,4710.55
22249,2024-05-02 12:45:00,4710.1,4713.25,4710.0,4710.3
22250,2024-05-02 12:46:00,4711.95,4712.0,4710.0,4710.75
22251,2024-05-02 12:47:00,4712.0,4712.0,4708.0,4708.25
22252,2024-05-02 12:48:00,4710.35,4711.15,4708.0,4710.0
22253,2024-05-02 12:49:00,4711.4,4711.95,4710.0,4710.0
22254,2024-05-02 12:50:00,4711.5,4711.95,4710.0,4711.65
22255,2024-05-02 12:51:00,4710.05,4711.95,4708.0,4710.6
22256,2024-05-02 12:52:00,4708.65,4711.0,4708.0,4708.3
22257,2024-05-02 12:53:00,4710.2,4710.25,4708.0,4710.0
22258,2024-05-02 12:54:00,4709.8,4709.8,4706.75,4707.0
22259,2024-05-02 12:55:00,4708.75,4710.9,4707.0,4710.9
22260,2024-05-02 12:56:00,4708.4,4711.3,4708.1,4708.95
22261,2024-05-02 12:57:00,4708.55,4711.95,4708.25,4709.2
22262,2024-05-02 12:58:00,4709.85,4709.85,4708.0,4708.0
22263,2024-05-02 12:59:00,4709.55,4710.0,4707.95,4709.65
22264,2024-05-02 13:00:00,4709.5,4711.9,4708.0,4709.45
22265,2024-05-02 13:01:00,4709.3,4711.95,4708.0,4708.7
22266,2024-05-02 13:02:00,4710.95,4710.95,4707.5,4707.5
22267,2024-05-02 13:03:00,4707.45,4711.5,4707.15,4708.1
22268,2024-05-02 13:04:00,4710.75,4711.2,4708.15,4708.2
22269,2024-05-02 13:05:00,4708.25,4710.85,4707.8,4708.0
22270,2024-05-02 13:06:00,4707.6,4709.8,4707.6,4708.0
22271,2024-05-02 13:07:00,4708.8,4710.0,4707.6,4707.6
22272,2024-05-02 13:08:00,4708.0,4710.25,4707.95,4708.0
22273,2024-05-02 13:09:00,4709.6,4709.85,4707.6,4708.05
22274,2024-05-02 13:10:00,4709.1,4710.25,4707.6,4707.6
22275,2024-05-02 13:11:00,4709.3,4710.2,4707.5,4708.0
22276,2024-05-02 13:12:00,4710.0,4710.0,4707.75,4707.75
22277,2024-05-02 13:13:00,4707.0,4710.0,4707.0,4709.35
22278,2024-05-02 13:14:00,4709.45,4709.5,4707.0,4707.0
22279,2024-05-02 13:15:00,4707.9,4709.5,4701.75,4704.45
22280,2024-05-02 13:16:00,4704.2,4704.25,4695.0,4698.1
22281,2024-05-02 13:17:00,4698.5,4702.55,4695.8,4701.3
22282,2024-05-02 13:18:00,4700.0,4702.7,4700.0,4700.0
22283,2024-05-02 13:19:00,4702.3,4703.6,4700.0,4700.0
22284,2024-05-02 13:20:00,4700.3,4705.0,4698.6,4700.0
22285,2024-05-02 13:21:00,4700.15,4702.35,4700.0,4700.1
22286,2024-05-02 13:22:00,4702.2,4702.4,4700.0,4700.0
22287,2024-05-02 13:23:00,4700.1,4701.95,4699.0,4699.0
22288,2024-05-02 13:24:00,4700.0,4702.85,4699.0,4699.05
22289,2024-05-02 13:25:00,4699.1,4702.7,4698.95,4699.95
22290,2024-05-02 13:26:00,4700.0,4700.0,4699.0,4699.95
22291,2024-05-02 13:27:00,4699.0,4700.0,4699.0,4699.0
22292,2024-05-02 13:28:00,4700.0,4700.0,4699.0,4699.35
22293,2024-05-02 13:29:00,4700.0,4700.0,4699.0,4700.0
22294,2024-05-02 13:30:00,4699.95,4700.0,4698.05,4698.7
22295,2024-05-02 13:31:00,4698.0,4699.0,4696.7,4698.9
22296,2024-05-02 13:32:00,4698.65,4701.95,4698.65,4700.0
22297,2024-05-02 13:33:00,4701.95,4701.95,4699.95,4700.8
22298,2024-05-02 13:34:00,4701.0,4701.95,4699.5,4701.65
22299,2024-05-02 13:35:00,4700.0,4700.0,4699.2,4700.0
22300,2024-05-02 13:36:00,4700.05,4700.05,4699.05,4700.0
22301,2024-05-02 13:37:00,4699.0,4701.65,4699.0,4699.5
22302,2024-05-02 13:38:00,4699.95,4701.25,4698.65,4700.0
22303,2024-05-02 13:39:00,4700.75,4701.65,4700.0,4701.1
22304,2024-05-02 13:40:00,4700.0,4701.6,4699.9,4699.9
22305,2024-05-02 13:41:00,4700.0,4700.45,4698.7,4700.45
22306,2024-05-02 13:42:00,4700.0,4700.0,4698.3,4700.0
22307,2024-05-02 13:43:00,4699.8,4700.05,4698.0,4699.0
22308,2024-05-02 13:44:00,4699.85,4700.0,4698.0,4700.0
22309,2024-05-02 13:45:00,4700.05,4700.05,4698.8,4698.8
22310,2024-05-02 13:46:00,4699.25,4700.0,4698.7,4698.7
22311,2024-05-02 13:47:00,4698.95,4699.0,4694.55,4695.05
22312,2024-05-02 13:48:00,4695.15,4695.45,4694.55,4694.55
22313,2024-05-02 13:49:00,4694.7,4697.4,4694.55,4695.8
22314,2024-05-02 13:50:00,4698.05,4698.05,4694.55,4695.75
22315,2024-05-02 13:51:00,4696.9,4697.05,4694.55,4694.75
22316,2024-05-02 13:52:00,4694.55,4696.75,4694.55,4694.75
22317,2024-05-02 13:53:00,4694.95,4695.85,4694.55,4694.6
22318,2024-05-02 13:54:00,4694.5,4695.85,4694.15,4694.95
22319,2024-05-02 13:55:00,4695.85,4695.85,4694.0,4694.8
22320,2024-05-02 13:56:00,4694.7,4695.0,4693.95,4694.05
22321,2024-05-02 13:57:00,4694.0,4695.05,4694.0,4694.0
22322,2024-05-02 13:58:00,4695.0,4696.8,4695.0,4695.0
22323,2024-05-02 13:59:00,4695.3,4696.55,4694.6,4695.0
22324,2024-05-02 14:00:00,4694.95,4696.45,4694.0,4695.0
22325,2024-05-02 14:01:00,4695.7,4696.45,4695.0,4696.15
22326,2024-05-02 14:02:00,4695.05,4697.65,4695.0,4696.45
22327,2024-05-02 14:03:00,4695.0,4697.45,4695.0,4695.0
22328,2024-05-02 14:04:00,4695.1,4698.5,4695.0,4697.1
22329,2024-05-02 14:05:00,4698.35,4699.25,4695.0,4695.0
22330,2024-05-02 14:06:00,4694.05,4696.6,4694.0,4695.0
22331,2024-05-02 14:07:00,4697.15,4698.6,4695.0,4695.7
22332,2024-05-02 14:08:00,4697.75,4698.65,4695.35,4697.45
22333,2024-05-02 14:09:00,4698.1,4699.25,4695.85,4696.25
22334,2024-05-02 14:10:00,4698.35,4698.5,4696.2,4698.3
22335,2024-05-02 14:11:00,4698.4,4703.95,4696.25,4701.2
22336,2024-05-02 14:12:00,4701.8,4702.85,4700.5,4700.5
22337,2024-05-02 14:13:00,4701.9,4703.05,4700.5,4702.4
22338,2024-05-02 14:14:00,4702.6,4702.8,4699.0,4700.0
22339,2024-05-02 14:15:00,4700.8,4703.8,4700.0,4700.0
22340,2024-05-02 14:16:00,4700.05,4701.6,4695.0,4700.0
22341,2024-05-02 14:17:00,4700.05,4702.15,4700.0,4700.0
22342,2024-05-02 14:18:00,4701.05,4701.8,4696.0,4701.6
22343,2024-05-02 14:19:00,4700.9,4701.7,4695.0,4695.5
22344,2024-05-02 14:20:00,4696.7,4698.25,4695.0,4695.8
22345,2024-05-02 14:21:00,4695.0,4697.05,4695.0,4695.75
22346,2024-05-02 14:22:00,4695.1,4697.95,4694.15,4694.15
22347,2024-05-02 14:23:00,4694.1,4697.0,4694.1,4696.2
22348,2024-05-02 14:24:00,4696.1,4700.0,4696.0,4696.0
22349,2024-05-02 14:25:00,4696.85,4697.2,4695.0,4695.7
22350,2024-05-02 14:26:00,4695.0,4698.1,4695.0,4695.6
22351,2024-05-02 14:27:00,4696.05,4697.6,4696.0,4696.85
22352,2024-05-02 14:28:00,4696.8,4697.7,4695.6,4697.0
22353,2024-05-02 14:29:00,4697.85,4699.6,4697.0,4698.1
22354,2024-05-02 14:30:00,4698.15,4699.4,4698.1,4699.0
22355,2024-05-02 14:31:00,4699.1,4700.0,4698.3,4698.55
22356,2024-05-02 14:32:00,4698.05,4700.0,4697.25,4699.9
22357,2024-05-02 14:33:00,4699.95,4699.95,4698.05,4698.05
22358,2024-05-02 14:34:00,4698.1,4698.95,4694.0,4694.0
22359,2024-05-02 14:35:00,4694.1,4694.1,4687.55,4687.6
22360,2024-05-02 14:36:00,4687.65,4687.7,4685.0,4685.2
22361,2024-05-02 14:37:00,4685.6,4689.3,4684.9,4684.9
22362,2024-05-02 14:38:00,4684.95,4684.95,4680.7,4684.85
22363,2024-05-02 14:39:00,4682.75,4684.8,4679.3,4679.95
22364,2024-05-02 14:40:00,4679.35,4683.65,4679.0,4683.5
22365,2024-05-02 14:41:00,4684.95,4685.25,4682.0,4682.65
22366,2024-05-02 14:42:00,4682.8,4690.35,4682.55,4690.15
22367,2024-05-02 14:43:00,4690.25,4695.2,4689.95,4694.4
22368,2024-05-02 14:44:00,4694.8,4695.0,4690.05,4695.0
22369,2024-05-02 14:45:00,4693.1,4695.0,4691.35,4692.5
22370,2024-05-02 14:46:00,4694.0,4695.05,4690.05,4690.25
22371,2024-05-02 14:47:00,4693.1,4693.75,4689.05,4689.9
22372,2024-05-02 14:48:00,4689.75,4693.85,4689.05,4691.8
22373,2024-05-02 14:49:00,4689.7,4694.3,4689.7,4691.55
22374,2024-05-02 14:50:00,4694.15,4694.5,4691.25,4694.3
22375,2024-05-02 14:51:00,4694.75,4695.8,4692.1,4694.6
22376,2024-05-02 14:52:00,4692.65,4698.45,4692.65,4695.25
22377,2024-05-02 14:53:00,4697.7,4699.9,4694.0,4697.6
22378,2024-05-02 14:54:00,4699.8,4700.0,4695.6,4700.0
22379,2024-05-02 14:55:00,4697.0,4700.0,4696.0,4696.0
22380,2024-05-02 14:56:00,4695.35,4700.0,4695.25,4695.95
22381,2024-05-02 14:57:00,4695.0,4700.0,4695.0,4697.05
22382,2024-05-02 14:58:00,4696.25,4701.85,4696.25,4700.0
22383,2024-05-02 14:59:00,4700.2,4700.2,4696.0,4700.0
22384,2024-05-02 15:00:00,4698.0,4700.75,4695.15,4695.15
22385,2024-05-02 15:01:00,4695.65,4698.35,4690.75,4694.9
22386,2024-05-02 15:02:00,4693.8,4700.0,4691.45,4696.05
22387,2024-05-02 15:03:00,4695.25,4696.65,4690.75,4693.65
22388,2024-05-02 15:04:00,4691.15,4696.75,4690.05,4696.75
22389,2024-05-02 15:05:00,4691.75,4698.65,4689.1,4697.4
22390,2024-05-02 15:06:00,4696.15,4696.15,4691.2,4693.65
22391,2024-05-02 15:07:00,4692.3,4695.35,4689.2,4692.2
22392,2024-05-02 15:08:00,4692.05,4693.2,4688.0,4691.7
22393,2024-05-02 15:09:00,4691.8,4694.85,4688.1,4694.85
22394,2024-05-02 15:10:00,4692.3,4695.8,4689.0,4690.4
22395,2024-05-02 15:11:00,4690.95,4695.85,4690.25,4691.1
22396,2024-05-02 15:12:00,4690.8,4694.7,4690.55,4692.5
22397,2024-05-02 15:13:00,4690.3,4692.5,4686.5,4688.55
22398,2024-05-02 15:14:00,4690.2,4693.15,4687.6,4687.7
22399,2024-05-02 15:15:00,4687.3,4694.9,4687.3,4693.55
22400,2024-05-02 15:16:00,4691.65,4694.0,4691.0,4691.55
22401,2024-05-02 15:17:00,4691.6,4693.75,4686.7,4693.75
22402,2024-05-02 15:18:00,4690.25,4694.35,4688.4,4692.75
22403,2024-05-02 15:19:00,4690.85,4693.45,4688.25,4689.0
22404,2024-05-02 15:20:00,4688.0,4693.8,4687.75,4690.85
22405,2024-05-02 15:21:00,4691.45,4695.05,4689.4,4693.8
22406,2024-05-02 15:22:00,4693.45,4693.8,4690.0,4691.05
22407,2024-05-02 15:23:00,4690.0,4694.35,4689.45,4691.75
22408,2024-05-02 15:24:00,4690.0,4693.0,4688.05,4691.4
22409,2024-05-02 15:25:00,4689.55,4694.85,4688.85,4693.15
22410,2024-05-02 15:26:00,4693.1,4698.0,4692.1,4694.85
22411,2024-05-02 15:27:00,4698.05,4699.0,4690.4,4697.45
22412,2024-05-02 15:28:00,4696.15,4700.0,4696.15,4699.0
22413,2024-05-02 15:29:00,4697.6,4700.0,4693.0,4693.0
22414,2024-05-03 09:15:00,4703.55,4720.85,4696.1,4699.75
22415,2024-05-03 09:16:00,4699.8,4702.2,4696.1,4700.05
22416,2024-05-03 09:17:00,4700.0,4706.65,4697.1,4700.05
22417,2024-05-03 09:18:00,4700.25,4700.25,4691.7,4695.05
22418,2024-05-03 09:19:00,4694.9,4697.15,4680.8,4686.85
22419,2024-05-03 09:20:00,4684.1,4689.95,4682.85,4686.35
22420,2024-05-03 09:21:00,4685.0,4685.0,4681.0,4681.05
22421,2024-05-03 09:22:00,4681.0,4685.55,4681.0,4685.55
22422,2024-05-03 09:23:00,4686.55,4687.45,4680.35,4685.0
22423,2024-05-03 09:24:00,4684.05,4685.0,4683.7,4685.0
22424,2024-05-03 09:25:00,4686.8,4686.8,4681.0,4681.0
22425,2024-05-03 09:26:00,4680.65,4685.0,4680.3,4683.6
22426,2024-05-03 09:27:00,4685.0,4685.0,4683.1,4685.0
22427,2024-05-03 09:28:00,4684.0,4687.4,4684.0,4686.95
22428,2024-05-03 09:29:00,4685.2,4686.85,4684.0,4686.15
22429,2024-05-03 09:30:00,4685.0,4694.95,4685.0,4691.8
22430,2024-05-03 09:31:00,4689.85,4691.65,4685.3,4688.2
22431,2024-05-03 09:32:00,4685.75,4689.05,4682.05,4684.4
22432,2024-05-03 09:33:00,4682.05,4685.0,4680.6,4685.0
22433,2024-05-03 09:34:00,4682.4,4687.95,4682.4,4684.05
22434,2024-05-03 09:35:00,4685.0,4686.05,4683.95,4686.0
22435,2024-05-03 09:36:00,4686.15,4686.95,4684.05,4685.0
22436,2024-05-03 09:37:00,4685.8,4685.85,4681.2,4684.05
22437,2024-05-03 09:38:00,4683.1,4684.05,4682.0,4683.0
22438,2024-05-03 09:39:00,4684.0,4684.05,4681.6,4683.95
22439,2024-05-03 09:40:00,4683.8,4685.0,4682.5,4684.85
22440,2024-05-03 09:41:00,4685.0,4685.0,4684.0,4685.0
22441,2024-05-03 09:42:00,4684.0,4685.0,4684.0,4684.0
22442,2024-05-03 09:43:00,4684.95,4689.45,4684.0,4687.4
22443,2024-05-03 09:44:00,4687.6,4690.0,4685.5,4687.4
22444,2024-05-03 09:45:00,4686.95,4687.25,4685.0,4686.45
22445,2024-05-03 09:46:00,4685.0,4686.05,4684.95,4685.0
22446,2024-05-03 09:47:00,4686.0,4686.55,4685.0,4686.0
22447,2024-05-03 09:48:00,4685.0,4688.65,4684.25,4688.65
22448,2024-05-03 09:49:00,4687.25,4690.05,4687.05,4687.55
22449,2024-05-03 09:50:00,4687.0,4688.7,4686.0,4688.15
22450,2024-05-03 09:51:00,4688.3,4689.45,4686.0,4688.0
22451,2024-05-03 09:52:00,4687.0,4687.8,4685.0,4687.8
22452,2024-05-03 09:53:00,4688.0,4689.15,4686.9,4689.15
22453,2024-05-03 09:54:00,4689.1,4689.2,4685.0,4687.7
22454,2024-05-03 09:55:00,4687.45,4689.45,4687.45,4688.0
22455,2024-05-03 09:56:00,4687.45,4689.15,4685.0,4687.45
22456,2024-05-03 09:57:00,4686.15,4687.35,4683.0,4684.2
22457,2024-05-03 09:58:00,4684.65,4687.0,4684.2,4686.95
22458,2024-05-03 09:59:00,4686.2,4691.2,4686.2,4688.25
22459,2024-05-03 10:00:00,4689.6,4689.6,4687.05,4687.35
22460,2024-05-03 10:01:00,4687.55,4689.8,4687.35,4688.45
22461,2024-05-03 10:02:00,4687.45,4688.4,4687.0,4687.15
22462,2024-05-03 10:03:00,4687.85,4689.05,4687.0,4688.05
22463,2024-05-03 10:04:00,4688.3,4688.4,4684.2,4684.2
22464,2024-05-03 10:05:00,4684.0,4685.25,4681.5,4682.15
22465,2024-05-03 10:06:00,4681.5,4684.5,4677.05,4683.1
22466,2024-05-03 10:07:00,4683.7,4684.15,4677.55,4680.25
22467,2024-05-03 10:08:00,4677.75,4680.05,4677.15,4679.9
22468,2024-05-03 10:09:00,4680.05,4681.75,4678.2,4681.65
22469,2024-05-03 10:10:00,4683.7,4683.7,4680.15,4681.9
22470,2024-05-03 10:11:00,4681.0,4684.7,4680.4,4683.2
22471,2024-05-03 10:12:00,4680.85,4684.15,4680.8,4684.15
22472,2024-05-03 10:13:00,4681.65,4684.7,4681.65,4684.4
22473,2024-05-03 10:14:00,4684.1,4685.0,4682.15,4684.05
22474,2024-05-03 10:15:00,4684.95,4685.0,4683.1,4685.0
22475,2024-05-03 10:16:00,4684.8,4685.0,4683.05,4683.05
22476,2024-05-03 10:17:00,4684.6,4684.7,4681.9,4684.7
22477,2024-05-03 10:18:00,4682.1,4684.7,4681.75,4684.0
22478,2024-05-03 10:19:00,4684.25,4684.8,4684.0,4684.8
22479,2024-05-03 10:20:00,4682.5,4685.0,4682.5,4684.25
22480,2024-05-03 10:21:00,4684.8,4687.5,4684.3,4687.5
22481,2024-05-03 10:22:00,4686.05,4688.7,4685.75,4685.95
22482,2024-05-03 10:23:00,4686.3,4687.45,4685.7,4685.75
22483,2024-05-03 10:24:00,4685.7,4685.75,4684.25,4685.0
22484,2024-05-03 10:25:00,4684.5,4687.3,4684.25,4685.0
22485,2024-05-03 10:26:00,4684.0,4685.0,4684.0,4684.5
22486,2024-05-03 10:27:00,4685.0,4685.0,4684.0,4684.0
22487,2024-05-03 10:28:00,4684.5,4684.5,4677.5,4677.7
22488,2024-05-03 10:29:00,4678.9,4678.9,4677.05,4677.05
22489,2024-05-03 10:30:00,4678.0,4679.95,4676.7,4677.8
22490,2024-05-03 10:31:00,4678.55,4678.55,4672.75,4673.7
22491,2024-05-03 10:32:00,4672.85,4672.85,4666.0,4668.2
22492,2024-05-03 10:33:00,4668.65,4671.35,4666.8,4669.0
22493,2024-05-03 10:34:00,4668.0,4669.0,4666.05,4666.05
22494,2024-05-03 10:35:00,4666.0,4667.85,4661.3,4661.35
22495,2024-05-03 10:36:00,4660.55,4663.1,4660.05,4661.0
22496,2024-05-03 10:37:00,4662.15,4663.95,4658.95,4658.95
22497,2024-05-03 10:38:00,4661.0,4663.8,4658.05,4660.0
22498,2024-05-03 10:39:00,4659.0,4660.65,4658.0,4660.0
22499,2024-05-03 10:40:00,4660.5,4663.7,4658.1,4660.2
22500,2024-05-03 10:41:00,4660.0,4663.3,4660.0,4660.9
22501,2024-05-03 10:42:00,4661.0,4663.5,4660.9,4663.0
22502,2024-05-03 10:43:00,4664.6,4665.0,4663.0,4664.25
22503,2024-05-03 10:44:00,4664.15,4665.55,4662.15,4663.0
22504,2024-05-03 10:45:00,4663.6,4665.95,4662.0,4665.85
22505,2024-05-03 10:46:00,4664.0,4665.65,4664.0,4664.0
22506,2024-05-03 10:47:00,4665.0,4665.65,4664.0,4664.0
22507,2024-05-03 10:48:00,4664.1,4666.0,4662.0,4663.45
22508,2024-05-03 10:49:00,4665.3,4665.3,4661.5,4662.45
22509,2024-05-03 10:50:00,4661.85,4666.45,4661.85,4665.0
22510,2024-05-03 10:51:00,4666.85,4668.45,4665.0,4668.4
22511,2024-05-03 10:52:00,4667.5,4669.0,4662.3,4662.35
22512,2024-05-03 10:53:00,4662.75,4662.75,4659.8,4659.8
22513,2024-05-03 10:54:00,4660.0,4660.0,4659.0,4659.7
22514,2024-05-03 10:55:00,4659.0,4660.0,4659.0,4660.0
22515,2024-05-03 10:56:00,4661.7,4661.95,4660.0,4660.05
22516,2024-05-03 10:57:00,4661.55,4661.55,4660.05,4660.05
22517,2024-05-03 10:58:00,4660.0,4661.0,4658.0,4659.6
22518,2024-05-03 10:59:00,4660.0,4660.7,4658.0,4659.95
22519,2024-05-03 11:00:00,4658.5,4660.5,4658.5,4660.0
22520,2024-05-03 11:01:00,4658.6,4662.45,4658.6,4660.2
22521,2024-05-03 11:02:00,4660.15,4662.4,4660.15,4660.4
22522,2024-05-03 11:03:00,4660.2,4661.2,4658.6,4660.0
22523,2024-05-03 11:04:00,4661.1,4661.2,4658.0,4660.05
22524,2024-05-03 11:05:00,4659.95,4659.95,4655.55,4657.95
22525,2024-05-03 11:06:00,4660.4,4661.75,4656.7,4656.7
22526,2024-05-03 11:07:00,4658.9,4659.9,4655.25,4655.6
22527,2024-05-03 11:08:00,4655.7,4658.15,4655.3,4658.1
22528,2024-05-03 11:09:00,4658.05,4658.3,4656.05,4657.0
22529,2024-05-03 11:10:00,4658.25,4659.0,4656.05,4659.0
22530,2024-05-03 11:11:00,4657.05,4658.05,4655.65,4657.95
22531,2024-05-03 11:12:00,4657.0,4657.65,4655.6,4656.75
22532,2024-05-03 11:13:00,4655.2,4658.05,4655.2,4658.0
22533,2024-05-03 11:14:00,4656.75,4658.9,4656.75,4658.0
22534,2024-05-03 11:15:00,4657.5,4658.9,4656.75,4658.9
22535,2024-05-03 11:16:00,4657.45,4659.5,4657.0,4658.35
22536,2024-05-03 11:17:00,4657.0,4659.6,4656.0,4659.6
22537,2024-05-03 11:18:00,4659.4,4659.45,4656.9,4659.4
22538,2024-05-03 11:19:00,4657.0,4659.8,4656.0,4656.0
22539,2024-05-03 11:20:00,4657.3,4658.3,4655.0,4658.2
22540,2024-05-03 11:21:00,4658.1,4658.1,4654.0,4656.0
22541,2024-05-03 11:22:00,4656.15,4657.5,4652.7,4654.0
22542,2024-05-03 11:23:00,4652.75,4657.0,4651.9,4653.25
22543,2024-05-03 11:24:00,4655.1,4657.0,4652.75,4657.0
22544,2024-05-03 11:25:00,4656.2,4656.25,4654.0,4656.25
22545,2024-05-03 11:26:00,4655.0,4657.0,4654.2,4655.8
22546,2024-05-03 11:27:00,4654.4,4655.8,4651.2,4651.3
22547,2024-05-03 11:28:00,4653.1,4654.85,4651.5,4654.3
22548,2024-05-03 11:29:00,4653.0,4654.3,4651.5,4654.25
22549,2024-05-03 11:30:00,4654.3,4655.0,4652.0,4652.9
22550,2024-05-03 11:31:00,4652.95,4653.7,4651.3,4653.7
22551,2024-05-03 11:32:00,4653.75,4654.35,4651.0,4653.0
22552,2024-05-03 11:33:00,4654.0,4654.55,4651.0,4653.75
22553,2024-05-03 11:34:00,4653.85,4654.1,4651.05,4653.0
22554,2024-05-03 11:35:00,4653.7,4654.0,4653.0,4653.0
22555,2024-05-03 11:36:00,4653.95,4654.0,4651.05,4652.2
22556,2024-05-03 11:37:00,4651.05,4652.9,4648.5,4648.5
22557,2024-05-03 11:38:00,4650.55,4650.55,4648.0,4649.85
22558,2024-05-03 11:39:00,4650.15,4650.55,4648.05,4649.9
22559,2024-05-03 11:40:00,4649.45,4650.5,4646.35,4649.0
22560,2024-05-03 11:41:00,4650.5,4653.05,4648.55,4653.0
22561,2024-05-03 11:42:00,4650.95,4656.0,4650.85,4655.0
22562,2024-05-03 11:43:00,4656.0,4656.0,4653.9,4655.3
22563,2024-05-03 11:44:00,4655.0,4656.0,4653.0,4655.0
22564,2024-05-03 11:45:00,4655.85,4655.85,4653.55,4654.9
22565,2024-05-03 11:46:00,4654.05,4654.05,4650.95,4653.0
22566,2024-05-03 11:47:00,4653.25,4654.85,4648.55,4653.15
22567,2024-05-03 11:48:00,4651.0,4653.1,4650.6,4652.05
22568,2024-05-03 11:49:00,4652.45,4653.3,4651.05,4653.3
22569,2024-05-03 11:50:00,4651.75,4653.15,4648.65,4648.65
22570,2024-05-03 11:51:00,4650.6,4650.6,4645.25,4646.95
22571,2024-05-03 11:52:00,4649.35,4650.6,4646.2,4649.75
22572,2024-05-03 11:53:00,4648.0,4652.9,4647.2,4649.5
22573,2024-05-03 11:54:00,4650.0,4651.95,4647.0,4651.0
22574,2024-05-03 11:55:00,4650.0,4651.0,4648.2,4650.0
22575,2024-05-03 11:56:00,4648.3,4650.0,4645.1,4649.85
22576,2024-05-03 11:57:00,4648.3,4650.55,4647.65,4648.0
22577,2024-05-03 11:58:00,4649.95,4649.95,4647.1,4649.85
22578,2024-05-03 11:59:00,4649.1,4649.85,4647.0,4648.55
22579,2024-05-03 12:00:00,4648.5,4650.7,4646.45,4650.7
22580,2024-05-03 12:01:00,4651.0,4652.75,4651.0,4651.5
22581,2024-05-03 12:02:00,4652.7,4652.7,4650.05,4651.0
22582,2024-05-03 12:03:00,4651.65,4652.55,4651.0,4652.0
22583,2024-05-03 12:04:00,4651.35,4652.5,4651.0,4652.5
22584,2024-05-03 12:05:00,4651.0,4653.0,4651.0,4653.0
22585,2024-05-03 12:06:00,4652.0,4653.0,4651.85,4651.85
22586,2024-05-03 12:07:00,4651.7,4654.75,4651.7,4652.35
22587,2024-05-03 12:08:00,4653.5,4654.2,4652.0,4652.0
22588,2024-05-03 12:09:00,4653.45,4653.45,4651.65,4651.65
22589,2024-05-03 12:10:00,4652.4,4652.4,4651.5,4652.0
22590,2024-05-03 12:11:00,4651.85,4652.4,4651.65,4652.35
22591,2024-05-03 12:12:00,4651.65,4652.35,4651.65,4651.65
22592,2024-05-03 12:13:00,4652.35,4652.35,4645.15,4645.9
22593,2024-05-03 12:14:00,4647.1,4647.7,4646.0,4647.0
22594,2024-05-03 12:15:00,4646.1,4647.7,4645.0,4645.2
22595,2024-05-03 12:16:00,4645.0,4645.35,4641.25,4643.15
22596,2024-05-03 12:17:00,4642.5,4644.0,4641.05,4644.0
22597,2024-05-03 12:18:00,4644.4,4646.75,4644.0,4646.0
22598,2024-05-03 12:19:00,4646.75,4646.75,4646.0,4646.0
22599,2024-05-03 12:20:00,4646.75,4646.75,4645.0,4646.0
22600,2024-05-03 12:21:00,4645.0,4646.75,4644.0,4646.6
22601,2024-05-03 12:22:00,4646.0,4646.6,4645.0,4646.0
22602,2024-05-03 12:23:00,4646.6,4647.0,4646.0,4647.0
22603,2024-05-03 12:24:00,4646.0,4647.0,4646.0,4647.0
22604,2024-05-03 12:25:00,4646.0,4647.5,4646.0,4647.5
22605,2024-05-03 12:26:00,4646.05,4652.0,4646.0,4651.0
22606,2024-05-03 12:27:00,4652.0,4652.0,4651.0,4651.0
22607,2024-05-03 12:28:00,4652.0,4652.0,4651.0,4651.0
22608,2024-05-03 12:29:00,4651.1,4652.0,4651.0,4651.0
22609,2024-05-03 12:30:00,4651.6,4652.35,4651.0,4651.6
22610,2024-05-03 12:31:00,4652.35,4652.35,4651.0,4651.0
22611,2024-05-03 12:32:00,4651.05,4651.1,4651.0,4651.0
22612,2024-05-03 12:33:00,4651.1,4651.1,4648.3,4649.9
22613,2024-05-03 12:34:00,4649.85,4649.85,4648.0,4649.7
22614,2024-05-03 12:35:00,4649.8,4650.0,4648.0,4649.55
22615,2024-05-03 12:36:00,4649.5,4650.0,4646.35,4648.85
22616,2024-05-03 12:37:00,4646.7,4650.0,4646.35,4647.45
22617,2024-05-03 12:38:00,4647.6,4650.0,4645.3,4648.35
22618,2024-05-03 12:39:00,4648.45,4650.0,4645.55,4646.05
22619,2024-05-03 12:40:00,4648.55,4652.75,4645.95,4651.2
22620,2024-05-03 12:41:00,4652.4,4652.75,4649.65,4649.65
22621,2024-05-03 12:42:00,4650.0,4656.0,4650.0,4653.8
22622,2024-05-03 12:43:00,4652.55,4655.7,4652.0,4652.05
22623,2024-05-03 12:44:00,4652.85,4654.6,4652.05,4654.05
22624,2024-05-03 12:45:00,4652.05,4654.55,4652.0,4652.0
22625,2024-05-03 12:46:00,4653.9,4654.55,4652.0,4654.3
22626,2024-05-03 12:47:00,4652.25,4653.35,4652.0,4652.0
22627,2024-05-03 12:48:00,4652.35,4652.7,4651.7,4652.05
22628,2024-05-03 12:49:00,4651.7,4651.7,4650.0,4650.0
22629,2024-05-03 12:50:00,4650.95,4650.95,4649.0,4649.0
22630,2024-05-03 12:51:00,4649.95,4651.3,4649.0,4650.55
22631,2024-05-03 12:52:00,4651.3,4651.3,4650.0,4650.0
22632,2024-05-03 12:53:00,4651.0,4651.5,4650.0,4651.0
22633,2024-05-03 12:54:00,4651.4,4651.45,4649.65,4651.0
22634,2024-05-03 12:55:00,4651.05,4651.05,4650.0,4650.85
22635,2024-05-03 12:56:00,4650.0,4650.85,4650.0,4650.0
22636,2024-05-03 12:57:00,4649.1,4650.75,4644.0,4645.0
22637,2024-05-03 12:58:00,4644.0,4647.75,4641.15,4645.55
22638,2024-05-03 12:59:00,4647.4,4647.4,4643.75,4644.0
22639,2024-05-03 13:00:00,4645.75,4646.3,4642.15,4646.15
22640,2024-05-03 13:01:00,4644.05,4650.75,4644.05,4650.0
22641,2024-05-03 13:02:00,4650.75,4651.05,4650.0,4651.05
22642,2024-05-03 13:03:00,4650.0,4651.0,4650.0,4650.0
22643,2024-05-03 13:04:00,4650.95,4650.95,4650.0,4650.0
22644,2024-05-03 13:05:00,4650.1,4650.95,4650.0,4650.0
22645,2024-05-03 13:06:00,4650.95,4656.0,4650.0,4654.6
22646,2024-05-03 13:07:00,4656.0,4656.55,4652.75,4652.8
22647,2024-05-03 13:08:00,4652.75,4658.3,4651.3,4651.5
22648,2024-05-03 13:09:00,4653.05,4654.7,4651.05,4653.5
22649,2024-05-03 13:10:00,4651.05,4653.05,4650.0,4652.3
22650,2024-05-03 13:11:00,4650.2,4653.5,4650.0,4650.8
22651,2024-05-03 13:12:00,4653.45,4653.45,4650.15,4650.85
22652,2024-05-03 13:13:00,4652.85,4653.5,4650.85,4650.85
22653,2024-05-03 13:14:00,4653.25,4656.5,4650.2,4652.75
22654,2024-05-03 13:15:00,4652.4,4652.8,4650.0,4650.0
22655,2024-05-03 13:16:00,4652.05,4652.95,4650.2,4650.2
22656,2024-05-03 13:17:00,4652.45,4653.4,4650.0,4650.0
22657,2024-05-03 13:18:00,4652.25,4652.25,4650.0,4651.1
22658,2024-05-03 13:19:00,4651.0,4652.3,4650.0,4650.05
22659,2024-05-03 13:20:00,4652.2,4652.25,4650.0,4650.1
22660,2024-05-03 13:21:00,4652.05,4652.2,4650.0,4650.05
22661,2024-05-03 13:22:00,4652.05,4652.2,4650.05,4652.15
22662,2024-05-03 13:23:00,4650.0,4652.15,4650.0,4650.0
22663,2024-05-03 13:24:00,4651.55,4651.55,4650.0,4650.0
22664,2024-05-03 13:25:00,4651.55,4651.9,4650.0,4650.0
22665,2024-05-03 13:26:00,4650.2,4653.85,4650.2,4651.3
22666,2024-05-03 13:27:00,4651.35,4653.75,4650.55,4650.6
22667,2024-05-03 13:28:00,4652.75,4652.75,4650.05,4650.15
22668,2024-05-03 13:29:00,4652.0,4652.7,4650.05,4650.05
22669,2024-05-03 13:30:00,4652.3,4652.85,4650.0,4650.1
22670,2024-05-03 13:31:00,4650.0,4652.35,4650.0,4650.0
22671,2024-05-03 13:32:00,4651.75,4651.75,4649.7,4651.45
22672,2024-05-03 13:33:00,4650.0,4651.7,4649.7,4649.7
22673,2024-05-03 13:34:00,4651.5,4651.75,4649.7,4650.0
22674,2024-05-03 13:35:00,4651.85,4651.85,4649.7,4649.7
22675,2024-05-03 13:36:00,4650.0,4651.0,4649.7,4650.0
22676,2024-05-03 13:37:00,4649.7,4651.85,4649.7,4650.0
22677,2024-05-03 13:38:00,4649.7,4650.0,4648.0,4648.0
22678,2024-05-03 13:39:00,4647.4,4647.4,4642.7,4642.7
22679,2024-05-03 13:40:00,4642.25,4644.85,4642.25,4642.5
22680,2024-05-03 13:41:00,4644.0,4646.25,4642.5,4646.15
22681,2024-05-03 13:42:00,4644.0,4646.0,4643.85,4643.85
22682,2024-05-03 13:43:00,4645.95,4645.95,4642.5,4643.75
22683,2024-05-03 13:44:00,4643.0,4643.8,4642.5,4643.8
22684,2024-05-03 13:45:00,4645.6,4645.6,4642.5,4642.5
22685,2024-05-03 13:46:00,4644.0,4645.0,4642.5,4644.4
22686,2024-05-03 13:47:00,4642.55,4644.55,4642.0,4642.0
22687,2024-05-03 13:48:00,4643.9,4643.9,4641.75,4642.55
22688,2024-05-03 13:49:00,4641.9,4644.0,4641.1,4643.0
22689,2024-05-03 13:50:00,4642.95,4642.95,4641.0,4641.25
22690,2024-05-03 13:51:00,4641.0,4642.15,4641.0,4641.0
22691,2024-05-03 13:52:00,4641.5,4641.95,4641.0,4641.0
22692,2024-05-03 13:53:00,4641.4,4641.95,4640.95,4640.95
22693,2024-05-03 13:54:00,4641.4,4642.95,4640.7,4642.95
22694,2024-05-03 13:55:00,4643.85,4645.25,4641.4,4641.4
22695,2024-05-03 13:56:00,4643.0,4645.0,4641.45,4642.25
22696,2024-05-03 13:57:00,4644.0,4644.55,4642.0,4643.0
22697,2024-05-03 13:58:00,4642.0,4643.1,4640.7,4640.7
22698,2024-05-03 13:59:00,4640.85,4642.8,4640.7,4642.8
22699,2024-05-03 14:00:00,4641.5,4644.05,4640.65,4640.65
22700,2024-05-03 14:01:00,4641.0,4644.1,4640.55,4644.1
22701,2024-05-03 14:02:00,4644.2,4647.5,4644.2,4647.5
22702,2024-05-03 14:03:00,4648.0,4648.6,4647.0,4647.0
22703,2024-05-03 14:04:00,4648.6,4648.6,4645.0,4645.0
22704,2024-05-03 14:05:00,4646.5,4648.55,4645.25,4648.2
22705,2024-05-03 14:06:00,4648.3,4651.0,4648.3,4650.0
22706,2024-05-03 14:07:00,4650.85,4651.0,4647.0,4648.05
22707,2024-05-03 14:08:00,4647.0,4649.7,4647.0,4648.9
22708,2024-05-03 14:09:00,4647.05,4649.05,4647.0,4649.0
22709,2024-05-03 14:10:00,4647.0,4649.0,4647.0,4649.0
22710,2024-05-03 14:11:00,4647.0,4649.9,4647.0,4649.8
22711,2024-05-03 14:12:00,4647.5,4649.8,4647.2,4647.2
22712,2024-05-03 14:13:00,4649.4,4649.65,4647.0,4647.0
22713,2024-05-03 14:14:00,4648.85,4649.8,4648.85,4649.8
22714,2024-05-03 14:15:00,4649.0,4650.85,4649.0,4650.0
22715,2024-05-03 14:16:00,4650.85,4651.0,4650.0,4651.0
22716,2024-05-03 14:17:00,4650.0,4651.0,4650.0,4650.0
22717,2024-05-03 14:18:00,4651.85,4653.75,4650.0,4653.0
22718,2024-05-03 14:19:00,4653.5,4653.5,4650.0,4650.0
22719,2024-05-03 14:20:00,4651.75,4651.75,4650.0,4650.0
22720,2024-05-03 14:21:00,4651.05,4651.4,4647.05,4647.5
22721,2024-05-03 14:22:00,4647.05,4649.4,4647.0,4649.1
22722,2024-05-03 14:23:00,4647.45,4649.35,4647.0,4647.0
22723,2024-05-03 14:24:00,4648.9,4648.9,4647.0,4647.0
22724,2024-05-03 14:25:00,4648.85,4648.85,4647.0,4647.0
22725,2024-05-03 14:26:00,4648.6,4649.1,4646.5,4646.5
22726,2024-05-03 14:27:00,4647.2,4648.65,4645.15,4648.65
22727,2024-05-03 14:28:00,4647.85,4649.0,4647.0,4647.0
22728,2024-05-03 14:29:00,4647.8,4647.8,4647.0,4647.0
22729,2024-05-03 14:30:00,4647.8,4649.0,4647.0,4647.35
22730,2024-05-03 14:31:00,4649.0,4649.35,4647.0,4647.3
22731,2024-05-03 14:32:00,4649.1,4649.4,4647.0,4647.0
22732,2024-05-03 14:33:00,4648.95,4649.0,4647.0,4647.0
22733,2024-05-03 14:34:00,4648.9,4648.9,4647.0,4648.85
22734,2024-05-03 14:35:00,4647.05,4648.9,4647.0,4648.9
22735,2024-05-03 14:36:00,4648.95,4651.2,4648.95,4650.0
22736,2024-05-03 14:37:00,4651.2,4652.0,4650.0,4651.95
22737,2024-05-03 14:38:00,4650.0,4654.0,4650.0,4650.9
22738,2024-05-03 14:39:00,4652.95,4654.3,4650.0,4650.0
22739,2024-05-03 14:40:00,4652.25,4653.1,4650.25,4650.25
22740,2024-05-03 14:41:00,4652.0,4652.0,4650.0,4651.25
22741,2024-05-03 14:42:00,4652.0,4653.0,4651.0,4651.0
22742,2024-05-03 14:43:00,4651.9,4653.0,4651.0,4653.0
22743,2024-05-03 14:44:00,4653.05,4653.95,4652.05,4652.05
22744,2024-05-03 14:45:00,4651.9,4653.9,4650.0,4650.0
22745,2024-05-03 14:46:00,4651.1,4652.6,4650.0,4650.5
22746,2024-05-03 14:47:00,4652.7,4652.7,4650.0,4651.8
22747,2024-05-03 14:48:00,4650.0,4651.75,4649.65,4650.0
22748,2024-05-03 14:49:00,4651.15,4651.15,4649.5,4649.9
22749,2024-05-03 14:50:00,4649.75,4651.75,4649.5,4650.0
22750,2024-05-03 14:51:00,4650.65,4650.65,4646.75,4646.75
22751,2024-05-03 14:52:00,4648.6,4650.0,4645.55,4645.55
22752,2024-05-03 14:53:00,4650.0,4650.0,4645.0,4645.55
22753,2024-05-03 14:54:00,4645.6,4651.0,4645.6,4650.0
22754,2024-05-03 14:55:00,4649.65,4650.0,4645.95,4646.5
22755,2024-05-03 14:56:00,4648.45,4650.0,4645.1,4650.0
22756,2024-05-03 14:57:00,4646.8,4649.95,4646.8,4647.2
22757,2024-05-03 14:58:00,4647.25,4650.0,4646.3,4647.8
22758,2024-05-03 14:59:00,4650.0,4650.0,4647.3,4649.95
22759,2024-05-03 15:00:00,4649.9,4650.0,4648.05,4650.0
22760,2024-05-03 15:01:00,4649.8,4650.0,4649.8,4650.0
22761,2024-05-03 15:02:00,4649.8,4652.7,4649.05,4650.75
22762,2024-05-03 15:03:00,4650.0,4651.1,4649.05,4649.85
22763,2024-05-03 15:04:00,4649.8,4652.05,4649.05,4650.0
22764,2024-05-03 15:05:00,4649.9,4651.9,4649.1,4651.5
22765,2024-05-03 15:06:00,4651.0,4656.95,4651.0,4656.65
22766,2024-05-03 15:07:00,4656.6,4657.65,4655.1,4656.25
22767,2024-05-03 15:08:00,4656.0,4659.9,4656.0,4658.6
22768,2024-05-03 15:09:00,4658.0,4663.0,4657.4,4661.95
22769,2024-05-03 15:10:00,4662.7,4663.35,4657.05,4657.25
22770,2024-05-03 15:11:00,4658.45,4659.0,4657.0,4658.95
22771,2024-05-03 15:12:00,4657.15,4659.0,4655.65,4657.0
22772,2024-05-03 15:13:00,4656.9,4657.95,4656.05,4657.35
22773,2024-05-03 15:14:00,4656.0,4658.5,4656.0,4658.5
22774,2024-05-03 15:15:00,4657.1,4657.95,4655.4,4656.3
22775,2024-05-03 15:16:00,4656.85,4657.8,4655.0,4655.15
22776,2024-05-03 15:17:00,4655.4,4655.4,4655.0,4655.3
22777,2024-05-03 15:18:00,4655.0,4656.05,4655.0,4655.7
22778,2024-05-03 15:19:00,4655.8,4656.0,4655.0,4655.7
22779,2024-05-03 15:20:00,4655.6,4655.75,4652.6,4653.05
22780,2024-05-03 15:21:00,4653.5,4654.35,4653.0,4654.35
22781,2024-05-03 15:22:00,4654.4,4654.4,4653.7,4653.95
22782,2024-05-03 15:23:00,4653.7,4653.7,4653.0,4653.15
22783,2024-05-03 15:24:00,4653.1,4653.95,4652.35,4653.95
22784,2024-05-03 15:25:00,4653.1,4655.8,4653.1,4655.8
22785,2024-05-03 15:26:00,4655.0,4655.85,4653.8,4655.85
22786,2024-05-03 15:27:00,4654.0,4655.6,4654.0,4655.0
22787,2024-05-03 15:28:00,4655.6,4655.6,4651.6,4651.6
22788,2024-05-03 15:29:00,4654.95,4655.6,4652.0,4655.0
22789,2024-05-06 09:15:00,4684.0,4684.0,4664.05,4670.5
22790,2024-05-06 09:16:00,4674.2,4684.0,4668.45,4670.45
22791,2024-05-06 09:17:00,4670.05,4673.75,4665.15,4670.1
22792,2024-05-06 09:18:00,4669.9,4670.5,4660.55,4662.8
22793,2024-05-06 09:19:00,4670.0,4671.95,4660.1,4662.55
22794,2024-05-06 09:20:00,4662.3,4674.3,4661.9,4665.1
22795,2024-05-06 09:21:00,4665.05,4678.65,4665.05,4672.85
22796,2024-05-06 09:22:00,4669.8,4677.7,4669.8,4676.9
22797,2024-05-06 09:23:00,4678.0,4680.0,4675.1,4677.85
22798,2024-05-06 09:24:00,4675.8,4679.9,4673.25,4679.9
22799,2024-05-06 09:25:00,4676.45,4687.7,4676.25,4685.25
22800,2024-05-06 09:26:00,4682.7,4688.9,4682.7,4686.4
22801,2024-05-06 09:27:00,4683.3,4690.0,4680.5,4690.0
22802,2024-05-06 09:28:00,4692.0,4699.0,4689.2,4699.0
22803,2024-05-06 09:29:00,4697.25,4702.65,4697.25,4699.9
22804,2024-05-06 09:30:00,4701.25,4709.0,4700.15,4708.0
22805,2024-05-06 09:31:00,4708.9,4717.4,4708.0,4717.15
22806,2024-05-06 09:32:00,4717.5,4720.0,4715.0,4717.85
22807,2024-05-06 09:33:00,4720.0,4722.7,4717.45,4720.0
22808,2024-05-06 09:34:00,4719.3,4729.0,4719.3,4727.5
22809,2024-05-06 09:35:00,4728.0,4738.45,4725.45,4736.8
22810,2024-05-06 09:36:00,4734.3,4738.0,4731.0,4736.3
22811,2024-05-06 09:37:00,4733.45,4735.4,4720.05,4721.3
22812,2024-05-06 09:38:00,4721.15,4723.65,4718.55,4720.25
22813,2024-05-06 09:39:00,4720.0,4720.25,4712.95,4718.0
22814,2024-05-06 09:40:00,4715.8,4717.95,4705.8,4710.1
22815,2024-05-06 09:41:00,4709.8,4716.45,4707.3,4713.95
22816,2024-05-06 09:42:00,4712.05,4715.65,4708.75,4709.2
22817,2024-05-06 09:43:00,4708.8,4711.0,4705.05,4706.65
22818,2024-05-06 09:44:00,4707.0,4713.6,4705.6,4713.6
22819,2024-05-06 09:45:00,4713.95,4725.0,4713.65,4721.9
22820,2024-05-06 09:46:00,4721.8,4725.0,4721.8,4724.0
22821,2024-05-06 09:47:00,4724.7,4728.9,4721.1,4726.0
22822,2024-05-06 09:48:00,4728.3,4732.65,4726.0,4727.0
22823,2024-05-06 09:49:00,4726.0,4726.0,4713.8,4715.2
22824,2024-05-06 09:50:00,4716.0,4719.5,4715.0,4718.5
22825,2024-05-06 09:51:00,4719.5,4721.75,4716.55,4717.05
22826,2024-05-06 09:52:00,4717.15,4721.75,4716.4,4716.4
22827,2024-05-06 09:53:00,4716.85,4721.2,4716.85,4719.0
22828,2024-05-06 09:54:00,4720.0,4720.0,4714.75,4714.75
22829,2024-05-06 09:55:00,4715.15,4715.15,4705.2,4705.25
22830,2024-05-06 09:56:00,4705.3,4714.8,4705.3,4712.0
22831,2024-05-06 09:57:00,4714.3,4720.0,4712.45,4720.0
22832,2024-05-06 09:58:00,4721.6,4725.0,4720.0,4724.3
22833,2024-05-06 09:59:00,4724.9,4724.9,4718.5,4721.55
22834,2024-05-06 10:00:00,4720.25,4722.95,4716.4,4719.0
22835,2024-05-06 10:01:00,4717.2,4719.55,4712.35,4714.6
22836,2024-05-06 10:02:00,4714.85,4716.0,4710.35,4712.9
22837,2024-05-06 10:03:00,4710.9,4712.65,4706.1,4708.0
22838,2024-05-06 10:04:00,4707.0,4707.0,4705.5,4705.5
22839,2024-05-06 10:05:00,4705.4,4705.4,4700.0,4703.75
22840,2024-05-06 10:06:00,4704.95,4709.65,4703.5,4706.85
22841,2024-05-06 10:07:00,4706.75,4708.6,4700.05,4700.05
22842,2024-05-06 10:08:00,4702.65,4703.8,4700.05,4702.25
22843,2024-05-06 10:09:00,4701.0,4702.95,4697.45,4698.45
22844,2024-05-06 10:10:00,4697.95,4699.7,4692.2,4694.25
22845,2024-05-06 10:11:00,4693.6,4696.95,4691.6,4695.05
22846,2024-05-06 10:12:00,4692.1,4694.0,4687.05,4694.0
22847,2024-05-06 10:13:00,4694.4,4696.95,4693.0,4695.8
22848,2024-05-06 10:14:00,4697.0,4705.9,4697.0,4705.9
22849,2024-05-06 10:15:00,4705.8,4706.85,4697.3,4699.0
22850,2024-05-06 10:16:00,4699.05,4702.95,4698.0,4702.1
22851,2024-05-06 10:17:00,4702.95,4702.95,4698.0,4700.05
22852,2024-05-06 10:18:00,4698.15,4706.2,4698.15,4705.6
22853,2024-05-06 10:19:00,4701.6,4705.25,4700.65,4705.05
22854,2024-05-06 10:20:00,4704.8,4707.25,4701.35,4701.7
22855,2024-05-06 10:21:00,4701.75,4706.9,4701.7,4706.4
22856,2024-05-06 10:22:00,4704.6,4708.6,4703.7,4706.0
22857,2024-05-06 10:23:00,4705.0,4706.0,4701.35,4703.15
22858,2024-05-06 10:24:00,4701.4,4703.5,4700.15,4700.65
22859,2024-05-06 10:25:00,4700.4,4702.4,4700.4,4702.3
22860,2024-05-06 10:26:00,4702.0,4704.0,4701.4,4703.8
22861,2024-05-06 10:27:00,4701.85,4701.85,4700.45,4701.5
22862,2024-05-06 10:28:00,4701.0,4701.5,4698.5,4698.6
22863,2024-05-06 10:29:00,4700.0,4701.2,4698.0,4701.2
22864,2024-05-06 10:30:00,4699.8,4703.8,4698.25,4698.25
22865,2024-05-06 10:31:00,4699.85,4701.3,4698.05,4701.3
22866,2024-05-06 10:32:00,4698.85,4700.0,4696.5,4696.5
22867,2024-05-06 10:33:00,4696.0,4696.0,4693.8,4695.15
22868,2024-05-06 10:34:00,4693.85,4693.9,4692.0,4692.05
22869,2024-05-06 10:35:00,4691.85,4696.55,4691.85,4694.0
22870,2024-05-06 10:36:00,4693.1,4695.1,4693.1,4694.9
22871,2024-05-06 10:37:00,4694.85,4696.2,4691.7,4693.7
22872,2024-05-06 10:38:00,4692.25,4693.7,4691.65,4693.0
22873,2024-05-06 10:39:00,4691.65,4694.2,4691.65,4693.0
22874,2024-05-06 10:40:00,4695.0,4699.0,4693.95,4699.0
22875,2024-05-06 10:41:00,4698.95,4703.35,4698.9,4703.35
22876,2024-05-06 10:42:00,4701.6,4704.0,4700.05,4700.25
22877,2024-05-06 10:43:00,4700.8,4703.5,4700.8,4702.1
22878,2024-05-06 10:44:00,4702.15,4703.7,4701.0,4703.0
22879,2024-05-06 10:45:00,4701.65,4704.0,4697.45,4698.95
22880,2024-05-06 10:46:00,4699.05,4702.65,4699.0,4700.0
22881,2024-05-06 10:47:00,4700.15,4701.95,4699.0,4699.0
22882,2024-05-06 10:48:00,4699.2,4701.35,4699.2,4700.5
22883,2024-05-06 10:49:00,4700.65,4700.65,4699.25,4699.25
22884,2024-05-06 10:50:00,4700.0,4700.6,4695.65,4695.65
22885,2024-05-06 10:51:00,4695.85,4698.3,4695.1,4695.5
22886,2024-05-06 10:52:00,4695.55,4698.7,4692.0,4696.45
22887,2024-05-06 10:53:00,4698.45,4698.5,4695.4,4695.7
22888,2024-05-06 10:54:00,4695.75,4697.05,4695.0,4695.05
22889,2024-05-06 10:55:00,4697.05,4697.15,4695.0,4696.0
22890,2024-05-06 10:56:00,4695.8,4697.15,4695.0,4695.05
22891,2024-05-06 10:57:00,4696.0,4696.0,4695.0,4695.0
22892,2024-05-06 10:58:00,4696.0,4696.2,4695.0,4696.2
22893,2024-05-06 10:59:00,4695.95,4695.95,4695.0,4695.1
22894,2024-05-06 11:00:00,4695.0,4695.8,4695.0,4695.0
22895,2024-05-06 11:01:00,4696.05,4697.0,4695.0,4695.05
22896,2024-05-06 11:02:00,4696.9,4699.25,4695.0,4696.4
22897,2024-05-06 11:03:00,4696.6,4698.4,4695.35,4695.35
22898,2024-05-06 11:04:00,4697.95,4699.3,4695.0,4695.6
22899,2024-05-06 11:05:00,4695.05,4697.35,4689.4,4689.4
22900,2024-05-06 11:06:00,4686.25,4686.25,4680.0,4680.0
22901,2024-05-06 11:07:00,4680.85,4681.95,4675.45,4675.55
22902,2024-05-06 11:08:00,4676.95,4679.0,4675.75,4678.6
22903,2024-05-06 11:09:00,4677.5,4682.0,4676.6,4679.0
22904,2024-05-06 11:10:00,4678.6,4681.9,4676.3,4676.35
22905,2024-05-06 11:11:00,4676.2,4678.1,4674.05,4674.9
22906,2024-05-06 11:12:00,4674.5,4679.1,4674.5,4679.1
22907,2024-05-06 11:13:00,4676.1,4677.95,4675.1,4677.0
22908,2024-05-06 11:14:00,4675.55,4677.0,4669.3,4669.3
22909,2024-05-06 11:15:00,4669.35,4675.9,4668.1,4674.0
22910,2024-05-06 11:16:00,4674.5,4677.7,4674.5,4676.15
22911,2024-05-06 11:17:00,4676.3,4677.2,4674.55,4675.0
22912,2024-05-06 11:18:00,4676.35,4677.15,4674.55,4675.1
22913,2024-05-06 11:19:00,4675.05,4678.05,4675.0,4677.2
22914,2024-05-06 11:20:00,4677.15,4677.5,4674.65,4675.0
22915,2024-05-06 11:21:00,4676.45,4676.45,4674.5,4674.5
22916,2024-05-06 11:22:00,4675.0,4675.65,4674.5,4675.05
22917,2024-05-06 11:23:00,4675.8,4676.05,4674.0,4675.8
22918,2024-05-06 11:24:00,4674.05,4677.15,4674.05,4675.0
22919,2024-05-06 11:25:00,4675.9,4678.0,4675.9,4677.45
22920,2024-05-06 11:26:00,4677.0,4679.6,4676.0,4676.0
22921,2024-05-06 11:27:00,4676.55,4679.45,4676.0,4679.1
22922,2024-05-06 11:28:00,4677.35,4679.7,4676.0,4676.6
22923,2024-05-06 11:29:00,4678.7,4678.7,4676.0,4676.05
22924,2024-05-06 11:30:00,4677.5,4677.55,4675.0,4676.1
22925,2024-05-06 11:31:00,4678.25,4678.25,4675.55,4676.8
22926,2024-05-06 11:32:00,4677.1,4678.6,4676.0,4676.0
22927,2024-05-06 11:33:00,4677.45,4678.5,4676.0,4676.55
22928,2024-05-06 11:34:00,4677.0,4679.55,4676.0,4677.0
22929,2024-05-06 11:35:00,4678.6,4678.6,4677.0,4677.0
22930,2024-05-06 11:36:00,4677.85,4677.85,4677.0,4677.85
22931,2024-05-06 11:37:00,4677.0,4677.4,4676.9,4676.9
22932,2024-05-06 11:38:00,4677.2,4678.65,4676.9,4677.45
22933,2024-05-06 11:39:00,4679.0,4680.0,4677.5,4680.0
22934,2024-05-06 11:40:00,4679.0,4681.0,4679.0,4680.35
22935,2024-05-06 11:41:00,4680.0,4682.0,4679.0,4681.9
22936,2024-05-06 11:42:00,4682.0,4684.45,4681.0,4684.0
22937,2024-05-06 11:43:00,4682.4,4684.85,4681.85,4683.1
22938,2024-05-06 11:44:00,4683.9,4684.9,4682.85,4682.85
22939,2024-05-06 11:45:00,4684.15,4684.7,4681.0,4681.0
22940,2024-05-06 11:46:00,4681.35,4681.8,4681.0,4681.4
22941,2024-05-06 11:47:00,4681.0,4681.8,4681.0,4681.0
22942,2024-05-06 11:48:00,4681.5,4683.2,4680.2,4681.0
22943,2024-05-06 11:49:00,4681.05,4684.6,4681.0,4681.9
22944,2024-05-06 11:50:00,4682.15,4683.95,4682.15,4683.65
22945,2024-05-06 11:51:00,4683.05,4684.0,4682.45,4682.45
22946,2024-05-06 11:52:00,4683.85,4686.05,4682.45,4684.9
22947,2024-05-06 11:53:00,4684.0,4686.1,4683.9,4685.35
22948,2024-05-06 11:54:00,4685.0,4686.2,4685.0,4686.2
22949,2024-05-06 11:55:00,4687.15,4688.7,4685.5,4687.25
22950,2024-05-06 11:56:00,4686.0,4688.0,4684.2,4686.6
22951,2024-05-06 11:57:00,4687.3,4687.3,4686.6,4686.7
22952,2024-05-06 11:58:00,4687.0,4693.05,4686.65,4690.45
22953,2024-05-06 11:59:00,4693.7,4693.9,4687.8,4687.8
22954,2024-05-06 12:00:00,4688.7,4689.75,4686.0,4686.0
22955,2024-05-06 12:01:00,4686.95,4688.6,4685.6,4686.5
22956,2024-05-06 12:02:00,4687.4,4687.4,4685.6,4685.6
22957,2024-05-06 12:03:00,4685.65,4692.7,4685.65,4692.7
22958,2024-05-06 12:04:00,4693.2,4693.7,4686.0,4690.0
22959,2024-05-06 12:05:00,4691.8,4692.0,4690.0,4690.1
22960,2024-05-06 12:06:00,4691.2,4691.2,4690.0,4690.5
22961,2024-05-06 12:07:00,4691.0,4691.95,4689.15,4690.15
22962,2024-05-06 12:08:00,4690.0,4691.2,4688.25,4690.95
22963,2024-05-06 12:09:00,4689.7,4691.95,4688.0,4688.5
22964,2024-05-06 12:10:00,4688.6,4692.0,4688.05,4688.05
22965,2024-05-06 12:11:00,4688.15,4689.95,4688.15,4688.5
22966,2024-05-06 12:12:00,4689.75,4692.0,4688.5,4692.0
22967,2024-05-06 12:13:00,4691.9,4691.95,4689.55,4691.2
22968,2024-05-06 12:14:00,4691.1,4695.0,4691.1,4694.8
22969,2024-05-06 12:15:00,4692.75,4697.7,4691.65,4697.0
22970,2024-05-06 12:16:00,4699.0,4699.0,4697.0,4697.65
22971,2024-05-06 12:17:00,4698.0,4698.0,4695.0,4696.0
22972,2024-05-06 12:18:00,4696.05,4698.95,4696.0,4698.95
22973,2024-05-06 12:19:00,4699.0,4701.2,4697.9,4701.0
22974,2024-05-06 12:20:00,4701.75,4701.75,4700.0,4700.0
22975,2024-05-06 12:21:00,4700.05,4701.2,4700.0,4700.05
22976,2024-05-06 12:22:00,4701.0,4701.2,4700.0,4700.0
22977,2024-05-06 12:23:00,4700.15,4701.1,4700.0,4700.9
22978,2024-05-06 12:24:00,4700.5,4702.8,4695.2,4697.1
22979,2024-05-06 12:25:00,4695.2,4696.2,4695.0,4695.5
22980,2024-05-06 12:26:00,4695.55,4696.1,4691.95,4692.15
22981,2024-05-06 12:27:00,4691.15,4694.05,4691.15,4692.35
22982,2024-05-06 12:28:00,4693.85,4696.15,4693.2,4693.85
22983,2024-05-06 12:29:00,4693.5,4695.3,4693.4,4693.4
22984,2024-05-06 12:30:00,4693.2,4693.85,4690.15,4691.85
22985,2024-05-06 12:31:00,4691.8,4691.85,4690.0,4690.0
22986,2024-05-06 12:32:00,4690.5,4691.1,4690.0,4690.0
22987,2024-05-06 12:33:00,4690.55,4691.85,4690.0,4691.1
22988,2024-05-06 12:34:00,4691.6,4691.85,4689.6,4689.6
22989,2024-05-06 12:35:00,4691.05,4691.2,4689.65,4690.0
22990,2024-05-06 12:36:00,4691.2,4691.2,4690.0,4690.0
22991,2024-05-06 12:37:00,4690.3,4691.85,4690.0,4691.85
22992,2024-05-06 12:38:00,4691.6,4691.85,4690.5,4690.5
22993,2024-05-06 12:39:00,4691.65,4694.2,4690.0,4694.2
22994,2024-05-06 12:40:00,4695.8,4696.45,4694.15,4694.45
22995,2024-05-06 12:41:00,4694.4,4696.0,4693.5,4693.5
22996,2024-05-06 12:42:00,4693.85,4695.7,4693.5,4693.5
22997,2024-05-06 12:43:00,4692.2,4693.75,4692.0,4693.75
22998,2024-05-06 12:44:00,4693.7,4693.75,4692.0,4692.05
22999,2024-05-06 12:45:00,4693.05,4693.7,4692.0,4693.0
23000,2024-05-06 12:46:00,4693.7,4693.85,4692.0,4693.7
23001,2024-05-06 12:47:00,4692.1,4694.1,4692.1,4692.1
23002,2024-05-06 12:48:00,4693.85,4694.4,4692.1,4693.85
23003,2024-05-06 12:49:00,4695.0,4696.9,4695.0,4695.0
23004,2024-05-06 12:50:00,4696.0,4696.0,4692.15,4694.95
23005,2024-05-06 12:51:00,4692.6,4693.15,4692.1,4692.6
23006,2024-05-06 12:52:00,4692.55,4693.45,4690.0,4690.25
23007,2024-05-06 12:53:00,4690.0,4690.35,4690.0,4690.0
23008,2024-05-06 12:54:00,4690.05,4690.05,4689.1,4689.9
23009,2024-05-06 12:55:00,4690.0,4690.65,4689.0,4689.05
23010,2024-05-06 12:56:00,4689.9,4691.2,4689.0,4689.95
23011,2024-05-06 12:57:00,4690.5,4690.75,4689.0,4690.75
23012,2024-05-06 12:58:00,4690.0,4690.4,4690.0,4690.0
23013,2024-05-06 12:59:00,4690.4,4690.4,4688.6,4689.0
23014,2024-05-06 13:00:00,4690.4,4690.6,4689.0,4690.6
23015,2024-05-06 13:01:00,4690.0,4691.0,4690.0,4690.0
23016,2024-05-06 13:02:00,4690.9,4693.35,4690.45,4691.95
23017,2024-05-06 13:03:00,4691.25,4693.0,4690.45,4690.45
23018,2024-05-06 13:04:00,4692.25,4692.25,4690.1,4690.1
23019,2024-05-06 13:05:00,4691.05,4691.9,4690.0,4690.0
23020,2024-05-06 13:06:00,4690.95,4692.0,4690.0,4690.35
23021,2024-05-06 13:07:00,4690.45,4692.85,4690.3,4691.05
23022,2024-05-06 13:08:00,4692.9,4692.9,4691.0,4691.6
23023,2024-05-06 13:09:00,4691.0,4692.35,4690.95,4691.6
23024,2024-05-06 13:10:00,4690.95,4690.95,4690.0,4690.0
23025,2024-05-06 13:11:00,4689.95,4689.95,4688.0,4688.0
23026,2024-05-06 13:12:00,4688.95,4688.95,4687.25,4687.5
23027,2024-05-06 13:13:00,4688.0,4689.75,4688.0,4689.0
23028,2024-05-06 13:14:00,4689.45,4689.45,4689.0,4689.1
23029,2024-05-06 13:15:00,4689.5,4689.5,4688.25,4688.25
23030,2024-05-06 13:16:00,4688.55,4689.85,4687.55,4689.0
23031,2024-05-06 13:17:00,4690.0,4690.3,4689.0,4689.05
23032,2024-05-06 13:18:00,4689.1,4690.5,4688.0,4688.0
23033,2024-05-06 13:19:00,4688.35,4690.5,4688.0,4690.4
23034,2024-05-06 13:20:00,4689.0,4691.2,4687.5,4687.5
23035,2024-05-06 13:21:00,4687.85,4689.7,4687.5,4688.25
23036,2024-05-06 13:22:00,4689.55,4692.0,4688.25,4692.0
23037,2024-05-06 13:23:00,4692.2,4692.7,4690.55,4692.0
23038,2024-05-06 13:24:00,4692.65,4693.35,4691.95,4691.95
23039,2024-05-06 13:25:00,4690.0,4690.9,4690.0,4690.0
23040,2024-05-06 13:26:00,4690.05,4690.05,4688.25,4688.25
23041,2024-05-06 13:27:00,4688.35,4689.05,4688.25,4688.25
23042,2024-05-06 13:28:00,4688.65,4690.0,4688.25,4690.0
23043,2024-05-06 13:29:00,4690.65,4690.65,4688.4,4689.0
23044,2024-05-06 13:30:00,4689.95,4693.15,4689.0,4690.05
23045,2024-05-06 13:31:00,4690.25,4691.4,4690.0,4690.0
23046,2024-05-06 13:32:00,4690.7,4693.4,4690.0,4691.25
23047,2024-05-06 13:33:00,4691.65,4693.4,4690.0,4691.6
23048,2024-05-06 13:34:00,4693.4,4693.85,4690.2,4690.2
23049,2024-05-06 13:35:00,4690.35,4691.6,4690.0,4690.5
23050,2024-05-06 13:36:00,4690.4,4693.7,4690.4,4691.35
23051,2024-05-06 13:37:00,4691.95,4693.6,4691.5,4691.5
23052,2024-05-06 13:38:00,4691.7,4693.85,4691.5,4691.5
23053,2024-05-06 13:39:00,4692.35,4693.65,4691.5,4692.1
23054,2024-05-06 13:40:00,4693.4,4693.4,4691.9,4692.1
23055,2024-05-06 13:41:00,4693.2,4694.0,4692.0,4693.75
23056,2024-05-06 13:42:00,4693.65,4693.85,4692.0,4693.35
23057,2024-05-06 13:43:00,4692.0,4694.0,4691.5,4691.6
23058,2024-05-06 13:44:00,4693.15,4693.95,4691.55,4691.55
23059,2024-05-06 13:45:00,4693.4,4697.85,4691.55,4696.0
23060,2024-05-06 13:46:00,4696.05,4697.45,4696.0,4696.1
23061,2024-05-06 13:47:00,4696.05,4697.0,4695.0,4695.0
23062,2024-05-06 13:48:00,4696.75,4696.75,4695.0,4695.05
23063,2024-05-06 13:49:00,4696.05,4696.25,4694.35,4695.0
23064,2024-05-06 13:50:00,4694.4,4696.25,4694.3,4694.95
23065,2024-05-06 13:51:00,4695.95,4697.6,4694.95,4695.65
23066,2024-05-06 13:52:00,4697.25,4697.6,4695.65,4697.5
23067,2024-05-06 13:53:00,4697.0,4697.45,4692.9,4693.9
23068,2024-05-06 13:54:00,4693.55,4695.7,4690.0,4693.85
23069,2024-05-06 13:55:00,4695.0,4697.6,4694.3,4694.3
23070,2024-05-06 13:56:00,4696.15,4696.55,4694.3,4696.25
23071,2024-05-06 13:57:00,4694.4,4696.25,4693.6,4693.85
23072,2024-05-06 13:58:00,4695.2,4695.4,4692.55,4695.0
23073,2024-05-06 13:59:00,4696.35,4696.55,4692.55,4694.35
23074,2024-05-06 14:00:00,4695.85,4697.15,4692.4,4694.4
23075,2024-05-06 14:01:00,4691.65,4694.2,4690.65,4693.05
23076,2024-05-06 14:02:00,4693.25,4693.25,4691.25,4692.95
23077,2024-05-06 14:03:00,4692.9,4693.0,4691.25,4693.0
23078,2024-05-06 14:04:00,4692.9,4695.25,4692.05,4693.75
23079,2024-05-06 14:05:00,4693.7,4696.75,4693.7,4693.85
23080,2024-05-06 14:06:00,4695.15,4695.2,4693.85,4695.2
23081,2024-05-06 14:07:00,4693.7,4693.7,4691.05,4693.45
23082,2024-05-06 14:08:00,4691.3,4693.4,4691.0,4691.0
23083,2024-05-06 14:09:00,4691.05,4693.8,4691.05,4693.45
23084,2024-05-06 14:10:00,4691.5,4693.8,4691.3,4692.3
23085,2024-05-06 14:11:00,4693.7,4695.0,4692.25,4694.4
23086,2024-05-06 14:12:00,4694.55,4697.8,4694.55,4697.0
23087,2024-05-06 14:13:00,4696.2,4703.95,4696.2,4700.0
23088,2024-05-06 14:14:00,4701.75,4701.95,4700.0,4700.05
23089,2024-05-06 14:15:00,4701.35,4701.35,4700.0,4700.1
23090,2024-05-06 14:16:00,4700.0,4703.45,4700.0,4700.4
23091,2024-05-06 14:17:00,4700.45,4700.45,4699.0,4699.0
23092,2024-05-06 14:18:00,4699.4,4700.35,4699.0,4699.0
23093,2024-05-06 14:19:00,4700.35,4701.6,4699.0,4701.6
23094,2024-05-06 14:20:00,4700.0,4704.65,4700.0,4704.2
23095,2024-05-06 14:21:00,4702.15,4703.9,4700.3,4700.3
23096,2024-05-06 14:22:00,4700.1,4702.0,4700.0,4700.55
23097,2024-05-06 14:23:00,4702.85,4702.95,4700.55,4700.55
23098,2024-05-06 14:24:00,4702.0,4702.0,4700.0,4701.6
23099,2024-05-06 14:25:00,4700.0,4703.0,4700.0,4702.0
23100,2024-05-06 14:26:00,4701.7,4703.5,4700.1,4702.15
23101,2024-05-06 14:27:00,4700.0,4703.7,4700.0,4701.05
23102,2024-05-06 14:28:00,4702.6,4702.7,4701.0,4701.0
23103,2024-05-06 14:29:00,4702.3,4702.3,4701.0,4701.5
23104,2024-05-06 14:30:00,4702.05,4702.05,4700.15,4700.25
23105,2024-05-06 14:31:00,4700.3,4701.95,4700.0,4701.9
23106,2024-05-06 14:32:00,4701.95,4704.95,4701.95,4702.9
23107,2024-05-06 14:33:00,4703.75,4703.75,4702.6,4702.6
23108,2024-05-06 14:34:00,4702.5,4702.5,4700.5,4700.6
23109,2024-05-06 14:35:00,4700.8,4702.45,4700.0,4700.0
23110,2024-05-06 14:36:00,4702.0,4702.45,4700.0,4700.1
23111,2024-05-06 14:37:00,4701.9,4702.35,4700.0,4701.0
23112,2024-05-06 14:38:00,4701.7,4701.8,4700.0,4700.0
23113,2024-05-06 14:39:00,4700.9,4701.65,4700.0,4700.7
23114,2024-05-06 14:40:00,4700.55,4702.0,4700.55,4700.55
23115,2024-05-06 14:41:00,4701.75,4701.75,4700.55,4700.55
23116,2024-05-06 14:42:00,4701.1,4701.85,4700.55,4700.55
23117,2024-05-06 14:43:00,4700.7,4701.3,4700.55,4700.6
23118,2024-05-06 14:44:00,4700.65,4701.85,4700.55,4700.6
23119,2024-05-06 14:45:00,4700.55,4703.0,4700.55,4702.15
23120,2024-05-06 14:46:00,4702.9,4705.0,4702.15,4703.3
23121,2024-05-06 14:47:00,4705.0,4705.0,4703.3,4704.9
23122,2024-05-06 14:48:00,4703.4,4704.4,4701.7,4702.0
23123,2024-05-06 14:49:00,4702.05,4702.05,4700.55,4700.55
23124,2024-05-06 14:50:00,4700.6,4700.9,4700.0,4700.15
23125,2024-05-06 14:51:00,4700.85,4701.9,4700.55,4700.55
23126,2024-05-06 14:52:00,4700.6,4701.55,4700.55,4701.0
23127,2024-05-06 14:53:00,4702.0,4702.35,4700.55,4700.55
23128,2024-05-06 14:54:00,4701.0,4701.2,4700.55,4701.0
23129,2024-05-06 14:55:00,4700.6,4701.8,4700.55,4700.65
23130,2024-05-06 14:56:00,4700.55,4700.95,4700.0,4700.0
23131,2024-05-06 14:57:00,4700.05,4701.95,4700.0,4700.0
23132,2024-05-06 14:58:00,4700.05,4701.45,4699.0,4700.0
23133,2024-05-06 14:59:00,4700.05,4700.05,4699.0,4699.0
23134,2024-05-06 15:00:00,4699.95,4699.95,4691.85,4692.0
23135,2024-05-06 15:01:00,4693.0,4696.8,4691.0,4696.8
23136,2024-05-06 15:02:00,4698.75,4703.0,4696.8,4701.6
23137,2024-05-06 15:03:00,4701.85,4703.5,4700.0,4703.4
23138,2024-05-06 15:04:00,4703.5,4706.65,4701.75,4705.15
23139,2024-05-06 15:05:00,4706.4,4709.1,4704.5,4705.95
23140,2024-05-06 15:06:00,4708.45,4711.55,4706.3,4708.05
23141,2024-05-06 15:07:00,4708.1,4709.9,4705.0,4706.9
23142,2024-05-06 15:08:00,4707.35,4710.9,4704.05,4710.9
23143,2024-05-06 15:09:00,4711.05,4714.2,4707.5,4707.9
23144,2024-05-06 15:10:00,4708.3,4709.2,4707.05,4707.75
23145,2024-05-06 15:11:00,4707.7,4708.0,4705.55,4708.0
23146,2024-05-06 15:12:00,4709.2,4709.25,4702.95,4704.9
23147,2024-05-06 15:13:00,4704.1,4704.9,4701.15,4702.55
23148,2024-05-06 15:14:00,4703.9,4706.5,4701.65,4705.1
23149,2024-05-06 15:15:00,4706.1,4708.2,4703.5,4707.4
23150,2024-05-06 15:16:00,4705.45,4707.6,4703.15,4703.9
23151,2024-05-06 15:17:00,4705.85,4705.85,4700.8,4705.0
23152,2024-05-06 15:18:00,4705.2,4705.85,4700.5,4704.3
23153,2024-05-06 15:19:00,4704.6,4707.0,4703.45,4704.65
23154,2024-05-06 15:20:00,4704.4,4704.6,4700.0,4700.05
23155,2024-05-06 15:21:00,4700.3,4703.0,4700.0,4703.0
23156,2024-05-06 15:22:00,4703.75,4703.75,4701.5,4702.25
23157,2024-05-06 15:23:00,4702.8,4702.8,4697.55,4697.55
23158,2024-05-06 15:24:00,4699.45,4700.0,4696.2,4699.9
23159,2024-05-06 15:25:00,4699.95,4699.95,4695.55,4695.55
23160,2024-05-06 15:26:00,4698.55,4700.0,4695.55,4700.0
23161,2024-05-06 15:27:00,4699.05,4709.65,4687.0,4691.35
23162,2024-05-06 15:28:00,4691.75,4707.0,4690.95,4696.65
23163,2024-05-06 15:29:00,4701.95,4720.85,4687.7,4720.0
23164,2024-05-07 09:15:00,4720.95,4726.7,4707.85,4721.75
23165,2024-05-07 09:16:00,4718.1,4729.0,4715.65,4723.35
23166,2024-05-07 09:17:00,4726.2,4726.2,4717.75,4719.95
23167,2024-05-07 09:18:00,4717.75,4717.75,4706.75,4711.5
23168,2024-05-07 09:19:00,4707.55,4715.0,4707.0,4715.0
23169,2024-05-07 09:20:00,4712.3,4715.0,4707.0,4710.0
23170,2024-05-07 09:21:00,4707.0,4707.0,4698.55,4703.15
23171,2024-05-07 09:22:00,4700.7,4709.1,4700.7,4706.5
23172,2024-05-07 09:23:00,4707.2,4707.85,4700.25,4705.9
23173,2024-05-07 09:24:00,4707.8,4708.8,4701.55,4706.15
23174,2024-05-07 09:25:00,4705.25,4713.95,4705.25,4713.95
23175,2024-05-07 09:26:00,4711.55,4714.0,4711.55,4713.5
23176,2024-05-07 09:27:00,4713.9,4714.9,4712.5,4714.85
23177,2024-05-07 09:28:00,4714.6,4714.6,4708.25,4714.15
23178,2024-05-07 09:29:00,4712.8,4719.9,4712.65,4712.65
23179,2024-05-07 09:30:00,4712.0,4713.0,4710.55,4712.0
23180,2024-05-07 09:31:00,4710.35,4710.35,4705.4,4708.25
23181,2024-05-07 09:32:00,4705.65,4709.85,4701.45,4709.5
23182,2024-05-07 09:33:00,4707.0,4708.25,4703.5,4707.45
23183,2024-05-07 09:34:00,4705.4,4710.0,4705.4,4710.0
23184,2024-05-07 09:35:00,4708.0,4709.95,4707.0,4707.0
23185,2024-05-07 09:36:00,4706.2,4707.55,4699.05,4702.95
23186,2024-05-07 09:37:00,4700.5,4701.9,4697.65,4701.05
23187,2024-05-07 09:38:00,4701.1,4703.0,4698.0,4701.9
23188,2024-05-07 09:39:00,4702.4,4707.1,4702.4,4706.6
23189,2024-05-07 09:40:00,4707.0,4709.25,4705.0,4706.95
23190,2024-05-07 09:41:00,4709.2,4710.0,4707.2,4710.0
23191,2024-05-07 09:42:00,4708.15,4710.0,4708.15,4709.95
23192,2024-05-07 09:43:00,4708.3,4710.0,4708.3,4708.3
23193,2024-05-07 09:44:00,4709.9,4709.95,4707.75,4709.95
23194,2024-05-07 09:45:00,4707.75,4709.9,4706.1,4707.05
23195,2024-05-07 09:46:00,4706.75,4711.7,4706.75,4711.7
23196,2024-05-07 09:47:00,4709.65,4714.1,4709.65,4714.1
23197,2024-05-07 09:48:00,4715.0,4718.0,4714.1,4715.8
23198,2024-05-07 09:49:00,4714.0,4715.05,4710.0,4711.2
23199,2024-05-07 09:50:00,4710.0,4712.0,4708.6,4708.8
23200,2024-05-07 09:51:00,4708.85,4710.95,4707.0,4709.2
23201,2024-05-07 09:52:00,4708.8,4709.15,4702.9,4704.25
23202,2024-05-07 09:53:00,4705.55,4708.45,4705.55,4708.45
23203,2024-05-07 09:54:00,4707.2,4709.95,4707.0,4707.55
23204,2024-05-07 09:55:00,4707.35,4707.35,4700.0,4702.0
23205,2024-05-07 09:56:00,4701.85,4704.5,4700.95,4701.05
23206,2024-05-07 09:57:00,4700.65,4703.65,4700.15,4703.65
23207,2024-05-07 09:58:00,4702.0,4704.25,4698.0,4701.2
23208,2024-05-07 09:59:00,4700.0,4701.6,4698.15,4698.25
23209,2024-05-07 10:00:00,4700.0,4700.0,4692.85,4694.9
23210,2024-05-07 10:01:00,4692.0,4694.9,4691.3,4694.0
23211,2024-05-07 10:02:00,4694.8,4698.0,4694.8,4695.0
23212,2024-05-07 10:03:00,4694.8,4696.15,4692.25,4693.45
23213,2024-05-07 10:04:00,4696.0,4696.0,4693.2,4693.2
23214,2024-05-07 10:05:00,4693.25,4698.15,4693.15,4698.15
23215,2024-05-07 10:06:00,4695.45,4698.9,4695.0,4698.9
23216,2024-05-07 10:07:00,4695.8,4700.95,4695.8,4698.5
23217,2024-05-07 10:08:00,4700.55,4701.9,4698.5,4701.9
23218,2024-05-07 10:09:00,4698.6,4701.2,4698.3,4700.0
23219,2024-05-07 10:10:00,4698.45,4700.35,4698.0,4700.0
23220,2024-05-07 10:11:00,4699.25,4699.25,4695.0,4695.05
23221,2024-05-07 10:12:00,4695.0,4695.95,4692.05,4693.6
23222,2024-05-07 10:13:00,4692.0,4695.85,4688.0,4690.45
23223,2024-05-07 10:14:00,4688.85,4691.05,4684.3,4685.0
23224,2024-05-07 10:15:00,4686.2,4686.3,4683.0,4686.3
23225,2024-05-07 10:16:00,4685.0,4685.0,4680.9,4685.0
23226,2024-05-07 10:17:00,4683.0,4685.0,4683.0,4684.95
23227,2024-05-07 10:18:00,4683.0,4686.3,4682.55,4682.55
23228,2024-05-07 10:19:00,4682.6,4684.8,4682.55,4684.6
23229,2024-05-07 10:20:00,4682.7,4684.5,4680.95,4683.5
23230,2024-05-07 10:21:00,4680.95,4684.0,4680.95,4683.7
23231,2024-05-07 10:22:00,4682.25,4682.25,4679.5,4681.95
23232,2024-05-07 10:23:00,4681.0,4681.95,4676.85,4679.0
23233,2024-05-07 10:24:00,4678.0,4678.75,4675.05,4677.0
23234,2024-05-07 10:25:00,4676.6,4678.45,4672.55,4678.45
23235,2024-05-07 10:26:00,4674.0,4677.95,4674.0,4677.15
23236,2024-05-07 10:27:00,4675.5,4677.5,4675.5,4677.5
23237,2024-05-07 10:28:00,4676.1,4679.55,4675.35,4677.0
23238,2024-05-07 10:29:00,4676.75,4677.4,4675.6,4677.0
23239,2024-05-07 10:30:00,4675.75,4679.85,4675.75,4679.4
23240,2024-05-07 10:31:00,4676.55,4678.9,4676.55,4678.8
23241,2024-05-07 10:32:00,4676.55,4677.0,4675.05,4675.6
23242,2024-05-07 10:33:00,4677.0,4677.0,4675.0,4676.95
23243,2024-05-07 10:34:00,4676.0,4677.0,4672.85,4674.9
23244,2024-05-07 10:35:00,4673.65,4676.05,4673.65,4675.9
23245,2024-05-07 10:36:00,4670.2,4673.0,4670.2,4671.4
23246,2024-05-07 10:37:00,4670.5,4674.65,4670.5,4671.0
23247,2024-05-07 10:38:00,4672.65,4675.25,4670.0,4672.6
23248,2024-05-07 10:39:00,4674.0,4674.0,4670.7,4673.7
23249,2024-05-07 10:40:00,4671.05,4673.5,4671.0,4673.4
23250,2024-05-07 10:41:00,4673.0,4673.65,4672.6,4672.6
23251,2024-05-07 10:42:00,4673.6,4675.45,4671.4,4672.75
23252,2024-05-07 10:43:00,4674.05,4675.0,4672.55,4674.0
23253,2024-05-07 10:44:00,4675.0,4675.5,4674.0,4675.5
23254,2024-05-07 10:45:00,4675.05,4675.5,4674.6,4674.6
23255,2024-05-07 10:46:00,4675.5,4675.5,4674.0,4675.5
23256,2024-05-07 10:47:00,4674.3,4675.5,4674.25,4675.5
23257,2024-05-07 10:48:00,4674.65,4676.0,4674.0,4676.0
23258,2024-05-07 10:49:00,4675.0,4676.0,4672.05,4674.85
23259,2024-05-07 10:50:00,4674.65,4675.05,4671.0,4671.0
23260,2024-05-07 10:51:00,4673.0,4673.0,4666.55,4666.55
23261,2024-05-07 10:52:00,4669.7,4672.2,4666.25,4669.0
23262,2024-05-07 10:53:00,4668.0,4669.9,4666.8,4669.8
23263,2024-05-07 10:54:00,4669.5,4670.35,4667.1,4670.05
23264,2024-05-07 10:55:00,4666.15,4673.95,4666.15,4673.3
23265,2024-05-07 10:56:00,4671.55,4675.5,4670.0,4675.5
23266,2024-05-07 10:57:00,4673.1,4675.5,4673.1,4675.5
23267,2024-05-07 10:58:00,4676.0,4676.0,4674.15,4674.15
23268,2024-05-07 10:59:00,4675.0,4676.0,4674.15,4676.0
23269,2024-05-07 11:00:00,4675.0,4676.0,4673.65,4676.0
23270,2024-05-07 11:01:00,4673.05,4676.0,4673.05,4676.0
23271,2024-05-07 11:02:00,4675.0,4675.85,4672.65,4674.85
23272,2024-05-07 11:03:00,4674.65,4676.5,4672.1,4674.4
23273,2024-05-07 11:04:00,4676.5,4676.5,4674.1,4675.5
23274,2024-05-07 11:05:00,4674.05,4675.5,4672.55,4674.95
23275,2024-05-07 11:06:00,4674.85,4675.5,4672.55,4672.8
23276,2024-05-07 11:07:00,4675.1,4675.1,4671.05,4673.0
23277,2024-05-07 11:08:00,4672.95,4673.35,4671.05,4671.3
23278,2024-05-07 11:09:00,4674.35,4674.55,4672.0,4674.55
23279,2024-05-07 11:10:00,4674.9,4674.9,4672.5,4674.0
23280,2024-05-07 11:11:00,4674.5,4674.55,4672.55,4674.55
23281,2024-05-07 11:12:00,4674.6,4675.0,4672.55,4674.75
23282,2024-05-07 11:13:00,4672.75,4674.6,4672.0,4673.85
23283,2024-05-07 11:14:00,4672.05,4674.0,4671.2,4671.2
23284,2024-05-07 11:15:00,4673.65,4674.0,4671.35,4674.0
23285,2024-05-07 11:16:00,4671.4,4674.0,4671.3,4673.3
23286,2024-05-07 11:17:00,4671.35,4673.45,4671.2,4673.45
23287,2024-05-07 11:18:00,4673.0,4674.0,4671.2,4672.5
23288,2024-05-07 11:19:00,4674.0,4675.0,4671.65,4673.9
23289,2024-05-07 11:20:00,4673.8,4674.6,4672.0,4674.6
23290,2024-05-07 11:21:00,4674.55,4674.95,4671.05,4673.9
23291,2024-05-07 11:22:00,4673.95,4673.95,4671.8,4672.0
23292,2024-05-07 11:23:00,4673.15,4673.15,4666.55,4668.3
23293,2024-05-07 11:24:00,4666.6,4666.6,4665.05,4666.6
23294,2024-05-07 11:25:00,4665.55,4665.55,4659.15,4659.15
23295,2024-05-07 11:26:00,4660.9,4661.0,4657.0,4659.05
23296,2024-05-07 11:27:00,4659.45,4660.45,4657.4,4658.0
23297,2024-05-07 11:28:00,4659.3,4659.45,4652.0,4655.35
23298,2024-05-07 11:29:00,4654.1,4657.25,4653.1,4654.4
23299,2024-05-07 11:30:00,4656.75,4660.0,4656.75,4659.0
23300,2024-05-07 11:31:00,4658.85,4661.55,4658.85,4660.0
23301,2024-05-07 11:32:00,4659.0,4659.75,4653.55,4656.0
23302,2024-05-07 11:33:00,4658.1,4660.0,4656.4,4658.9
23303,2024-05-07 11:34:00,4658.85,4658.85,4656.65,4658.45
23304,2024-05-07 11:35:00,4656.75,4658.55,4656.75,4658.5
23305,2024-05-07 11:36:00,4656.9,4658.5,4652.55,4655.0
23306,2024-05-07 11:37:00,4656.95,4660.0,4654.1,4658.5
23307,2024-05-07 11:38:00,4656.0,4659.3,4654.55,4658.05
23308,2024-05-07 11:39:00,4654.1,4658.25,4654.1,4655.45
23309,2024-05-07 11:40:00,4655.35,4660.0,4655.2,4659.95
23310,2024-05-07 11:41:00,4660.0,4661.0,4659.45,4660.0
23311,2024-05-07 11:42:00,4659.2,4659.85,4656.5,4659.0
23312,2024-05-07 11:43:00,4660.0,4660.0,4658.0,4658.8
23313,2024-05-07 11:44:00,4660.0,4660.0,4658.0,4659.0
23314,2024-05-07 11:45:00,4658.1,4659.0,4658.0,4658.95
23315,2024-05-07 11:46:00,4658.4,4659.0,4657.65,4659.0
23316,2024-05-07 11:47:00,4659.95,4661.0,4659.95,4661.0
23317,2024-05-07 11:48:00,4660.65,4666.6,4660.65,4664.7
23318,2024-05-07 11:49:00,4664.65,4667.85,4664.3,4665.5
23319,2024-05-07 11:50:00,4665.35,4667.75,4665.35,4666.0
23320,2024-05-07 11:51:00,4667.75,4669.9,4666.1,4666.1
23321,2024-05-07 11:52:00,4665.8,4666.2,4665.0,4665.0
23322,2024-05-07 11:53:00,4665.1,4669.4,4665.0,4666.9
23323,2024-05-07 11:54:00,4669.35,4669.9,4666.5,4667.25
23324,2024-05-07 11:55:00,4669.0,4673.9,4667.3,4672.9
23325,2024-05-07 11:56:00,4670.7,4673.2,4670.0,4670.45
23326,2024-05-07 11:57:00,4672.2,4674.5,4670.0,4671.35
23327,2024-05-07 11:58:00,4673.0,4675.9,4670.7,4673.0
23328,2024-05-07 11:59:00,4672.9,4672.9,4670.0,4670.0
23329,2024-05-07 12:00:00,4672.1,4672.1,4668.6,4670.0
23330,2024-05-07 12:01:00,4669.0,4673.35,4669.0,4670.0
23331,2024-05-07 12:02:00,4672.0,4677.95,4672.0,4674.05
23332,2024-05-07 12:03:00,4673.7,4675.0,4672.1,4672.1
23333,2024-05-07 12:04:00,4672.8,4672.8,4670.0,4671.4
23334,2024-05-07 12:05:00,4672.0,4675.0,4670.0,4672.6
23335,2024-05-07 12:06:00,4673.8,4673.8,4671.55,4673.4
23336,2024-05-07 12:07:00,4671.55,4672.45,4670.1,4671.8
23337,2024-05-07 12:08:00,4671.0,4673.4,4670.0,4670.25
23338,2024-05-07 12:09:00,4670.2,4670.25,4670.0,4670.0
23339,2024-05-07 12:10:00,4670.1,4670.95,4670.0,4670.95
23340,2024-05-07 12:11:00,4670.5,4672.35,4670.0,4671.95
23341,2024-05-07 12:12:00,4671.15,4673.0,4670.0,4673.0
23342,2024-05-07 12:13:00,4671.35,4675.0,4671.3,4672.8
23343,2024-05-07 12:14:00,4672.4,4673.7,4671.1,4672.95
23344,2024-05-07 12:15:00,4672.0,4672.0,4670.05,4671.2
23345,2024-05-07 12:16:00,4670.85,4672.95,4670.25,4670.25
23346,2024-05-07 12:17:00,4671.0,4671.3,4670.25,4670.3
23347,2024-05-07 12:18:00,4670.75,4670.75,4670.0,4670.35
23348,2024-05-07 12:19:00,4670.05,4674.25,4670.0,4671.05
23349,2024-05-07 12:20:00,4672.2,4672.2,4670.7,4672.0
23350,2024-05-07 12:21:00,4670.3,4671.9,4670.05,4671.65
23351,2024-05-07 12:22:00,4670.05,4670.75,4670.05,4670.4
23352,2024-05-07 12:23:00,4670.2,4670.4,4670.05,4670.05
23353,2024-05-07 12:24:00,4670.2,4672.0,4670.0,4672.0
23354,2024-05-07 12:25:00,4671.2,4672.0,4670.35,4671.95
23355,2024-05-07 12:26:00,4670.45,4672.0,4670.0,4670.0
23356,2024-05-07 12:27:00,4669.8,4669.8,4668.05,4668.95
23357,2024-05-07 12:28:00,4668.55,4669.95,4666.0,4669.95
23358,2024-05-07 12:29:00,4667.95,4668.95,4666.3,4666.55
23359,2024-05-07 12:30:00,4667.85,4667.85,4667.1,4667.55
23360,2024-05-07 12:31:00,4667.35,4670.0,4667.25,4669.7
23361,2024-05-07 12:32:00,4668.9,4669.7,4668.1,4669.7
23362,2024-05-07 12:33:00,4669.0,4669.7,4668.7,4669.3
23363,2024-05-07 12:34:00,4669.5,4670.95,4669.4,4669.65
23364,2024-05-07 12:35:00,4669.2,4669.65,4667.0,4668.0
23365,2024-05-07 12:36:00,4666.9,4666.9,4665.05,4666.45
23366,2024-05-07 12:37:00,4665.05,4668.0,4665.05,4668.0
23367,2024-05-07 12:38:00,4666.6,4667.3,4665.55,4667.0
23368,2024-05-07 12:39:00,4665.5,4666.25,4665.0,4665.85
23369,2024-05-07 12:40:00,4665.7,4665.7,4664.6,4664.7
23370,2024-05-07 12:41:00,4664.65,4665.0,4664.6,4665.0
23371,2024-05-07 12:42:00,4664.95,4669.0,4664.0,4669.0
23372,2024-05-07 12:43:00,4668.5,4670.9,4668.0,4669.0
23373,2024-05-07 12:44:00,4669.85,4669.85,4669.0,4669.4
23374,2024-05-07 12:45:00,4669.2,4669.2,4665.05,4669.05
23375,2024-05-07 12:46:00,4669.0,4669.05,4665.0,4665.0
23376,2024-05-07 12:47:00,4665.05,4665.75,4665.0,4665.4
23377,2024-05-07 12:48:00,4665.2,4666.1,4665.0,4665.85
23378,2024-05-07 12:49:00,4665.4,4669.15,4665.4,4667.2
23379,2024-05-07 12:50:00,4666.8,4669.5,4666.8,4669.0
23380,2024-05-07 12:51:00,4670.0,4671.85,4670.0,4671.85
23381,2024-05-07 12:52:00,4670.0,4671.0,4670.0,4670.0
23382,2024-05-07 12:53:00,4670.15,4670.15,4669.6,4669.6
23383,2024-05-07 12:54:00,4669.0,4669.75,4665.0,4669.75
23384,2024-05-07 12:55:00,4668.2,4672.45,4668.2,4671.0
23385,2024-05-07 12:56:00,4671.45,4672.95,4670.95,4671.25
23386,2024-05-07 12:57:00,4672.95,4672.95,4670.35,4672.0
23387,2024-05-07 12:58:00,4671.35,4672.85,4671.35,4671.95
23388,2024-05-07 12:59:00,4672.35,4672.35,4670.0,4670.05
23389,2024-05-07 13:00:00,4670.7,4670.7,4670.0,4670.0
23390,2024-05-07 13:01:00,4670.15,4672.2,4670.0,4672.2
23391,2024-05-07 13:02:00,4670.8,4671.5,4670.4,4670.4
23392,2024-05-07 13:03:00,4670.75,4670.75,4670.0,4670.0
23393,2024-05-07 13:04:00,4670.1,4670.1,4670.0,4670.05
23394,2024-05-07 13:05:00,4670.0,4672.6,4670.0,4670.6
23395,2024-05-07 13:06:00,4672.2,4674.8,4672.2,4673.45
23396,2024-05-07 13:07:00,4672.7,4678.0,4672.0,4673.5
23397,2024-05-07 13:08:00,4674.85,4683.5,4673.7,4674.45
23398,2024-05-07 13:09:00,4674.05,4677.2,4674.0,4677.2
23399,2024-05-07 13:10:00,4675.1,4679.85,4675.05,4679.05
23400,2024-05-07 13:11:00,4678.0,4678.5,4675.0,4675.0
23401,2024-05-07 13:12:00,4675.95,4675.95,4673.25,4673.25
23402,2024-05-07 13:13:00,4672.7,4673.3,4670.6,4673.2
23403,2024-05-07 13:14:00,4671.4,4673.0,4671.2,4671.2
23404,2024-05-07 13:15:00,4670.95,4672.45,4670.0,4672.45
23405,2024-05-07 13:16:00,4671.6,4673.3,4670.0,4670.3
23406,2024-05-07 13:17:00,4670.0,4671.5,4670.0,4670.75
23407,2024-05-07 13:18:00,4670.35,4673.7,4670.0,4672.7
23408,2024-05-07 13:19:00,4671.2,4671.85,4670.1,4670.3
23409,2024-05-07 13:20:00,4670.8,4674.05,4670.2,4671.15
23410,2024-05-07 13:21:00,4670.55,4675.85,4670.55,4673.5
23411,2024-05-07 13:22:00,4673.4,4674.05,4672.55,4672.55
23412,2024-05-07 13:23:00,4672.4,4672.4,4670.0,4670.5
23413,2024-05-07 13:24:00,4670.25,4673.5,4670.0,4671.7
23414,2024-05-07 13:25:00,4670.05,4676.95,4670.05,4675.15
23415,2024-05-07 13:26:00,4675.95,4678.15,4675.0,4675.05
23416,2024-05-07 13:27:00,4675.0,4679.45,4675.0,4679.45
23417,2024-05-07 13:28:00,4677.2,4678.95,4675.0,4675.3
23418,2024-05-07 13:29:00,4675.9,4680.0,4675.3,4677.75
23419,2024-05-07 13:30:00,4678.75,4685.2,4678.2,4680.35
23420,2024-05-07 13:31:00,4678.05,4679.15,4678.0,4678.6
23421,2024-05-07 13:32:00,4678.3,4684.6,4678.0,4684.6
23422,2024-05-07 13:33:00,4683.0,4683.05,4681.0,4682.1
23423,2024-05-07 13:34:00,4681.1,4681.6,4680.0,4681.35
23424,2024-05-07 13:35:00,4681.55,4685.0,4681.55,4684.2
23425,2024-05-07 13:36:00,4682.2,4685.85,4681.35,4683.55
23426,2024-05-07 13:37:00,4684.6,4687.75,4683.55,4687.3
23427,2024-05-07 13:38:00,4686.25,4688.0,4685.2,4688.0
23428,2024-05-07 13:39:00,4685.8,4690.95,4685.8,4688.25
23429,2024-05-07 13:40:00,4689.4,4692.5,4688.25,4689.9
23430,2024-05-07 13:41:00,4690.0,4695.75,4690.0,4694.5
23431,2024-05-07 13:42:00,4693.1,4694.6,4690.75,4694.6
23432,2024-05-07 13:43:00,4693.65,4696.0,4693.65,4695.05
23433,2024-05-07 13:44:00,4696.0,4698.0,4695.0,4695.1
23434,2024-05-07 13:45:00,4698.0,4701.0,4695.1,4696.8
23435,2024-05-07 13:46:00,4694.15,4701.95,4694.15,4696.15
23436,2024-05-07 13:47:00,4699.1,4700.0,4695.55,4699.85
23437,2024-05-07 13:48:00,4699.4,4700.0,4692.2,4697.3
23438,2024-05-07 13:49:00,4697.4,4699.45,4691.35,4698.0
23439,2024-05-07 13:50:00,4696.0,4698.0,4691.0,4692.1
23440,2024-05-07 13:51:00,4690.85,4694.0,4690.05,4692.05
23441,2024-05-07 13:52:00,4690.0,4693.45,4686.2,4689.85
23442,2024-05-07 13:53:00,4691.15,4695.5,4689.85,4689.95
23443,2024-05-07 13:54:00,4690.0,4694.65,4689.85,4691.35
23444,2024-05-07 13:55:00,4690.8,4694.05,4690.1,4691.1
23445,2024-05-07 13:56:00,4693.15,4693.5,4685.05,4689.45
23446,2024-05-07 13:57:00,4686.05,4690.0,4685.05,4690.0
23447,2024-05-07 13:58:00,4689.95,4690.0,4686.15,4688.8
23448,2024-05-07 13:59:00,4686.25,4688.0,4686.25,4688.0
23449,2024-05-07 14:00:00,4687.2,4690.0,4686.15,4688.25
23450,2024-05-07 14:01:00,4688.2,4690.0,4688.2,4690.0
23451,2024-05-07 14:02:00,4689.6,4690.0,4687.6,4688.0
23452,2024-05-07 14:03:00,4687.6,4690.5,4687.6,4689.95
23453,2024-05-07 14:04:00,4688.4,4690.0,4687.75,4690.0
23454,2024-05-07 14:05:00,4689.9,4690.0,4687.6,4687.65
23455,2024-05-07 14:06:00,4687.75,4687.75,4682.35,4682.6
23456,2024-05-07 14:07:00,4682.85,4689.15,4682.85,4687.35
23457,2024-05-07 14:08:00,4687.05,4688.85,4685.0,4688.0
23458,2024-05-07 14:09:00,4688.7,4690.0,4686.3,4690.0
23459,2024-05-07 14:10:00,4689.05,4690.0,4686.4,4688.5
23460,2024-05-07 14:11:00,4686.4,4690.0,4683.3,4683.3
23461,2024-05-07 14:12:00,4683.75,4686.95,4683.15,4686.95
23462,2024-05-07 14:13:00,4686.5,4690.0,4686.5,4690.0
23463,2024-05-07 14:14:00,4688.95,4690.0,4688.0,4689.2
23464,2024-05-07 14:15:00,4690.0,4690.0,4686.7,4689.85
23465,2024-05-07 14:16:00,4688.1,4695.5,4688.0,4695.5
23466,2024-05-07 14:17:00,4693.5,4695.5,4690.45,4691.7
23467,2024-05-07 14:18:00,4691.75,4693.7,4690.65,4691.65
23468,2024-05-07 14:19:00,4693.0,4704.15,4691.65,4704.15
23469,2024-05-07 14:20:00,4708.05,4709.4,4700.9,4708.0
23470,2024-05-07 14:21:00,4709.0,4709.55,4700.1,4705.9
23471,2024-05-07 14:22:00,4703.25,4708.5,4700.0,4703.7
23472,2024-05-07 14:23:00,4703.3,4706.0,4693.55,4699.95
23473,2024-05-07 14:24:00,4699.5,4702.95,4693.25,4695.85
23474,2024-05-07 14:25:00,4693.4,4697.05,4690.45,4695.7
23475,2024-05-07 14:26:00,4693.9,4700.0,4691.05,4696.35
23476,2024-05-07 14:27:00,4694.4,4697.0,4691.65,4695.85
23477,2024-05-07 14:28:00,4693.15,4693.5,4690.0,4690.0
23478,2024-05-07 14:29:00,4691.7,4691.7,4690.0,4690.0
23479,2024-05-07 14:30:00,4691.0,4691.0,4684.0,4684.6
23480,2024-05-07 14:31:00,4686.95,4688.5,4683.85,4688.5
23481,2024-05-07 14:32:00,4687.3,4690.85,4686.0,4690.6
23482,2024-05-07 14:33:00,4689.05,4692.0,4689.0,4692.0
23483,2024-05-07 14:34:00,4689.7,4692.75,4689.7,4690.05
23484,2024-05-07 14:35:00,4692.0,4694.5,4690.05,4694.35
23485,2024-05-07 14:36:00,4691.35,4700.0,4691.35,4697.55
23486,2024-05-07 14:37:00,4696.35,4700.9,4695.0,4700.9
23487,2024-05-07 14:38:00,4700.6,4700.85,4695.0,4695.15
23488,2024-05-07 14:39:00,4694.5,4700.9,4691.75,4700.05
23489,2024-05-07 14:40:00,4701.15,4701.9,4698.85,4700.05
23490,2024-05-07 14:41:00,4700.0,4701.15,4700.0,4701.15
23491,2024-05-07 14:42:00,4700.0,4701.15,4695.0,4697.15
23492,2024-05-07 14:43:00,4695.05,4697.95,4695.0,4696.6
23493,2024-05-07 14:44:00,4695.05,4696.6,4693.2,4693.9
23494,2024-05-07 14:45:00,4693.95,4698.9,4693.95,4698.1
23495,2024-05-07 14:46:00,4696.4,4702.25,4696.4,4700.0
23496,2024-05-07 14:47:00,4701.4,4703.7,4700.0,4703.0
23497,2024-05-07 14:48:00,4701.55,4707.0,4701.55,4706.6
23498,2024-05-07 14:49:00,4706.55,4707.9,4703.95,4704.5
23499,2024-05-07 14:50:00,4704.6,4706.6,4704.1,4706.55
23500,2024-05-07 14:51:00,4705.05,4706.2,4701.55,4702.6
23501,2024-05-07 14:52:00,4702.0,4704.7,4700.8,4704.15
23502,2024-05-07 14:53:00,4701.75,4704.0,4700.65,4701.2
23503,2024-05-07 14:54:00,4700.0,4700.0,4697.25,4697.4
23504,2024-05-07 14:55:00,4697.3,4699.75,4697.25,4697.55
23505,2024-05-07 14:56:00,4697.25,4698.95,4695.0,4698.95
23506,2024-05-07 14:57:00,4699.0,4700.8,4696.25,4696.65
23507,2024-05-07 14:58:00,4699.0,4701.8,4696.35,4700.0
23508,2024-05-07 14:59:00,4699.1,4699.95,4695.1,4695.1
23509,2024-05-07 15:00:00,4697.1,4701.95,4695.05,4700.0
23510,2024-05-07 15:01:00,4699.7,4702.1,4695.65,4695.65
23511,2024-05-07 15:02:00,4696.5,4700.0,4696.5,4700.0
23512,2024-05-07 15:03:00,4697.9,4703.0,4697.9,4700.0
23513,2024-05-07 15:04:00,4700.9,4704.7,4700.0,4701.55
23514,2024-05-07 15:05:00,4700.75,4703.9,4696.75,4699.0
23515,2024-05-07 15:06:00,4698.75,4700.0,4695.85,4699.35
23516,2024-05-07 15:07:00,4695.2,4698.95,4695.05,4696.0
23517,2024-05-07 15:08:00,4697.2,4697.35,4692.65,4696.25
23518,2024-05-07 15:09:00,4694.75,4700.0,4694.45,4700.0
23519,2024-05-07 15:10:00,4698.65,4700.0,4698.65,4699.95
23520,2024-05-07 15:11:00,4698.8,4702.0,4698.05,4700.0
23521,2024-05-07 15:12:00,4699.0,4699.3,4696.55,4697.0
23522,2024-05-07 15:13:00,4696.6,4699.0,4695.05,4699.0
23523,2024-05-07 15:14:00,4698.1,4699.0,4697.3,4699.0
23524,2024-05-07 15:15:00,4700.0,4700.0,4698.25,4699.0
23525,2024-05-07 15:16:00,4699.9,4700.0,4695.6,4699.35
23526,2024-05-07 15:17:00,4699.55,4700.0,4696.75,4698.45
23527,2024-05-07 15:18:00,4698.5,4698.75,4694.05,4696.4
23528,2024-05-07 15:19:00,4698.1,4700.0,4698.1,4699.65
23529,2024-05-07 15:20:00,4698.95,4703.0,4698.95,4699.8
23530,2024-05-07 15:21:00,4700.0,4700.0,4697.05,4700.0
23531,2024-05-07 15:22:00,4699.95,4700.0,4697.9,4700.0
23532,2024-05-07 15:23:00,4699.9,4700.0,4698.9,4700.0
23533,2024-05-07 15:24:00,4699.95,4700.0,4699.9,4700.0
23534,2024-05-07 15:25:00,4699.7,4700.0,4698.05,4699.9
23535,2024-05-07 15:26:00,4700.0,4700.0,4699.35,4700.0
23536,2024-05-07 15:27:00,4699.4,4700.0,4698.0,4700.0
23537,2024-05-07 15:28:00,4700.35,4700.35,4697.9,4699.95
23538,2024-05-07 15:29:00,4699.25,4700.0,4698.0,4700.0
23539,2024-05-08 09:15:00,4728.5,4728.85,4705.35,4710.0
23540,2024-05-08 09:16:00,4713.4,4713.4,4702.1,4705.5
23541,2024-05-08 09:17:00,4701.1,4703.0,4683.65,4690.15
23542,2024-05-08 09:18:00,4693.55,4694.85,4684.05,4694.5
23543,2024-05-08 09:19:00,4691.0,4693.35,4682.0,4682.15
23544,2024-05-08 09:20:00,4682.0,4684.1,4677.5,4682.8
23545,2024-05-08 09:21:00,4682.65,4687.8,4679.2,4683.0
23546,2024-05-08 09:22:00,4685.8,4689.75,4678.7,4682.5
23547,2024-05-08 09:23:00,4688.25,4702.65,4687.4,4701.5
23548,2024-05-08 09:24:00,4703.2,4704.65,4694.65,4701.3
23549,2024-05-08 09:25:00,4704.2,4712.45,4701.5,4711.05
23550,2024-05-08 09:26:00,4708.0,4714.9,4708.0,4711.0
23551,2024-05-08 09:27:00,4707.05,4715.0,4707.05,4714.0
23552,2024-05-08 09:28:00,4714.85,4714.85,4709.05,4712.4
23553,2024-05-08 09:29:00,4711.35,4713.95,4711.35,4713.2
23554,2024-05-08 09:30:00,4713.5,4713.5,4705.65,4705.65
23555,2024-05-08 09:31:00,4704.6,4704.6,4700.5,4702.9
23556,2024-05-08 09:32:00,4703.0,4709.9,4703.0,4708.0
23557,2024-05-08 09:33:00,4707.55,4707.55,4702.2,4702.35
23558,2024-05-08 09:34:00,4702.0,4704.65,4701.6,4702.25
23559,2024-05-08 09:35:00,4702.0,4704.75,4700.0,4701.45
23560,2024-05-08 09:36:00,4700.0,4700.0,4693.5,4695.85
23561,2024-05-08 09:37:00,4693.0,4699.0,4692.0,4699.0
23562,2024-05-08 09:38:00,4697.3,4700.0,4696.9,4700.0
23563,2024-05-08 09:39:00,4697.95,4703.5,4696.95,4701.4
23564,2024-05-08 09:40:00,4701.1,4707.0,4701.1,4705.95
23565,2024-05-08 09:41:00,4706.25,4706.25,4699.7,4699.95
23566,2024-05-08 09:42:00,4700.7,4702.3,4696.4,4696.4
23567,2024-05-08 09:43:00,4698.9,4700.7,4698.3,4698.35
23568,2024-05-08 09:44:00,4700.35,4700.35,4696.4,4699.0
23569,2024-05-08 09:45:00,4696.7,4700.3,4696.7,4699.95
23570,2024-05-08 09:46:00,4697.65,4701.4,4697.65,4700.0
23571,2024-05-08 09:47:00,4701.4,4702.0,4700.0,4702.0
23572,2024-05-08 09:48:00,4701.4,4701.6,4697.0,4697.85
23573,2024-05-08 09:49:00,4699.95,4700.0,4697.7,4699.45
23574,2024-05-08 09:50:00,4700.0,4700.0,4694.4,4697.1
23575,2024-05-08 09:51:00,4696.25,4697.6,4693.5,4694.05
23576,2024-05-08 09:52:00,4694.0,4699.05,4694.0,4698.9
23577,2024-05-08 09:53:00,4699.35,4699.4,4697.0,4699.4
23578,2024-05-08 09:54:00,4699.2,4699.65,4697.05,4699.35
23579,2024-05-08 09:55:00,4697.0,4700.0,4697.0,4700.0
23580,2024-05-08 09:56:00,4702.45,4706.25,4702.45,4706.25
23581,2024-05-08 09:57:00,4703.3,4704.3,4700.0,4700.0
23582,2024-05-08 09:58:00,4701.3,4702.35,4698.75,4700.0
23583,2024-05-08 09:59:00,4698.55,4700.0,4698.45,4700.0
23584,2024-05-08 10:00:00,4699.0,4700.0,4698.95,4698.95
23585,2024-05-08 10:01:00,4700.0,4703.0,4700.0,4701.3
23586,2024-05-08 10:02:00,4700.0,4706.75,4700.0,4704.05
23587,2024-05-08 10:03:00,4706.65,4710.0,4704.65,4707.0
23588,2024-05-08 10:04:00,4708.85,4710.0,4706.05,4706.15
23589,2024-05-08 10:05:00,4708.35,4709.0,4706.2,4708.0
23590,2024-05-08 10:06:00,4706.55,4709.5,4704.65,4705.0
23591,2024-05-08 10:07:00,4706.4,4709.0,4705.0,4707.95
23592,2024-05-08 10:08:00,4708.0,4709.0,4706.55,4707.2
23593,2024-05-08 10:09:00,4707.95,4712.95,4707.2,4709.2
23594,2024-05-08 10:10:00,4707.2,4710.65,4707.2,4710.4
23595,2024-05-08 10:11:00,4710.35,4711.0,4707.05,4709.25
23596,2024-05-08 10:12:00,4706.7,4709.45,4705.15,4709.15
23597,2024-05-08 10:13:00,4706.45,4708.9,4706.45,4708.75
23598,2024-05-08 10:14:00,4709.0,4714.05,4709.0,4714.05
23599,2024-05-08 10:15:00,4712.0,4712.2,4708.95,4708.95
23600,2024-05-08 10:16:00,4709.4,4711.55,4708.65,4708.75
23601,2024-05-08 10:17:00,4710.0,4710.0,4706.5,4708.0
23602,2024-05-08 10:18:00,4706.5,4708.25,4702.75,4704.9
23603,2024-05-08 10:19:00,4702.4,4704.9,4701.05,4701.05
23604,2024-05-08 10:20:00,4702.15,4706.5,4699.55,4700.05
23605,2024-05-08 10:21:00,4700.0,4701.25,4697.15,4699.45
23606,2024-05-08 10:22:00,4697.15,4699.1,4695.0,4696.6
23607,2024-05-08 10:23:00,4693.6,4697.5,4693.6,4694.35
23608,2024-05-08 10:24:00,4696.5,4697.0,4694.0,4695.85
23609,2024-05-08 10:25:00,4697.0,4698.75,4697.0,4698.75
23610,2024-05-08 10:26:00,4697.05,4699.0,4697.05,4699.0
23611,2024-05-08 10:27:00,4699.95,4700.0,4697.0,4697.0
23612,2024-05-08 10:28:00,4698.65,4699.2,4697.0,4698.0
23613,2024-05-08 10:29:00,4698.4,4698.4,4694.0,4696.3
23614,2024-05-08 10:30:00,4697.3,4698.0,4690.05,4690.65
23615,2024-05-08 10:31:00,4690.5,4693.45,4690.2,4690.2
23616,2024-05-08 10:32:00,4691.95,4691.95,4684.7,4685.0
23617,2024-05-08 10:33:00,4685.35,4688.95,4685.0,4688.95
23618,2024-05-08 10:34:00,4689.0,4690.0,4688.8,4688.8
23619,2024-05-08 10:35:00,4687.1,4690.6,4687.0,4690.0
23620,2024-05-08 10:36:00,4688.0,4691.6,4688.0,4691.5
23621,2024-05-08 10:37:00,4691.25,4691.95,4688.5,4689.2
23622,2024-05-08 10:38:00,4689.0,4692.4,4689.0,4689.0
23623,2024-05-08 10:39:00,4690.35,4691.0,4689.0,4690.1
23624,2024-05-08 10:40:00,4691.5,4691.55,4690.1,4691.55
23625,2024-05-08 10:41:00,4689.5,4691.55,4689.5,4691.05
23626,2024-05-08 10:42:00,4691.5,4691.5,4687.7,4687.7
23627,2024-05-08 10:43:00,4687.75,4689.85,4687.05,4687.05
23628,2024-05-08 10:44:00,4688.95,4689.65,4686.3,4689.65
23629,2024-05-08 10:45:00,4687.45,4689.95,4687.45,4687.6
23630,2024-05-08 10:46:00,4688.85,4689.45,4687.0,4687.0
23631,2024-05-08 10:47:00,4688.75,4692.2,4687.0,4692.2
23632,2024-05-08 10:48:00,4689.5,4693.05,4689.3,4690.7
23633,2024-05-08 10:49:00,4692.9,4693.9,4690.7,4691.8
23634,2024-05-08 10:50:00,4694.0,4694.0,4691.75,4692.0
23635,2024-05-08 10:51:00,4694.0,4694.2,4690.75,4692.6
23636,2024-05-08 10:52:00,4691.0,4692.8,4690.0,4690.25
23637,2024-05-08 10:53:00,4692.65,4693.4,4690.25,4692.85
23638,2024-05-08 10:54:00,4691.0,4692.85,4691.0,4691.0
23639,2024-05-08 10:55:00,4691.2,4692.0,4691.2,4692.0
23640,2024-05-08 10:56:00,4691.2,4694.5,4690.85,4693.6
23641,2024-05-08 10:57:00,4691.7,4693.6,4690.6,4691.0
23642,2024-05-08 10:58:00,4693.35,4694.3,4690.1,4690.15
23643,2024-05-08 10:59:00,4690.4,4692.95,4689.5,4689.5
23644,2024-05-08 11:00:00,4689.75,4690.0,4688.0,4690.0
23645,2024-05-08 11:01:00,4688.05,4691.2,4687.95,4688.35
23646,2024-05-08 11:02:00,4690.0,4691.95,4688.25,4690.0
23647,2024-05-08 11:03:00,4689.9,4691.9,4689.9,4691.85
23648,2024-05-08 11:04:00,4689.9,4692.4,4689.9,4690.85
23649,2024-05-08 11:05:00,4694.95,4694.95,4691.7,4691.85
23650,2024-05-08 11:06:00,4691.8,4694.95,4691.75,4692.7
23651,2024-05-08 11:07:00,4692.9,4693.45,4692.8,4693.45
23652,2024-05-08 11:08:00,4692.8,4693.45,4691.05,4692.0
23653,2024-05-08 11:09:00,4694.0,4694.3,4691.0,4691.0
23654,2024-05-08 11:10:00,4692.7,4692.75,4688.05,4688.05
23655,2024-05-08 11:11:00,4688.3,4690.05,4686.8,4688.55
23656,2024-05-08 11:12:00,4690.0,4693.7,4688.55,4691.55
23657,2024-05-08 11:13:00,4693.1,4693.4,4691.15,4691.15
23658,2024-05-08 11:14:00,4693.35,4693.4,4691.15,4693.35
23659,2024-05-08 11:15:00,4693.3,4693.35,4690.0,4690.0
23660,2024-05-08 11:16:00,4691.8,4691.8,4690.0,4690.0
23661,2024-05-08 11:17:00,4690.35,4692.25,4690.0,4692.15
23662,2024-05-08 11:18:00,4690.4,4693.3,4690.4,4691.95
23663,2024-05-08 11:19:00,4692.0,4695.0,4691.95,4693.15
23664,2024-05-08 11:20:00,4695.0,4695.45,4693.15,4695.4
23665,2024-05-08 11:21:00,4693.2,4695.5,4693.2,4695.5
23666,2024-05-08 11:22:00,4697.9,4698.7,4694.2,4695.4
23667,2024-05-08 11:23:00,4693.95,4698.3,4692.05,4695.7
23668,2024-05-08 11:24:00,4695.75,4699.1,4695.7,4699.1
23669,2024-05-08 11:25:00,4699.95,4700.0,4699.1,4699.1
23670,2024-05-08 11:26:00,4700.0,4701.75,4699.0,4701.4
23671,2024-05-08 11:27:00,4699.15,4699.25,4695.85,4695.9
23672,2024-05-08 11:28:00,4698.25,4698.25,4690.9,4695.55
23673,2024-05-08 11:29:00,4693.4,4695.6,4692.1,4692.1
23674,2024-05-08 11:30:00,4694.55,4694.55,4690.65,4690.65
23675,2024-05-08 11:31:00,4693.75,4694.2,4690.6,4691.85
23676,2024-05-08 11:32:00,4693.65,4694.2,4691.8,4691.8
23677,2024-05-08 11:33:00,4694.05,4694.05,4691.2,4691.2
23678,2024-05-08 11:34:00,4691.0,4693.15,4690.05,4690.05
23679,2024-05-08 11:35:00,4690.0,4694.0,4688.8,4689.85
23680,2024-05-08 11:36:00,4689.3,4691.55,4689.05,4689.7
23681,2024-05-08 11:37:00,4689.75,4692.35,4689.7,4689.75
23682,2024-05-08 11:38:00,4691.95,4692.45,4689.7,4690.05
23683,2024-05-08 11:39:00,4692.2,4692.45,4690.0,4690.2
23684,2024-05-08 11:40:00,4692.5,4692.85,4689.1,4691.35
23685,2024-05-08 11:41:00,4689.55,4692.0,4689.55,4691.85
23686,2024-05-08 11:42:00,4690.0,4691.95,4689.25,4689.65
23687,2024-05-08 11:43:00,4689.15,4694.4,4689.15,4694.4
23688,2024-05-08 11:44:00,4691.7,4693.35,4690.1,4691.7
23689,2024-05-08 11:45:00,4690.15,4691.75,4690.0,4690.0
23690,2024-05-08 11:46:00,4691.65,4694.9,4690.05,4691.85
23691,2024-05-08 11:47:00,4694.2,4698.1,4690.0,4697.95
23692,2024-05-08 11:48:00,4698.9,4698.9,4696.0,4696.05
23693,2024-05-08 11:49:00,4696.15,4698.8,4696.0,4698.0
23694,2024-05-08 11:50:00,4696.05,4699.9,4696.0,4699.9
23695,2024-05-08 11:51:00,4699.95,4700.0,4696.6,4696.6
23696,2024-05-08 11:52:00,4696.15,4698.25,4696.05,4696.1
23697,2024-05-08 11:53:00,4696.15,4698.05,4692.7,4693.7
23698,2024-05-08 11:54:00,4696.35,4696.35,4692.0,4692.5
23699,2024-05-08 11:55:00,4692.0,4694.95,4692.0,4692.35
23700,2024-05-08 11:56:00,4692.0,4694.0,4692.0,4692.5
23701,2024-05-08 11:57:00,4694.0,4694.75,4692.5,4692.55
23702,2024-05-08 11:58:00,4694.75,4696.0,4692.5,4695.45
23703,2024-05-08 11:59:00,4694.0,4695.45,4692.6,4693.1
23704,2024-05-08 12:00:00,4695.0,4696.95,4692.5,4694.6
23705,2024-05-08 12:01:00,4694.55,4696.9,4694.55,4696.7
23706,2024-05-08 12:02:00,4694.65,4697.9,4692.5,4693.7
23707,2024-05-08 12:03:00,4693.8,4693.8,4693.7,4693.8
23708,2024-05-08 12:04:00,4693.7,4694.0,4693.0,4693.0
23709,2024-05-08 12:05:00,4693.05,4695.65,4693.0,4694.2
23710,2024-05-08 12:06:00,4697.25,4700.0,4694.9,4697.3
23711,2024-05-08 12:07:00,4695.1,4697.55,4695.0,4697.55
23712,2024-05-08 12:08:00,4695.0,4698.9,4695.0,4698.0
23713,2024-05-08 12:09:00,4697.95,4700.0,4696.6,4699.9
23714,2024-05-08 12:10:00,4698.0,4699.5,4698.0,4699.5
23715,2024-05-08 12:11:00,4698.05,4700.0,4697.1,4697.1
23716,2024-05-08 12:12:00,4699.25,4700.0,4697.0,4699.95
23717,2024-05-08 12:13:00,4697.7,4700.0,4697.7,4700.0
23718,2024-05-08 12:14:00,4699.5,4702.0,4699.5,4700.8
23719,2024-05-08 12:15:00,4700.05,4700.8,4697.0,4697.0
23720,2024-05-08 12:16:00,4697.1,4697.5,4695.25,4696.6
23721,2024-05-08 12:17:00,4695.85,4699.25,4695.85,4697.0
23722,2024-05-08 12:18:00,4697.05,4699.55,4697.0,4699.35
23723,2024-05-08 12:19:00,4697.05,4699.55,4697.05,4697.7
23724,2024-05-08 12:20:00,4700.0,4700.0,4695.45,4696.7
23725,2024-05-08 12:21:00,4697.1,4700.0,4697.0,4699.0
23726,2024-05-08 12:22:00,4699.05,4700.0,4699.05,4700.0
23727,2024-05-08 12:23:00,4699.2,4701.45,4699.0,4699.0
23728,2024-05-08 12:24:00,4699.05,4701.5,4699.0,4700.0
23729,2024-05-08 12:25:00,4699.15,4702.0,4699.15,4699.7
23730,2024-05-08 12:26:00,4701.5,4701.95,4699.7,4700.0
23731,2024-05-08 12:27:00,4698.5,4700.8,4696.6,4698.1
23732,2024-05-08 12:28:00,4699.05,4700.75,4699.0,4699.0
23733,2024-05-08 12:29:00,4700.8,4700.8,4699.0,4700.8
23734,2024-05-08 12:30:00,4699.0,4700.8,4699.0,4700.7
23735,2024-05-08 12:31:00,4700.0,4704.9,4699.15,4703.7
23736,2024-05-08 12:32:00,4702.1,4702.1,4699.0,4699.3
23737,2024-05-08 12:33:00,4699.05,4701.0,4699.05,4699.2
23738,2024-05-08 12:34:00,4700.95,4702.45,4699.05,4700.0
23739,2024-05-08 12:35:00,4701.35,4701.35,4699.05,4699.05
23740,2024-05-08 12:36:00,4700.0,4700.0,4699.05,4699.05
23741,2024-05-08 12:37:00,4700.0,4700.0,4696.55,4696.55
23742,2024-05-08 12:38:00,4696.5,4696.8,4695.05,4696.75
23743,2024-05-08 12:39:00,4695.05,4696.5,4695.0,4695.0
23744,2024-05-08 12:40:00,4694.0,4695.15,4693.1,4693.15
23745,2024-05-08 12:41:00,4693.1,4695.8,4691.0,4691.0
23746,2024-05-08 12:42:00,4691.25,4692.0,4690.6,4691.0
23747,2024-05-08 12:43:00,4690.65,4693.15,4690.65,4691.05
23748,2024-05-08 12:44:00,4692.8,4692.8,4690.6,4690.7
23749,2024-05-08 12:45:00,4692.8,4692.85,4690.7,4692.85
23750,2024-05-08 12:46:00,4691.05,4695.0,4691.05,4695.0
23751,2024-05-08 12:47:00,4694.95,4694.95,4691.7,4693.0
23752,2024-05-08 12:48:00,4693.7,4693.7,4691.7,4693.7
23753,2024-05-08 12:49:00,4691.8,4694.4,4691.8,4694.4
23754,2024-05-08 12:50:00,4691.8,4696.15,4691.8,4695.25
23755,2024-05-08 12:51:00,4693.4,4698.55,4692.7,4694.9
23756,2024-05-08 12:52:00,4697.25,4697.25,4693.45,4695.75
23757,2024-05-08 12:53:00,4693.65,4696.6,4693.0,4696.55
23758,2024-05-08 12:54:00,4696.6,4696.7,4695.05,4695.05
23759,2024-05-08 12:55:00,4696.7,4697.9,4695.0,4695.0
23760,2024-05-08 12:56:00,4695.05,4698.45,4694.0,4694.0
23761,2024-05-08 12:57:00,4696.4,4696.85,4693.8,4696.55
23762,2024-05-08 12:58:00,4694.15,4696.45,4693.1,4693.4
23763,2024-05-08 12:59:00,4693.15,4695.65,4692.0,4692.2
23764,2024-05-08 13:00:00,4692.05,4694.7,4691.85,4693.0
23765,2024-05-08 13:01:00,4694.45,4694.45,4690.85,4691.7
23766,2024-05-08 13:02:00,4690.8,4693.1,4690.7,4691.0
23767,2024-05-08 13:03:00,4693.2,4693.45,4690.6,4690.6
23768,2024-05-08 13:04:00,4691.35,4693.95,4690.6,4691.9
23769,2024-05-08 13:05:00,4691.95,4693.95,4691.25,4691.25
23770,2024-05-08 13:06:00,4691.1,4693.95,4691.1,4691.85
23771,2024-05-08 13:07:00,4691.8,4693.95,4691.1,4691.15
23772,2024-05-08 13:08:00,4691.1,4698.1,4690.6,4697.0
23773,2024-05-08 13:09:00,4697.6,4700.0,4697.0,4700.0
23774,2024-05-08 13:10:00,4698.0,4700.0,4697.75,4697.75
23775,2024-05-08 13:11:00,4699.95,4699.95,4697.2,4697.55
23776,2024-05-08 13:12:00,4699.85,4700.0,4697.0,4697.4
23777,2024-05-08 13:13:00,4697.0,4699.4,4697.0,4697.0
23778,2024-05-08 13:14:00,4699.1,4699.15,4697.0,4697.0
23779,2024-05-08 13:15:00,4699.05,4699.95,4697.0,4699.95
23780,2024-05-08 13:16:00,4697.7,4700.0,4697.6,4700.0
23781,2024-05-08 13:17:00,4699.0,4699.05,4699.0,4699.0
23782,2024-05-08 13:18:00,4699.05,4699.1,4699.0,4699.1
23783,2024-05-08 13:19:00,4699.05,4699.15,4699.0,4699.0
23784,2024-05-08 13:20:00,4699.05,4699.05,4699.0,4699.0
23785,2024-05-08 13:21:00,4699.05,4699.6,4699.0,4699.6
23786,2024-05-08 13:22:00,4700.0,4700.0,4699.0,4699.0
23787,2024-05-08 13:23:00,4700.0,4700.0,4699.0,4699.0
23788,2024-05-08 13:24:00,4699.4,4702.0,4699.0,4701.95
23789,2024-05-08 13:25:00,4702.0,4702.0,4700.05,4700.05
23790,2024-05-08 13:26:00,4700.0,4702.0,4700.0,4700.1
23791,2024-05-08 13:27:00,4700.05,4701.75,4699.0,4699.0
23792,2024-05-08 13:28:00,4700.0,4700.0,4699.0,4700.0
23793,2024-05-08 13:29:00,4699.0,4700.0,4699.0,4699.0
23794,2024-05-08 13:30:00,4700.0,4700.0,4699.0,4699.0
23795,2024-05-08 13:31:00,4699.05,4700.0,4699.0,4699.0
23796,2024-05-08 13:32:00,4699.95,4699.95,4698.25,4698.25
23797,2024-05-08 13:33:00,4699.7,4699.95,4698.0,4699.95
23798,2024-05-08 13:34:00,4698.0,4699.95,4698.0,4699.9
23799,2024-05-08 13:35:00,4698.25,4700.0,4698.25,4698.25
23800,2024-05-08 13:36:00,4699.6,4699.75,4697.5,4697.85
23801,2024-05-08 13:37:00,4697.65,4700.0,4697.6,4698.5
23802,2024-05-08 13:38:00,4698.4,4700.0,4698.0,4698.0
23803,2024-05-08 13:39:00,4699.65,4699.75,4698.0,4699.45
23804,2024-05-08 13:40:00,4698.0,4699.6,4698.0,4699.0
23805,2024-05-08 13:41:00,4699.6,4700.0,4699.0,4699.0
23806,2024-05-08 13:42:00,4700.0,4700.0,4699.0,4699.1
23807,2024-05-08 13:43:00,4699.0,4702.0,4698.6,4698.6
23808,2024-05-08 13:44:00,4698.95,4700.0,4698.45,4700.0
23809,2024-05-08 13:45:00,4699.0,4700.0,4699.0,4700.0
23810,2024-05-08 13:46:00,4699.0,4702.0,4699.0,4700.55
23811,2024-05-08 13:47:00,4700.25,4702.6,4699.0,4699.0
23812,2024-05-08 13:48:00,4700.4,4700.4,4699.0,4699.0
23813,2024-05-08 13:49:00,4699.9,4699.9,4698.5,4698.5
23814,2024-05-08 13:50:00,4698.6,4698.6,4697.0,4697.05
23815,2024-05-08 13:51:00,4698.0,4703.0,4697.05,4702.85
23816,2024-05-08 13:52:00,4701.45,4704.2,4700.0,4700.3
23817,2024-05-08 13:53:00,4700.25,4702.1,4700.0,4700.4
23818,2024-05-08 13:54:00,4700.0,4700.4,4698.0,4698.0
23819,2024-05-08 13:55:00,4699.45,4700.0,4698.0,4699.0
23820,2024-05-08 13:56:00,4698.25,4702.95,4698.25,4701.9
23821,2024-05-08 13:57:00,4701.05,4701.9,4699.25,4700.05
23822,2024-05-08 13:58:00,4700.0,4701.2,4699.0,4699.0
23823,2024-05-08 13:59:00,4700.0,4700.0,4699.0,4699.0
23824,2024-05-08 14:00:00,4699.5,4701.0,4699.0,4700.0
23825,2024-05-08 14:01:00,4699.0,4701.0,4698.0,4700.0
23826,2024-05-08 14:02:00,4699.0,4702.15,4699.0,4700.0
23827,2024-05-08 14:03:00,4699.0,4700.0,4699.0,4699.0
23828,2024-05-08 14:04:00,4700.0,4700.0,4699.0,4699.0
23829,2024-05-08 14:05:00,4700.0,4700.0,4699.0,4699.0
23830,2024-05-08 14:06:00,4699.8,4699.9,4699.0,4699.0
23831,2024-05-08 14:07:00,4699.9,4701.3,4699.0,4699.05
23832,2024-05-08 14:08:00,4699.1,4700.85,4699.0,4699.0
23833,2024-05-08 14:09:00,4700.1,4700.9,4699.0,4700.9
23834,2024-05-08 14:10:00,4699.0,4700.9,4699.0,4699.0
23835,2024-05-08 14:11:00,4700.0,4700.0,4699.0,4699.0
23836,2024-05-08 14:12:00,4699.25,4700.0,4699.0,4699.0
23837,2024-05-08 14:13:00,4699.9,4700.0,4699.0,4699.0
23838,2024-05-08 14:14:00,4700.0,4700.0,4697.0,4699.0
23839,2024-05-08 14:15:00,4699.2,4699.2,4699.0,4699.0
23840,2024-05-08 14:16:00,4699.1,4699.1,4697.55,4699.1
23841,2024-05-08 14:17:00,4697.65,4699.2,4697.6,4699.0
23842,2024-05-08 14:18:00,4699.2,4699.2,4699.0,4699.0
23843,2024-05-08 14:19:00,4698.9,4699.1,4697.0,4697.55
23844,2024-05-08 14:20:00,4697.1,4698.4,4697.1,4697.1
23845,2024-05-08 14:21:00,4697.0,4697.2,4697.0,4697.1
23846,2024-05-08 14:22:00,4697.15,4698.45,4697.0,4697.85
23847,2024-05-08 14:23:00,4699.0,4699.0,4697.1,4697.1
23848,2024-05-08 14:24:00,4697.4,4699.2,4697.4,4699.0
23849,2024-05-08 14:25:00,4698.05,4700.0,4698.05,4699.0
23850,2024-05-08 14:26:00,4699.95,4699.95,4699.0,4699.0
23851,2024-05-08 14:27:00,4699.05,4699.05,4697.0,4697.0
23852,2024-05-08 14:28:00,4697.05,4697.05,4697.0,4697.0
23853,2024-05-08 14:29:00,4695.05,4700.0,4695.0,4697.1
23854,2024-05-08 14:30:00,4698.55,4699.2,4697.0,4697.0
23855,2024-05-08 14:31:00,4697.1,4700.0,4697.0,4697.0
23856,2024-05-08 14:32:00,4700.0,4700.95,4700.0,4700.05
23857,2024-05-08 14:33:00,4700.9,4701.0,4700.0,4700.0
23858,2024-05-08 14:34:00,4700.4,4700.4,4699.0,4699.5
23859,2024-05-08 14:35:00,4700.0,4700.0,4699.5,4699.5
23860,2024-05-08 14:36:00,4700.0,4700.0,4699.5,4699.5
23861,2024-05-08 14:37:00,4699.55,4700.0,4697.5,4697.5
23862,2024-05-08 14:38:00,4698.95,4701.0,4697.65,4700.1
23863,2024-05-08 14:39:00,4700.05,4700.05,4700.0,4700.0
23864,2024-05-08 14:40:00,4700.05,4700.05,4693.0,4693.0
23865,2024-05-08 14:41:00,4692.6,4692.6,4690.6,4691.35
23866,2024-05-08 14:42:00,4693.6,4695.0,4691.25,4695.0
23867,2024-05-08 14:43:00,4695.15,4697.95,4694.95,4696.4
23868,2024-05-08 14:44:00,4697.95,4700.05,4695.4,4698.6
23869,2024-05-08 14:45:00,4698.45,4701.0,4698.05,4700.0
23870,2024-05-08 14:46:00,4700.05,4700.05,4698.0,4700.0
23871,2024-05-08 14:47:00,4700.05,4700.5,4700.0,4700.5
23872,2024-05-08 14:48:00,4700.45,4701.0,4700.0,4700.0
23873,2024-05-08 14:49:00,4700.15,4700.85,4700.0,4700.8
23874,2024-05-08 14:50:00,4700.85,4700.9,4700.0,4700.05
23875,2024-05-08 14:51:00,4700.8,4702.0,4700.0,4700.15
23876,2024-05-08 14:52:00,4700.0,4701.95,4700.0,4701.95
23877,2024-05-08 14:53:00,4700.0,4701.95,4700.0,4701.95
23878,2024-05-08 14:54:00,4701.55,4703.0,4700.0,4700.0
23879,2024-05-08 14:55:00,4701.9,4703.0,4700.0,4700.0
23880,2024-05-08 14:56:00,4701.5,4701.55,4700.0,4700.7
23881,2024-05-08 14:57:00,4700.1,4701.55,4700.0,4700.05
23882,2024-05-08 14:58:00,4701.5,4702.75,4700.0,4701.5
23883,2024-05-08 14:59:00,4700.05,4701.0,4700.0,4700.0
23884,2024-05-08 15:00:00,4700.45,4707.95,4700.0,4707.95
23885,2024-05-08 15:01:00,4707.4,4709.0,4707.4,4707.95
23886,2024-05-08 15:02:00,4708.8,4713.7,4708.75,4710.8
23887,2024-05-08 15:03:00,4710.5,4714.7,4710.05,4712.15
23888,2024-05-08 15:04:00,4713.5,4715.0,4712.15,4715.0
23889,2024-05-08 15:05:00,4712.9,4715.55,4712.75,4714.9
23890,2024-05-08 15:06:00,4714.75,4714.75,4710.0,4710.7
23891,2024-05-08 15:07:00,4711.6,4712.0,4710.0,4711.4
23892,2024-05-08 15:08:00,4713.45,4714.5,4711.35,4714.5
23893,2024-05-08 15:09:00,4713.95,4716.5,4710.85,4716.5
23894,2024-05-08 15:10:00,4714.6,4716.45,4711.2,4711.55
23895,2024-05-08 15:11:00,4711.3,4713.65,4710.55,4713.1
23896,2024-05-08 15:12:00,4713.15,4713.15,4712.55,4712.75
23897,2024-05-08 15:13:00,4712.7,4712.7,4710.45,4711.95
23898,2024-05-08 15:14:00,4713.6,4713.65,4711.55,4712.0
23899,2024-05-08 15:15:00,4712.05,4714.7,4712.05,4713.4
23900,2024-05-08 15:16:00,4713.45,4716.0,4713.4,4715.7
23901,2024-05-08 15:17:00,4715.65,4715.7,4711.0,4713.45
23902,2024-05-08 15:18:00,4713.5,4716.0,4713.5,4716.0
23903,2024-05-08 15:19:00,4715.85,4715.9,4715.0,4715.0
23904,2024-05-08 15:20:00,4715.05,4717.75,4715.05,4716.05
23905,2024-05-08 15:21:00,4716.2,4716.9,4715.0,4716.0
23906,2024-05-08 15:22:00,4716.1,4717.95,4716.1,4716.4
23907,2024-05-08 15:23:00,4716.55,4718.9,4716.4,4718.8
23908,2024-05-08 15:24:00,4719.0,4720.25,4716.75,4717.7
23909,2024-05-08 15:25:00,4718.0,4718.6,4715.0,4718.6
23910,2024-05-08 15:26:00,4717.55,4717.9,4710.35,4710.35
23911,2024-05-08 15:27:00,4710.65,4716.35,4710.4,4716.0
23912,2024-05-08 15:28:00,4715.0,4716.0,4710.15,4710.45
23913,2024-05-08 15:29:00,4710.25,4713.95,4710.0,4710.25
23914,2024-05-09 09:15:00,4717.95,4724.95,4711.6,4711.6
23915,2024-05-09 09:16:00,4713.95,4716.7,4706.95,4706.95
23916,2024-05-09 09:17:00,4711.0,4727.35,4708.55,4719.45
23917,2024-05-09 09:18:00,4723.15,4727.7,4718.8,4724.55
23918,2024-05-09 09:19:00,4723.45,4723.45,4712.35,4719.4
23919,2024-05-09 09:20:00,4715.2,4717.55,4711.4,4715.0
23920,2024-05-09 09:21:00,4714.7,4717.0,4706.95,4716.6
23921,2024-05-09 09:22:00,4713.4,4713.8,4706.3,4707.85
23922,2024-05-09 09:23:00,4707.0,4709.15,4705.1,4706.85
23923,2024-05-09 09:24:00,4707.9,4714.45,4707.0,4709.0
23924,2024-05-09 09:25:00,4707.0,4714.0,4707.0,4712.05
23925,2024-05-09 09:26:00,4710.0,4710.0,4705.8,4706.2
23926,2024-05-09 09:27:00,4708.7,4709.2,4706.0,4709.15
23927,2024-05-09 09:28:00,4706.05,4710.0,4703.0,4703.8
23928,2024-05-09 09:29:00,4703.0,4705.0,4696.5,4696.5
23929,2024-05-09 09:30:00,4696.05,4710.35,4696.05,4706.45
23930,2024-05-09 09:31:00,4708.0,4708.0,4702.7,4707.9
23931,2024-05-09 09:32:00,4704.4,4706.8,4701.1,4704.1
23932,2024-05-09 09:33:00,4709.6,4709.8,4704.1,4707.35
23933,2024-05-09 09:34:00,4705.0,4705.2,4700.05,4700.85
23934,2024-05-09 09:35:00,4704.0,4706.5,4701.0,4702.7
23935,2024-05-09 09:36:00,4704.35,4704.95,4699.0,4699.8
23936,2024-05-09 09:37:00,4701.6,4702.95,4695.15,4695.15
23937,2024-05-09 09:38:00,4695.05,4695.05,4687.5,4690.0
23938,2024-05-09 09:39:00,4692.4,4695.0,4688.0,4692.5
23939,2024-05-09 09:40:00,4690.4,4695.6,4690.05,4692.55
23940,2024-05-09 09:41:00,4693.05,4697.25,4690.0,4691.45
23941,2024-05-09 09:42:00,4692.4,4694.15,4688.0,4691.0
23942,2024-05-09 09:43:00,4690.1,4690.95,4686.35,4686.35
23943,2024-05-09 09:44:00,4690.0,4690.0,4682.0,4685.9
23944,2024-05-09 09:45:00,4685.8,4688.25,4684.3,4685.4
23945,2024-05-09 09:46:00,4685.05,4689.45,4682.0,4685.05
23946,2024-05-09 09:47:00,4685.0,4686.95,4682.0,4683.7
23947,2024-05-09 09:48:00,4683.0,4686.6,4682.5,4684.2
23948,2024-05-09 09:49:00,4684.15,4686.45,4683.0,4683.25
23949,2024-05-09 09:50:00,4683.05,4686.25,4683.0,4684.95
23950,2024-05-09 09:51:00,4683.5,4686.35,4683.05,4686.35
23951,2024-05-09 09:52:00,4684.75,4686.85,4683.0,4683.7
23952,2024-05-09 09:53:00,4683.75,4686.35,4681.0,4682.0
23953,2024-05-09 09:54:00,4683.0,4686.15,4682.05,4684.6
23954,2024-05-09 09:55:00,4682.5,4685.7,4681.0,4683.35
23955,2024-05-09 09:56:00,4682.7,4684.7,4681.0,4681.05
23956,2024-05-09 09:57:00,4679.05,4679.7,4673.05,4675.05
23957,2024-05-09 09:58:00,4675.0,4676.35,4672.6,4674.0
23958,2024-05-09 09:59:00,4673.2,4675.65,4672.05,4674.25
23959,2024-05-09 10:00:00,4675.4,4675.75,4670.8,4674.0
23960,2024-05-09 10:01:00,4672.85,4675.45,4670.05,4670.25
23961,2024-05-09 10:02:00,4670.3,4672.75,4669.0,4669.0
23962,2024-05-09 10:03:00,4669.05,4670.5,4665.5,4666.0
23963,2024-05-09 10:04:00,4666.05,4668.9,4666.0,4667.6
23964,2024-05-09 10:05:00,4670.25,4672.2,4667.85,4671.05
23965,2024-05-09 10:06:00,4672.6,4676.85,4671.05,4674.65
23966,2024-05-09 10:07:00,4675.0,4675.0,4671.1,4671.1
23967,2024-05-09 10:08:00,4671.2,4674.1,4671.2,4672.15
23968,2024-05-09 10:09:00,4672.0,4675.0,4671.05,4672.75
23969,2024-05-09 10:10:00,4675.25,4675.25,4670.1,4670.1
23970,2024-05-09 10:11:00,4668.0,4670.75,4667.0,4667.0
23971,2024-05-09 10:12:00,4666.75,4669.75,4665.0,4665.0
23972,2024-05-09 10:13:00,4666.65,4668.05,4661.0,4665.2
23973,2024-05-09 10:14:00,4665.0,4666.4,4663.15,4666.05
23974,2024-05-09 10:15:00,4664.3,4669.0,4664.25,4667.6
23975,2024-05-09 10:16:00,4665.5,4673.5,4665.5,4670.2
23976,2024-05-09 10:17:00,4670.45,4673.95,4669.95,4670.75
23977,2024-05-09 10:18:00,4673.1,4673.1,4666.8,4666.85
23978,2024-05-09 10:19:00,4666.8,4670.4,4665.05,4667.8
23979,2024-05-09 10:20:00,4667.55,4672.45,4666.5,4666.5
23980,2024-05-09 10:21:00,4667.85,4668.7,4660.15,4660.35
23981,2024-05-09 10:22:00,4663.0,4663.45,4656.85,4661.45
23982,2024-05-09 10:23:00,4661.35,4663.3,4660.0,4660.05
23983,2024-05-09 10:24:00,4660.0,4662.15,4657.05,4659.05
23984,2024-05-09 10:25:00,4658.55,4662.75,4658.35,4658.85
23985,2024-05-09 10:26:00,4658.35,4661.3,4657.35,4657.5
23986,2024-05-09 10:27:00,4658.6,4659.85,4657.05,4657.85
23987,2024-05-09 10:28:00,4659.2,4659.5,4655.4,4655.4
23988,2024-05-09 10:29:00,4655.1,4657.5,4651.5,4655.0
23989,2024-05-09 10:30:00,4654.6,4655.65,4651.1,4653.25
23990,2024-05-09 10:31:00,4651.1,4654.6,4647.75,4648.0
23991,2024-05-09 10:32:00,4650.05,4650.95,4646.75,4648.85
23992,2024-05-09 10:33:00,4649.75,4650.0,4646.2,4649.65
23993,2024-05-09 10:34:00,4649.3,4654.2,4649.3,4651.3
23994,2024-05-09 10:35:00,4650.9,4652.6,4650.0,4650.0
23995,2024-05-09 10:36:00,4652.1,4652.3,4649.0,4650.5
23996,2024-05-09 10:37:00,4650.4,4654.05,4649.0,4650.2
23997,2024-05-09 10:38:00,4649.9,4652.3,4649.0,4650.75
23998,2024-05-09 10:39:00,4650.65,4659.85,4650.25,4655.95
23999,2024-05-09 10:40:00,4653.0,4657.2,4651.75,4653.9
24000,2024-05-09 10:41:00,4653.8,4655.1,4652.0,4652.0
24001,2024-05-09 10:42:00,4653.15,4653.95,4652.0,4652.0
24002,2024-05-09 10:43:00,4652.05,4657.55,4652.0,4655.45
24003,2024-05-09 10:44:00,4655.05,4656.1,4650.35,4650.5
24004,2024-05-09 10:45:00,4650.65,4653.8,4650.3,4651.0
24005,2024-05-09 10:46:00,4650.45,4650.45,4648.0,4648.05
24006,2024-05-09 10:47:00,4648.0,4650.15,4645.05,4647.25
24007,2024-05-09 10:48:00,4647.0,4649.35,4647.0,4649.0
24008,2024-05-09 10:49:00,4649.85,4652.25,4649.0,4650.9
24009,2024-05-09 10:50:00,4652.2,4654.0,4647.15,4648.25
24010,2024-05-09 10:51:00,4650.0,4653.3,4650.0,4650.05
24011,2024-05-09 10:52:00,4650.0,4654.5,4650.0,4654.45
24012,2024-05-09 10:53:00,4655.0,4658.4,4653.8,4655.0
24013,2024-05-09 10:54:00,4654.8,4657.3,4653.8,4655.0
24014,2024-05-09 10:55:00,4656.3,4663.4,4656.3,4663.4
24015,2024-05-09 10:56:00,4661.2,4664.75,4656.3,4658.3
24016,2024-05-09 10:57:00,4656.35,4660.75,4656.35,4657.0
24017,2024-05-09 10:58:00,4657.1,4659.95,4656.3,4656.7
24018,2024-05-09 10:59:00,4658.85,4659.65,4656.3,4658.05
24019,2024-05-09 11:00:00,4659.2,4661.1,4656.3,4657.8
24020,2024-05-09 11:01:00,4656.5,4659.75,4656.3,4656.6
24021,2024-05-09 11:02:00,4657.95,4662.5,4656.8,4660.0
24022,2024-05-09 11:03:00,4660.25,4667.2,4660.05,4665.65
24023,2024-05-09 11:04:00,4665.0,4669.5,4663.95,4668.5
24024,2024-05-09 11:05:00,4666.65,4669.0,4663.05,4665.6
24025,2024-05-09 11:06:00,4663.5,4665.15,4663.0,4664.75
24026,2024-05-09 11:07:00,4665.75,4666.65,4663.2,4666.2
24027,2024-05-09 11:08:00,4666.0,4666.0,4663.35,4665.1
24028,2024-05-09 11:09:00,4664.0,4665.85,4663.95,4664.05
24029,2024-05-09 11:10:00,4664.95,4666.15,4661.5,4661.55
24030,2024-05-09 11:11:00,4661.05,4664.1,4661.0,4661.5
24031,2024-05-09 11:12:00,4662.95,4663.9,4661.5,4663.9
24032,2024-05-09 11:13:00,4661.9,4664.7,4661.6,4663.35
24033,2024-05-09 11:14:00,4663.95,4665.0,4662.35,4663.7
24034,2024-05-09 11:15:00,4663.8,4668.95,4663.4,4665.85
24035,2024-05-09 11:16:00,4666.35,4672.25,4666.3,4670.5
24036,2024-05-09 11:17:00,4670.7,4671.45,4668.5,4670.8
24037,2024-05-09 11:18:00,4670.3,4671.95,4668.85,4670.0
24038,2024-05-09 11:19:00,4668.9,4670.15,4666.55,4666.8
24039,2024-05-09 11:20:00,4668.8,4670.2,4666.85,4669.1
24040,2024-05-09 11:21:00,4667.0,4669.0,4667.0,4667.05
24041,2024-05-09 11:22:00,4667.1,4669.4,4666.2,4666.3
24042,2024-05-09 11:23:00,4666.2,4675.0,4666.2,4672.55
24043,2024-05-09 11:24:00,4672.6,4673.6,4668.2,4668.2
24044,2024-05-09 11:25:00,4669.9,4670.5,4668.2,4668.25
24045,2024-05-09 11:26:00,4668.2,4669.65,4668.2,4668.25
24046,2024-05-09 11:27:00,4667.8,4667.8,4665.0,4665.0
24047,2024-05-09 11:28:00,4665.55,4667.1,4665.0,4665.0
24048,2024-05-09 11:29:00,4666.1,4670.2,4665.0,4670.2
24049,2024-05-09 11:30:00,4668.45,4671.85,4665.0,4669.45
24050,2024-05-09 11:31:00,4667.65,4671.0,4667.65,4671.0
24051,2024-05-09 11:32:00,4670.55,4674.0,4669.0,4671.0
24052,2024-05-09 11:33:00,4671.05,4673.5,4670.45,4672.7
24053,2024-05-09 11:34:00,4673.2,4674.0,4670.45,4670.45
24054,2024-05-09 11:35:00,4672.1,4672.75,4669.05,4669.5
24055,2024-05-09 11:36:00,4669.55,4671.0,4669.2,4670.85
24056,2024-05-09 11:37:00,4669.2,4670.85,4669.2,4669.2
24057,2024-05-09 11:38:00,4669.3,4670.95,4668.05,4668.8
24058,2024-05-09 11:39:00,4669.3,4673.1,4668.75,4671.9
24059,2024-05-09 11:40:00,4670.35,4674.0,4669.45,4671.35
24060,2024-05-09 11:41:00,4673.4,4673.65,4668.15,4668.95
24061,2024-05-09 11:42:00,4669.75,4672.45,4668.95,4670.0
24062,2024-05-09 11:43:00,4672.45,4673.45,4670.0,4670.25
24063,2024-05-09 11:44:00,4670.2,4672.3,4670.0,4672.1
24064,2024-05-09 11:45:00,4670.35,4672.5,4670.0,4670.4
24065,2024-05-09 11:46:00,4670.35,4679.55,4670.0,4679.55
24066,2024-05-09 11:47:00,4679.0,4680.6,4679.0,4679.0
24067,2024-05-09 11:48:00,4679.6,4680.0,4679.0,4679.0
24068,2024-05-09 11:49:00,4679.15,4679.15,4672.45,4673.05
24069,2024-05-09 11:50:00,4673.85,4673.85,4672.65,4673.7
24070,2024-05-09 11:51:00,4673.8,4675.0,4670.55,4673.25
24071,2024-05-09 11:52:00,4671.85,4675.55,4671.8,4675.15
24072,2024-05-09 11:53:00,4674.95,4677.2,4674.9,4674.9
24073,2024-05-09 11:54:00,4674.5,4675.3,4672.0,4674.65
24074,2024-05-09 11:55:00,4674.7,4674.7,4673.5,4674.55
24075,2024-05-09 11:56:00,4680.0,4680.0,4675.3,4679.0
24076,2024-05-09 11:57:00,4677.1,4677.1,4675.0,4676.8
24077,2024-05-09 11:58:00,4677.1,4678.6,4675.65,4676.75
24078,2024-05-09 11:59:00,4675.65,4679.75,4675.65,4678.75
24079,2024-05-09 12:00:00,4677.45,4678.3,4676.5,4677.0
24080,2024-05-09 12:01:00,4677.2,4677.7,4676.6,4676.6
24081,2024-05-09 12:02:00,4676.9,4677.6,4675.65,4676.9
24082,2024-05-09 12:03:00,4675.65,4675.65,4671.15,4672.95
24083,2024-05-09 12:04:00,4671.45,4673.65,4671.4,4671.4
24084,2024-05-09 12:05:00,4672.75,4674.9,4671.4,4674.9
24085,2024-05-09 12:06:00,4672.85,4674.75,4672.25,4672.7
24086,2024-05-09 12:07:00,4673.5,4674.7,4672.25,4673.45
24087,2024-05-09 12:08:00,4672.25,4674.35,4671.15,4671.15
24088,2024-05-09 12:09:00,4672.4,4673.5,4671.15,4673.15
24089,2024-05-09 12:10:00,4673.5,4673.5,4670.5,4671.5
24090,2024-05-09 12:11:00,4671.55,4675.0,4671.05,4674.3
24091,2024-05-09 12:12:00,4675.0,4678.75,4674.55,4676.9
24092,2024-05-09 12:13:00,4678.75,4680.0,4676.95,4679.0
24093,2024-05-09 12:14:00,4679.05,4680.0,4677.15,4678.8
24094,2024-05-09 12:15:00,4679.0,4679.0,4675.75,4676.25
24095,2024-05-09 12:16:00,4675.6,4677.35,4675.0,4677.35
24096,2024-05-09 12:17:00,4675.0,4676.9,4675.0,4676.9
24097,2024-05-09 12:18:00,4677.3,4679.0,4675.95,4676.85
24098,2024-05-09 12:19:00,4678.9,4679.0,4676.6,4678.95
24099,2024-05-09 12:20:00,4678.0,4679.0,4676.95,4677.05
24100,2024-05-09 12:21:00,4679.0,4679.5,4677.3,4677.3
24101,2024-05-09 12:22:00,4677.25,4678.0,4675.0,4675.0
24102,2024-05-09 12:23:00,4675.1,4675.1,4675.0,4675.1
24103,2024-05-09 12:24:00,4675.0,4676.95,4675.0,4675.35
24104,2024-05-09 12:25:00,4676.5,4676.5,4670.5,4670.55
24105,2024-05-09 12:26:00,4670.5,4672.3,4670.5,4672.3
24106,2024-05-09 12:27:00,4670.55,4672.0,4660.0,4660.65
24107,2024-05-09 12:28:00,4660.5,4663.45,4655.35,4656.95
24108,2024-05-09 12:29:00,4656.8,4659.7,4655.45,4659.6
24109,2024-05-09 12:30:00,4658.4,4658.6,4656.6,4658.6
24110,2024-05-09 12:31:00,4656.45,4658.55,4655.45,4658.4
24111,2024-05-09 12:32:00,4658.55,4658.9,4656.8,4658.85
24112,2024-05-09 12:33:00,4659.05,4664.2,4658.0,4662.4
24113,2024-05-09 12:34:00,4662.1,4664.5,4662.05,4664.5
24114,2024-05-09 12:35:00,4664.35,4667.6,4662.2,4667.6
24115,2024-05-09 12:36:00,4666.85,4667.5,4665.15,4665.4
24116,2024-05-09 12:37:00,4665.25,4667.4,4665.25,4665.35
24117,2024-05-09 12:38:00,4665.05,4665.3,4665.0,4665.05
24118,2024-05-09 12:39:00,4665.0,4665.3,4661.0,4661.0
24119,2024-05-09 12:40:00,4662.9,4662.9,4661.0,4662.0
24120,2024-05-09 12:41:00,4662.15,4662.45,4661.0,4661.0
24121,2024-05-09 12:42:00,4662.5,4664.25,4661.0,4662.45
24122,2024-05-09 12:43:00,4663.3,4663.35,4661.35,4663.35
24123,2024-05-09 12:44:00,4661.65,4662.45,4650.0,4651.15
24124,2024-05-09 12:45:00,4652.45,4657.4,4651.15,4653.1
24125,2024-05-09 12:46:00,4655.05,4655.05,4652.0,4652.0
24126,2024-05-09 12:47:00,4650.0,4651.5,4635.0,4642.35
24127,2024-05-09 12:48:00,4642.05,4642.5,4634.0,4636.05
24128,2024-05-09 12:49:00,4636.0,4650.7,4634.0,4650.0
24129,2024-05-09 12:50:00,4651.3,4654.05,4650.0,4650.95
24130,2024-05-09 12:51:00,4650.8,4652.6,4638.0,4638.0
24131,2024-05-09 12:52:00,4637.95,4639.1,4636.05,4639.05
24132,2024-05-09 12:53:00,4638.25,4638.95,4632.6,4634.0
24133,2024-05-09 12:54:00,4632.55,4634.4,4630.0,4630.0
24134,2024-05-09 12:55:00,4630.8,4635.25,4628.4,4631.0
24135,2024-05-09 12:56:00,4630.05,4634.45,4630.05,4632.45
24136,2024-05-09 12:57:00,4630.15,4634.75,4627.55,4630.15
24137,2024-05-09 12:58:00,4630.0,4637.25,4630.0,4633.85
24138,2024-05-09 12:59:00,4636.05,4643.4,4631.2,4640.9
24139,2024-05-09 13:00:00,4642.65,4648.9,4641.75,4647.0
24140,2024-05-09 13:01:00,4646.85,4647.6,4642.1,4644.0
24141,2024-05-09 13:02:00,4643.25,4645.9,4642.0,4644.35
24142,2024-05-09 13:03:00,4642.05,4645.25,4642.0,4643.45
24143,2024-05-09 13:04:00,4643.15,4645.0,4641.75,4643.15
24144,2024-05-09 13:05:00,4642.0,4644.0,4641.5,4641.5
24145,2024-05-09 13:06:00,4644.0,4644.8,4642.0,4644.8
24146,2024-05-09 13:07:00,4644.95,4648.5,4643.3,4643.6
24147,2024-05-09 13:08:00,4643.65,4647.65,4642.0,4642.0
24148,2024-05-09 13:09:00,4644.75,4645.8,4642.0,4642.0
24149,2024-05-09 13:10:00,4641.1,4643.75,4641.05,4643.45
24150,2024-05-09 13:11:00,4641.8,4644.75,4641.8,4644.1
24151,2024-05-09 13:12:00,4643.3,4645.0,4642.75,4643.3
24152,2024-05-09 13:13:00,4643.0,4645.8,4642.0,4644.25
24153,2024-05-09 13:14:00,4645.5,4648.45,4645.5,4645.7
24154,2024-05-09 13:15:00,4647.65,4647.65,4645.0,4646.3
24155,2024-05-09 13:16:00,4646.25,4649.15,4645.0,4649.15
24156,2024-05-09 13:17:00,4649.85,4649.85,4646.2,4648.8
24157,2024-05-09 13:18:00,4649.65,4651.0,4648.3,4650.55
24158,2024-05-09 13:19:00,4648.55,4650.0,4647.0,4650.0
24159,2024-05-09 13:20:00,4650.95,4651.0,4649.05,4649.05
24160,2024-05-09 13:21:00,4649.2,4650.35,4645.0,4646.05
24161,2024-05-09 13:22:00,4647.35,4647.8,4646.05,4647.0
24162,2024-05-09 13:23:00,4647.4,4647.45,4645.0,4645.0
24163,2024-05-09 13:24:00,4645.15,4645.15,4630.0,4637.0
24164,2024-05-09 13:25:00,4633.25,4648.0,4633.25,4645.25
24165,2024-05-09 13:26:00,4645.0,4648.95,4645.0,4646.95
24166,2024-05-09 13:27:00,4647.0,4648.45,4645.45,4648.1
24167,2024-05-09 13:28:00,4646.15,4647.05,4645.0,4647.05
24168,2024-05-09 13:29:00,4646.6,4646.95,4645.0,4646.95
24169,2024-05-09 13:30:00,4645.5,4649.65,4645.5,4648.25
24170,2024-05-09 13:31:00,4648.0,4649.65,4648.0,4649.65
24171,2024-05-09 13:32:00,4649.0,4649.65,4648.2,4649.65
24172,2024-05-09 13:33:00,4650.0,4650.0,4648.0,4648.2
24173,2024-05-09 13:34:00,4648.65,4650.0,4648.0,4648.75
24174,2024-05-09 13:35:00,4649.85,4651.0,4648.0,4650.1
24175,2024-05-09 13:36:00,4651.0,4653.0,4648.0,4648.05
24176,2024-05-09 13:37:00,4649.65,4649.65,4644.0,4644.0
24177,2024-05-09 13:38:00,4643.6,4643.6,4640.55,4640.55
24178,2024-05-09 13:39:00,4640.35,4647.2,4639.05,4647.15
24179,2024-05-09 13:40:00,4645.75,4652.65,4645.0,4649.9
24180,2024-05-09 13:41:00,4652.0,4653.0,4648.0,4650.5
24181,2024-05-09 13:42:00,4650.45,4652.95,4645.95,4651.95
24182,2024-05-09 13:43:00,4649.65,4652.55,4645.7,4647.65
24183,2024-05-09 13:44:00,4651.7,4652.0,4645.0,4649.5
24184,2024-05-09 13:45:00,4652.2,4652.7,4647.5,4651.5
24185,2024-05-09 13:46:00,4652.0,4652.1,4644.0,4644.05
24186,2024-05-09 13:47:00,4643.75,4649.95,4643.5,4645.95
24187,2024-05-09 13:48:00,4645.0,4657.75,4639.2,4643.75
24188,2024-05-09 13:49:00,4646.25,4649.3,4644.25,4647.35
24189,2024-05-09 13:50:00,4645.75,4648.6,4643.45,4645.9
24190,2024-05-09 13:51:00,4645.0,4645.0,4640.05,4644.45
24191,2024-05-09 13:52:00,4643.25,4653.25,4640.15,4653.25
24192,2024-05-09 13:53:00,4652.7,4655.0,4650.45,4651.4
24193,2024-05-09 13:54:00,4653.3,4653.8,4650.0,4653.2
24194,2024-05-09 13:55:00,4652.5,4653.8,4650.1,4653.7
24195,2024-05-09 13:56:00,4652.4,4654.0,4650.15,4653.45
24196,2024-05-09 13:57:00,4653.5,4659.95,4653.5,4659.0
24197,2024-05-09 13:58:00,4658.35,4660.0,4656.5,4658.8
24198,2024-05-09 13:59:00,4659.95,4660.0,4656.35,4658.6
24199,2024-05-09 14:00:00,4658.65,4660.0,4654.0,4654.0
24200,2024-05-09 14:01:00,4654.75,4654.95,4648.3,4651.95
24201,2024-05-09 14:02:00,4652.05,4652.15,4647.4,4648.1
24202,2024-05-09 14:03:00,4650.0,4655.4,4648.1,4655.4
24203,2024-05-09 14:04:00,4654.25,4660.9,4654.25,4660.0
24204,2024-05-09 14:05:00,4660.85,4661.6,4660.0,4660.0
24205,2024-05-09 14:06:00,4660.05,4660.8,4659.9,4660.0
24206,2024-05-09 14:07:00,4660.05,4660.45,4660.0,4660.0
24207,2024-05-09 14:08:00,4660.1,4660.3,4655.9,4656.85
24208,2024-05-09 14:09:00,4655.65,4659.9,4653.9,4657.05
24209,2024-05-09 14:10:00,4658.45,4660.0,4656.25,4659.9
24210,2024-05-09 14:11:00,4659.95,4660.0,4652.35,4655.75
24211,2024-05-09 14:12:00,4657.25,4659.05,4653.4,4654.65
24212,2024-05-09 14:13:00,4655.25,4657.85,4650.3,4653.5
24213,2024-05-09 14:14:00,4655.05,4658.8,4653.15,4656.7
24214,2024-05-09 14:15:00,4655.95,4659.85,4652.8,4659.55
24215,2024-05-09 14:16:00,4659.65,4660.6,4648.05,4657.4
24216,2024-05-09 14:17:00,4658.6,4660.5,4650.75,4651.95
24217,2024-05-09 14:18:00,4650.75,4651.95,4645.1,4646.35
24218,2024-05-09 14:19:00,4645.15,4647.2,4643.3,4644.15
24219,2024-05-09 14:20:00,4647.0,4653.6,4647.0,4653.5
24220,2024-05-09 14:21:00,4650.0,4658.55,4650.0,4658.4
24221,2024-05-09 14:22:00,4656.3,4659.5,4655.95,4658.45
24222,2024-05-09 14:23:00,4659.5,4660.0,4648.15,4650.0
24223,2024-05-09 14:24:00,4648.4,4658.45,4646.45,4650.9
24224,2024-05-09 14:25:00,4652.85,4655.35,4647.1,4649.9
24225,2024-05-09 14:26:00,4648.3,4657.85,4646.35,4657.85
24226,2024-05-09 14:27:00,4657.15,4657.95,4654.9,4657.0
24227,2024-05-09 14:28:00,4657.3,4657.6,4642.05,4642.95
24228,2024-05-09 14:29:00,4642.3,4651.0,4641.2,4651.0
24229,2024-05-09 14:30:00,4650.1,4657.6,4650.05,4656.95
24230,2024-05-09 14:31:00,4655.9,4657.4,4655.0,4655.05
24231,2024-05-09 14:32:00,4657.0,4657.45,4655.0,4657.45
24232,2024-05-09 14:33:00,4657.0,4660.0,4657.0,4658.0
24233,2024-05-09 14:34:00,4659.5,4660.0,4652.7,4652.8
24234,2024-05-09 14:35:00,4651.35,4652.7,4640.55,4640.55
24235,2024-05-09 14:36:00,4640.75,4647.75,4640.55,4646.35
24236,2024-05-09 14:37:00,4647.0,4647.8,4642.05,4645.05
24237,2024-05-09 14:38:00,4647.6,4648.6,4640.55,4640.55
24238,2024-05-09 14:39:00,4642.2,4642.2,4637.0,4637.1
24239,2024-05-09 14:40:00,4639.35,4652.85,4636.75,4651.3
24240,2024-05-09 14:41:00,4652.55,4653.7,4650.0,4651.25
24241,2024-05-09 14:42:00,4650.0,4653.7,4636.05,4638.25
24242,2024-05-09 14:43:00,4635.7,4648.1,4630.0,4646.35
24243,2024-05-09 14:44:00,4647.5,4647.5,4633.0,4633.0
24244,2024-05-09 14:45:00,4632.3,4644.85,4632.25,4643.0
24245,2024-05-09 14:46:00,4644.85,4646.2,4643.0,4645.0
24246,2024-05-09 14:47:00,4643.7,4643.95,4642.0,4642.05
24247,2024-05-09 14:48:00,4643.75,4648.7,4642.0,4646.85
24248,2024-05-09 14:49:00,4645.0,4649.7,4645.0,4648.0
24249,2024-05-09 14:50:00,4649.85,4655.0,4647.5,4652.45
24250,2024-05-09 14:51:00,4656.2,4658.0,4654.6,4655.05
24251,2024-05-09 14:52:00,4655.0,4660.0,4652.9,4660.0
24252,2024-05-09 14:53:00,4658.0,4662.0,4658.0,4662.0
24253,2024-05-09 14:54:00,4660.0,4663.3,4657.65,4662.0
24254,2024-05-09 14:55:00,4662.45,4662.45,4660.0,4661.75
24255,2024-05-09 14:56:00,4660.05,4662.85,4655.85,4655.9
24256,2024-05-09 14:57:00,4655.95,4658.8,4651.3,4655.0
24257,2024-05-09 14:58:00,4657.3,4657.45,4655.0,4656.6
24258,2024-05-09 14:59:00,4655.2,4658.15,4655.05,4657.0
24259,2024-05-09 15:00:00,4655.65,4657.0,4655.05,4655.15
24260,2024-05-09 15:01:00,4656.5,4656.5,4655.0,4655.05
24261,2024-05-09 15:02:00,4655.15,4656.5,4655.0,4655.05
24262,2024-05-09 15:03:00,4655.9,4656.4,4651.0,4653.05
24263,2024-05-09 15:04:00,4653.85,4660.0,4653.05,4658.05
24264,2024-05-09 15:05:00,4658.1,4660.3,4658.0,4658.2
24265,2024-05-09 15:06:00,4658.1,4664.35,4658.1,4658.1
24266,2024-05-09 15:07:00,4658.05,4663.7,4658.0,4660.0
24267,2024-05-09 15:08:00,4660.05,4666.95,4660.05,4664.95
24268,2024-05-09 15:09:00,4662.45,4670.0,4662.0,4665.75
24269,2024-05-09 15:10:00,4665.55,4667.25,4662.0,4665.85
24270,2024-05-09 15:11:00,4665.05,4665.4,4658.55,4661.5
24271,2024-05-09 15:12:00,4660.0,4662.65,4658.1,4662.0
24272,2024-05-09 15:13:00,4662.1,4662.1,4658.1,4660.0
24273,2024-05-09 15:14:00,4660.05,4660.95,4656.05,4660.05
24274,2024-05-09 15:15:00,4660.2,4660.65,4659.05,4660.0
24275,2024-05-09 15:16:00,4655.5,4656.0,4648.4,4656.0
24276,2024-05-09 15:17:00,4654.65,4660.7,4652.0,4660.1
24277,2024-05-09 15:18:00,4660.3,4661.2,4660.0,4660.0
24278,2024-05-09 15:19:00,4660.15,4660.55,4660.0,4660.0
24279,2024-05-09 15:20:00,4660.25,4660.4,4660.0,4660.1
24280,2024-05-09 15:21:00,4660.35,4660.35,4648.7,4651.95
24281,2024-05-09 15:22:00,4650.45,4651.85,4641.05,4641.05
24282,2024-05-09 15:23:00,4641.0,4643.55,4640.75,4641.35
24283,2024-05-09 15:24:00,4641.0,4644.2,4640.15,4640.25
24284,2024-05-09 15:25:00,4640.0,4642.1,4635.25,4641.05
24285,2024-05-09 15:26:00,4641.0,4641.0,4636.0,4636.2
24286,2024-05-09 15:27:00,4636.05,4636.35,4630.25,4636.05
24287,2024-05-09 15:28:00,4630.6,4636.05,4630.0,4635.95
24288,2024-05-09 15:29:00,4636.0,4640.0,4630.05,4640.0
24289,2024-05-10 09:14:00,4649.95,4649.95,4649.95,4649.95
24290,2024-05-10 09:15:00,4635.1,4640.0,4620.0,4627.45
24291,2024-05-10 09:16:00,4626.65,4629.0,4619.95,4628.6
24292,2024-05-10 09:17:00,4626.3,4629.2,4617.05,4628.95
24293,2024-05-10 09:18:00,4627.2,4628.95,4619.4,4623.85
24294,2024-05-10 09:19:00,4622.65,4625.65,4616.0,4617.0
24295,2024-05-10 09:20:00,4618.0,4618.15,4600.4,4610.25
24296,2024-05-10 09:21:00,4608.35,4609.95,4601.0,4604.95
24297,2024-05-10 09:22:00,4606.65,4613.1,4604.35,4611.0
24298,2024-05-10 09:23:00,4609.0,4611.6,4602.05,4607.0
24299,2024-05-10 09:24:00,4607.1,4614.65,4605.05,4614.65
24300,2024-05-10 09:25:00,4612.95,4619.0,4610.0,4611.95
24301,2024-05-10 09:26:00,4612.25,4614.2,4605.0,4605.5
24302,2024-05-10 09:27:00,4606.15,4607.0,4592.2,4592.7
24303,2024-05-10 09:28:00,4592.65,4607.1,4592.4,4600.05
24304,2024-05-10 09:29:00,4601.95,4609.1,4600.0,4609.0
24305,2024-05-10 09:30:00,4607.95,4609.85,4605.0,4605.0
24306,2024-05-10 09:31:00,4607.0,4607.0,4596.15,4598.25
24307,2024-05-10 09:32:00,4600.5,4602.8,4598.5,4602.8
24308,2024-05-10 09:33:00,4602.05,4604.15,4600.95,4603.0
24309,2024-05-10 09:34:00,4602.45,4602.45,4592.2,4595.85
24310,2024-05-10 09:35:00,4594.95,4598.45,4592.0,4592.15
24311,2024-05-10 09:36:00,4590.45,4592.1,4567.8,4575.1
24312,2024-05-10 09:37:00,4575.85,4576.0,4570.1,4574.6
24313,2024-05-10 09:38:00,4571.65,4575.6,4571.15,4575.5
24314,2024-05-10 09:39:00,4573.0,4577.8,4572.0,4572.25
24315,2024-05-10 09:40:00,4574.95,4581.95,4572.1,4581.35
24316,2024-05-10 09:41:00,4581.3,4584.1,4580.0,4581.45
24317,2024-05-10 09:42:00,4580.1,4584.0,4572.1,4572.1
24318,2024-05-10 09:43:00,4573.2,4579.55,4571.15,4572.0
24319,2024-05-10 09:44:00,4571.5,4575.2,4569.0,4573.35
24320,2024-05-10 09:45:00,4573.3,4578.2,4573.2,4575.8
24321,2024-05-10 09:46:00,4577.4,4577.4,4574.3,4577.2
24322,2024-05-10 09:47:00,4576.15,4580.0,4576.15,4579.95
24323,2024-05-10 09:48:00,4579.3,4580.0,4575.15,4578.8
24324,2024-05-10 09:49:00,4576.3,4579.0,4575.05,4578.0
24325,2024-05-10 09:50:00,4578.1,4579.0,4576.0,4579.0
24326,2024-05-10 09:51:00,4578.1,4579.0,4576.5,4577.25
24327,2024-05-10 09:52:00,4578.0,4584.1,4575.3,4584.1
24328,2024-05-10 09:53:00,4585.0,4596.95,4582.7,4595.0
24329,2024-05-10 09:54:00,4594.3,4594.65,4586.8,4588.05
24330,2024-05-10 09:55:00,4587.75,4590.0,4586.0,4586.0
24331,2024-05-10 09:56:00,4588.0,4589.4,4584.0,4586.0
24332,2024-05-10 09:57:00,4587.0,4587.0,4585.05,4586.9
24333,2024-05-10 09:58:00,4586.0,4586.35,4582.1,4585.0
24334,2024-05-10 09:59:00,4584.1,4585.0,4580.1,4582.7
24335,2024-05-10 10:00:00,4580.3,4583.85,4576.35,4576.35
24336,2024-05-10 10:01:00,4576.4,4582.0,4574.0,4574.0
24337,2024-05-10 10:02:00,4575.95,4577.9,4572.25,4575.0
24338,2024-05-10 10:03:00,4574.2,4575.0,4568.0,4570.0
24339,2024-05-10 10:04:00,4569.95,4573.65,4568.45,4573.35
24340,2024-05-10 10:05:00,4573.0,4574.0,4570.8,4574.0
24341,2024-05-10 10:06:00,4573.55,4578.85,4571.0,4577.55
24342,2024-05-10 10:07:00,4578.0,4578.85,4577.0,4577.75
24343,2024-05-10 10:08:00,4578.0,4582.7,4577.05,4582.25
24344,2024-05-10 10:09:00,4582.1,4587.95,4582.1,4587.95
24345,2024-05-10 10:10:00,4586.2,4589.0,4585.8,4588.0
24346,2024-05-10 10:11:00,4588.9,4590.6,4588.0,4588.75
24347,2024-05-10 10:12:00,4588.1,4594.4,4588.1,4593.9
24348,2024-05-10 10:13:00,4594.1,4604.25,4593.15,4604.25
24349,2024-05-10 10:14:00,4604.0,4605.8,4602.0,4605.8
24350,2024-05-10 10:15:00,4603.2,4607.2,4601.55,4603.0
24351,2024-05-10 10:16:00,4602.8,4603.0,4600.0,4601.7
24352,2024-05-10 10:17:00,4602.35,4609.25,4602.35,4609.25
24353,2024-05-10 10:18:00,4609.9,4609.9,4604.55,4607.55
24354,2024-05-10 10:19:00,4607.9,4608.9,4604.65,4604.65
24355,2024-05-10 10:20:00,4605.15,4608.5,4603.9,4604.65
24356,2024-05-10 10:21:00,4603.2,4605.35,4597.8,4601.45
24357,2024-05-10 10:22:00,4601.75,4605.0,4601.6,4604.65
24358,2024-05-10 10:23:00,4602.05,4605.0,4602.05,4604.8
24359,2024-05-10 10:24:00,4605.0,4608.55,4602.8,4606.6
24360,2024-05-10 10:25:00,4604.8,4608.8,4604.75,4608.5
24361,2024-05-10 10:26:00,4608.55,4614.35,4606.1,4614.35
24362,2024-05-10 10:27:00,4616.2,4616.95,4612.0,4613.95
24363,2024-05-10 10:28:00,4615.1,4615.5,4610.95,4612.0
24364,2024-05-10 10:29:00,4612.5,4615.4,4608.0,4613.8
24365,2024-05-10 10:30:00,4614.95,4614.95,4611.0,4613.2
24366,2024-05-10 10:31:00,4615.0,4615.5,4613.2,4615.45
24367,2024-05-10 10:32:00,4614.0,4620.0,4614.0,4618.2
24368,2024-05-10 10:33:00,4619.8,4619.85,4616.1,4619.8
24369,2024-05-10 10:34:00,4617.7,4619.8,4615.15,4617.85
24370,2024-05-10 10:35:00,4617.95,4617.95,4613.95,4613.95
24371,2024-05-10 10:36:00,4615.0,4615.0,4611.0,4614.45
24372,2024-05-10 10:37:00,4615.0,4623.0,4615.0,4623.0
24373,2024-05-10 10:38:00,4621.05,4622.3,4617.25,4618.0
24374,2024-05-10 10:39:00,4619.6,4620.0,4614.45,4615.0
24375,2024-05-10 10:40:00,4613.95,4615.2,4613.95,4613.95
24376,2024-05-10 10:41:00,4615.15,4615.2,4613.95,4614.65
24377,2024-05-10 10:42:00,4615.0,4616.95,4614.1,4615.65
24378,2024-05-10 10:43:00,4616.95,4616.95,4614.05,4614.95
24379,2024-05-10 10:44:00,4614.1,4616.3,4611.2,4612.4
24380,2024-05-10 10:45:00,4611.2,4613.95,4609.9,4610.15
24381,2024-05-10 10:46:00,4610.75,4612.75,4601.4,4601.7
24382,2024-05-10 10:47:00,4601.9,4606.1,4601.55,4603.55
24383,2024-05-10 10:48:00,4604.9,4605.0,4603.05,4605.0
24384,2024-05-10 10:49:00,4605.8,4607.8,4604.65,4606.5
24385,2024-05-10 10:50:00,4604.8,4607.8,4603.05,4607.45
24386,2024-05-10 10:51:00,4607.8,4607.8,4604.3,4604.4
24387,2024-05-10 10:52:00,4604.0,4604.3,4599.55,4601.25
24388,2024-05-10 10:53:00,4603.6,4603.6,4601.0,4602.0
24389,2024-05-10 10:54:00,4600.55,4602.7,4600.0,4602.7
24390,2024-05-10 10:55:00,4603.0,4603.0,4600.75,4600.75
24391,2024-05-10 10:56:00,4601.0,4604.2,4600.05,4601.85
24392,2024-05-10 10:57:00,4602.6,4607.0,4602.2,4607.0
24393,2024-05-10 10:58:00,4606.0,4607.45,4604.65,4604.7
24394,2024-05-10 10:59:00,4605.3,4607.0,4604.7,4604.8
24395,2024-05-10 11:00:00,4604.75,4608.75,4604.75,4608.75
24396,2024-05-10 11:01:00,4607.9,4613.6,4607.35,4611.85
24397,2024-05-10 11:02:00,4614.65,4615.5,4611.85,4611.85
24398,2024-05-10 11:03:00,4613.15,4615.0,4611.8,4615.0
24399,2024-05-10 11:04:00,4613.75,4616.4,4613.7,4616.4
24400,2024-05-10 11:05:00,4615.35,4616.4,4615.35,4616.4
24401,2024-05-10 11:06:00,4616.1,4616.4,4615.0,4615.0
24402,2024-05-10 11:07:00,4614.85,4614.85,4605.5,4610.0
24403,2024-05-10 11:08:00,4607.25,4611.35,4607.25,4611.35
24404,2024-05-10 11:09:00,4611.7,4611.7,4608.35,4609.15
24405,2024-05-10 11:10:00,4610.35,4612.6,4608.65,4610.15
24406,2024-05-10 11:11:00,4610.05,4614.55,4609.25,4614.55
24407,2024-05-10 11:12:00,4614.85,4616.0,4613.0,4616.0
24408,2024-05-10 11:13:00,4615.0,4615.0,4611.0,4611.25
24409,2024-05-10 11:14:00,4612.35,4613.55,4610.6,4612.75
24410,2024-05-10 11:15:00,4612.1,4612.85,4607.0,4610.0
24411,2024-05-10 11:16:00,4608.45,4611.95,4608.45,4608.6
24412,2024-05-10 11:17:00,4611.85,4611.95,4607.05,4609.4
24413,2024-05-10 11:18:00,4611.65,4612.5,4608.55,4611.75
24414,2024-05-10 11:19:00,4612.35,4613.4,4609.5,4610.1
24415,2024-05-10 11:20:00,4612.0,4613.2,4608.8,4608.8
24416,2024-05-10 11:21:00,4609.35,4612.1,4607.75,4609.5
24417,2024-05-10 11:22:00,4609.65,4610.0,4608.0,4608.15
24418,2024-05-10 11:23:00,4608.05,4610.0,4607.85,4609.75
24419,2024-05-10 11:24:00,4608.75,4609.7,4606.3,4609.05
24420,2024-05-10 11:25:00,4608.0,4610.0,4607.25,4609.65
24421,2024-05-10 11:26:00,4607.75,4609.4,4607.15,4607.15
24422,2024-05-10 11:27:00,4608.0,4608.0,4607.15,4608.0
24423,2024-05-10 11:28:00,4609.4,4609.8,4607.2,4608.6
24424,2024-05-10 11:29:00,4608.95,4613.0,4608.4,4610.55
24425,2024-05-10 11:30:00,4612.85,4614.4,4610.5,4613.15
24426,2024-05-10 11:31:00,4614.0,4615.0,4611.4,4611.55
24427,2024-05-10 11:32:00,4610.3,4613.05,4609.0,4610.45
24428,2024-05-10 11:33:00,4610.65,4612.7,4609.7,4612.4
24429,2024-05-10 11:34:00,4612.7,4613.4,4610.0,4613.4
24430,2024-05-10 11:35:00,4611.75,4613.8,4611.75,4611.75
24431,2024-05-10 11:36:00,4613.8,4613.8,4611.75,4611.75
24432,2024-05-10 11:37:00,4612.7,4613.65,4611.75,4611.75
24433,2024-05-10 11:38:00,4612.2,4613.25,4610.0,4610.65
24434,2024-05-10 11:39:00,4612.3,4612.3,4607.15,4607.4
24435,2024-05-10 11:40:00,4609.3,4609.3,4604.75,4604.75
24436,2024-05-10 11:41:00,4603.55,4607.0,4599.55,4600.0
24437,2024-05-10 11:42:00,4600.05,4604.45,4600.0,4604.35
24438,2024-05-10 11:43:00,4602.15,4604.95,4602.15,4603.0
24439,2024-05-10 11:44:00,4604.5,4604.95,4602.3,4604.95
24440,2024-05-10 11:45:00,4604.45,4604.95,4602.25,4602.25
24441,2024-05-10 11:46:00,4604.0,4604.0,4600.05,4600.05
24442,2024-05-10 11:47:00,4600.95,4603.75,4600.0,4602.6
24443,2024-05-10 11:48:00,4602.55,4603.0,4601.0,4601.0
24444,2024-05-10 11:49:00,4602.0,4602.0,4600.0,4600.0
24445,2024-05-10 11:50:00,4600.05,4604.5,4600.0,4604.5
24446,2024-05-10 11:51:00,4604.9,4605.15,4604.1,4604.25
24447,2024-05-10 11:52:00,4605.75,4606.35,4605.25,4605.25
24448,2024-05-10 11:53:00,4606.35,4606.35,4602.0,4606.35
24449,2024-05-10 11:54:00,4605.05,4607.1,4604.0,4604.5
24450,2024-05-10 11:55:00,4604.0,4606.4,4604.0,4604.85
24451,2024-05-10 11:56:00,4606.3,4606.35,4604.25,4605.8
24452,2024-05-10 11:57:00,4604.3,4607.6,4604.25,4605.65
24453,2024-05-10 11:58:00,4605.0,4606.0,4604.75,4604.8
24454,2024-05-10 11:59:00,4607.2,4607.95,4604.75,4607.95
24455,2024-05-10 12:00:00,4608.0,4610.25,4606.5,4609.0
24456,2024-05-10 12:01:00,4609.85,4610.9,4606.25,4607.35
24457,2024-05-10 12:02:00,4610.65,4612.9,4605.1,4606.55
24458,2024-05-10 12:03:00,4606.0,4607.95,4605.05,4606.9
24459,2024-05-10 12:04:00,4606.95,4610.15,4606.1,4609.0
24460,2024-05-10 12:05:00,4609.05,4610.0,4606.35,4606.4
24461,2024-05-10 12:06:00,4607.1,4608.35,4606.0,4606.0
24462,2024-05-10 12:07:00,4607.6,4608.0,4606.0,4606.45
24463,2024-05-10 12:08:00,4607.0,4607.75,4605.25,4605.25
24464,2024-05-10 12:09:00,4607.7,4607.9,4605.4,4606.0
24465,2024-05-10 12:10:00,4606.9,4608.0,4606.0,4608.0
24466,2024-05-10 12:11:00,4608.95,4611.4,4606.95,4610.4
24467,2024-05-10 12:12:00,4611.0,4611.0,4607.15,4610.25
24468,2024-05-10 12:13:00,4609.45,4610.9,4607.5,4609.15
24469,2024-05-10 12:14:00,4609.65,4609.65,4608.0,4609.35
24470,2024-05-10 12:15:00,4610.0,4612.45,4608.55,4612.45
24471,2024-05-10 12:16:00,4611.05,4614.0,4609.7,4613.1
24472,2024-05-10 12:17:00,4614.3,4614.3,4612.35,4614.3
24473,2024-05-10 12:18:00,4612.65,4614.0,4611.1,4611.9
24474,2024-05-10 12:19:00,4614.0,4614.0,4611.05,4614.0
24475,2024-05-10 12:20:00,4614.5,4614.5,4611.3,4612.0
24476,2024-05-10 12:21:00,4614.0,4614.95,4610.7,4613.55
24477,2024-05-10 12:22:00,4612.9,4615.0,4611.3,4615.0
24478,2024-05-10 12:23:00,4614.9,4619.9,4614.9,4618.05
24479,2024-05-10 12:24:00,4617.9,4620.0,4612.35,4614.25
24480,2024-05-10 12:25:00,4613.5,4616.1,4613.3,4614.7
24481,2024-05-10 12:26:00,4616.1,4616.1,4612.0,4612.05
24482,2024-05-10 12:27:00,4612.15,4615.35,4612.0,4614.1
24483,2024-05-10 12:28:00,4614.15,4614.25,4610.0,4612.1
24484,2024-05-10 12:29:00,4615.7,4615.7,4609.05,4611.9
24485,2024-05-10 12:30:00,4615.0,4615.0,4612.85,4613.4
24486,2024-05-10 12:31:00,4613.75,4618.75,4613.45,4618.55
24487,2024-05-10 12:32:00,4617.95,4619.0,4616.05,4616.7
24488,2024-05-10 12:33:00,4617.3,4620.0,4616.05,4619.1
24489,2024-05-10 12:34:00,4620.0,4621.0,4616.0,4621.0
24490,2024-05-10 12:35:00,4622.35,4624.2,4621.0,4623.7
24491,2024-05-10 12:36:00,4625.0,4626.0,4623.7,4625.9
24492,2024-05-10 12:37:00,4625.45,4626.0,4623.7,4626.0
24493,2024-05-10 12:38:00,4625.85,4628.95,4625.05,4625.1
24494,2024-05-10 12:39:00,4627.3,4628.8,4625.0,4625.85
24495,2024-05-10 12:40:00,4627.05,4628.5,4626.65,4626.65
24496,2024-05-10 12:41:00,4627.95,4627.95,4620.0,4620.0
24497,2024-05-10 12:42:00,4620.75,4620.75,4618.05,4618.05
24498,2024-05-10 12:43:00,4617.7,4619.4,4617.0,4619.25
24499,2024-05-10 12:44:00,4618.3,4620.0,4617.75,4620.0
24500,2024-05-10 12:45:00,4619.35,4621.55,4619.3,4620.55
24501,2024-05-10 12:46:00,4621.65,4621.95,4617.8,4620.45
24502,2024-05-10 12:47:00,4620.35,4620.45,4612.85,4613.8
24503,2024-05-10 12:48:00,4615.55,4617.85,4613.6,4617.85
24504,2024-05-10 12:49:00,4617.6,4620.0,4615.5,4619.0
24505,2024-05-10 12:50:00,4619.2,4619.85,4613.8,4614.25
24506,2024-05-10 12:51:00,4614.2,4616.1,4612.7,4614.4
24507,2024-05-10 12:52:00,4614.95,4615.65,4613.05,4614.0
24508,2024-05-10 12:53:00,4614.45,4614.95,4612.2,4613.15
24509,2024-05-10 12:54:00,4613.7,4614.95,4612.0,4612.5
24510,2024-05-10 12:55:00,4613.65,4614.95,4612.65,4613.5
24511,2024-05-10 12:56:00,4614.95,4615.0,4613.7,4614.1
24512,2024-05-10 12:57:00,4614.95,4617.0,4611.2,4611.25
24513,2024-05-10 12:58:00,4612.15,4612.15,4607.3,4608.0
24514,2024-05-10 12:59:00,4609.0,4610.0,4607.15,4607.15
24515,2024-05-10 13:00:00,4608.1,4609.3,4605.5,4605.5
24516,2024-05-10 13:01:00,4605.75,4607.95,4605.5,4605.55
24517,2024-05-10 13:02:00,4605.5,4610.0,4605.5,4610.0
24518,2024-05-10 13:03:00,4609.6,4614.0,4609.6,4613.0
24519,2024-05-10 13:04:00,4614.0,4614.0,4609.0,4609.05
24520,2024-05-10 13:05:00,4609.5,4610.0,4605.75,4610.0
24521,2024-05-10 13:06:00,4609.0,4611.95,4607.55,4607.55
24522,2024-05-10 13:07:00,4606.9,4611.55,4606.9,4610.0
24523,2024-05-10 13:08:00,4612.0,4612.0,4607.0,4609.95
24524,2024-05-10 13:09:00,4609.9,4610.0,4608.05,4608.75
24525,2024-05-10 13:10:00,4608.6,4608.8,4605.75,4606.15
24526,2024-05-10 13:11:00,4607.45,4611.05,4606.25,4608.1
24527,2024-05-10 13:12:00,4608.2,4608.65,4606.0,4608.1
24528,2024-05-10 13:13:00,4607.5,4610.0,4606.7,4607.05
24529,2024-05-10 13:14:00,4608.85,4609.75,4606.95,4606.95
24530,2024-05-10 13:15:00,4607.0,4607.0,4605.75,4606.0
24531,2024-05-10 13:16:00,4606.25,4608.0,4606.05,4606.05
24532,2024-05-10 13:17:00,4606.25,4607.75,4602.15,4603.0
24533,2024-05-10 13:18:00,4603.45,4605.0,4599.2,4600.0
24534,2024-05-10 13:19:00,4599.85,4601.7,4598.25,4600.0
24535,2024-05-10 13:20:00,4600.9,4601.2,4598.25,4600.0
24536,2024-05-10 13:21:00,4600.15,4601.65,4598.35,4600.0
24537,2024-05-10 13:22:00,4601.2,4601.5,4598.0,4600.0
24538,2024-05-10 13:23:00,4599.0,4600.95,4598.85,4600.0
24539,2024-05-10 13:24:00,4599.95,4600.0,4595.0,4598.3
24540,2024-05-10 13:25:00,4599.0,4599.0,4595.05,4598.0
24541,2024-05-10 13:26:00,4597.85,4599.0,4597.0,4598.05
24542,2024-05-10 13:27:00,4598.2,4600.65,4597.6,4600.0
24543,2024-05-10 13:28:00,4600.05,4601.7,4597.5,4600.0
24544,2024-05-10 13:29:00,4600.35,4601.2,4598.05,4600.0
24545,2024-05-10 13:30:00,4600.3,4602.85,4600.0,4600.0
24546,2024-05-10 13:31:00,4600.05,4603.45,4599.3,4600.0
24547,2024-05-10 13:32:00,4600.05,4601.55,4600.0,4600.0
24548,2024-05-10 13:33:00,4601.45,4601.65,4600.0,4600.0
24549,2024-05-10 13:34:00,4600.15,4601.65,4599.95,4600.0
24550,2024-05-10 13:35:00,4602.4,4602.45,4600.0,4600.0
24551,2024-05-10 13:36:00,4601.45,4601.45,4599.85,4600.1
24552,2024-05-10 13:37:00,4600.0,4601.5,4599.85,4600.0
24553,2024-05-10 13:38:00,4601.35,4601.35,4598.8,4600.1
24554,2024-05-10 13:39:00,4599.1,4600.0,4599.0,4600.0
24555,2024-05-10 13:40:00,4601.0,4601.4,4599.5,4600.0
24556,2024-05-10 13:41:00,4600.4,4601.35,4599.0,4600.0
24557,2024-05-10 13:42:00,4600.5,4602.1,4599.9,4600.0
24558,2024-05-10 13:43:00,4600.05,4602.8,4600.0,4600.0
24559,2024-05-10 13:44:00,4600.55,4601.0,4600.0,4600.0
24560,2024-05-10 13:45:00,4600.15,4602.55,4599.55,4600.25
24561,2024-05-10 13:46:00,4601.5,4602.5,4600.0,4602.2
24562,2024-05-10 13:47:00,4600.1,4602.1,4600.0,4601.4
24563,2024-05-10 13:48:00,4600.7,4603.05,4600.0,4602.55
24564,2024-05-10 13:49:00,4605.0,4606.0,4603.35,4604.85
24565,2024-05-10 13:50:00,4606.0,4609.3,4604.8,4606.55
24566,2024-05-10 13:51:00,4606.05,4608.65,4605.25,4606.1
24567,2024-05-10 13:52:00,4605.2,4608.15,4605.2,4608.15
24568,2024-05-10 13:53:00,4608.1,4608.1,4603.5,4603.65
24569,2024-05-10 13:54:00,4606.35,4606.5,4602.6,4602.8
24570,2024-05-10 13:55:00,4602.75,4604.85,4600.05,4600.45
24571,2024-05-10 13:56:00,4600.05,4602.1,4600.0,4601.65
24572,2024-05-10 13:57:00,4600.0,4603.2,4600.0,4600.1
24573,2024-05-10 13:58:00,4600.0,4601.7,4600.0,4600.45
24574,2024-05-10 13:59:00,4600.0,4604.8,4600.0,4601.9
24575,2024-05-10 14:00:00,4602.75,4604.55,4600.6,4603.3
24576,2024-05-10 14:01:00,4604.0,4604.15,4601.2,4602.85
24577,2024-05-10 14:02:00,4604.0,4604.0,4600.6,4601.55
24578,2024-05-10 14:03:00,4602.35,4603.05,4600.05,4601.45
24579,2024-05-10 14:04:00,4601.9,4602.3,4600.0,4601.0
24580,2024-05-10 14:05:00,4601.15,4603.15,4600.0,4603.0
24581,2024-05-10 14:06:00,4600.5,4603.15,4599.15,4603.1
24582,2024-05-10 14:07:00,4600.8,4602.4,4600.0,4600.05
24583,2024-05-10 14:08:00,4600.0,4601.6,4600.0,4601.25
24584,2024-05-10 14:09:00,4601.35,4602.85,4600.0,4601.7
24585,2024-05-10 14:10:00,4602.0,4602.0,4600.0,4601.15
24586,2024-05-10 14:11:00,4600.0,4601.8,4599.0,4600.05
24587,2024-05-10 14:12:00,4600.25,4602.25,4600.0,4601.2
24588,2024-05-10 14:13:00,4600.1,4604.0,4600.0,4602.0
24589,2024-05-10 14:14:00,4600.6,4601.2,4599.25,4601.0
24590,2024-05-10 14:15:00,4600.15,4601.8,4600.0,4600.25
24591,2024-05-10 14:16:00,4601.1,4601.45,4600.0,4600.05
24592,2024-05-10 14:17:00,4600.3,4601.2,4599.95,4600.9
24593,2024-05-10 14:18:00,4600.0,4602.0,4600.0,4602.0
24594,2024-05-10 14:19:00,4600.0,4602.2,4599.95,4601.6
24595,2024-05-10 14:20:00,4602.4,4603.65,4600.0,4603.65
24596,2024-05-10 14:21:00,4601.55,4602.4,4600.0,4602.35
24597,2024-05-10 14:22:00,4600.1,4602.45,4600.0,4601.3
24598,2024-05-10 14:23:00,4602.05,4602.7,4600.0,4600.45
24599,2024-05-10 14:24:00,4600.5,4605.55,4599.25,4603.2
24600,2024-05-10 14:25:00,4604.8,4604.8,4600.1,4600.65
24601,2024-05-10 14:26:00,4600.75,4601.5,4600.0,4601.25
24602,2024-05-10 14:27:00,4601.5,4601.7,4600.0,4601.2
24603,2024-05-10 14:28:00,4600.1,4602.4,4600.0,4602.4
24604,2024-05-10 14:29:00,4603.0,4609.35,4600.4,4609.35
24605,2024-05-10 14:30:00,4609.4,4613.3,4609.0,4611.1
24606,2024-05-10 14:31:00,4611.0,4615.0,4611.0,4615.0
24607,2024-05-10 14:32:00,4614.45,4616.6,4613.2,4614.85
24608,2024-05-10 14:33:00,4615.5,4617.3,4613.55,4616.65
24609,2024-05-10 14:34:00,4616.0,4617.75,4614.0,4614.15
24610,2024-05-10 14:35:00,4612.3,4614.15,4610.65,4611.65
24611,2024-05-10 14:36:00,4612.25,4612.25,4609.0,4611.7
24612,2024-05-10 14:37:00,4609.65,4612.2,4609.2,4611.9
24613,2024-05-10 14:38:00,4611.5,4611.95,4609.0,4609.0
24614,2024-05-10 14:39:00,4609.05,4611.0,4609.0,4610.1
24615,2024-05-10 14:40:00,4609.55,4610.0,4609.0,4609.05
24616,2024-05-10 14:41:00,4609.0,4610.0,4609.0,4609.7
24617,2024-05-10 14:42:00,4609.6,4613.55,4609.4,4612.6
24618,2024-05-10 14:43:00,4610.55,4613.05,4610.0,4612.15
24619,2024-05-10 14:44:00,4612.4,4612.45,4609.6,4611.05
24620,2024-05-10 14:45:00,4610.1,4612.0,4609.0,4612.0
24621,2024-05-10 14:46:00,4610.9,4612.55,4610.1,4612.15
24622,2024-05-10 14:47:00,4610.1,4613.6,4610.1,4610.5
24623,2024-05-10 14:48:00,4610.2,4612.15,4609.0,4609.6
24624,2024-05-10 14:49:00,4610.75,4612.0,4609.0,4609.55
24625,2024-05-10 14:50:00,4611.65,4611.75,4609.0,4610.95
24626,2024-05-10 14:51:00,4609.8,4610.95,4609.0,4609.15
24627,2024-05-10 14:52:00,4609.1,4610.0,4609.0,4610.0
24628,2024-05-10 14:53:00,4609.95,4610.0,4609.0,4610.0
24629,2024-05-10 14:54:00,4609.0,4610.0,4609.0,4609.3
24630,2024-05-10 14:55:00,4609.25,4610.85,4609.0,4610.45
24631,2024-05-10 14:56:00,4609.0,4610.4,4609.0,4609.2
24632,2024-05-10 14:57:00,4609.1,4611.2,4609.0,4610.85
24633,2024-05-10 14:58:00,4610.8,4611.7,4609.0,4611.1
24634,2024-05-10 14:59:00,4611.4,4611.9,4609.0,4610.1
24635,2024-05-10 15:00:00,4611.75,4612.0,4609.45,4610.0
24636,2024-05-10 15:01:00,4610.15,4614.0,4609.15,4613.6
24637,2024-05-10 15:02:00,4613.5,4618.9,4610.05,4610.05
24638,2024-05-10 15:03:00,4609.35,4613.6,4609.0,4609.05
24639,2024-05-10 15:04:00,4609.5,4609.95,4609.0,4609.5
24640,2024-05-10 15:05:00,4609.45,4609.5,4609.0,4609.0
24641,2024-05-10 15:06:00,4609.2,4613.5,4609.0,4609.3
24642,2024-05-10 15:07:00,4609.65,4609.65,4609.0,4609.0
24643,2024-05-10 15:08:00,4609.25,4609.5,4609.0,4609.0
24644,2024-05-10 15:09:00,4609.1,4613.45,4609.0,4611.65
24645,2024-05-10 15:10:00,4611.75,4612.2,4609.0,4609.5
24646,2024-05-10 15:11:00,4609.0,4609.5,4609.0,4609.05
24647,2024-05-10 15:12:00,4609.0,4609.45,4605.75,4606.0
24648,2024-05-10 15:13:00,4606.2,4609.0,4605.05,4607.5
24649,2024-05-10 15:14:00,4606.25,4607.5,4606.0,4606.6
24650,2024-05-10 15:15:00,4606.4,4609.9,4606.1,4608.5
24651,2024-05-10 15:16:00,4609.05,4609.65,4608.0,4608.55
24652,2024-05-10 15:17:00,4608.15,4609.55,4608.0,4609.45
24653,2024-05-10 15:18:00,4609.05,4610.95,4605.0,4607.35
24654,2024-05-10 15:19:00,4609.0,4609.75,4605.4,4607.95
24655,2024-05-10 15:20:00,4608.9,4608.9,4605.05,4605.05
24656,2024-05-10 15:21:00,4605.1,4605.25,4603.1,4603.45
24657,2024-05-10 15:22:00,4603.85,4603.9,4603.15,4603.6
24658,2024-05-10 15:23:00,4603.5,4606.0,4603.0,4605.5
24659,2024-05-10 15:24:00,4606.0,4608.65,4605.5,4606.35
24660,2024-05-10 15:25:00,4606.05,4608.9,4606.05,4608.1
24661,2024-05-10 15:26:00,4608.45,4608.5,4607.45,4608.05
24662,2024-05-10 15:27:00,4608.0,4609.0,4607.0,4607.0
24663,2024-05-10 15:28:00,4605.5,4608.45,4605.25,4606.0
24664,2024-05-10 15:29:00,4608.0,4608.0,4598.0,4599.0
24665,2024-05-13 09:14:00,4607.8,4607.8,4607.8,4607.8
24666,2024-05-13 09:15:00,4607.7,4613.8,4602.55,4607.4
24667,2024-05-13 09:16:00,4607.6,4614.3,4595.0,4599.6
24668,2024-05-13 09:17:00,4601.5,4609.95,4597.55,4605.0
24669,2024-05-13 09:18:00,4601.55,4607.9,4598.0,4604.4
24670,2024-05-13 09:19:00,4604.35,4609.05,4595.4,4607.75
24671,2024-05-13 09:20:00,4607.55,4608.2,4596.0,4603.0
24672,2024-05-13 09:21:00,4602.95,4603.25,4590.0,4591.35
24673,2024-05-13 09:22:00,4590.0,4597.8,4588.0,4595.4
24674,2024-05-13 09:23:00,4595.9,4600.0,4595.55,4595.75
24675,2024-05-13 09:24:00,4597.4,4603.45,4595.15,4603.0
24676,2024-05-13 09:25:00,4604.15,4609.0,4603.9,4605.75
24677,2024-05-13 09:26:00,4606.0,4615.1,4606.0,4615.1
24678,2024-05-13 09:27:00,4616.6,4619.05,4612.5,4612.5
24679,2024-05-13 09:28:00,4611.0,4628.9,4610.0,4625.05
24680,2024-05-13 09:29:00,4624.3,4626.0,4609.0,4609.0
24681,2024-05-13 09:30:00,4609.15,4610.15,4595.9,4598.15
24682,2024-05-13 09:31:00,4597.7,4602.75,4595.0,4600.95
24683,2024-05-13 09:32:00,4599.35,4602.35,4598.0,4599.6
24684,2024-05-13 09:33:00,4597.4,4599.0,4594.2,4595.85
24685,2024-05-13 09:34:00,4596.0,4598.4,4593.0,4597.9
24686,2024-05-13 09:35:00,4598.45,4600.0,4594.55,4597.4
24687,2024-05-13 09:36:00,4597.35,4603.1,4596.35,4598.55
24688,2024-05-13 09:37:00,4599.1,4603.35,4598.6,4599.4
24689,2024-05-13 09:38:00,4601.05,4601.05,4597.0,4597.5
24690,2024-05-13 09:39:00,4595.05,4597.5,4593.05,4595.0
24691,2024-05-13 09:40:00,4595.15,4598.0,4595.0,4595.7
24692,2024-05-13 09:41:00,4595.0,4597.1,4593.7,4596.35
24693,2024-05-13 09:42:00,4595.6,4596.9,4593.0,4593.35
24694,2024-05-13 09:43:00,4593.0,4595.25,4592.45,4595.0
24695,2024-05-13 09:44:00,4592.75,4595.15,4592.75,4594.85
24696,2024-05-13 09:45:00,4594.5,4596.9,4593.0,4595.7
24697,2024-05-13 09:46:00,4593.5,4595.75,4593.0,4595.0
24698,2024-05-13 09:47:00,4594.5,4594.95,4589.85,4590.0
24699,2024-05-13 09:48:00,4585.85,4590.75,4581.8,4582.05
24700,2024-05-13 09:49:00,4584.65,4590.25,4582.0,4590.2
24701,2024-05-13 09:50:00,4590.25,4591.0,4585.05,4590.6
24702,2024-05-13 09:51:00,4590.0,4590.0,4585.0,4587.5
24703,2024-05-13 09:52:00,4589.0,4591.0,4585.55,4590.0
24704,2024-05-13 09:53:00,4589.0,4589.25,4583.1,4587.35
24705,2024-05-13 09:54:00,4585.05,4585.05,4578.7,4578.7
24706,2024-05-13 09:55:00,4578.0,4583.1,4577.5,4580.15
24707,2024-05-13 09:56:00,4580.7,4581.0,4578.05,4580.5
24708,2024-05-13 09:57:00,4582.0,4585.0,4580.0,4580.45
24709,2024-05-13 09:58:00,4581.2,4585.0,4581.2,4582.6
24710,2024-05-13 09:59:00,4582.55,4584.9,4580.0,4582.35
24711,2024-05-13 10:00:00,4582.4,4583.0,4578.0,4578.0
24712,2024-05-13 10:01:00,4581.0,4581.0,4577.0,4578.7
24713,2024-05-13 10:02:00,4577.0,4580.0,4576.25,4579.3
24714,2024-05-13 10:03:00,4576.3,4580.7,4576.3,4577.95
24715,2024-05-13 10:04:00,4580.4,4582.0,4577.0,4580.65
24716,2024-05-13 10:05:00,4580.2,4585.5,4579.2,4583.5
24717,2024-05-13 10:06:00,4585.45,4585.45,4577.0,4579.1
24718,2024-05-13 10:07:00,4579.2,4582.35,4577.0,4578.9
24719,2024-05-13 10:08:00,4580.5,4582.1,4578.35,4579.3
24720,2024-05-13 10:09:00,4578.85,4582.0,4578.0,4578.5
24721,2024-05-13 10:10:00,4578.6,4581.1,4576.5,4578.2
24722,2024-05-13 10:11:00,4576.5,4578.3,4576.0,4576.0
24723,2024-05-13 10:12:00,4577.55,4578.6,4576.0,4578.6
24724,2024-05-13 10:13:00,4576.55,4578.6,4576.4,4576.6
24725,2024-05-13 10:14:00,4577.0,4578.6,4576.0,4576.5
24726,2024-05-13 10:15:00,4578.6,4578.9,4576.1,4577.0
24727,2024-05-13 10:16:00,4579.0,4579.9,4577.0,4578.0
24728,2024-05-13 10:17:00,4577.0,4579.5,4577.0,4577.25
24729,2024-05-13 10:18:00,4577.2,4578.55,4576.0,4576.0
24730,2024-05-13 10:19:00,4577.25,4578.0,4576.0,4576.05
24731,2024-05-13 10:20:00,4576.5,4576.5,4570.8,4570.85
24732,2024-05-13 10:21:00,4571.55,4573.0,4570.8,4573.0
24733,2024-05-13 10:22:00,4571.1,4578.55,4571.1,4578.45
24734,2024-05-13 10:23:00,4576.05,4578.0,4575.0,4576.05
24735,2024-05-13 10:24:00,4575.0,4578.0,4575.0,4575.55
24736,2024-05-13 10:25:00,4575.05,4577.85,4575.0,4577.85
24737,2024-05-13 10:26:00,4575.35,4578.5,4575.2,4578.05
24738,2024-05-13 10:27:00,4576.0,4578.5,4576.0,4576.15
24739,2024-05-13 10:28:00,4578.25,4578.25,4575.2,4576.05
24740,2024-05-13 10:29:00,4576.0,4576.95,4574.0,4575.45
24741,2024-05-13 10:30:00,4575.65,4576.7,4574.0,4575.0
24742,2024-05-13 10:31:00,4574.35,4575.95,4572.0,4572.0
24743,2024-05-13 10:32:00,4571.35,4574.9,4571.35,4574.2
24744,2024-05-13 10:33:00,4572.0,4574.2,4572.0,4572.3
24745,2024-05-13 10:34:00,4574.0,4575.2,4572.35,4573.35
24746,2024-05-13 10:35:00,4573.5,4576.05,4571.0,4572.25
24747,2024-05-13 10:36:00,4572.3,4572.3,4569.1,4569.7
24748,2024-05-13 10:37:00,4569.5,4570.0,4567.0,4570.0
24749,2024-05-13 10:38:00,4568.0,4574.9,4568.0,4574.9
24750,2024-05-13 10:39:00,4574.65,4575.0,4570.8,4574.75
24751,2024-05-13 10:40:00,4572.45,4574.6,4570.6,4570.75
24752,2024-05-13 10:41:00,4570.15,4572.5,4566.5,4567.65
24753,2024-05-13 10:42:00,4569.35,4569.65,4566.0,4569.65
24754,2024-05-13 10:43:00,4566.35,4569.35,4566.05,4566.3
24755,2024-05-13 10:44:00,4567.9,4568.05,4566.1,4566.1
24756,2024-05-13 10:45:00,4566.2,4569.6,4566.0,4566.8
24757,2024-05-13 10:46:00,4569.75,4569.75,4566.9,4567.3
24758,2024-05-13 10:47:00,4569.2,4569.35,4566.1,4566.8
24759,2024-05-13 10:48:00,4566.2,4567.9,4566.05,4566.5
24760,2024-05-13 10:49:00,4566.1,4568.55,4566.1,4566.1
24761,2024-05-13 10:50:00,4568.55,4568.55,4565.5,4565.75
24762,2024-05-13 10:51:00,4568.05,4568.25,4565.85,4568.05
24763,2024-05-13 10:52:00,4566.3,4569.4,4566.25,4567.95
24764,2024-05-13 10:53:00,4569.45,4569.5,4566.0,4566.05
24765,2024-05-13 10:54:00,4567.0,4571.35,4566.2,4570.3
24766,2024-05-13 10:55:00,4569.35,4573.2,4567.35,4572.05
24767,2024-05-13 10:56:00,4569.9,4569.9,4568.0,4568.35
24768,2024-05-13 10:57:00,4568.15,4574.0,4568.15,4572.0
24769,2024-05-13 10:58:00,4572.3,4572.75,4570.05,4571.75
24770,2024-05-13 10:59:00,4570.2,4574.0,4570.2,4574.0
24771,2024-05-13 11:00:00,4572.95,4574.95,4572.0,4574.1
24772,2024-05-13 11:01:00,4574.95,4575.0,4572.1,4573.8
24773,2024-05-13 11:02:00,4572.25,4573.8,4570.05,4570.05
24774,2024-05-13 11:03:00,4569.7,4571.0,4568.65,4570.75
24775,2024-05-13 11:04:00,4568.8,4570.5,4568.75,4569.0
24776,2024-05-13 11:05:00,4568.8,4570.2,4568.8,4568.8
24777,2024-05-13 11:06:00,4570.05,4574.5,4568.85,4571.9
24778,2024-05-13 11:07:00,4572.0,4574.0,4571.45,4572.0
24779,2024-05-13 11:08:00,4571.45,4575.55,4571.25,4573.35
24780,2024-05-13 11:09:00,4573.1,4575.65,4572.2,4575.65
24781,2024-05-13 11:10:00,4576.35,4580.9,4575.85,4580.0
24782,2024-05-13 11:11:00,4578.3,4579.65,4572.3,4574.35
24783,2024-05-13 11:12:00,4574.0,4577.9,4573.1,4576.4
24784,2024-05-13 11:13:00,4574.8,4577.3,4574.8,4576.95
24785,2024-05-13 11:14:00,4576.5,4577.0,4574.8,4577.0
24786,2024-05-13 11:15:00,4575.35,4585.0,4575.35,4584.85
24787,2024-05-13 11:16:00,4582.45,4585.0,4582.05,4584.1
24788,2024-05-13 11:17:00,4584.75,4590.0,4583.7,4588.05
24789,2024-05-13 11:18:00,4588.2,4592.35,4588.2,4592.35
24790,2024-05-13 11:19:00,4590.4,4593.95,4590.25,4591.25
24791,2024-05-13 11:20:00,4591.15,4594.0,4590.0,4591.15
24792,2024-05-13 11:21:00,4593.4,4593.45,4590.85,4591.2
24793,2024-05-13 11:22:00,4591.35,4594.0,4590.0,4592.85
24794,2024-05-13 11:23:00,4590.9,4593.45,4589.55,4589.85
24795,2024-05-13 11:24:00,4592.2,4592.95,4586.1,4586.2
24796,2024-05-13 11:25:00,4586.25,4587.4,4586.1,4587.4
24797,2024-05-13 11:26:00,4586.1,4587.4,4580.0,4585.45
24798,2024-05-13 11:27:00,4583.0,4586.95,4582.4,4585.05
24799,2024-05-13 11:28:00,4585.1,4588.7,4585.0,4587.0
24800,2024-05-13 11:29:00,4586.2,4589.55,4586.05,4587.05
24801,2024-05-13 11:30:00,4588.7,4588.7,4585.5,4587.35
24802,2024-05-13 11:31:00,4587.45,4589.4,4585.5,4586.85
24803,2024-05-13 11:32:00,4589.4,4590.85,4586.95,4590.85
24804,2024-05-13 11:33:00,4589.6,4589.95,4586.1,4587.05
24805,2024-05-13 11:34:00,4589.0,4590.85,4588.0,4590.85
24806,2024-05-13 11:35:00,4588.85,4592.25,4588.85,4590.7
24807,2024-05-13 11:36:00,4589.15,4594.8,4589.15,4594.45
24808,2024-05-13 11:37:00,4592.15,4595.0,4591.9,4594.75
24809,2024-05-13 11:38:00,4593.05,4594.9,4591.0,4591.0
24810,2024-05-13 11:39:00,4592.35,4594.4,4591.0,4594.4
24811,2024-05-13 11:40:00,4592.55,4594.9,4590.0,4590.0
24812,2024-05-13 11:41:00,4589.2,4589.2,4586.0,4586.15
24813,2024-05-13 11:42:00,4588.0,4588.0,4586.0,4586.0
24814,2024-05-13 11:43:00,4587.35,4588.7,4586.0,4587.35
24815,2024-05-13 11:44:00,4586.0,4586.95,4585.75,4586.0
24816,2024-05-13 11:45:00,4586.5,4586.5,4583.5,4584.1
24817,2024-05-13 11:46:00,4584.95,4587.8,4583.8,4586.15
24818,2024-05-13 11:47:00,4586.0,4588.55,4585.5,4585.5
24819,2024-05-13 11:48:00,4585.85,4586.2,4584.75,4586.2
24820,2024-05-13 11:49:00,4585.15,4587.4,4584.5,4584.7
24821,2024-05-13 11:50:00,4584.5,4586.2,4584.5,4585.15
24822,2024-05-13 11:51:00,4585.0,4586.0,4585.0,4585.25
24823,2024-05-13 11:52:00,4586.15,4586.15,4584.5,4585.1
24824,2024-05-13 11:53:00,4584.5,4586.2,4584.25,4584.25
24825,2024-05-13 11:54:00,4584.6,4588.0,4584.6,4586.0
24826,2024-05-13 11:55:00,4585.7,4587.4,4585.7,4586.2
24827,2024-05-13 11:56:00,4587.4,4587.4,4585.0,4585.55
24828,2024-05-13 11:57:00,4586.95,4586.95,4585.0,4586.0
24829,2024-05-13 11:58:00,4586.6,4588.7,4586.0,4586.25
24830,2024-05-13 11:59:00,4588.95,4588.95,4586.0,4587.15
24831,2024-05-13 12:00:00,4586.55,4588.9,4586.5,4586.95
24832,2024-05-13 12:01:00,4587.45,4593.65,4586.6,4593.65
24833,2024-05-13 12:02:00,4591.35,4594.5,4590.05,4593.45
24834,2024-05-13 12:03:00,4591.35,4593.65,4587.4,4588.0
24835,2024-05-13 12:04:00,4587.85,4588.25,4586.5,4587.35
24836,2024-05-13 12:05:00,4586.5,4586.9,4586.5,4586.6
24837,2024-05-13 12:06:00,4586.5,4586.6,4586.0,4586.15
24838,2024-05-13 12:07:00,4586.0,4586.6,4585.5,4586.05
24839,2024-05-13 12:08:00,4585.5,4586.2,4585.5,4585.5
24840,2024-05-13 12:09:00,4585.05,4585.55,4585.05,4585.5
24841,2024-05-13 12:10:00,4585.05,4585.55,4585.05,4585.4
24842,2024-05-13 12:11:00,4585.05,4586.35,4585.0,4585.05
24843,2024-05-13 12:12:00,4585.6,4588.95,4585.6,4588.1
24844,2024-05-13 12:13:00,4587.0,4589.7,4586.6,4588.8
24845,2024-05-13 12:14:00,4588.15,4590.95,4587.4,4588.3
24846,2024-05-13 12:15:00,4588.75,4588.75,4585.05,4585.05
24847,2024-05-13 12:16:00,4585.45,4587.0,4585.05,4585.45
24848,2024-05-13 12:17:00,4587.0,4587.4,4585.45,4586.9
24849,2024-05-13 12:18:00,4586.5,4587.4,4586.5,4586.5
24850,2024-05-13 12:19:00,4586.95,4589.95,4586.5,4588.3
24851,2024-05-13 12:20:00,4587.15,4590.55,4586.75,4587.55
24852,2024-05-13 12:21:00,4587.5,4590.0,4587.15,4587.8
24853,2024-05-13 12:22:00,4588.3,4589.75,4587.8,4588.85
24854,2024-05-13 12:23:00,4589.7,4589.95,4587.8,4587.8
24855,2024-05-13 12:24:00,4589.5,4589.5,4587.8,4589.0
24856,2024-05-13 12:25:00,4588.0,4591.3,4587.8,4589.4
24857,2024-05-13 12:26:00,4588.15,4595.9,4588.15,4595.65
24858,2024-05-13 12:27:00,4595.0,4595.0,4592.05,4592.3
24859,2024-05-13 12:28:00,4592.7,4593.85,4592.0,4593.25
24860,2024-05-13 12:29:00,4592.1,4594.1,4592.1,4593.1
24861,2024-05-13 12:30:00,4593.5,4594.0,4592.0,4592.0
24862,2024-05-13 12:31:00,4592.05,4593.25,4592.0,4592.6
24863,2024-05-13 12:32:00,4592.0,4592.2,4587.85,4589.95
24864,2024-05-13 12:33:00,4588.55,4593.75,4588.45,4589.8
24865,2024-05-13 12:34:00,4588.95,4591.9,4588.4,4589.0
24866,2024-05-13 12:35:00,4588.95,4591.8,4588.65,4590.75
24867,2024-05-13 12:36:00,4590.8,4593.0,4590.1,4592.0
24868,2024-05-13 12:37:00,4593.0,4597.0,4593.0,4596.1
24869,2024-05-13 12:38:00,4597.25,4598.0,4594.5,4594.55
24870,2024-05-13 12:39:00,4595.2,4598.05,4594.05,4596.65
24871,2024-05-13 12:40:00,4595.2,4598.7,4595.2,4597.4
24872,2024-05-13 12:41:00,4596.0,4597.85,4595.6,4597.0
24873,2024-05-13 12:42:00,4597.3,4600.35,4595.55,4595.55
24874,2024-05-13 12:43:00,4595.3,4596.6,4594.05,4594.4
24875,2024-05-13 12:44:00,4594.35,4594.9,4594.05,4594.05
24876,2024-05-13 12:45:00,4594.1,4595.2,4594.05,4594.25
24877,2024-05-13 12:46:00,4594.0,4594.0,4591.6,4591.65
24878,2024-05-13 12:47:00,4591.6,4592.6,4587.8,4590.0
24879,2024-05-13 12:48:00,4588.55,4590.0,4587.8,4589.0
24880,2024-05-13 12:49:00,4588.85,4594.3,4588.85,4593.4
24881,2024-05-13 12:50:00,4592.75,4593.25,4590.0,4590.0
24882,2024-05-13 12:51:00,4591.15,4591.6,4587.8,4590.35
24883,2024-05-13 12:52:00,4590.0,4591.35,4587.8,4587.8
24884,2024-05-13 12:53:00,4590.15,4590.15,4588.0,4588.0
24885,2024-05-13 12:54:00,4587.8,4589.75,4586.0,4587.3
24886,2024-05-13 12:55:00,4586.0,4589.65,4586.0,4588.2
24887,2024-05-13 12:56:00,4586.15,4588.95,4586.1,4586.1
24888,2024-05-13 12:57:00,4586.0,4589.0,4586.0,4587.0
24889,2024-05-13 12:58:00,4588.7,4588.95,4586.1,4586.95
24890,2024-05-13 12:59:00,4586.05,4587.0,4586.0,4586.75
24891,2024-05-13 13:00:00,4586.05,4587.0,4586.0,4586.0
24892,2024-05-13 13:01:00,4587.0,4589.0,4586.6,4589.0
24893,2024-05-13 13:02:00,4587.05,4589.0,4586.0,4586.4
24894,2024-05-13 13:03:00,4586.05,4588.6,4586.0,4586.25
24895,2024-05-13 13:04:00,4587.35,4594.5,4586.05,4593.6
24896,2024-05-13 13:05:00,4592.45,4593.55,4588.95,4590.0
24897,2024-05-13 13:06:00,4590.05,4592.05,4590.0,4590.4
24898,2024-05-13 13:07:00,4590.0,4593.4,4587.75,4588.9
24899,2024-05-13 13:08:00,4588.05,4592.5,4588.05,4590.45
24900,2024-05-13 13:09:00,4590.95,4593.35,4590.0,4590.65
24901,2024-05-13 13:10:00,4590.5,4592.8,4588.05,4589.1
24902,2024-05-13 13:11:00,4588.1,4592.2,4588.05,4590.25
24903,2024-05-13 13:12:00,4590.45,4591.7,4590.0,4590.0
24904,2024-05-13 13:13:00,4590.1,4592.45,4589.6,4591.6
24905,2024-05-13 13:14:00,4590.55,4592.4,4588.95,4589.6
24906,2024-05-13 13:15:00,4588.15,4593.4,4588.15,4591.25
24907,2024-05-13 13:16:00,4592.3,4593.4,4590.1,4593.4
24908,2024-05-13 13:17:00,4592.75,4592.75,4590.0,4590.0
24909,2024-05-13 13:18:00,4591.7,4591.7,4590.0,4590.0
24910,2024-05-13 13:19:00,4589.5,4591.0,4589.05,4590.5
24911,2024-05-13 13:20:00,4590.05,4591.1,4590.0,4590.0
24912,2024-05-13 13:21:00,4590.1,4591.25,4590.0,4590.0
24913,2024-05-13 13:22:00,4590.2,4590.75,4590.0,4590.0
24914,2024-05-13 13:23:00,4589.05,4591.15,4589.05,4590.0
24915,2024-05-13 13:24:00,4590.05,4592.95,4590.0,4590.0
24916,2024-05-13 13:25:00,4590.45,4590.65,4590.0,4590.0
24917,2024-05-13 13:26:00,4590.05,4590.65,4589.05,4589.5
24918,2024-05-13 13:27:00,4589.05,4591.45,4589.05,4589.05
24919,2024-05-13 13:28:00,4590.0,4591.65,4589.05,4590.2
24920,2024-05-13 13:29:00,4589.85,4591.65,4589.05,4589.75
24921,2024-05-13 13:30:00,4589.05,4590.0,4589.05,4589.2
24922,2024-05-13 13:31:00,4589.25,4589.25,4588.25,4588.4
24923,2024-05-13 13:32:00,4588.25,4589.75,4588.25,4589.75
24924,2024-05-13 13:33:00,4589.7,4589.7,4588.0,4588.25
24925,2024-05-13 13:34:00,4588.3,4588.95,4588.25,4588.3
24926,2024-05-13 13:35:00,4588.25,4589.9,4588.0,4588.25
24927,2024-05-13 13:36:00,4588.3,4590.05,4587.2,4588.1
24928,2024-05-13 13:37:00,4589.25,4589.25,4588.05,4588.05
24929,2024-05-13 13:38:00,4588.1,4589.75,4588.05,4589.75
24930,2024-05-13 13:39:00,4588.4,4591.1,4588.05,4588.2
24931,2024-05-13 13:40:00,4588.1,4589.8,4586.85,4588.15
24932,2024-05-13 13:41:00,4588.1,4588.7,4586.85,4588.05
24933,2024-05-13 13:42:00,4587.65,4588.3,4587.05,4588.1
24934,2024-05-13 13:43:00,4588.15,4589.9,4588.1,4588.2
24935,2024-05-13 13:44:00,4588.15,4590.0,4588.05,4588.1
24936,2024-05-13 13:45:00,4588.2,4589.3,4588.1,4589.1
24937,2024-05-13 13:46:00,4589.35,4589.35,4588.05,4588.95
24938,2024-05-13 13:47:00,4588.1,4589.35,4588.0,4588.05
24939,2024-05-13 13:48:00,4588.1,4589.0,4586.9,4586.9
24940,2024-05-13 13:49:00,4586.85,4589.0,4586.85,4587.0
24941,2024-05-13 13:50:00,4586.85,4588.45,4586.0,4586.0
24942,2024-05-13 13:51:00,4586.05,4587.8,4586.0,4586.55
24943,2024-05-13 13:52:00,4586.0,4587.45,4586.0,4586.05
24944,2024-05-13 13:53:00,4586.0,4589.35,4586.0,4588.25
24945,2024-05-13 13:54:00,4588.05,4590.0,4586.15,4587.35
24946,2024-05-13 13:55:00,4586.8,4590.9,4586.8,4590.3
24947,2024-05-13 13:56:00,4590.2,4590.2,4587.15,4588.45
24948,2024-05-13 13:57:00,4588.65,4589.05,4588.45,4588.5
24949,2024-05-13 13:58:00,4588.45,4595.95,4588.45,4595.95
24950,2024-05-13 13:59:00,4595.3,4598.85,4595.3,4597.3
24951,2024-05-13 14:00:00,4597.9,4598.0,4590.5,4591.4
24952,2024-05-13 14:01:00,4592.25,4593.75,4591.9,4592.5
24953,2024-05-13 14:02:00,4592.0,4594.25,4590.0,4590.0
24954,2024-05-13 14:03:00,4590.35,4590.95,4590.0,4590.0
24955,2024-05-13 14:04:00,4590.05,4591.85,4590.0,4590.05
24956,2024-05-13 14:05:00,4591.35,4591.35,4590.0,4590.0
24957,2024-05-13 14:06:00,4590.05,4591.25,4590.0,4590.0
24958,2024-05-13 14:07:00,4590.9,4590.9,4590.0,4590.0
24959,2024-05-13 14:08:00,4590.05,4591.15,4590.0,4590.0
24960,2024-05-13 14:09:00,4590.05,4591.25,4590.0,4590.0
24961,2024-05-13 14:10:00,4590.45,4590.45,4590.0,4590.05
24962,2024-05-13 14:11:00,4590.0,4591.35,4590.0,4591.35
24963,2024-05-13 14:12:00,4590.0,4592.15,4590.0,4590.0
24964,2024-05-13 14:13:00,4590.2,4591.65,4590.0,4590.05
24965,2024-05-13 14:14:00,4590.0,4591.65,4590.0,4590.0
24966,2024-05-13 14:15:00,4590.1,4591.45,4590.0,4590.0
24967,2024-05-13 14:16:00,4590.05,4592.95,4590.0,4590.15
24968,2024-05-13 14:17:00,4590.95,4593.3,4590.35,4590.4
24969,2024-05-13 14:18:00,4591.35,4593.0,4590.0,4590.1
24970,2024-05-13 14:19:00,4590.0,4590.05,4588.05,4588.5
24971,2024-05-13 14:20:00,4589.65,4590.0,4586.1,4586.35
24972,2024-05-13 14:21:00,4586.3,4587.8,4586.0,4586.0
24973,2024-05-13 14:22:00,4586.1,4586.15,4583.05,4583.75
24974,2024-05-13 14:23:00,4576.05,4578.5,4570.15,4571.75
24975,2024-05-13 14:24:00,4572.15,4572.65,4570.0,4570.1
24976,2024-05-13 14:25:00,4570.65,4571.85,4568.8,4569.7
24977,2024-05-13 14:26:00,4569.65,4573.9,4569.65,4572.5
24978,2024-05-13 14:27:00,4572.45,4575.45,4572.45,4575.1
24979,2024-05-13 14:28:00,4575.05,4578.0,4575.0,4575.9
24980,2024-05-13 14:29:00,4575.0,4576.3,4575.0,4576.0
24981,2024-05-13 14:30:00,4576.1,4578.7,4575.35,4577.0
24982,2024-05-13 14:31:00,4576.4,4579.85,4576.4,4578.9
24983,2024-05-13 14:32:00,4578.2,4580.35,4578.2,4580.1
24984,2024-05-13 14:33:00,4580.95,4581.75,4580.0,4580.2
24985,2024-05-13 14:34:00,4579.8,4581.8,4579.8,4580.4
24986,2024-05-13 14:35:00,4580.45,4583.9,4579.9,4581.45
24987,2024-05-13 14:36:00,4581.2,4583.9,4581.1,4582.65
24988,2024-05-13 14:37:00,4582.0,4583.0,4582.0,4582.35
24989,2024-05-13 14:38:00,4582.45,4585.75,4582.45,4585.0
24990,2024-05-13 14:39:00,4585.05,4585.9,4585.0,4585.15
24991,2024-05-13 14:40:00,4585.0,4585.2,4585.0,4585.0
24992,2024-05-13 14:41:00,4584.95,4585.15,4583.7,4584.25
24993,2024-05-13 14:42:00,4584.1,4585.2,4583.9,4585.0
24994,2024-05-13 14:43:00,4585.05,4587.95,4585.0,4585.35
24995,2024-05-13 14:44:00,4585.15,4586.5,4585.0,4585.9
24996,2024-05-13 14:45:00,4585.4,4586.45,4585.0,4585.0
24997,2024-05-13 14:46:00,4585.2,4585.45,4585.0,4585.15
24998,2024-05-13 14:47:00,4585.0,4586.45,4585.0,4585.0
24999,2024-05-13 14:48:00,4585.35,4585.35,4585.0,4585.0
25000,2024-05-13 14:49:00,4584.95,4586.15,4584.9,4584.9
25001,2024-05-13 14:50:00,4585.3,4586.45,4585.0,4585.7
25002,2024-05-13 14:51:00,4586.45,4588.1,4585.0,4585.35
25003,2024-05-13 14:52:00,4585.15,4588.05,4585.0,4585.5
25004,2024-05-13 14:53:00,4588.35,4589.0,4585.2,4588.25
25005,2024-05-13 14:54:00,4589.9,4589.9,4586.0,4586.9
25006,2024-05-13 14:55:00,4586.3,4587.75,4585.0,4585.35
25007,2024-05-13 14:56:00,4585.0,4588.25,4585.0,4586.35
25008,2024-05-13 14:57:00,4585.85,4586.65,4585.0,4585.4
25009,2024-05-13 14:58:00,4585.2,4589.95,4585.0,4587.85
25010,2024-05-13 14:59:00,4587.95,4589.95,4585.35,4585.55
25011,2024-05-13 15:00:00,4585.75,4589.65,4585.65,4585.65
25012,2024-05-13 15:01:00,4585.7,4588.0,4585.0,4586.3
25013,2024-05-13 15:02:00,4585.7,4587.65,4585.0,4587.0
25014,2024-05-13 15:03:00,4586.35,4590.7,4586.35,4590.0
25015,2024-05-13 15:04:00,4590.2,4593.4,4590.0,4591.0
25016,2024-05-13 15:05:00,4592.7,4592.7,4588.75,4591.45
25017,2024-05-13 15:06:00,4591.3,4592.1,4588.55,4588.55
25018,2024-05-13 15:07:00,4589.1,4590.0,4585.5,4590.0
25019,2024-05-13 15:08:00,4590.45,4590.75,4587.5,4590.0
25020,2024-05-13 15:09:00,4590.05,4598.1,4590.0,4598.1
25021,2024-05-13 15:10:00,4594.2,4596.5,4590.0,4590.0
25022,2024-05-13 15:11:00,4590.05,4592.1,4590.0,4590.65
25023,2024-05-13 15:12:00,4590.7,4594.1,4590.45,4591.1
25024,2024-05-13 15:13:00,4591.05,4594.0,4591.0,4593.6
25025,2024-05-13 15:14:00,4592.25,4596.6,4590.75,4595.45
25026,2024-05-13 15:15:00,4595.7,4596.9,4594.0,4594.95
25027,2024-05-13 15:16:00,4594.7,4596.05,4594.0,4595.55
25028,2024-05-13 15:17:00,4595.9,4599.2,4595.35,4597.4
25029,2024-05-13 15:18:00,4598.2,4601.1,4597.45,4597.55
25030,2024-05-13 15:19:00,4597.8,4598.8,4595.65,4597.25
25031,2024-05-13 15:20:00,4596.05,4597.8,4595.5,4597.0
25032,2024-05-13 15:21:00,4596.4,4598.65,4595.5,4595.65
25033,2024-05-13 15:22:00,4597.35,4597.65,4595.7,4596.85
25034,2024-05-13 15:23:00,4596.95,4597.95,4595.5,4597.2
25035,2024-05-13 15:24:00,4597.15,4598.4,4596.8,4598.4
25036,2024-05-13 15:25:00,4599.0,4603.0,4598.45,4602.15
25037,2024-05-13 15:26:00,4601.95,4602.95,4598.4,4600.35
25038,2024-05-13 15:27:00,4599.2,4601.5,4597.8,4601.45
25039,2024-05-13 15:28:00,4600.0,4601.4,4598.0,4598.0
25040,2024-05-13 15:29:00,4600.0,4600.0,4598.0,4599.9
25041,2024-05-14 09:14:00,4599.85,4599.85,4599.85,4599.85
25042,2024-05-14 09:15:00,4599.05,4616.15,4590.0,4610.4
25043,2024-05-14 09:16:00,4603.45,4612.85,4603.05,4611.8
25044,2024-05-14 09:17:00,4607.5,4609.65,4605.0,4609.65
25045,2024-05-14 09:18:00,4609.3,4612.4,4606.55,4612.05
25046,2024-05-14 09:19:00,4612.0,4614.45,4608.3,4614.45
25047,2024-05-14 09:20:00,4615.05,4622.75,4612.8,4622.55
25048,2024-05-14 09:21:00,4622.7,4627.8,4622.05,4626.3
25049,2024-05-14 09:22:00,4626.75,4626.95,4621.95,4626.0
25050,2024-05-14 09:23:00,4625.0,4632.9,4624.15,4632.9
25051,2024-05-14 09:24:00,4633.05,4633.05,4622.25,4624.5
25052,2024-05-14 09:25:00,4627.1,4627.1,4617.8,4617.8
25053,2024-05-14 09:26:00,4617.75,4622.3,4614.85,4620.05
25054,2024-05-14 09:27:00,4620.2,4620.9,4608.0,4608.0
25055,2024-05-14 09:28:00,4606.2,4612.0,4605.95,4612.0
25056,2024-05-14 09:29:00,4612.35,4612.35,4606.2,4612.0
25057,2024-05-14 09:30:00,4610.65,4614.35,4606.9,4608.6
25058,2024-05-14 09:31:00,4609.0,4609.0,4605.95,4608.65
25059,2024-05-14 09:32:00,4609.85,4612.5,4607.6,4612.5
25060,2024-05-14 09:33:00,4612.85,4614.7,4610.0,4612.15
25061,2024-05-14 09:34:00,4615.0,4618.85,4612.0,4615.6
25062,2024-05-14 09:35:00,4616.5,4617.05,4614.45,4617.05
25063,2024-05-14 09:36:00,4616.5,4617.45,4612.9,4615.25
25064,2024-05-14 09:37:00,4617.65,4619.95,4615.3,4615.3
25065,2024-05-14 09:38:00,4616.95,4622.95,4615.15,4620.1
25066,2024-05-14 09:39:00,4620.05,4624.25,4616.0,4624.25
25067,2024-05-14 09:40:00,4622.05,4623.15,4617.0,4621.55
25068,2024-05-14 09:41:00,4620.35,4621.15,4617.05,4618.5
25069,2024-05-14 09:42:00,4618.0,4623.3,4618.0,4623.3
25070,2024-05-14 09:43:00,4621.85,4624.0,4620.65,4621.6
25071,2024-05-14 09:44:00,4620.95,4624.0,4620.95,4624.0
25072,2024-05-14 09:45:00,4623.05,4628.0,4622.0,4628.0
25073,2024-05-14 09:46:00,4627.8,4630.0,4627.0,4628.15
25074,2024-05-14 09:47:00,4628.0,4629.95,4626.45,4627.05
25075,2024-05-14 09:48:00,4625.65,4628.95,4624.45,4627.0
25076,2024-05-14 09:49:00,4625.0,4628.95,4625.0,4626.3
25077,2024-05-14 09:50:00,4628.9,4628.9,4626.0,4628.45
25078,2024-05-14 09:51:00,4626.0,4628.45,4625.0,4628.45
25079,2024-05-14 09:52:00,4628.4,4628.45,4625.0,4625.0
25080,2024-05-14 09:53:00,4626.0,4626.95,4623.75,4626.95
25081,2024-05-14 09:54:00,4626.0,4626.95,4624.4,4624.4
25082,2024-05-14 09:55:00,4626.0,4626.95,4624.0,4625.75
25083,2024-05-14 09:56:00,4624.0,4626.0,4621.0,4621.0
25084,2024-05-14 09:57:00,4621.6,4626.1,4621.6,4624.0
25085,2024-05-14 09:58:00,4624.75,4627.0,4624.75,4627.0
25086,2024-05-14 09:59:00,4626.95,4628.45,4626.0,4626.0
25087,2024-05-14 10:00:00,4627.0,4627.0,4622.0,4624.6
25088,2024-05-14 10:01:00,4624.75,4624.75,4613.05,4613.05
25089,2024-05-14 10:02:00,4612.0,4612.8,4606.0,4610.25
25090,2024-05-14 10:03:00,4607.6,4609.9,4606.0,4606.95
25091,2024-05-14 10:04:00,4609.45,4610.0,4606.0,4608.05
25092,2024-05-14 10:05:00,4608.9,4611.0,4608.5,4611.0
25093,2024-05-14 10:06:00,4610.0,4610.0,4606.0,4606.05
25094,2024-05-14 10:07:00,4607.2,4610.95,4606.1,4608.8
25095,2024-05-14 10:08:00,4610.95,4611.0,4610.95,4611.0
25096,2024-05-14 10:09:00,4610.35,4611.65,4607.0,4609.15
25097,2024-05-14 10:10:00,4607.45,4608.4,4606.05,4607.45
25098,2024-05-14 10:11:00,4607.0,4611.55,4606.6,4610.0
25099,2024-05-14 10:12:00,4610.9,4611.55,4610.25,4610.25
25100,2024-05-14 10:13:00,4611.55,4611.55,4608.55,4610.35
25101,2024-05-14 10:14:00,4610.25,4614.75,4610.25,4612.0
25102,2024-05-14 10:15:00,4614.05,4614.05,4612.05,4614.0
25103,2024-05-14 10:16:00,4612.5,4614.05,4611.95,4613.7
25104,2024-05-14 10:17:00,4612.8,4614.05,4611.55,4614.05
25105,2024-05-14 10:18:00,4614.0,4619.0,4613.7,4618.15
25106,2024-05-14 10:19:00,4619.95,4624.2,4618.35,4624.2
25107,2024-05-14 10:20:00,4623.35,4624.05,4620.0,4621.0
25108,2024-05-14 10:21:00,4620.25,4621.0,4618.35,4621.0
25109,2024-05-14 10:22:00,4622.2,4622.2,4619.0,4621.55
25110,2024-05-14 10:23:00,4621.0,4622.0,4621.0,4621.0
25111,2024-05-14 10:24:00,4622.25,4622.45,4617.8,4620.25
25112,2024-05-14 10:25:00,4619.4,4621.1,4619.25,4619.95
25113,2024-05-14 10:26:00,4618.4,4621.0,4618.3,4618.95
25114,2024-05-14 10:27:00,4616.3,4619.45,4615.75,4617.5
25115,2024-05-14 10:28:00,4617.45,4617.45,4615.0,4617.05
25116,2024-05-14 10:29:00,4616.8,4619.95,4616.75,4616.75
25117,2024-05-14 10:30:00,4618.2,4621.5,4615.6,4619.35
25118,2024-05-14 10:31:00,4618.8,4621.3,4613.05,4615.65
25119,2024-05-14 10:32:00,4615.3,4615.45,4611.1,4615.45
25120,2024-05-14 10:33:00,4615.95,4615.95,4612.1,4612.2
25121,2024-05-14 10:34:00,4614.5,4615.15,4612.0,4614.35
25122,2024-05-14 10:35:00,4617.25,4617.25,4614.35,4614.35
25123,2024-05-14 10:36:00,4616.65,4616.8,4614.0,4616.2
25124,2024-05-14 10:37:00,4616.6,4617.45,4615.0,4617.0
25125,2024-05-14 10:38:00,4615.05,4617.65,4614.55,4614.8
25126,2024-05-14 10:39:00,4621.1,4626.2,4621.1,4626.2
25127,2024-05-14 10:40:00,4626.95,4627.8,4624.95,4625.4
25128,2024-05-14 10:41:00,4627.4,4629.0,4626.9,4627.15
25129,2024-05-14 10:42:00,4625.35,4629.0,4625.35,4627.15
25130,2024-05-14 10:43:00,4628.55,4629.0,4626.65,4629.0
25131,2024-05-14 10:44:00,4627.7,4628.25,4627.0,4627.0
25132,2024-05-14 10:45:00,4628.55,4628.95,4626.3,4626.7
25133,2024-05-14 10:46:00,4629.0,4629.0,4624.0,4626.2
25134,2024-05-14 10:47:00,4625.0,4625.0,4623.65,4625.0
25135,2024-05-14 10:48:00,4624.05,4624.05,4620.0,4622.7
25136,2024-05-14 10:49:00,4621.2,4621.2,4615.0,4615.0
25137,2024-05-14 10:50:00,4615.3,4617.9,4615.0,4617.2
25138,2024-05-14 10:51:00,4617.25,4617.9,4615.25,4617.9
25139,2024-05-14 10:52:00,4616.7,4620.9,4616.7,4620.9
25140,2024-05-14 10:53:00,4618.0,4620.4,4618.0,4620.4
25141,2024-05-14 10:54:00,4618.05,4620.9,4617.05,4617.2
25142,2024-05-14 10:55:00,4620.5,4620.5,4617.2,4617.2
25143,2024-05-14 10:56:00,4619.45,4619.9,4615.2,4616.1
25144,2024-05-14 10:57:00,4619.25,4619.25,4615.45,4616.3
25145,2024-05-14 10:58:00,4618.5,4618.5,4614.3,4614.3
25146,2024-05-14 10:59:00,4614.0,4614.0,4612.0,4612.0
25147,2024-05-14 11:00:00,4612.05,4612.85,4610.25,4610.55
25148,2024-05-14 11:01:00,4613.05,4614.0,4610.7,4613.0
25149,2024-05-14 11:02:00,4612.3,4614.6,4611.95,4612.25
25150,2024-05-14 11:03:00,4615.0,4620.0,4615.0,4620.0
25151,2024-05-14 11:04:00,4620.5,4622.95,4620.0,4620.8
25152,2024-05-14 11:05:00,4620.0,4624.0,4620.0,4624.0
25153,2024-05-14 11:06:00,4621.9,4625.0,4621.3,4622.55
25154,2024-05-14 11:07:00,4624.75,4625.0,4622.55,4623.05
25155,2024-05-14 11:08:00,4622.7,4625.55,4622.6,4623.35
25156,2024-05-14 11:09:00,4623.55,4628.9,4623.05,4624.75
25157,2024-05-14 11:10:00,4627.0,4627.0,4624.25,4624.25
25158,2024-05-14 11:11:00,4624.2,4628.95,4624.2,4628.0
25159,2024-05-14 11:12:00,4627.0,4628.95,4625.0,4625.7
25160,2024-05-14 11:13:00,4628.35,4633.05,4625.8,4631.0
25161,2024-05-14 11:14:00,4632.85,4632.85,4626.8,4629.4
25162,2024-05-14 11:15:00,4629.45,4632.3,4628.1,4630.3
25163,2024-05-14 11:16:00,4629.15,4631.6,4626.55,4626.65
25164,2024-05-14 11:17:00,4629.3,4629.95,4625.3,4626.1
25165,2024-05-14 11:18:00,4628.7,4628.7,4624.1,4625.05
25166,2024-05-14 11:19:00,4627.25,4627.5,4624.55,4626.1
25167,2024-05-14 11:20:00,4625.05,4628.35,4625.05,4626.55
25168,2024-05-14 11:21:00,4625.45,4627.45,4625.05,4626.15
25169,2024-05-14 11:22:00,4627.45,4627.45,4625.15,4625.2
25170,2024-05-14 11:23:00,4625.1,4627.45,4625.1,4625.2
25171,2024-05-14 11:24:00,4627.4,4628.2,4625.1,4625.45
25172,2024-05-14 11:25:00,4628.05,4628.2,4626.0,4627.95
25173,2024-05-14 11:26:00,4626.3,4628.0,4625.55,4626.4
25174,2024-05-14 11:27:00,4628.0,4628.0,4626.4,4626.4
25175,2024-05-14 11:28:00,4628.0,4628.0,4626.4,4626.4
25176,2024-05-14 11:29:00,4627.2,4628.0,4626.4,4626.4
25177,2024-05-14 11:30:00,4627.95,4628.2,4625.1,4625.1
25178,2024-05-14 11:31:00,4627.1,4627.1,4625.1,4625.1
25179,2024-05-14 11:32:00,4625.0,4627.0,4625.0,4626.2
25180,2024-05-14 11:33:00,4627.3,4628.0,4625.2,4625.2
25181,2024-05-14 11:34:00,4626.3,4627.0,4625.0,4625.0
25182,2024-05-14 11:35:00,4626.85,4628.8,4625.05,4625.4
25183,2024-05-14 11:36:00,4626.75,4628.55,4625.0,4627.2
25184,2024-05-14 11:37:00,4625.75,4627.0,4625.0,4625.0
25185,2024-05-14 11:38:00,4626.95,4626.95,4625.0,4625.0
25186,2024-05-14 11:39:00,4627.55,4628.0,4625.05,4625.1
25187,2024-05-14 11:40:00,4627.25,4627.25,4625.0,4625.1
25188,2024-05-14 11:41:00,4625.0,4625.1,4624.0,4625.0
25189,2024-05-14 11:42:00,4624.0,4626.65,4624.0,4626.1
25190,2024-05-14 11:43:00,4624.0,4628.0,4624.0,4626.25
25191,2024-05-14 11:44:00,4624.0,4627.0,4624.0,4624.05
25192,2024-05-14 11:45:00,4625.2,4625.95,4624.0,4625.95
25193,2024-05-14 11:46:00,4625.65,4625.85,4624.0,4625.0
25194,2024-05-14 11:47:00,4624.0,4626.45,4624.0,4624.1
25195,2024-05-14 11:48:00,4626.15,4626.3,4624.0,4625.05
25196,2024-05-14 11:49:00,4626.55,4628.0,4624.0,4627.55
25197,2024-05-14 11:50:00,4625.55,4627.7,4625.0,4625.0
25198,2024-05-14 11:51:00,4626.1,4626.4,4624.0,4624.0
25199,2024-05-14 11:52:00,4625.35,4625.75,4624.0,4624.0
25200,2024-05-14 11:53:00,4624.9,4625.95,4624.0,4624.0
25201,2024-05-14 11:54:00,4624.5,4625.25,4622.7,4623.05
25202,2024-05-14 11:55:00,4624.85,4624.85,4623.05,4623.05
25203,2024-05-14 11:56:00,4623.65,4624.65,4623.05,4624.65
25204,2024-05-14 11:57:00,4623.05,4624.65,4623.05,4623.05
25205,2024-05-14 11:58:00,4624.5,4624.55,4623.05,4623.05
25206,2024-05-14 11:59:00,4623.1,4624.7,4623.05,4624.7
25207,2024-05-14 12:00:00,4623.15,4624.7,4623.05,4623.05
25208,2024-05-14 12:01:00,4624.55,4624.7,4623.05,4623.05
25209,2024-05-14 12:02:00,4624.7,4625.0,4623.05,4623.15
25210,2024-05-14 12:03:00,4625.0,4628.0,4624.2,4625.15
25211,2024-05-14 12:04:00,4625.05,4628.0,4625.0,4625.0
25212,2024-05-14 12:05:00,4625.05,4626.8,4625.0,4625.05
25213,2024-05-14 12:06:00,4626.4,4627.35,4625.0,4625.4
25214,2024-05-14 12:07:00,4627.55,4627.55,4623.0,4625.5
25215,2024-05-14 12:08:00,4624.6,4625.15,4623.5,4623.9
25216,2024-05-14 12:09:00,4623.8,4628.0,4623.5,4624.6
25217,2024-05-14 12:10:00,4626.85,4626.85,4624.4,4625.0
25218,2024-05-14 12:11:00,4626.6,4626.9,4625.0,4625.0
25219,2024-05-14 12:12:00,4624.8,4624.8,4623.5,4623.5
25220,2024-05-14 12:13:00,4623.65,4626.05,4623.5,4625.45
25221,2024-05-14 12:14:00,4623.5,4625.45,4623.5,4623.5
25222,2024-05-14 12:15:00,4625.4,4625.75,4623.5,4623.5
25223,2024-05-14 12:16:00,4624.7,4625.2,4623.5,4625.0
25224,2024-05-14 12:17:00,4624.05,4624.25,4622.7,4622.7
25225,2024-05-14 12:18:00,4622.65,4624.25,4620.15,4620.15
25226,2024-05-14 12:19:00,4620.2,4622.85,4620.0,4620.3
25227,2024-05-14 12:20:00,4620.0,4620.0,4618.0,4618.0
25228,2024-05-14 12:21:00,4617.35,4617.9,4615.65,4617.9
25229,2024-05-14 12:22:00,4617.65,4622.95,4615.3,4620.35
25230,2024-05-14 12:23:00,4621.65,4630.0,4620.65,4630.0
25231,2024-05-14 12:24:00,4627.05,4628.0,4625.0,4628.0
25232,2024-05-14 12:25:00,4625.9,4628.75,4625.25,4627.0
25233,2024-05-14 12:26:00,4626.4,4628.6,4625.95,4626.1
25234,2024-05-14 12:27:00,4626.0,4628.95,4625.9,4627.1
25235,2024-05-14 12:28:00,4628.1,4628.55,4625.9,4625.9
25236,2024-05-14 12:29:00,4628.0,4628.0,4625.9,4625.95
25237,2024-05-14 12:30:00,4626.15,4628.55,4625.9,4625.9
25238,2024-05-14 12:31:00,4628.05,4628.6,4625.9,4625.9
25239,2024-05-14 12:32:00,4628.6,4628.6,4625.9,4626.0
25240,2024-05-14 12:33:00,4625.9,4630.0,4625.9,4630.0
25241,2024-05-14 12:34:00,4628.05,4630.9,4628.0,4628.0
25242,2024-05-14 12:35:00,4627.9,4629.25,4626.75,4626.75
25243,2024-05-14 12:36:00,4629.0,4631.95,4626.25,4629.3
25244,2024-05-14 12:37:00,4630.7,4630.7,4627.95,4628.1
25245,2024-05-14 12:38:00,4629.8,4629.8,4628.1,4629.8
25246,2024-05-14 12:39:00,4630.0,4635.4,4628.1,4635.4
25247,2024-05-14 12:40:00,4635.9,4644.0,4635.0,4642.0
25248,2024-05-14 12:41:00,4642.95,4645.0,4642.0,4644.95
25249,2024-05-14 12:42:00,4643.4,4645.3,4639.5,4642.8
25250,2024-05-14 12:43:00,4643.0,4644.65,4641.9,4644.65
25251,2024-05-14 12:44:00,4643.0,4645.65,4643.0,4645.4
25252,2024-05-14 12:45:00,4643.05,4645.25,4640.7,4641.45
25253,2024-05-14 12:46:00,4641.7,4643.5,4640.75,4642.0
25254,2024-05-14 12:47:00,4641.85,4643.5,4641.85,4643.45
25255,2024-05-14 12:48:00,4642.0,4644.65,4642.0,4642.8
25256,2024-05-14 12:49:00,4643.5,4643.5,4641.2,4643.1
25257,2024-05-14 12:50:00,4643.5,4643.5,4638.3,4638.3
25258,2024-05-14 12:51:00,4636.25,4637.05,4633.4,4634.1
25259,2024-05-14 12:52:00,4636.0,4638.55,4633.5,4636.2
25260,2024-05-14 12:53:00,4638.65,4640.0,4636.05,4638.45
25261,2024-05-14 12:54:00,4639.2,4645.95,4638.55,4642.55
25262,2024-05-14 12:55:00,4644.65,4645.45,4641.55,4643.6
25263,2024-05-14 12:56:00,4641.65,4644.95,4640.7,4642.05
25264,2024-05-14 12:57:00,4641.95,4645.0,4641.6,4645.0
25265,2024-05-14 12:58:00,4645.5,4645.5,4642.0,4642.9
25266,2024-05-14 12:59:00,4643.0,4645.5,4642.25,4643.05
25267,2024-05-14 13:00:00,4643.0,4645.5,4642.0,4645.5
25268,2024-05-14 13:01:00,4643.65,4648.35,4643.25,4648.35
25269,2024-05-14 13:02:00,4645.55,4650.0,4645.55,4650.0
25270,2024-05-14 13:03:00,4648.7,4652.0,4648.4,4650.5
25271,2024-05-14 13:04:00,4651.5,4653.3,4650.05,4650.9
25272,2024-05-14 13:05:00,4650.6,4652.95,4650.1,4650.1
25273,2024-05-14 13:06:00,4651.95,4653.0,4650.0,4652.15
25274,2024-05-14 13:07:00,4653.0,4653.0,4650.55,4651.5
25275,2024-05-14 13:08:00,4652.9,4654.45,4651.4,4651.9
25276,2024-05-14 13:09:00,4652.85,4658.1,4651.9,4658.1
25277,2024-05-14 13:10:00,4658.6,4661.95,4657.0,4657.3
25278,2024-05-14 13:11:00,4659.6,4663.45,4656.65,4662.05
25279,2024-05-14 13:12:00,4659.05,4659.05,4652.4,4654.2
25280,2024-05-14 13:13:00,4656.1,4660.0,4654.0,4656.0
25281,2024-05-14 13:14:00,4658.7,4658.95,4656.0,4657.1
25282,2024-05-14 13:15:00,4656.0,4658.15,4655.2,4655.2
25283,2024-05-14 13:16:00,4657.95,4658.0,4655.4,4655.4
25284,2024-05-14 13:17:00,4655.0,4657.45,4655.0,4655.0
25285,2024-05-14 13:18:00,4654.55,4656.2,4654.0,4655.9
25286,2024-05-14 13:19:00,4655.85,4655.9,4651.3,4651.95
25287,2024-05-14 13:20:00,4652.0,4654.75,4651.05,4651.05
25288,2024-05-14 13:21:00,4651.0,4652.6,4650.0,4650.0
25289,2024-05-14 13:22:00,4651.9,4651.9,4650.0,4650.0
25290,2024-05-14 13:23:00,4651.55,4652.0,4650.0,4651.8
25291,2024-05-14 13:24:00,4650.9,4651.9,4650.0,4650.0
25292,2024-05-14 13:25:00,4651.85,4654.4,4650.0,4653.0
25293,2024-05-14 13:26:00,4653.7,4654.95,4651.2,4651.2
25294,2024-05-14 13:27:00,4652.35,4657.8,4652.35,4654.0
25295,2024-05-14 13:28:00,4656.65,4656.65,4652.45,4654.35
25296,2024-05-14 13:29:00,4654.6,4655.1,4650.75,4655.1
25297,2024-05-14 13:30:00,4653.15,4656.55,4650.2,4650.2
25298,2024-05-14 13:31:00,4650.3,4654.15,4650.0,4653.2
25299,2024-05-14 13:32:00,4650.0,4654.95,4650.0,4654.95
25300,2024-05-14 13:33:00,4652.6,4657.0,4652.6,4654.85
25301,2024-05-14 13:34:00,4656.5,4656.95,4654.6,4655.15
25302,2024-05-14 13:35:00,4655.2,4658.95,4652.0,4653.65
25303,2024-05-14 13:36:00,4655.8,4656.15,4653.65,4653.65
25304,2024-05-14 13:37:00,4653.1,4653.3,4650.2,4653.3
25305,2024-05-14 13:38:00,4653.25,4655.05,4650.0,4655.05
25306,2024-05-14 13:39:00,4652.65,4656.8,4652.65,4656.6
25307,2024-05-14 13:40:00,4656.25,4659.0,4655.4,4658.7
25308,2024-05-14 13:41:00,4658.6,4660.0,4658.0,4659.0
25309,2024-05-14 13:42:00,4659.25,4659.25,4656.0,4656.0
25310,2024-05-14 13:43:00,4656.95,4657.95,4656.0,4656.0
25311,2024-05-14 13:44:00,4656.9,4657.0,4653.25,4654.95
25312,2024-05-14 13:45:00,4655.0,4655.65,4653.0,4655.65
25313,2024-05-14 13:46:00,4655.4,4656.0,4652.55,4652.75
25314,2024-05-14 13:47:00,4653.8,4655.85,4652.55,4653.8
25315,2024-05-14 13:48:00,4655.0,4657.7,4651.6,4656.6
25316,2024-05-14 13:49:00,4657.35,4657.35,4652.05,4652.05
25317,2024-05-14 13:50:00,4653.1,4654.85,4651.15,4653.25
25318,2024-05-14 13:51:00,4655.0,4659.2,4653.55,4658.2
25319,2024-05-14 13:52:00,4657.1,4660.0,4656.1,4659.75
25320,2024-05-14 13:53:00,4659.35,4660.1,4657.05,4657.05
25321,2024-05-14 13:54:00,4657.55,4661.9,4657.55,4659.0
25322,2024-05-14 13:55:00,4659.4,4660.0,4658.0,4658.35
25323,2024-05-14 13:56:00,4659.6,4659.6,4657.6,4657.95
25324,2024-05-14 13:57:00,4658.2,4660.0,4654.6,4654.7
25325,2024-05-14 13:58:00,4655.8,4658.35,4655.35,4657.5
25326,2024-05-14 13:59:00,4657.45,4660.0,4656.6,4657.55
25327,2024-05-14 14:00:00,4659.45,4661.1,4657.5,4658.85
25328,2024-05-14 14:01:00,4657.6,4664.95,4656.65,4662.9
25329,2024-05-14 14:02:00,4664.0,4664.5,4661.6,4664.0
25330,2024-05-14 14:03:00,4664.5,4670.05,4664.0,4665.0
25331,2024-05-14 14:04:00,4667.0,4667.4,4662.1,4662.15
25332,2024-05-14 14:05:00,4662.5,4666.05,4661.2,4663.15
25333,2024-05-14 14:06:00,4662.2,4662.2,4657.6,4659.45
25334,2024-05-14 14:07:00,4659.6,4659.6,4655.2,4655.2
25335,2024-05-14 14:08:00,4655.0,4658.65,4655.0,4656.0
25336,2024-05-14 14:09:00,4656.1,4658.6,4656.0,4658.6
25337,2024-05-14 14:10:00,4656.45,4657.45,4656.05,4656.05
25338,2024-05-14 14:11:00,4657.05,4658.25,4656.1,4658.1
25339,2024-05-14 14:12:00,4658.0,4658.65,4656.8,4656.8
25340,2024-05-14 14:13:00,4656.45,4656.5,4651.2,4651.25
25341,2024-05-14 14:14:00,4652.05,4653.1,4651.0,4651.0
25342,2024-05-14 14:15:00,4651.05,4652.6,4651.0,4652.2
25343,2024-05-14 14:16:00,4652.9,4653.0,4645.75,4647.75
25344,2024-05-14 14:17:00,4648.85,4649.95,4646.05,4646.35
25345,2024-05-14 14:18:00,4647.65,4650.6,4645.0,4648.0
25346,2024-05-14 14:19:00,4648.95,4649.15,4645.15,4648.35
25347,2024-05-14 14:20:00,4648.0,4652.95,4647.8,4650.8
25348,2024-05-14 14:21:00,4650.4,4652.3,4647.75,4650.25
25349,2024-05-14 14:22:00,4649.0,4650.95,4647.05,4647.6
25350,2024-05-14 14:23:00,4647.75,4647.75,4645.7,4646.0
25351,2024-05-14 14:24:00,4645.8,4651.5,4645.55,4651.5
25352,2024-05-14 14:25:00,4649.2,4650.4,4647.05,4648.6
25353,2024-05-14 14:26:00,4649.7,4649.7,4647.25,4647.35
25354,2024-05-14 14:27:00,4648.05,4651.0,4647.3,4649.95
25355,2024-05-14 14:28:00,4649.45,4651.85,4648.0,4648.05
25356,2024-05-14 14:29:00,4648.75,4650.95,4647.65,4648.35
25357,2024-05-14 14:30:00,4648.05,4648.1,4642.0,4643.1
25358,2024-05-14 14:31:00,4641.1,4641.1,4638.1,4638.7
25359,2024-05-14 14:32:00,4638.3,4639.3,4638.25,4638.3
25360,2024-05-14 14:33:00,4639.3,4645.15,4638.1,4639.95
25361,2024-05-14 14:34:00,4638.2,4639.9,4637.55,4638.3
25362,2024-05-14 14:35:00,4638.6,4641.1,4637.8,4639.45
25363,2024-05-14 14:36:00,4639.15,4641.65,4637.8,4637.8
25364,2024-05-14 14:37:00,4638.45,4638.45,4637.8,4637.9
25365,2024-05-14 14:38:00,4637.8,4638.55,4633.4,4634.3
25366,2024-05-14 14:39:00,4634.1,4638.55,4634.05,4637.15
25367,2024-05-14 14:40:00,4634.5,4636.55,4633.65,4635.6
25368,2024-05-14 14:41:00,4635.4,4636.8,4634.35,4634.75
25369,2024-05-14 14:42:00,4634.7,4635.7,4633.0,4633.3
25370,2024-05-14 14:43:00,4634.3,4639.5,4633.4,4634.1
25371,2024-05-14 14:44:00,4634.05,4636.2,4633.95,4634.45
25372,2024-05-14 14:45:00,4634.85,4637.0,4634.5,4636.0
25373,2024-05-14 14:46:00,4636.05,4637.0,4635.75,4635.75
25374,2024-05-14 14:47:00,4636.9,4643.55,4635.75,4639.05
25375,2024-05-14 14:48:00,4639.0,4640.85,4637.55,4639.75
25376,2024-05-14 14:49:00,4641.05,4641.55,4639.0,4641.55
25377,2024-05-14 14:50:00,4639.4,4641.15,4639.4,4640.4
25378,2024-05-14 14:51:00,4640.05,4641.35,4639.05,4639.75
25379,2024-05-14 14:52:00,4639.05,4642.6,4639.05,4642.6
25380,2024-05-14 14:53:00,4640.4,4643.35,4639.45,4643.35
25381,2024-05-14 14:54:00,4641.15,4645.7,4640.8,4645.7
25382,2024-05-14 14:55:00,4643.45,4644.6,4642.85,4643.6
25383,2024-05-14 14:56:00,4644.1,4645.75,4643.0,4643.35
25384,2024-05-14 14:57:00,4646.6,4646.8,4642.1,4642.1
25385,2024-05-14 14:58:00,4641.2,4643.75,4640.0,4643.75
25386,2024-05-14 14:59:00,4644.75,4644.75,4640.1,4641.2
25387,2024-05-14 15:00:00,4643.65,4643.65,4638.0,4638.1
25388,2024-05-14 15:01:00,4638.05,4638.05,4636.05,4636.5
25389,2024-05-14 15:02:00,4636.05,4638.35,4636.05,4636.05
25390,2024-05-14 15:03:00,4636.6,4637.35,4632.15,4632.15
25391,2024-05-14 15:04:00,4632.35,4637.55,4630.95,4634.75
25392,2024-05-14 15:05:00,4634.6,4636.9,4632.0,4636.3
25393,2024-05-14 15:06:00,4633.85,4636.95,4632.8,4634.5
25394,2024-05-14 15:07:00,4634.6,4639.0,4633.55,4639.0
25395,2024-05-14 15:08:00,4637.4,4639.0,4635.4,4636.25
25396,2024-05-14 15:09:00,4637.55,4638.3,4634.0,4637.5
25397,2024-05-14 15:10:00,4634.75,4636.95,4632.05,4634.8
25398,2024-05-14 15:11:00,4633.95,4638.0,4633.95,4634.9
25399,2024-05-14 15:12:00,4635.05,4636.9,4633.45,4635.35
25400,2024-05-14 15:13:00,4634.9,4638.0,4633.75,4634.1
25401,2024-05-14 15:14:00,4634.55,4638.15,4633.35,4633.8
25402,2024-05-14 15:15:00,4635.15,4639.3,4633.8,4635.95
25403,2024-05-14 15:16:00,4636.4,4636.4,4633.0,4633.55
25404,2024-05-14 15:17:00,4633.5,4634.0,4631.05,4631.5
25405,2024-05-14 15:18:00,4631.6,4634.45,4630.15,4631.0
25406,2024-05-14 15:19:00,4631.25,4635.95,4630.65,4633.45
25407,2024-05-14 15:20:00,4633.8,4633.8,4631.05,4631.1
25408,2024-05-14 15:21:00,4633.0,4636.5,4633.0,4634.85
25409,2024-05-14 15:22:00,4633.05,4636.45,4633.05,4634.0
25410,2024-05-14 15:23:00,4634.05,4636.7,4633.0,4635.0
25411,2024-05-14 15:24:00,4635.25,4635.25,4633.3,4633.45
25412,2024-05-14 15:25:00,4633.35,4637.95,4633.35,4636.65
25413,2024-05-14 15:26:00,4635.5,4636.7,4633.3,4635.85
25414,2024-05-14 15:27:00,4635.2,4636.7,4633.0,4633.1
25415,2024-05-14 15:28:00,4635.4,4636.7,4633.0,4635.0
25416,2024-05-14 15:29:00,4635.95,4636.7,4628.0,4636.7
25417,2024-05-15 09:14:00,4648.95,4648.95,4648.95,4648.95
25418,2024-05-15 09:15:00,4657.95,4661.9,4640.0,4640.05
25419,2024-05-15 09:16:00,4644.75,4651.65,4640.45,4646.8
25420,2024-05-15 09:17:00,4646.75,4650.0,4643.75,4646.3
25421,2024-05-15 09:18:00,4649.4,4651.9,4648.15,4650.0
25422,2024-05-15 09:19:00,4650.85,4652.5,4644.0,4650.0
25423,2024-05-15 09:20:00,4648.55,4651.65,4647.7,4651.0
25424,2024-05-15 09:21:00,4648.4,4650.85,4646.0,4649.3
25425,2024-05-15 09:22:00,4646.2,4647.35,4644.0,4644.05
25426,2024-05-15 09:23:00,4643.95,4647.5,4643.9,4647.4
25427,2024-05-15 09:24:00,4644.45,4647.3,4641.05,4643.7
25428,2024-05-15 09:25:00,4640.45,4643.7,4639.15,4643.7
25429,2024-05-15 09:26:00,4640.5,4649.95,4640.5,4645.7
25430,2024-05-15 09:27:00,4647.6,4650.0,4647.6,4650.0
25431,2024-05-15 09:28:00,4649.0,4649.95,4641.85,4641.85
25432,2024-05-15 09:29:00,4644.0,4645.85,4642.8,4645.85
25433,2024-05-15 09:30:00,4647.85,4647.85,4644.2,4646.8
25434,2024-05-15 09:31:00,4646.6,4646.6,4642.8,4644.85
25435,2024-05-15 09:32:00,4644.95,4646.85,4644.85,4645.15
25436,2024-05-15 09:33:00,4646.8,4646.8,4643.1,4645.8
25437,2024-05-15 09:34:00,4646.0,4650.0,4644.05,4650.0
25438,2024-05-15 09:35:00,4648.25,4651.9,4648.25,4651.9
25439,2024-05-15 09:36:00,4651.5,4655.0,4650.15,4655.0
25440,2024-05-15 09:37:00,4656.0,4657.25,4653.25,4654.0
25441,2024-05-15 09:38:00,4653.75,4654.4,4651.05,4653.35
25442,2024-05-15 09:39:00,4651.05,4653.0,4650.2,4652.0
25443,2024-05-15 09:40:00,4653.8,4657.2,4653.4,4656.95
25444,2024-05-15 09:41:00,4657.45,4657.45,4653.6,4655.0
25445,2024-05-15 09:42:00,4656.95,4661.0,4655.05,4661.0
25446,2024-05-15 09:43:00,4660.5,4663.5,4658.65,4663.5
25447,2024-05-15 09:44:00,4661.5,4664.4,4660.9,4664.0
25448,2024-05-15 09:45:00,4662.65,4666.0,4661.7,4664.0
25449,2024-05-15 09:46:00,4665.65,4666.0,4661.5,4665.25
25450,2024-05-15 09:47:00,4663.4,4669.8,4663.15,4669.0
25451,2024-05-15 09:48:00,4667.0,4669.0,4664.0,4665.15
25452,2024-05-15 09:49:00,4664.0,4667.0,4664.0,4666.95
25453,2024-05-15 09:50:00,4668.0,4668.0,4662.7,4667.6
25454,2024-05-15 09:51:00,4665.25,4672.0,4665.25,4672.0
25455,2024-05-15 09:52:00,4671.9,4674.15,4668.65,4672.2
25456,2024-05-15 09:53:00,4672.0,4672.4,4669.4,4670.0
25457,2024-05-15 09:54:00,4670.05,4672.75,4670.0,4670.75
25458,2024-05-15 09:55:00,4673.0,4673.8,4671.05,4673.8
25459,2024-05-15 09:56:00,4672.0,4672.25,4670.0,4671.75
25460,2024-05-15 09:57:00,4671.65,4671.65,4666.95,4669.85
25461,2024-05-15 09:58:00,4671.3,4672.0,4669.1,4670.85
25462,2024-05-15 09:59:00,4670.0,4670.0,4664.05,4664.05
25463,2024-05-15 10:00:00,4666.0,4666.0,4655.35,4656.75
25464,2024-05-15 10:01:00,4655.0,4655.55,4650.05,4653.0
25465,2024-05-15 10:02:00,4652.95,4655.1,4652.05,4655.1
25466,2024-05-15 10:03:00,4655.05,4656.0,4652.6,4656.0
25467,2024-05-15 10:04:00,4655.0,4655.05,4652.1,4652.1
25468,2024-05-15 10:05:00,4652.0,4653.8,4651.5,4653.55
25469,2024-05-15 10:06:00,4651.8,4653.55,4650.1,4650.6
25470,2024-05-15 10:07:00,4650.5,4653.0,4650.3,4652.0
25471,2024-05-15 10:08:00,4651.0,4652.95,4642.8,4645.0
25472,2024-05-15 10:09:00,4642.8,4645.0,4642.1,4642.25
25473,2024-05-15 10:10:00,4644.0,4645.7,4641.5,4644.65
25474,2024-05-15 10:11:00,4645.0,4647.75,4641.7,4647.75
25475,2024-05-15 10:12:00,4647.1,4647.2,4642.0,4644.75
25476,2024-05-15 10:13:00,4642.4,4646.85,4641.75,4646.85
25477,2024-05-15 10:14:00,4644.5,4646.9,4643.35,4644.2
25478,2024-05-15 10:15:00,4644.0,4645.3,4641.0,4641.0
25479,2024-05-15 10:16:00,4642.4,4642.4,4636.05,4636.05
25480,2024-05-15 10:17:00,4636.0,4638.75,4636.0,4638.7
25481,2024-05-15 10:18:00,4639.0,4642.8,4639.0,4642.1
25482,2024-05-15 10:19:00,4641.0,4642.3,4639.0,4641.05
25483,2024-05-15 10:20:00,4642.3,4642.8,4641.05,4642.75
25484,2024-05-15 10:21:00,4642.7,4642.75,4641.0,4642.75
25485,2024-05-15 10:22:00,4642.0,4645.4,4642.0,4644.35
25486,2024-05-15 10:23:00,4644.3,4645.3,4641.8,4645.05
25487,2024-05-15 10:24:00,4642.45,4645.0,4642.05,4644.6
25488,2024-05-15 10:25:00,4642.55,4644.6,4642.0,4643.4
25489,2024-05-15 10:26:00,4643.05,4644.35,4642.15,4644.35
25490,2024-05-15 10:27:00,4646.0,4647.8,4645.05,4647.15
25491,2024-05-15 10:28:00,4645.0,4646.7,4643.0,4644.8
25492,2024-05-15 10:29:00,4643.0,4644.8,4640.0,4640.25
25493,2024-05-15 10:30:00,4642.8,4642.85,4636.35,4636.65
25494,2024-05-15 10:31:00,4639.0,4639.0,4636.1,4637.0
25495,2024-05-15 10:32:00,4637.05,4638.95,4636.0,4636.0
25496,2024-05-15 10:33:00,4635.05,4636.0,4633.0,4635.35
25497,2024-05-15 10:34:00,4636.0,4637.95,4633.25,4636.05
25498,2024-05-15 10:35:00,4634.85,4638.75,4634.85,4637.2
25499,2024-05-15 10:36:00,4638.75,4639.0,4637.25,4637.25
25500,2024-05-15 10:37:00,4638.95,4639.2,4635.1,4635.1
25501,2024-05-15 10:38:00,4637.35,4638.9,4637.35,4638.0
25502,2024-05-15 10:39:00,4639.0,4639.0,4637.0,4637.0
25503,2024-05-15 10:40:00,4638.0,4639.0,4635.1,4635.1
25504,2024-05-15 10:41:00,4637.45,4637.45,4635.1,4636.85
25505,2024-05-15 10:42:00,4637.75,4640.85,4637.75,4640.85
25506,2024-05-15 10:43:00,4640.95,4641.4,4638.6,4639.0
25507,2024-05-15 10:44:00,4639.2,4640.9,4639.05,4639.2
25508,2024-05-15 10:45:00,4639.15,4642.45,4637.2,4642.45
25509,2024-05-15 10:46:00,4642.0,4645.0,4642.0,4645.0
25510,2024-05-15 10:47:00,4644.3,4645.0,4644.3,4645.0
25511,2024-05-15 10:48:00,4644.9,4645.0,4644.0,4644.6
25512,2024-05-15 10:49:00,4643.0,4646.3,4643.0,4646.3
25513,2024-05-15 10:50:00,4647.15,4648.15,4645.05,4647.45
25514,2024-05-15 10:51:00,4650.0,4651.35,4647.6,4648.15
25515,2024-05-15 10:52:00,4650.0,4651.95,4648.3,4651.95
25516,2024-05-15 10:53:00,4651.1,4652.0,4650.1,4651.1
25517,2024-05-15 10:54:00,4651.0,4651.0,4650.0,4650.05
25518,2024-05-15 10:55:00,4651.0,4652.0,4651.0,4651.95
25519,2024-05-15 10:56:00,4651.9,4651.9,4651.4,4651.6
25520,2024-05-15 10:57:00,4653.0,4654.85,4651.6,4651.6
25521,2024-05-15 10:58:00,4651.0,4651.3,4651.0,4651.0
25522,2024-05-15 10:59:00,4651.25,4651.25,4650.05,4651.0
25523,2024-05-15 11:00:00,4652.0,4658.85,4652.0,4655.2
25524,2024-05-15 11:01:00,4657.95,4664.0,4656.6,4663.1
25525,2024-05-15 11:02:00,4663.7,4667.95,4662.0,4665.6
25526,2024-05-15 11:03:00,4665.25,4669.35,4665.25,4667.0
25527,2024-05-15 11:04:00,4666.95,4668.8,4664.5,4668.8
25528,2024-05-15 11:05:00,4668.95,4670.0,4667.35,4667.35
25529,2024-05-15 11:06:00,4667.3,4669.45,4666.4,4666.5
25530,2024-05-15 11:07:00,4668.95,4669.0,4664.5,4664.5
25531,2024-05-15 11:08:00,4664.0,4664.25,4660.3,4663.25
25532,2024-05-15 11:09:00,4662.0,4664.4,4660.15,4660.15
25533,2024-05-15 11:10:00,4661.45,4664.25,4661.45,4664.25
25534,2024-05-15 11:11:00,4662.0,4663.45,4662.0,4663.35
25535,2024-05-15 11:12:00,4662.0,4666.7,4662.0,4665.0
25536,2024-05-15 11:13:00,4665.65,4666.7,4662.8,4664.8
25537,2024-05-15 11:14:00,4665.3,4668.95,4663.45,4664.4
25538,2024-05-15 11:15:00,4664.0,4667.55,4663.05,4667.55
25539,2024-05-15 11:16:00,4666.65,4667.95,4657.65,4658.15
25540,2024-05-15 11:17:00,4659.8,4659.8,4652.35,4653.75
25541,2024-05-15 11:18:00,4651.65,4652.45,4651.3,4652.4
25542,2024-05-15 11:19:00,4652.45,4653.5,4651.55,4653.4
25543,2024-05-15 11:20:00,4653.45,4653.5,4651.3,4652.15
25544,2024-05-15 11:21:00,4652.1,4653.5,4652.05,4653.5
25545,2024-05-15 11:22:00,4656.35,4659.2,4656.35,4657.3
25546,2024-05-15 11:23:00,4657.75,4657.75,4652.75,4653.85
25547,2024-05-15 11:24:00,4653.95,4655.75,4653.15,4654.9
25548,2024-05-15 11:25:00,4654.95,4654.95,4654.0,4654.0
25549,2024-05-15 11:26:00,4653.3,4654.5,4652.8,4654.0
25550,2024-05-15 11:27:00,4654.5,4654.95,4653.55,4654.95
25551,2024-05-15 11:28:00,4654.7,4654.85,4652.95,4652.95
25552,2024-05-15 11:29:00,4651.0,4652.4,4648.65,4650.0
25553,2024-05-15 11:30:00,4649.55,4650.1,4649.35,4650.0
25554,2024-05-15 11:31:00,4650.05,4652.9,4650.0,4650.35
25555,2024-05-15 11:32:00,4650.2,4652.4,4650.0,4651.85
25556,2024-05-15 11:33:00,4651.75,4651.75,4650.0,4650.0
25557,2024-05-15 11:34:00,4650.35,4652.35,4650.0,4652.35
25558,2024-05-15 11:35:00,4652.2,4652.2,4650.2,4650.95
25559,2024-05-15 11:36:00,4652.1,4654.3,4651.7,4652.5
25560,2024-05-15 11:37:00,4651.7,4652.5,4650.2,4651.1
25561,2024-05-15 11:38:00,4650.2,4653.15,4650.2,4653.15
25562,2024-05-15 11:39:00,4650.0,4650.6,4650.0,4650.0
25563,2024-05-15 11:40:00,4650.1,4652.85,4649.95,4652.7
25564,2024-05-15 11:41:00,4652.5,4653.35,4651.2,4652.3
25565,2024-05-15 11:42:00,4654.4,4654.85,4653.15,4654.45
25566,2024-05-15 11:43:00,4654.85,4654.95,4653.25,4654.6
25567,2024-05-15 11:44:00,4654.5,4654.5,4652.6,4652.6
25568,2024-05-15 11:45:00,4653.65,4655.0,4653.5,4655.0
25569,2024-05-15 11:46:00,4655.15,4656.65,4655.0,4656.65
25570,2024-05-15 11:47:00,4655.75,4659.0,4655.15,4655.15
25571,2024-05-15 11:48:00,4655.3,4655.7,4655.0,4655.3
25572,2024-05-15 11:49:00,4655.75,4657.3,4655.0,4657.3
25573,2024-05-15 11:50:00,4656.2,4663.0,4656.2,4663.0
25574,2024-05-15 11:51:00,4662.7,4668.8,4662.7,4665.0
25575,2024-05-15 11:52:00,4665.45,4671.1,4663.9,4671.1
25576,2024-05-15 11:53:00,4670.9,4671.95,4669.55,4669.9
25577,2024-05-15 11:54:00,4669.55,4670.55,4669.55,4670.55
25578,2024-05-15 11:55:00,4670.0,4670.5,4670.0,4670.15
25579,2024-05-15 11:56:00,4670.05,4673.0,4670.0,4672.1
25580,2024-05-15 11:57:00,4672.95,4675.95,4672.1,4673.6
25581,2024-05-15 11:58:00,4673.55,4673.55,4670.0,4670.55
25582,2024-05-15 11:59:00,4670.05,4672.0,4670.0,4671.95
25583,2024-05-15 12:00:00,4672.0,4672.0,4670.0,4670.0
25584,2024-05-15 12:01:00,4670.4,4671.25,4670.1,4670.1
25585,2024-05-15 12:02:00,4670.6,4671.5,4670.5,4671.45
25586,2024-05-15 12:03:00,4671.4,4671.5,4670.0,4670.45
25587,2024-05-15 12:04:00,4670.0,4670.45,4669.1,4669.1
25588,2024-05-15 12:05:00,4669.5,4669.8,4668.55,4669.5
25589,2024-05-15 12:06:00,4672.95,4672.95,4669.5,4669.9
25590,2024-05-15 12:07:00,4670.05,4670.45,4670.0,4670.45
25591,2024-05-15 12:08:00,4672.65,4672.65,4671.1,4671.1
25592,2024-05-15 12:09:00,4671.5,4672.9,4671.5,4672.85
25593,2024-05-15 12:10:00,4672.0,4674.7,4672.0,4672.8
25594,2024-05-15 12:11:00,4672.35,4672.35,4670.0,4670.0
25595,2024-05-15 12:12:00,4670.5,4673.7,4670.0,4670.0
25596,2024-05-15 12:13:00,4670.05,4671.0,4670.0,4670.6
25597,2024-05-15 12:14:00,4673.4,4674.0,4670.4,4670.75
25598,2024-05-15 12:15:00,4672.25,4672.25,4670.05,4670.25
25599,2024-05-15 12:16:00,4670.2,4672.0,4670.2,4671.15
25600,2024-05-15 12:17:00,4672.05,4674.95,4671.0,4673.5
25601,2024-05-15 12:18:00,4671.7,4674.8,4670.9,4674.8
25602,2024-05-15 12:19:00,4673.0,4674.2,4671.85,4671.85
25603,2024-05-15 12:20:00,4672.1,4672.1,4670.1,4671.05
25604,2024-05-15 12:21:00,4671.0,4672.8,4670.05,4670.05
25605,2024-05-15 12:22:00,4671.0,4671.0,4670.0,4670.05
25606,2024-05-15 12:23:00,4670.0,4670.05,4670.0,4670.0
25607,2024-05-15 12:24:00,4670.05,4670.05,4670.0,4670.05
25608,2024-05-15 12:25:00,4670.0,4672.5,4670.0,4672.5
25609,2024-05-15 12:26:00,4672.0,4672.5,4670.6,4672.5
25610,2024-05-15 12:27:00,4672.45,4672.85,4671.3,4672.85
25611,2024-05-15 12:28:00,4671.7,4671.7,4670.6,4670.6
25612,2024-05-15 12:29:00,4671.65,4672.55,4670.6,4672.55
25613,2024-05-15 12:30:00,4672.8,4673.0,4670.8,4673.0
25614,2024-05-15 12:31:00,4673.25,4675.0,4672.35,4674.6
25615,2024-05-15 12:32:00,4673.0,4674.5,4673.0,4673.0
25616,2024-05-15 12:33:00,4673.2,4673.2,4673.0,4673.05
25617,2024-05-15 12:34:00,4673.0,4674.55,4670.6,4671.3
25618,2024-05-15 12:35:00,4671.15,4673.0,4671.15,4671.55
25619,2024-05-15 12:36:00,4671.25,4675.0,4671.25,4672.05
25620,2024-05-15 12:37:00,4672.15,4672.15,4671.0,4671.2
25621,2024-05-15 12:38:00,4670.9,4673.0,4670.65,4673.0
25622,2024-05-15 12:39:00,4672.95,4673.0,4671.45,4672.95
25623,2024-05-15 12:40:00,4671.35,4673.75,4671.35,4672.75
25624,2024-05-15 12:41:00,4672.9,4672.9,4672.75,4672.8
25625,2024-05-15 12:42:00,4672.95,4674.2,4670.9,4674.15
25626,2024-05-15 12:43:00,4672.0,4674.0,4672.0,4673.95
25627,2024-05-15 12:44:00,4672.4,4673.95,4672.4,4673.95
25628,2024-05-15 12:45:00,4673.9,4674.0,4673.9,4673.95
25629,2024-05-15 12:46:00,4673.3,4673.9,4672.0,4672.0
25630,2024-05-15 12:47:00,4671.95,4672.0,4670.75,4670.75
25631,2024-05-15 12:48:00,4670.95,4672.65,4670.6,4670.65
25632,2024-05-15 12:49:00,4671.65,4672.75,4670.0,4670.0
25633,2024-05-15 12:50:00,4670.55,4670.55,4670.0,4670.0
25634,2024-05-15 12:51:00,4670.05,4670.05,4669.5,4670.0
25635,2024-05-15 12:52:00,4670.2,4671.0,4669.5,4671.0
25636,2024-05-15 12:53:00,4670.0,4671.0,4669.0,4669.0
25637,2024-05-15 12:54:00,4669.5,4670.0,4658.0,4658.0
25638,2024-05-15 12:55:00,4657.55,4659.45,4654.0,4654.0
25639,2024-05-15 12:56:00,4655.0,4655.7,4652.7,4652.8
25640,2024-05-15 12:57:00,4652.7,4654.55,4650.05,4650.15
25641,2024-05-15 12:58:00,4650.2,4651.25,4650.05,4650.3
25642,2024-05-15 12:59:00,4650.4,4651.95,4650.3,4651.95
25643,2024-05-15 13:00:00,4652.0,4653.3,4650.55,4650.85
25644,2024-05-15 13:01:00,4650.55,4651.9,4649.85,4649.9
25645,2024-05-15 13:02:00,4651.7,4651.7,4649.85,4650.05
25646,2024-05-15 13:03:00,4650.0,4650.05,4649.75,4650.0
25647,2024-05-15 13:04:00,4650.05,4651.65,4650.0,4651.6
25648,2024-05-15 13:05:00,4651.5,4651.6,4650.0,4650.0
25649,2024-05-15 13:06:00,4650.2,4651.35,4650.0,4650.2
25650,2024-05-15 13:07:00,4650.5,4652.0,4650.0,4650.0
25651,2024-05-15 13:08:00,4650.5,4650.55,4650.0,4650.0
25652,2024-05-15 13:09:00,4650.1,4650.35,4649.95,4649.95
25653,2024-05-15 13:10:00,4650.0,4651.55,4649.9,4650.0
25654,2024-05-15 13:11:00,4650.65,4650.65,4650.0,4650.0
25655,2024-05-15 13:12:00,4650.15,4650.15,4649.9,4649.95
25656,2024-05-15 13:13:00,4651.15,4651.7,4649.9,4650.0
25657,2024-05-15 13:14:00,4649.95,4650.2,4649.75,4650.0
25658,2024-05-15 13:15:00,4650.05,4651.0,4649.75,4650.0
25659,2024-05-15 13:16:00,4650.15,4651.95,4650.0,4650.8
25660,2024-05-15 13:17:00,4650.35,4650.35,4648.9,4649.35
25661,2024-05-15 13:18:00,4649.1,4649.6,4644.1,4644.3
25662,2024-05-15 13:19:00,4644.95,4647.4,4643.5,4645.0
25663,2024-05-15 13:20:00,4644.6,4646.3,4644.5,4645.6
25664,2024-05-15 13:21:00,4646.25,4648.45,4646.05,4646.15
25665,2024-05-15 13:22:00,4647.85,4647.85,4644.5,4644.5
25666,2024-05-15 13:23:00,4645.0,4650.05,4644.5,4650.05
25667,2024-05-15 13:24:00,4649.3,4650.5,4647.0,4650.0
25668,2024-05-15 13:25:00,4650.05,4650.1,4650.0,4650.1
25669,2024-05-15 13:26:00,4650.0,4656.9,4650.0,4656.85
25670,2024-05-15 13:27:00,4656.0,4656.8,4650.0,4650.05
25671,2024-05-15 13:28:00,4650.0,4650.15,4650.0,4650.05
25672,2024-05-15 13:29:00,4650.1,4650.1,4650.0,4650.05
25673,2024-05-15 13:30:00,4650.0,4651.15,4650.0,4650.0
25674,2024-05-15 13:31:00,4650.05,4652.4,4650.0,4650.15
25675,2024-05-15 13:32:00,4650.0,4650.9,4650.0,4650.0
25676,2024-05-15 13:33:00,4650.3,4650.3,4650.0,4650.0
25677,2024-05-15 13:34:00,4650.05,4650.8,4649.0,4649.0
25678,2024-05-15 13:35:00,4650.0,4650.3,4649.0,4650.0
25679,2024-05-15 13:36:00,4650.05,4651.0,4650.0,4650.0
25680,2024-05-15 13:37:00,4650.05,4650.05,4641.05,4643.1
25681,2024-05-15 13:38:00,4643.15,4644.75,4643.15,4644.1
25682,2024-05-15 13:39:00,4644.65,4644.65,4643.3,4644.0
25683,2024-05-15 13:40:00,4644.3,4647.15,4643.25,4644.0
25684,2024-05-15 13:41:00,4644.3,4645.95,4644.0,4644.3
25685,2024-05-15 13:42:00,4645.1,4646.75,4644.3,4644.3
25686,2024-05-15 13:43:00,4645.95,4645.95,4644.0,4644.0
25687,2024-05-15 13:44:00,4644.25,4646.9,4644.0,4644.6
25688,2024-05-15 13:45:00,4644.25,4646.35,4642.5,4642.5
25689,2024-05-15 13:46:00,4643.15,4643.15,4641.05,4641.05
25690,2024-05-15 13:47:00,4641.5,4641.8,4641.05,4641.8
25691,2024-05-15 13:48:00,4643.15,4643.15,4641.5,4643.15
25692,2024-05-15 13:49:00,4641.5,4648.2,4641.5,4646.0
25693,2024-05-15 13:50:00,4645.95,4652.1,4645.65,4650.0
25694,2024-05-15 13:51:00,4652.1,4652.1,4643.0,4645.0
25695,2024-05-15 13:52:00,4645.1,4646.7,4645.1,4646.0
25696,2024-05-15 13:53:00,4646.7,4648.6,4645.5,4648.6
25697,2024-05-15 13:54:00,4648.5,4652.5,4648.5,4650.1
25698,2024-05-15 13:55:00,4650.0,4651.95,4650.0,4650.0
25699,2024-05-15 13:56:00,4650.85,4651.95,4650.0,4651.0
25700,2024-05-15 13:57:00,4651.15,4651.15,4650.0,4650.1
25701,2024-05-15 13:58:00,4650.0,4654.0,4650.0,4650.05
25702,2024-05-15 13:59:00,4650.0,4650.45,4650.0,4650.0
25703,2024-05-15 14:00:00,4649.75,4651.0,4649.5,4650.0
25704,2024-05-15 14:01:00,4650.05,4650.05,4649.5,4649.5
25705,2024-05-15 14:02:00,4649.55,4651.05,4649.5,4650.0
25706,2024-05-15 14:03:00,4650.5,4652.75,4649.5,4649.7
25707,2024-05-15 14:04:00,4650.0,4651.15,4649.5,4650.0
25708,2024-05-15 14:05:00,4649.7,4650.0,4649.7,4650.0
25709,2024-05-15 14:06:00,4650.05,4650.9,4650.0,4650.9
25710,2024-05-15 14:07:00,4651.0,4654.45,4648.3,4648.3
25711,2024-05-15 14:08:00,4648.0,4648.3,4646.0,4647.0
25712,2024-05-15 14:09:00,4648.3,4648.3,4646.05,4648.25
25713,2024-05-15 14:10:00,4647.1,4648.3,4646.0,4646.5
25714,2024-05-15 14:11:00,4647.85,4650.0,4644.5,4644.5
25715,2024-05-15 14:12:00,4646.55,4649.15,4644.1,4649.15
25716,2024-05-15 14:13:00,4648.1,4651.0,4646.5,4650.0
25717,2024-05-15 14:14:00,4651.0,4651.0,4649.9,4650.0
25718,2024-05-15 14:15:00,4649.9,4650.0,4644.0,4645.95
25719,2024-05-15 14:16:00,4646.0,4649.95,4645.0,4645.0
25720,2024-05-15 14:17:00,4646.95,4648.2,4645.0,4646.9
25721,2024-05-15 14:18:00,4646.95,4648.35,4646.95,4648.0
25722,2024-05-15 14:19:00,4648.05,4648.1,4648.0,4648.05
25723,2024-05-15 14:20:00,4648.2,4650.0,4648.1,4648.1
25724,2024-05-15 14:21:00,4650.0,4650.95,4648.1,4650.0
25725,2024-05-15 14:22:00,4650.4,4650.85,4649.7,4649.7
25726,2024-05-15 14:23:00,4649.75,4649.95,4641.1,4642.0
25727,2024-05-15 14:24:00,4643.25,4644.3,4641.05,4641.05
25728,2024-05-15 14:25:00,4643.7,4646.2,4643.7,4645.0
25729,2024-05-15 14:26:00,4646.05,4648.3,4645.0,4648.3
25730,2024-05-15 14:27:00,4649.8,4650.05,4647.2,4649.05
25731,2024-05-15 14:28:00,4650.05,4651.2,4650.0,4650.0
25732,2024-05-15 14:29:00,4650.05,4651.2,4649.95,4650.0
25733,2024-05-15 14:30:00,4651.0,4651.0,4650.0,4650.0
25734,2024-05-15 14:31:00,4651.0,4651.0,4649.1,4649.1
25735,2024-05-15 14:32:00,4649.15,4651.05,4649.1,4649.1
25736,2024-05-15 14:33:00,4649.95,4651.8,4649.95,4651.65
25737,2024-05-15 14:34:00,4650.0,4651.6,4649.15,4650.0
25738,2024-05-15 14:35:00,4651.0,4651.0,4648.05,4650.0
25739,2024-05-15 14:36:00,4650.05,4653.2,4650.0,4650.0
25740,2024-05-15 14:37:00,4651.35,4651.35,4650.0,4650.0
25741,2024-05-15 14:38:00,4650.95,4651.35,4648.9,4650.0
25742,2024-05-15 14:39:00,4649.95,4650.0,4648.1,4650.0
25743,2024-05-15 14:40:00,4648.25,4651.1,4648.1,4650.0
25744,2024-05-15 14:41:00,4651.0,4652.0,4649.95,4650.0
25745,2024-05-15 14:42:00,4652.0,4652.0,4650.0,4651.75
25746,2024-05-15 14:43:00,4652.0,4652.0,4650.0,4650.0
25747,2024-05-15 14:44:00,4651.2,4652.0,4649.95,4650.0
25748,2024-05-15 14:45:00,4650.05,4651.0,4650.0,4651.0
25749,2024-05-15 14:46:00,4650.0,4651.0,4650.0,4650.0
25750,2024-05-15 14:47:00,4651.0,4651.0,4649.35,4649.35
25751,2024-05-15 14:48:00,4650.0,4650.0,4648.1,4649.3
25752,2024-05-15 14:49:00,4648.5,4650.0,4648.0,4648.1
25753,2024-05-15 14:50:00,4649.45,4649.45,4648.1,4648.1
25754,2024-05-15 14:51:00,4649.45,4650.0,4647.55,4648.05
25755,2024-05-15 14:52:00,4650.0,4651.0,4649.95,4650.0
25756,2024-05-15 14:53:00,4650.8,4651.0,4650.0,4650.0
25757,2024-05-15 14:54:00,4651.0,4651.0,4650.0,4650.0
25758,2024-05-15 14:55:00,4651.0,4651.75,4650.0,4651.75
25759,2024-05-15 14:56:00,4650.0,4652.45,4650.0,4652.0
25760,2024-05-15 14:57:00,4650.65,4654.85,4650.65,4651.25
25761,2024-05-15 14:58:00,4653.0,4653.0,4651.25,4652.85
25762,2024-05-15 14:59:00,4650.65,4652.75,4650.0,4650.0
25763,2024-05-15 15:00:00,4651.95,4655.0,4650.0,4653.1
25764,2024-05-15 15:01:00,4653.55,4653.55,4650.0,4650.0
25765,2024-05-15 15:02:00,4650.45,4650.45,4648.25,4650.0
25766,2024-05-15 15:03:00,4650.05,4651.75,4648.65,4650.0
25767,2024-05-15 15:04:00,4650.45,4651.35,4648.35,4650.8
25768,2024-05-15 15:05:00,4649.65,4651.3,4648.0,4648.2
25769,2024-05-15 15:06:00,4648.15,4649.95,4648.05,4649.95
25770,2024-05-15 15:07:00,4648.7,4650.0,4648.05,4648.3
25771,2024-05-15 15:08:00,4648.35,4652.0,4648.1,4649.75
25772,2024-05-15 15:09:00,4652.0,4652.0,4648.1,4648.85
25773,2024-05-15 15:10:00,4651.2,4651.2,4648.1,4650.0
25774,2024-05-15 15:11:00,4649.05,4650.0,4648.3,4649.65
25775,2024-05-15 15:12:00,4648.3,4649.75,4648.1,4648.1
25776,2024-05-15 15:13:00,4648.25,4648.25,4648.1,4648.2
25777,2024-05-15 15:14:00,4648.15,4651.1,4648.0,4648.85
25778,2024-05-15 15:15:00,4648.05,4651.15,4646.6,4649.3
25779,2024-05-15 15:16:00,4649.25,4649.95,4649.0,4649.1
25780,2024-05-15 15:17:00,4649.5,4651.25,4648.1,4649.9
25781,2024-05-15 15:18:00,4650.0,4650.0,4648.1,4648.15
25782,2024-05-15 15:19:00,4648.1,4648.4,4648.05,4648.15
25783,2024-05-15 15:20:00,4648.35,4648.4,4648.05,4648.15
25784,2024-05-15 15:21:00,4648.2,4648.55,4648.05,4648.05
25785,2024-05-15 15:22:00,4648.25,4648.55,4648.1,4648.1
25786,2024-05-15 15:23:00,4648.15,4649.25,4648.1,4649.15
25787,2024-05-15 15:24:00,4649.2,4650.0,4649.2,4649.9
25788,2024-05-15 15:25:00,4649.95,4650.0,4649.0,4649.0
25789,2024-05-15 15:26:00,4648.7,4648.7,4648.0,4648.05
25790,2024-05-15 15:27:00,4648.1,4649.0,4644.0,4644.0
25791,2024-05-15 15:28:00,4644.35,4649.0,4644.35,4646.0
25792,2024-05-15 15:29:00,4649.0,4649.0,4642.0,4648.95
25793,2024-05-16 09:14:00,4665.95,4665.95,4665.95,4665.95
25794,2024-05-16 09:15:00,4671.1,4717.25,4671.1,4708.5
25795,2024-05-16 09:16:00,4708.45,4724.6,4708.45,4723.7
25796,2024-05-16 09:17:00,4720.25,4728.8,4715.45,4721.9
25797,2024-05-16 09:18:00,4721.05,4725.15,4715.15,4719.35
25798,2024-05-16 09:19:00,4716.35,4735.85,4716.35,4734.0
25799,2024-05-16 09:20:00,4737.7,4754.0,4735.9,4740.9
25800,2024-05-16 09:21:00,4741.85,4761.05,4739.25,4754.75
25801,2024-05-16 09:22:00,4757.4,4757.4,4738.35,4740.15
25802,2024-05-16 09:23:00,4744.3,4745.0,4737.5,4742.0
25803,2024-05-16 09:24:00,4745.0,4747.2,4737.2,4742.0
25804,2024-05-16 09:25:00,4742.95,4755.65,4740.0,4752.1
25805,2024-05-16 09:26:00,4750.0,4750.0,4741.0,4750.0
25806,2024-05-16 09:27:00,4752.05,4752.05,4743.8,4748.0
25807,2024-05-16 09:28:00,4746.0,4752.0,4740.45,4749.95
25808,2024-05-16 09:29:00,4749.0,4762.0,4749.0,4760.15
25809,2024-05-16 09:30:00,4761.95,4766.3,4757.4,4763.0
25810,2024-05-16 09:31:00,4762.25,4766.65,4739.0,4740.85
25811,2024-05-16 09:32:00,4739.65,4740.35,4723.6,4730.1
25812,2024-05-16 09:33:00,4731.0,4736.65,4726.5,4736.65
25813,2024-05-16 09:34:00,4734.0,4736.0,4727.0,4730.0
25814,2024-05-16 09:35:00,4730.9,4730.9,4721.3,4722.95
25815,2024-05-16 09:36:00,4724.5,4727.1,4715.0,4722.65
25816,2024-05-16 09:37:00,4724.8,4725.95,4717.35,4723.2
25817,2024-05-16 09:38:00,4725.9,4728.95,4719.1,4719.65
25818,2024-05-16 09:39:00,4719.5,4720.05,4712.0,4715.05
25819,2024-05-16 09:40:00,4716.0,4717.2,4711.0,4713.15
25820,2024-05-16 09:41:00,4713.1,4723.65,4711.0,4720.0
25821,2024-05-16 09:42:00,4720.05,4724.15,4715.05,4721.05
25822,2024-05-16 09:43:00,4721.1,4724.0,4715.0,4715.0
25823,2024-05-16 09:44:00,4716.35,4717.3,4705.7,4705.7
25824,2024-05-16 09:45:00,4705.65,4715.0,4705.65,4710.3
25825,2024-05-16 09:46:00,4710.4,4715.0,4708.8,4712.2
25826,2024-05-16 09:47:00,4712.05,4718.3,4712.0,4714.9
25827,2024-05-16 09:48:00,4716.45,4718.0,4708.75,4715.4
25828,2024-05-16 09:49:00,4717.9,4718.3,4711.35,4713.75
25829,2024-05-16 09:50:00,4716.05,4718.0,4713.0,4718.0
25830,2024-05-16 09:51:00,4716.4,4724.0,4714.0,4718.4
25831,2024-05-16 09:52:00,4719.65,4724.1,4717.9,4721.95
25832,2024-05-16 09:53:00,4724.65,4725.2,4720.25,4722.15
25833,2024-05-16 09:54:00,4722.25,4723.95,4720.2,4720.85
25834,2024-05-16 09:55:00,4721.0,4722.3,4720.0,4720.0
25835,2024-05-16 09:56:00,4720.45,4720.45,4714.6,4716.15
25836,2024-05-16 09:57:00,4714.0,4714.0,4710.0,4710.9
25837,2024-05-16 09:58:00,4710.85,4715.35,4710.4,4713.15
25838,2024-05-16 09:59:00,4713.25,4716.85,4713.15,4715.05
25839,2024-05-16 10:00:00,4715.55,4723.4,4715.05,4720.1
25840,2024-05-16 10:01:00,4720.15,4725.0,4720.1,4723.4
25841,2024-05-16 10:02:00,4723.05,4726.05,4720.6,4724.5
25842,2024-05-16 10:03:00,4723.55,4724.9,4723.15,4723.65
25843,2024-05-16 10:04:00,4723.7,4723.7,4720.0,4720.1
25844,2024-05-16 10:05:00,4717.95,4720.15,4717.05,4718.2
25845,2024-05-16 10:06:00,4718.1,4718.3,4713.0,4713.1
25846,2024-05-16 10:07:00,4713.15,4717.85,4713.1,4717.85
25847,2024-05-16 10:08:00,4714.4,4715.9,4713.0,4713.4
25848,2024-05-16 10:09:00,4713.45,4716.95,4712.0,4712.0
25849,2024-05-16 10:10:00,4712.1,4715.25,4711.0,4711.1
25850,2024-05-16 10:11:00,4711.15,4715.7,4710.5,4712.8
25851,2024-05-16 10:12:00,4712.5,4712.95,4710.0,4712.0
25852,2024-05-16 10:13:00,4711.05,4712.95,4710.0,4710.4
25853,2024-05-16 10:14:00,4710.3,4710.3,4705.05,4706.0
25854,2024-05-16 10:15:00,4706.1,4713.9,4705.85,4713.15
25855,2024-05-16 10:16:00,4710.55,4712.0,4707.0,4707.95
25856,2024-05-16 10:17:00,4707.0,4711.9,4705.05,4709.15
25857,2024-05-16 10:18:00,4709.1,4710.35,4706.2,4707.55
25858,2024-05-16 10:19:00,4707.5,4709.95,4706.5,4706.8
25859,2024-05-16 10:20:00,4707.0,4709.0,4696.05,4696.05
25860,2024-05-16 10:21:00,4697.7,4703.05,4696.05,4697.55
25861,2024-05-16 10:22:00,4697.05,4697.55,4688.6,4689.0
25862,2024-05-16 10:23:00,4690.0,4696.45,4689.0,4692.2
25863,2024-05-16 10:24:00,4692.25,4694.95,4690.0,4691.15
25864,2024-05-16 10:25:00,4692.15,4694.85,4691.0,4691.5
25865,2024-05-16 10:26:00,4690.9,4695.5,4690.0,4690.0
25866,2024-05-16 10:27:00,4690.3,4696.0,4689.3,4695.2
25867,2024-05-16 10:28:00,4695.3,4696.0,4693.75,4695.0
25868,2024-05-16 10:29:00,4695.25,4697.0,4693.0,4695.05
25869,2024-05-16 10:30:00,4695.15,4697.6,4695.05,4696.8
25870,2024-05-16 10:31:00,4696.9,4697.75,4695.0,4697.7
25871,2024-05-16 10:32:00,4695.5,4700.0,4695.0,4700.0
25872,2024-05-16 10:33:00,4702.0,4713.15,4699.45,4711.95
25873,2024-05-16 10:34:00,4712.0,4713.0,4707.25,4709.25
25874,2024-05-16 10:35:00,4709.55,4712.7,4709.45,4710.95
25875,2024-05-16 10:36:00,4709.85,4720.0,4709.5,4720.0
25876,2024-05-16 10:37:00,4718.5,4723.85,4716.0,4720.0
25877,2024-05-16 10:38:00,4718.1,4720.05,4716.2,4716.55
25878,2024-05-16 10:39:00,4716.45,4719.35,4706.45,4706.6
25879,2024-05-16 10:40:00,4706.55,4709.05,4705.35,4707.75
25880,2024-05-16 10:41:00,4709.2,4709.2,4707.75,4708.0
25881,2024-05-16 10:42:00,4709.0,4709.0,4707.75,4708.0
25882,2024-05-16 10:43:00,4708.25,4720.0,4707.75,4716.8
25883,2024-05-16 10:44:00,4716.65,4718.65,4715.9,4716.1
25884,2024-05-16 10:45:00,4717.7,4717.7,4711.1,4712.15
25885,2024-05-16 10:46:00,4712.1,4713.05,4706.0,4706.0
25886,2024-05-16 10:47:00,4705.0,4705.0,4695.1,4695.1
25887,2024-05-16 10:48:00,4695.0,4700.2,4695.0,4697.4
25888,2024-05-16 10:49:00,4698.15,4698.15,4695.0,4695.0
25889,2024-05-16 10:50:00,4695.15,4697.9,4695.0,4696.1
25890,2024-05-16 10:51:00,4696.05,4700.6,4695.0,4700.6
25891,2024-05-16 10:52:00,4699.75,4701.7,4698.45,4699.1
25892,2024-05-16 10:53:00,4695.55,4700.35,4695.15,4697.25
25893,2024-05-16 10:54:00,4697.2,4701.45,4695.1,4698.05
25894,2024-05-16 10:55:00,4700.1,4702.35,4696.2,4698.3
25895,2024-05-16 10:56:00,4699.45,4701.6,4695.55,4697.9
25896,2024-05-16 10:57:00,4697.85,4697.85,4695.0,4697.0
25897,2024-05-16 10:58:00,4696.95,4698.65,4695.0,4696.5
25898,2024-05-16 10:59:00,4696.0,4697.95,4695.1,4695.1
25899,2024-05-16 11:00:00,4697.3,4699.95,4695.1,4697.25
25900,2024-05-16 11:01:00,4699.95,4700.0,4695.1,4695.35
25901,2024-05-16 11:02:00,4695.1,4702.2,4695.0,4697.2
25902,2024-05-16 11:03:00,4699.25,4699.3,4697.0,4698.0
25903,2024-05-16 11:04:00,4699.0,4705.0,4697.55,4705.0
25904,2024-05-16 11:05:00,4705.85,4706.0,4700.0,4700.0
25905,2024-05-16 11:06:00,4699.45,4703.45,4698.05,4702.0
25906,2024-05-16 11:07:00,4702.95,4705.6,4700.65,4701.0
25907,2024-05-16 11:08:00,4703.1,4707.55,4703.1,4706.45
25908,2024-05-16 11:09:00,4704.3,4710.0,4704.3,4707.65
25909,2024-05-16 11:10:00,4707.05,4709.8,4705.95,4706.0
25910,2024-05-16 11:11:00,4705.95,4709.7,4705.95,4708.95
25911,2024-05-16 11:12:00,4706.65,4709.95,4706.65,4708.9
25912,2024-05-16 11:13:00,4707.5,4713.95,4707.5,4710.85
25913,2024-05-16 11:14:00,4714.3,4714.3,4710.8,4710.8
25914,2024-05-16 11:15:00,4712.2,4712.2,4706.0,4706.05
25915,2024-05-16 11:16:00,4706.0,4708.1,4704.1,4705.8
25916,2024-05-16 11:17:00,4707.4,4707.9,4705.85,4707.0
25917,2024-05-16 11:18:00,4706.0,4707.45,4696.6,4698.7
25918,2024-05-16 11:19:00,4699.35,4701.2,4695.25,4698.05
25919,2024-05-16 11:20:00,4697.65,4697.75,4691.0,4692.0
25920,2024-05-16 11:21:00,4692.05,4692.05,4685.1,4686.25
25921,2024-05-16 11:22:00,4685.1,4694.3,4684.85,4693.0
25922,2024-05-16 11:23:00,4692.0,4696.0,4692.0,4696.0
25923,2024-05-16 11:24:00,4697.45,4697.45,4692.35,4694.95
25924,2024-05-16 11:25:00,4692.5,4695.85,4692.0,4692.0
25925,2024-05-16 11:26:00,4693.65,4693.65,4687.0,4687.0
25926,2024-05-16 11:27:00,4687.3,4692.15,4686.5,4690.1
25927,2024-05-16 11:28:00,4690.0,4690.35,4685.0,4688.05
25928,2024-05-16 11:29:00,4686.4,4697.4,4686.4,4695.05
25929,2024-05-16 11:30:00,4695.8,4696.45,4694.0,4696.4
25930,2024-05-16 11:31:00,4695.0,4698.9,4695.0,4698.0
25931,2024-05-16 11:32:00,4699.0,4700.0,4698.0,4700.0
25932,2024-05-16 11:33:00,4699.9,4700.0,4697.0,4698.0
25933,2024-05-16 11:34:00,4697.0,4699.0,4697.0,4698.85
25934,2024-05-16 11:35:00,4697.5,4699.9,4697.0,4699.9
25935,2024-05-16 11:36:00,4697.35,4699.9,4697.0,4697.0
25936,2024-05-16 11:37:00,4697.05,4702.0,4697.0,4702.0
25937,2024-05-16 11:38:00,4704.0,4710.05,4704.0,4710.05
25938,2024-05-16 11:39:00,4709.15,4711.0,4708.4,4710.95
25939,2024-05-16 11:40:00,4711.45,4713.25,4710.0,4712.0
25940,2024-05-16 11:41:00,4711.2,4711.5,4710.0,4711.0
25941,2024-05-16 11:42:00,4710.5,4711.55,4710.0,4711.0
25942,2024-05-16 11:43:00,4710.75,4715.1,4710.75,4714.45
25943,2024-05-16 11:44:00,4713.85,4717.85,4713.05,4716.3
25944,2024-05-16 11:45:00,4715.75,4718.45,4715.2,4716.0
25945,2024-05-16 11:46:00,4717.0,4717.0,4715.5,4716.0
25946,2024-05-16 11:47:00,4716.8,4718.0,4715.5,4715.5
25947,2024-05-16 11:48:00,4716.0,4717.0,4716.0,4716.0
25948,2024-05-16 11:49:00,4716.5,4719.0,4716.0,4718.6
25949,2024-05-16 11:50:00,4719.0,4719.35,4716.3,4716.3
25950,2024-05-16 11:51:00,4717.7,4721.0,4716.35,4721.0
25951,2024-05-16 11:52:00,4717.35,4722.0,4716.0,4717.45
25952,2024-05-16 11:53:00,4717.5,4719.95,4717.0,4717.45
25953,2024-05-16 11:54:00,4717.3,4719.25,4716.0,4716.45
25954,2024-05-16 11:55:00,4716.55,4717.65,4716.0,4716.0
25955,2024-05-16 11:56:00,4716.05,4719.1,4716.0,4718.65
25956,2024-05-16 11:57:00,4717.35,4718.7,4716.0,4716.0
25957,2024-05-16 11:58:00,4716.35,4718.0,4716.0,4717.0
25958,2024-05-16 11:59:00,4716.5,4717.0,4716.0,4716.05
25959,2024-05-16 12:00:00,4716.45,4717.0,4716.0,4716.05
25960,2024-05-16 12:01:00,4716.0,4718.0,4715.85,4717.75
25961,2024-05-16 12:02:00,4716.9,4718.25,4716.0,4716.25
25962,2024-05-16 12:03:00,4717.25,4717.95,4716.0,4716.0
25963,2024-05-16 12:04:00,4716.1,4717.3,4716.0,4716.0
25964,2024-05-16 12:05:00,4716.75,4718.0,4716.0,4716.45
25965,2024-05-16 12:06:00,4716.25,4716.25,4716.0,4716.05
25966,2024-05-16 12:07:00,4716.0,4717.8,4716.0,4717.05
25967,2024-05-16 12:08:00,4716.9,4721.5,4716.1,4720.0
25968,2024-05-16 12:09:00,4721.5,4727.0,4721.5,4726.65
25969,2024-05-16 12:10:00,4726.55,4726.65,4722.75,4725.35
25970,2024-05-16 12:11:00,4725.3,4729.5,4725.3,4727.6
25971,2024-05-16 12:12:00,4727.55,4729.0,4726.05,4726.05
25972,2024-05-16 12:13:00,4726.4,4732.15,4726.3,4732.0
25973,2024-05-16 12:14:00,4730.05,4734.0,4730.0,4732.05
25974,2024-05-16 12:15:00,4732.75,4736.0,4728.2,4731.95
25975,2024-05-16 12:16:00,4729.8,4731.8,4727.2,4731.0
25976,2024-05-16 12:17:00,4729.55,4730.3,4726.55,4728.25
25977,2024-05-16 12:18:00,4727.35,4728.2,4725.05,4725.95
25978,2024-05-16 12:19:00,4725.05,4728.0,4725.05,4727.0
25979,2024-05-16 12:20:00,4725.1,4728.0,4725.05,4727.0
25980,2024-05-16 12:21:00,4725.1,4728.2,4725.1,4728.0
25981,2024-05-16 12:22:00,4726.9,4730.0,4726.8,4727.3
25982,2024-05-16 12:23:00,4727.45,4729.65,4724.25,4727.8
25983,2024-05-16 12:24:00,4725.1,4729.8,4725.1,4729.8
25984,2024-05-16 12:25:00,4727.2,4729.5,4727.2,4728.5
25985,2024-05-16 12:26:00,4729.35,4729.4,4725.0,4726.75
25986,2024-05-16 12:27:00,4725.05,4728.0,4714.0,4720.0
25987,2024-05-16 12:28:00,4719.0,4721.3,4713.85,4717.4
25988,2024-05-16 12:29:00,4715.35,4718.3,4713.1,4715.0
25989,2024-05-16 12:30:00,4715.05,4718.1,4715.05,4717.85
25990,2024-05-16 12:31:00,4717.8,4723.9,4716.5,4720.35
25991,2024-05-16 12:32:00,4722.95,4723.6,4714.75,4717.55
25992,2024-05-16 12:33:00,4715.45,4722.95,4715.45,4715.5
25993,2024-05-16 12:34:00,4715.55,4720.0,4715.5,4717.3
25994,2024-05-16 12:35:00,4717.4,4720.1,4717.4,4720.1
25995,2024-05-16 12:36:00,4720.15,4721.25,4715.6,4716.7
25996,2024-05-16 12:37:00,4716.75,4718.75,4710.4,4713.1
25997,2024-05-16 12:38:00,4710.8,4711.0,4707.0,4707.0
25998,2024-05-16 12:39:00,4707.05,4709.15,4705.0,4705.05
25999,2024-05-16 12:40:00,4705.7,4711.45,4705.15,4709.95
26000,2024-05-16 12:41:00,4710.0,4710.0,4707.0,4708.95
26001,2024-05-16 12:42:00,4707.65,4710.0,4707.65,4709.0
26002,2024-05-16 12:43:00,4709.95,4716.2,4709.0,4714.55
26003,2024-05-16 12:44:00,4712.05,4717.6,4712.05,4715.0
26004,2024-05-16 12:45:00,4712.8,4714.95,4710.0,4713.9
26005,2024-05-16 12:46:00,4711.85,4713.4,4710.0,4710.0
26006,2024-05-16 12:47:00,4710.05,4713.7,4710.05,4710.1
26007,2024-05-16 12:48:00,4710.2,4715.0,4710.2,4715.0
26008,2024-05-16 12:49:00,4715.05,4716.15,4714.0,4714.0
26009,2024-05-16 12:50:00,4714.05,4716.0,4714.0,4715.85
26010,2024-05-16 12:51:00,4714.05,4715.85,4714.0,4715.0
26011,2024-05-16 12:52:00,4714.0,4717.15,4714.0,4714.0
26012,2024-05-16 12:53:00,4714.1,4716.2,4714.1,4715.85
26013,2024-05-16 12:54:00,4715.8,4715.85,4714.5,4715.0
26014,2024-05-16 12:55:00,4714.6,4718.3,4714.05,4716.9
26015,2024-05-16 12:56:00,4715.8,4718.3,4715.0,4715.05
26016,2024-05-16 12:57:00,4717.9,4717.9,4714.0,4714.05
26017,2024-05-16 12:58:00,4714.1,4717.45,4714.0,4714.0
26018,2024-05-16 12:59:00,4714.05,4714.05,4701.1,4702.65
26019,2024-05-16 13:00:00,4702.7,4708.1,4700.2,4708.0
26020,2024-05-16 13:01:00,4707.0,4708.0,4705.85,4708.0
26021,2024-05-16 13:02:00,4706.7,4711.0,4706.7,4711.0
26022,2024-05-16 13:03:00,4709.05,4711.0,4706.85,4708.8
26023,2024-05-16 13:04:00,4708.05,4711.0,4706.35,4708.1
26024,2024-05-16 13:05:00,4706.75,4708.15,4706.0,4707.15
26025,2024-05-16 13:06:00,4707.2,4714.95,4707.2,4714.0
26026,2024-05-16 13:07:00,4712.45,4714.95,4712.2,4712.5
26027,2024-05-16 13:08:00,4712.55,4714.5,4711.35,4713.25
26028,2024-05-16 13:09:00,4712.35,4714.2,4711.75,4713.5
26029,2024-05-16 13:10:00,4711.8,4714.2,4711.8,4713.1
26030,2024-05-16 13:11:00,4713.15,4714.2,4713.05,4713.05
26031,2024-05-16 13:12:00,4713.9,4713.9,4712.5,4713.9
26032,2024-05-16 13:13:00,4713.75,4713.75,4710.15,4711.0
26033,2024-05-16 13:14:00,4710.25,4711.0,4710.0,4710.65
26034,2024-05-16 13:15:00,4709.3,4713.2,4707.5,4713.2
26035,2024-05-16 13:16:00,4712.6,4714.15,4712.0,4712.0
26036,2024-05-16 13:17:00,4712.05,4713.15,4712.0,4712.0
26037,2024-05-16 13:18:00,4712.05,4714.0,4712.0,4712.5
26038,2024-05-16 13:19:00,4712.55,4714.2,4712.0,4712.0
26039,2024-05-16 13:20:00,4712.05,4714.6,4711.4,4714.6
26040,2024-05-16 13:21:00,4713.15,4715.0,4712.0,4713.7
26041,2024-05-16 13:22:00,4712.05,4715.4,4712.05,4713.0
26042,2024-05-16 13:23:00,4714.5,4715.5,4709.9,4713.5
26043,2024-05-16 13:24:00,4712.15,4714.9,4712.0,4712.75
26044,2024-05-16 13:25:00,4712.05,4713.0,4707.05,4712.0
26045,2024-05-16 13:26:00,4712.1,4713.05,4700.7,4703.25
26046,2024-05-16 13:27:00,4701.65,4704.4,4698.75,4699.55
26047,2024-05-16 13:28:00,4701.25,4709.45,4699.0,4703.1
26048,2024-05-16 13:29:00,4703.75,4707.35,4701.1,4704.7
26049,2024-05-16 13:30:00,4702.55,4703.95,4699.0,4702.5
26050,2024-05-16 13:31:00,4701.35,4709.0,4701.35,4708.5
26051,2024-05-16 13:32:00,4708.0,4709.0,4708.0,4708.9
26052,2024-05-16 13:33:00,4708.35,4713.0,4708.35,4712.4
26053,2024-05-16 13:34:00,4711.0,4712.0,4708.05,4709.6
26054,2024-05-16 13:35:00,4708.05,4709.6,4708.0,4708.0
26055,2024-05-16 13:36:00,4708.05,4708.65,4700.0,4704.6
26056,2024-05-16 13:37:00,4703.7,4706.75,4702.8,4706.75
26057,2024-05-16 13:38:00,4704.55,4708.0,4704.55,4707.75
26058,2024-05-16 13:39:00,4705.45,4707.25,4701.8,4707.15
26059,2024-05-16 13:40:00,4705.0,4709.95,4705.0,4707.1
26060,2024-05-16 13:41:00,4709.25,4714.0,4707.1,4712.45
26061,2024-05-16 13:42:00,4710.4,4712.45,4707.55,4708.55
26062,2024-05-16 13:43:00,4708.65,4713.95,4708.05,4712.45
26063,2024-05-16 13:44:00,4711.7,4715.0,4708.0,4711.8
26064,2024-05-16 13:45:00,4709.75,4712.45,4708.0,4709.4
26065,2024-05-16 13:46:00,4708.05,4712.05,4707.75,4710.15
26066,2024-05-16 13:47:00,4708.05,4710.1,4707.15,4707.15
26067,2024-05-16 13:48:00,4704.95,4709.0,4700.45,4708.0
26068,2024-05-16 13:49:00,4708.9,4714.0,4708.0,4710.95
26069,2024-05-16 13:50:00,4713.0,4714.1,4709.55,4714.0
26070,2024-05-16 13:51:00,4712.05,4714.0,4708.4,4713.2
26071,2024-05-16 13:52:00,4713.65,4717.0,4710.85,4716.9
26072,2024-05-16 13:53:00,4717.0,4718.0,4714.6,4718.0
26073,2024-05-16 13:54:00,4715.95,4718.25,4710.4,4716.1
26074,2024-05-16 13:55:00,4716.25,4717.5,4713.0,4715.9
26075,2024-05-16 13:56:00,4716.0,4719.95,4715.9,4719.9
26076,2024-05-16 13:57:00,4721.0,4725.0,4718.85,4724.05
26077,2024-05-16 13:58:00,4722.6,4723.95,4716.0,4721.9
26078,2024-05-16 13:59:00,4721.95,4723.65,4720.0,4722.05
26079,2024-05-16 14:00:00,4722.0,4723.85,4720.0,4723.85
26080,2024-05-16 14:01:00,4723.8,4724.5,4721.6,4724.5
26081,2024-05-16 14:02:00,4724.45,4728.8,4721.5,4728.8
26082,2024-05-16 14:03:00,4728.9,4729.9,4724.95,4728.3
26083,2024-05-16 14:04:00,4728.25,4729.0,4726.3,4728.45
26084,2024-05-16 14:05:00,4727.4,4728.45,4720.0,4720.0
26085,2024-05-16 14:06:00,4720.05,4723.9,4720.0,4721.0
26086,2024-05-16 14:07:00,4721.5,4723.55,4720.0,4722.5
26087,2024-05-16 14:08:00,4721.75,4723.0,4720.75,4722.35
26088,2024-05-16 14:09:00,4721.6,4722.6,4720.0,4721.0
26089,2024-05-16 14:10:00,4720.0,4721.0,4720.0,4720.0
26090,2024-05-16 14:11:00,4721.0,4721.0,4715.0,4715.55
26091,2024-05-16 14:12:00,4717.5,4717.85,4710.1,4712.75
26092,2024-05-16 14:13:00,4711.55,4713.35,4704.0,4706.0
26093,2024-05-16 14:14:00,4707.2,4714.95,4704.4,4713.15
26094,2024-05-16 14:15:00,4712.7,4717.0,4711.2,4716.85
26095,2024-05-16 14:16:00,4715.6,4720.05,4714.05,4719.25
26096,2024-05-16 14:17:00,4719.45,4721.95,4718.5,4721.95
26097,2024-05-16 14:18:00,4722.0,4723.0,4717.4,4720.0
26098,2024-05-16 14:19:00,4720.4,4723.2,4718.55,4722.75
26099,2024-05-16 14:20:00,4722.55,4722.65,4720.0,4721.0
26100,2024-05-16 14:21:00,4720.55,4723.9,4720.0,4723.8
26101,2024-05-16 14:22:00,4723.85,4726.8,4722.55,4726.75
26102,2024-05-16 14:23:00,4726.4,4727.9,4722.55,4723.7
26103,2024-05-16 14:24:00,4723.4,4728.0,4723.4,4727.1
26104,2024-05-16 14:25:00,4727.0,4727.55,4723.95,4726.0
26105,2024-05-16 14:26:00,4725.3,4728.0,4723.9,4727.85
26106,2024-05-16 14:27:00,4728.0,4728.0,4725.9,4728.0
26107,2024-05-16 14:28:00,4726.25,4728.0,4725.05,4727.1
26108,2024-05-16 14:29:00,4725.25,4727.15,4725.0,4726.95
26109,2024-05-16 14:30:00,4727.1,4727.1,4725.0,4727.1
26110,2024-05-16 14:31:00,4727.05,4732.0,4725.45,4732.0
26111,2024-05-16 14:32:00,4731.7,4732.0,4725.0,4729.95
26112,2024-05-16 14:33:00,4730.15,4738.8,4730.0,4735.25
26113,2024-05-16 14:34:00,4734.65,4736.25,4729.2,4733.0
26114,2024-05-16 14:35:00,4731.4,4734.9,4729.55,4733.3
26115,2024-05-16 14:36:00,4732.6,4733.85,4727.0,4730.85
26116,2024-05-16 14:37:00,4731.55,4737.95,4731.0,4736.7
26117,2024-05-16 14:38:00,4736.65,4738.8,4735.1,4738.05
26118,2024-05-16 14:39:00,4738.7,4740.0,4735.4,4740.0
26119,2024-05-16 14:40:00,4739.95,4744.8,4739.95,4743.8
26120,2024-05-16 14:41:00,4743.95,4744.75,4740.0,4742.9
26121,2024-05-16 14:42:00,4742.0,4743.75,4740.0,4742.0
26122,2024-05-16 14:43:00,4740.0,4744.0,4739.05,4744.0
26123,2024-05-16 14:44:00,4744.5,4748.0,4741.55,4746.2
26124,2024-05-16 14:45:00,4745.05,4750.0,4743.45,4750.0
26125,2024-05-16 14:46:00,4749.5,4750.0,4744.5,4745.0
26126,2024-05-16 14:47:00,4744.9,4750.95,4741.65,4749.75
26127,2024-05-16 14:48:00,4749.7,4749.7,4742.7,4747.9
26128,2024-05-16 14:49:00,4747.95,4749.25,4745.55,4749.15
26129,2024-05-16 14:50:00,4748.9,4753.65,4745.05,4752.95
26130,2024-05-16 14:51:00,4752.15,4754.0,4746.35,4754.0
26131,2024-05-16 14:52:00,4752.45,4763.0,4752.2,4762.0
26132,2024-05-16 14:53:00,4760.0,4763.9,4757.05,4762.45
26133,2024-05-16 14:54:00,4762.0,4762.7,4756.5,4760.25
26134,2024-05-16 14:55:00,4758.5,4760.2,4752.25,4758.9
26135,2024-05-16 14:56:00,4758.95,4760.7,4756.0,4759.7
26136,2024-05-16 14:57:00,4758.7,4760.0,4753.25,4754.55
26137,2024-05-16 14:58:00,4756.5,4761.95,4755.55,4759.05
26138,2024-05-16 14:59:00,4761.0,4761.95,4758.0,4760.0
26139,2024-05-16 15:00:00,4760.95,4762.95,4760.0,4761.8
26140,2024-05-16 15:01:00,4761.9,4764.95,4760.2,4764.35
26141,2024-05-16 15:02:00,4764.95,4766.85,4760.05,4766.85
26142,2024-05-16 15:03:00,4767.0,4769.65,4762.75,4765.85
26143,2024-05-16 15:04:00,4764.95,4768.7,4764.45,4765.9
26144,2024-05-16 15:05:00,4766.8,4767.1,4760.0,4760.35
26145,2024-05-16 15:06:00,4760.0,4767.95,4758.85,4767.7
26146,2024-05-16 15:07:00,4766.7,4767.95,4763.0,4764.55
26147,2024-05-16 15:08:00,4764.5,4766.0,4762.0,4764.9
26148,2024-05-16 15:09:00,4765.05,4766.8,4760.5,4765.0
26149,2024-05-16 15:10:00,4764.85,4765.6,4760.1,4765.6
26150,2024-05-16 15:11:00,4765.65,4771.0,4765.65,4771.0
26151,2024-05-16 15:12:00,4772.0,4777.7,4770.0,4776.95
26152,2024-05-16 15:13:00,4777.75,4782.0,4776.0,4781.5
26153,2024-05-16 15:14:00,4781.95,4784.75,4775.05,4783.95
26154,2024-05-16 15:15:00,4783.9,4785.75,4778.3,4782.55
26155,2024-05-16 15:16:00,4783.0,4785.0,4781.0,4781.0
26156,2024-05-16 15:17:00,4781.4,4781.4,4775.65,4778.5
26157,2024-05-16 15:18:00,4779.3,4779.95,4771.0,4771.0
26158,2024-05-16 15:19:00,4772.5,4773.45,4763.5,4763.8
26159,2024-05-16 15:20:00,4762.35,4766.65,4761.95,4765.15
26160,2024-05-16 15:21:00,4766.0,4768.3,4764.8,4766.15
26161,2024-05-16 15:22:00,4766.9,4769.9,4766.0,4767.0
26162,2024-05-16 15:23:00,4766.9,4769.9,4765.55,4766.0
26163,2024-05-16 15:24:00,4765.85,4769.9,4763.9,4768.95
26164,2024-05-16 15:25:00,4769.5,4770.0,4764.6,4765.0
26165,2024-05-16 15:26:00,4766.9,4766.9,4760.5,4761.5
26166,2024-05-16 15:27:00,4761.8,4762.0,4756.1,4761.9
26167,2024-05-16 15:28:00,4762.0,4764.95,4760.1,4760.6
26168,2024-05-16 15:29:00,4760.15,4769.0,4760.15,4767.1
26169,2024-05-17 09:14:00,4785.0,4785.0,4785.0,4785.0
26170,2024-05-17 09:15:00,4790.0,4790.0,4777.35,4789.0
26171,2024-05-17 09:16:00,4784.1,4788.95,4772.9,4775.0
26172,2024-05-17 09:17:00,4775.15,4780.65,4775.0,4775.0
26173,2024-05-17 09:18:00,4775.05,4778.4,4765.15,4765.15
26174,2024-05-17 09:19:00,4767.2,4778.5,4765.1,4774.15
26175,2024-05-17 09:20:00,4777.35,4778.0,4770.9,4777.95
26176,2024-05-17 09:21:00,4779.0,4779.9,4775.3,4776.0
26177,2024-05-17 09:22:00,4778.15,4778.15,4759.1,4766.4
26178,2024-05-17 09:23:00,4765.5,4775.0,4765.5,4772.7
26179,2024-05-17 09:24:00,4769.15,4774.45,4766.4,4772.95
26180,2024-05-17 09:25:00,4771.3,4774.1,4761.4,4772.65
26181,2024-05-17 09:26:00,4769.2,4774.35,4769.2,4773.5
26182,2024-05-17 09:27:00,4771.75,4774.5,4762.15,4765.6
26183,2024-05-17 09:28:00,4765.0,4767.9,4762.0,4767.0
26184,2024-05-17 09:29:00,4768.0,4770.2,4765.4,4770.0
26185,2024-05-17 09:30:00,4769.0,4774.0,4767.3,4770.65
26186,2024-05-17 09:31:00,4771.05,4774.9,4768.75,4773.95
26187,2024-05-17 09:32:00,4774.5,4774.5,4769.1,4773.5
26188,2024-05-17 09:33:00,4771.5,4774.15,4763.65,4764.7
26189,2024-05-17 09:34:00,4763.25,4768.15,4762.0,4762.1
26190,2024-05-17 09:35:00,4764.25,4767.45,4762.2,4766.05
26191,2024-05-17 09:36:00,4764.8,4766.4,4762.0,4766.1
26192,2024-05-17 09:37:00,4763.3,4766.4,4763.1,4766.0
26193,2024-05-17 09:38:00,4765.0,4766.4,4764.0,4765.5
26194,2024-05-17 09:39:00,4764.0,4764.5,4755.95,4757.25
26195,2024-05-17 09:40:00,4759.7,4759.75,4756.9,4758.1
26196,2024-05-17 09:41:00,4759.75,4765.4,4758.1,4763.3
26197,2024-05-17 09:42:00,4761.8,4763.15,4758.9,4760.9
26198,2024-05-17 09:43:00,4760.2,4760.25,4757.75,4758.0
26199,2024-05-17 09:44:00,4757.75,4757.75,4755.15,4756.0
26200,2024-05-17 09:45:00,4757.0,4757.75,4752.0,4752.0
26201,2024-05-17 09:46:00,4751.15,4752.85,4751.0,4752.75
26202,2024-05-17 09:47:00,4751.0,4753.1,4746.1,4746.4
26203,2024-05-17 09:48:00,4746.5,4749.7,4745.0,4745.5
26204,2024-05-17 09:49:00,4746.0,4747.95,4742.0,4744.0
26205,2024-05-17 09:50:00,4744.45,4745.75,4742.6,4743.4
26206,2024-05-17 09:51:00,4744.75,4745.45,4740.0,4740.0
26207,2024-05-17 09:52:00,4740.85,4746.0,4740.2,4743.7
26208,2024-05-17 09:53:00,4745.7,4749.9,4740.75,4749.9
26209,2024-05-17 09:54:00,4749.0,4756.45,4749.0,4754.05
26210,2024-05-17 09:55:00,4753.0,4756.0,4751.25,4753.0
26211,2024-05-17 09:56:00,4754.0,4754.65,4751.5,4751.5
26212,2024-05-17 09:57:00,4753.45,4754.05,4751.5,4753.75
26213,2024-05-17 09:58:00,4753.8,4754.05,4751.5,4754.05
26214,2024-05-17 09:59:00,4752.1,4754.0,4751.0,4751.0
26215,2024-05-17 10:00:00,4753.8,4753.8,4750.7,4750.7
26216,2024-05-17 10:01:00,4750.15,4753.45,4750.0,4750.0
26217,2024-05-17 10:02:00,4751.6,4751.65,4745.0,4745.0
26218,2024-05-17 10:03:00,4743.3,4748.05,4743.3,4746.1
26219,2024-05-17 10:04:00,4746.4,4750.0,4746.4,4749.0
26220,2024-05-17 10:05:00,4748.0,4754.05,4748.0,4748.85
26221,2024-05-17 10:06:00,4748.95,4751.9,4747.0,4749.45
26222,2024-05-17 10:07:00,4747.0,4748.9,4741.85,4741.85
26223,2024-05-17 10:08:00,4743.25,4747.1,4738.1,4738.1
26224,2024-05-17 10:09:00,4740.15,4746.25,4739.05,4746.25
26225,2024-05-17 10:10:00,4742.0,4744.4,4740.05,4742.3
26226,2024-05-17 10:11:00,4740.15,4741.4,4734.0,4736.9
26227,2024-05-17 10:12:00,4736.95,4737.55,4733.5,4735.05
26228,2024-05-17 10:13:00,4733.75,4743.7,4733.45,4737.8
26229,2024-05-17 10:14:00,4736.15,4742.95,4736.15,4739.65
26230,2024-05-17 10:15:00,4738.0,4739.0,4735.95,4736.75
26231,2024-05-17 10:16:00,4737.15,4738.65,4736.0,4736.15
26232,2024-05-17 10:17:00,4738.2,4738.95,4735.05,4738.1
26233,2024-05-17 10:18:00,4738.2,4738.2,4735.05,4735.75
26234,2024-05-17 10:19:00,4735.0,4742.0,4735.0,4740.35
26235,2024-05-17 10:20:00,4740.3,4740.3,4735.3,4735.3
26236,2024-05-17 10:21:00,4737.7,4738.1,4735.05,4735.6
26237,2024-05-17 10:22:00,4735.3,4737.8,4732.8,4732.8
26238,2024-05-17 10:23:00,4732.05,4734.95,4731.0,4734.55
26239,2024-05-17 10:24:00,4735.2,4738.3,4733.8,4734.05
26240,2024-05-17 10:25:00,4734.35,4736.95,4732.55,4736.0
26241,2024-05-17 10:26:00,4735.55,4737.95,4733.0,4735.35
26242,2024-05-17 10:27:00,4735.05,4735.05,4731.5,4733.8
26243,2024-05-17 10:28:00,4734.8,4735.4,4731.4,4731.95
26244,2024-05-17 10:29:00,4734.65,4734.65,4730.1,4731.15
26245,2024-05-17 10:30:00,4733.35,4734.35,4731.05,4732.15
26246,2024-05-17 10:31:00,4732.0,4736.35,4732.0,4733.65
26247,2024-05-17 10:32:00,4736.5,4737.0,4733.3,4733.6
26248,2024-05-17 10:33:00,4735.05,4738.0,4734.0,4737.1
26249,2024-05-17 10:34:00,4735.05,4737.4,4735.0,4736.9
26250,2024-05-17 10:35:00,4736.55,4736.55,4734.1,4735.2
26251,2024-05-17 10:36:00,4736.95,4738.0,4735.8,4736.3
26252,2024-05-17 10:37:00,4736.0,4741.9,4735.15,4741.9
26253,2024-05-17 10:38:00,4741.95,4749.0,4740.05,4749.0
26254,2024-05-17 10:39:00,4745.35,4749.0,4743.1,4743.75
26255,2024-05-17 10:40:00,4743.5,4745.95,4743.5,4745.0
26256,2024-05-17 10:41:00,4743.65,4748.65,4743.65,4745.25
26257,2024-05-17 10:42:00,4741.95,4745.2,4741.5,4741.5
26258,2024-05-17 10:43:00,4741.6,4746.0,4741.5,4746.0
26259,2024-05-17 10:44:00,4744.95,4746.0,4744.95,4745.0
26260,2024-05-17 10:45:00,4745.1,4747.8,4745.0,4745.0
26261,2024-05-17 10:46:00,4746.5,4753.7,4744.95,4753.7
26262,2024-05-17 10:47:00,4753.85,4754.0,4750.0,4751.5
26263,2024-05-17 10:48:00,4750.0,4752.0,4750.0,4750.0
26264,2024-05-17 10:49:00,4751.95,4751.95,4749.55,4751.6
26265,2024-05-17 10:50:00,4750.05,4751.9,4750.0,4750.0
26266,2024-05-17 10:51:00,4752.45,4752.45,4749.5,4750.0
26267,2024-05-17 10:52:00,4751.95,4752.45,4750.0,4750.0
26268,2024-05-17 10:53:00,4751.5,4753.45,4750.0,4750.0
26269,2024-05-17 10:54:00,4750.15,4752.0,4750.0,4750.9
26270,2024-05-17 10:55:00,4752.0,4752.7,4751.0,4751.4
26271,2024-05-17 10:56:00,4752.8,4753.75,4752.0,4752.9
26272,2024-05-17 10:57:00,4753.9,4755.0,4752.9,4752.9
26273,2024-05-17 10:58:00,4753.0,4754.9,4753.0,4753.0
26274,2024-05-17 10:59:00,4752.9,4754.75,4752.9,4753.0
26275,2024-05-17 11:00:00,4755.0,4755.0,4750.0,4752.55
26276,2024-05-17 11:01:00,4753.45,4755.8,4751.9,4751.9
26277,2024-05-17 11:02:00,4754.75,4755.85,4751.9,4755.85
26278,2024-05-17 11:03:00,4753.3,4755.8,4750.3,4753.05
26279,2024-05-17 11:04:00,4754.0,4754.0,4750.0,4750.0
26280,2024-05-17 11:05:00,4752.25,4752.25,4749.5,4751.85
26281,2024-05-17 11:06:00,4749.55,4752.15,4749.0,4749.5
26282,2024-05-17 11:07:00,4752.0,4753.45,4749.6,4753.0
26283,2024-05-17 11:08:00,4750.75,4753.0,4750.0,4751.05
26284,2024-05-17 11:09:00,4751.0,4752.9,4749.6,4750.6
26285,2024-05-17 11:10:00,4749.6,4753.65,4749.6,4752.1
26286,2024-05-17 11:11:00,4750.2,4754.0,4750.2,4751.0
26287,2024-05-17 11:12:00,4753.4,4754.9,4751.05,4752.3
26288,2024-05-17 11:13:00,4752.35,4754.35,4750.0,4750.0
26289,2024-05-17 11:14:00,4750.45,4753.4,4750.0,4751.2
26290,2024-05-17 11:15:00,4753.55,4753.55,4748.0,4748.0
26291,2024-05-17 11:16:00,4749.1,4750.9,4748.5,4750.9
26292,2024-05-17 11:17:00,4750.1,4752.25,4748.85,4752.0
26293,2024-05-17 11:18:00,4750.0,4753.0,4749.0,4753.0
26294,2024-05-17 11:19:00,4754.0,4754.45,4751.25,4752.05
26295,2024-05-17 11:20:00,4751.35,4755.0,4751.35,4755.0
26296,2024-05-17 11:21:00,4754.9,4755.5,4754.0,4754.95
26297,2024-05-17 11:22:00,4756.6,4756.6,4752.5,4754.0
26298,2024-05-17 11:23:00,4752.5,4753.55,4751.0,4751.0
26299,2024-05-17 11:24:00,4750.0,4751.8,4735.0,4735.0
26300,2024-05-17 11:25:00,4736.2,4737.65,4730.1,4733.65
26301,2024-05-17 11:26:00,4734.0,4734.0,4728.5,4728.5
26302,2024-05-17 11:27:00,4727.35,4731.25,4726.0,4731.2
26303,2024-05-17 11:28:00,4733.0,4737.6,4733.0,4735.5
26304,2024-05-17 11:29:00,4735.85,4737.35,4731.1,4733.05
26305,2024-05-17 11:30:00,4733.95,4734.35,4732.35,4733.0
26306,2024-05-17 11:31:00,4733.65,4733.8,4733.0,4733.6
26307,2024-05-17 11:32:00,4734.45,4734.45,4733.0,4733.2
26308,2024-05-17 11:33:00,4733.75,4734.45,4728.0,4729.45
26309,2024-05-17 11:34:00,4729.95,4729.95,4725.1,4725.15
26310,2024-05-17 11:35:00,4727.05,4727.05,4725.0,4725.3
26311,2024-05-17 11:36:00,4728.1,4731.7,4728.0,4728.15
26312,2024-05-17 11:37:00,4729.7,4730.0,4728.0,4729.7
26313,2024-05-17 11:38:00,4728.25,4730.0,4727.7,4729.3
26314,2024-05-17 11:39:00,4729.05,4732.65,4729.05,4731.0
26315,2024-05-17 11:40:00,4731.8,4739.0,4731.55,4737.05
26316,2024-05-17 11:41:00,4737.45,4739.6,4736.55,4738.9
26317,2024-05-17 11:42:00,4739.9,4741.6,4737.75,4739.6
26318,2024-05-17 11:43:00,4740.0,4741.85,4738.1,4740.6
26319,2024-05-17 11:44:00,4742.25,4744.7,4742.25,4743.0
26320,2024-05-17 11:45:00,4745.05,4745.05,4743.0,4744.0
26321,2024-05-17 11:46:00,4744.7,4744.7,4743.25,4744.0
26322,2024-05-17 11:47:00,4743.25,4747.0,4743.25,4744.6
26323,2024-05-17 11:48:00,4744.4,4746.3,4743.0,4745.0
26324,2024-05-17 11:49:00,4744.1,4745.55,4743.15,4745.0
26325,2024-05-17 11:50:00,4745.35,4745.5,4743.0,4744.0
26326,2024-05-17 11:51:00,4743.95,4745.5,4743.05,4745.25
26327,2024-05-17 11:52:00,4744.35,4745.25,4743.55,4744.75
26328,2024-05-17 11:53:00,4744.2,4745.1,4743.0,4743.2
26329,2024-05-17 11:54:00,4743.1,4745.1,4743.0,4744.0
26330,2024-05-17 11:55:00,4744.1,4745.2,4744.1,4744.85
26331,2024-05-17 11:56:00,4745.0,4745.0,4743.0,4745.0
26332,2024-05-17 11:57:00,4743.1,4745.0,4742.95,4743.0
26333,2024-05-17 11:58:00,4743.1,4744.3,4741.45,4743.85
26334,2024-05-17 11:59:00,4742.5,4743.85,4740.0,4743.25
26335,2024-05-17 12:00:00,4741.45,4743.3,4740.05,4741.1
26336,2024-05-17 12:01:00,4741.15,4743.3,4741.0,4741.0
26337,2024-05-17 12:02:00,4740.95,4741.0,4740.0,4741.0
26338,2024-05-17 12:03:00,4740.5,4740.5,4737.75,4738.1
26339,2024-05-17 12:04:00,4740.25,4740.5,4738.25,4739.3
26340,2024-05-17 12:05:00,4738.25,4739.3,4736.55,4737.3
26341,2024-05-17 12:06:00,4739.55,4743.6,4737.0,4743.5
26342,2024-05-17 12:07:00,4741.0,4743.55,4740.1,4742.95
26343,2024-05-17 12:08:00,4742.0,4742.3,4738.55,4742.25
26344,2024-05-17 12:09:00,4742.1,4742.1,4740.1,4741.65
26345,2024-05-17 12:10:00,4739.95,4743.4,4739.95,4741.95
26346,2024-05-17 12:11:00,4742.8,4742.9,4739.95,4740.0
26347,2024-05-17 12:12:00,4739.95,4743.4,4738.5,4743.4
26348,2024-05-17 12:13:00,4740.95,4744.0,4740.95,4742.1
26349,2024-05-17 12:14:00,4741.9,4744.6,4738.5,4744.55
26350,2024-05-17 12:15:00,4744.5,4744.5,4741.85,4744.0
26351,2024-05-17 12:16:00,4744.1,4744.95,4741.75,4744.8
26352,2024-05-17 12:17:00,4744.85,4745.0,4742.1,4745.0
26353,2024-05-17 12:18:00,4744.5,4745.2,4741.2,4744.3
26354,2024-05-17 12:19:00,4745.45,4746.0,4743.5,4746.0
26355,2024-05-17 12:20:00,4745.95,4745.95,4741.6,4744.0
26356,2024-05-17 12:21:00,4745.05,4749.0,4744.0,4749.0
26357,2024-05-17 12:22:00,4747.75,4749.5,4747.7,4749.45
26358,2024-05-17 12:23:00,4747.7,4749.5,4746.8,4747.7
26359,2024-05-17 12:24:00,4746.8,4748.9,4745.95,4748.65
26360,2024-05-17 12:25:00,4748.0,4749.0,4746.05,4748.55
26361,2024-05-17 12:26:00,4747.65,4748.0,4745.0,4745.2
26362,2024-05-17 12:27:00,4745.0,4748.9,4745.0,4748.5
26363,2024-05-17 12:28:00,4749.0,4749.9,4746.7,4749.5
26364,2024-05-17 12:29:00,4747.95,4749.85,4747.05,4748.45
26365,2024-05-17 12:30:00,4748.25,4748.3,4744.0,4744.85
26366,2024-05-17 12:31:00,4742.75,4747.35,4742.15,4747.35
26367,2024-05-17 12:32:00,4747.45,4748.45,4745.1,4747.6
26368,2024-05-17 12:33:00,4748.25,4748.45,4746.05,4748.05
26369,2024-05-17 12:34:00,4745.6,4750.2,4745.55,4750.2
26370,2024-05-17 12:35:00,4750.55,4752.95,4750.55,4752.5
26371,2024-05-17 12:36:00,4749.65,4752.0,4747.3,4749.6
26372,2024-05-17 12:37:00,4748.7,4749.95,4745.45,4745.45
26373,2024-05-17 12:38:00,4748.0,4749.45,4745.05,4748.45
26374,2024-05-17 12:39:00,4748.2,4749.4,4747.55,4749.3
26375,2024-05-17 12:40:00,4749.45,4749.5,4745.7,4746.3
26376,2024-05-17 12:41:00,4749.1,4749.3,4745.05,4748.7
26377,2024-05-17 12:42:00,4748.3,4750.0,4746.25,4749.0
26378,2024-05-17 12:43:00,4748.9,4750.0,4745.05,4748.95
26379,2024-05-17 12:44:00,4749.35,4749.4,4746.1,4748.55
26380,2024-05-17 12:45:00,4748.0,4749.3,4745.6,4749.3
26381,2024-05-17 12:46:00,4749.25,4750.0,4748.0,4748.95
26382,2024-05-17 12:47:00,4748.0,4751.75,4748.0,4751.75
26383,2024-05-17 12:48:00,4751.95,4752.75,4750.0,4752.75
26384,2024-05-17 12:49:00,4753.3,4754.0,4744.0,4744.0
26385,2024-05-17 12:50:00,4744.2,4747.0,4741.55,4743.5
26386,2024-05-17 12:51:00,4742.75,4745.3,4740.45,4741.85
26387,2024-05-17 12:52:00,4743.0,4744.35,4738.3,4740.0
26388,2024-05-17 12:53:00,4741.75,4742.0,4739.0,4742.0
26389,2024-05-17 12:54:00,4740.8,4743.0,4739.25,4743.0
26390,2024-05-17 12:55:00,4743.9,4743.9,4735.9,4737.15
26391,2024-05-17 12:56:00,4736.6,4737.0,4732.55,4735.0
26392,2024-05-17 12:57:00,4735.2,4735.75,4729.85,4733.5
26393,2024-05-17 12:58:00,4733.95,4736.7,4731.05,4733.5
26394,2024-05-17 12:59:00,4733.25,4734.4,4731.9,4733.5
26395,2024-05-17 13:00:00,4734.4,4736.8,4733.5,4734.4
26396,2024-05-17 13:01:00,4734.3,4734.8,4732.6,4733.0
26397,2024-05-17 13:02:00,4732.85,4734.2,4732.0,4733.7
26398,2024-05-17 13:03:00,4733.75,4733.85,4731.0,4733.8
26399,2024-05-17 13:04:00,4733.85,4733.85,4728.05,4731.5
26400,2024-05-17 13:05:00,4731.35,4732.35,4731.35,4732.0
26401,2024-05-17 13:06:00,4732.35,4733.85,4731.85,4733.85
26402,2024-05-17 13:07:00,4733.7,4742.05,4733.55,4741.75
26403,2024-05-17 13:08:00,4741.95,4743.1,4737.85,4741.9
26404,2024-05-17 13:09:00,4740.15,4747.95,4737.65,4745.5
26405,2024-05-17 13:10:00,4748.0,4748.35,4743.8,4746.3
26406,2024-05-17 13:11:00,4746.9,4747.55,4744.1,4746.1
26407,2024-05-17 13:12:00,4747.3,4750.0,4745.35,4748.85
26408,2024-05-17 13:13:00,4747.85,4748.95,4746.15,4746.95
26409,2024-05-17 13:14:00,4748.6,4749.0,4747.15,4749.0
26410,2024-05-17 13:15:00,4748.9,4751.45,4745.05,4747.95
26411,2024-05-17 13:16:00,4749.0,4749.0,4745.0,4749.0
26412,2024-05-17 13:17:00,4748.65,4751.0,4748.0,4749.15
26413,2024-05-17 13:18:00,4749.95,4750.95,4749.1,4750.9
26414,2024-05-17 13:19:00,4750.5,4753.0,4749.1,4753.0
26415,2024-05-17 13:20:00,4752.5,4753.0,4749.35,4751.35
26416,2024-05-17 13:21:00,4751.9,4753.0,4749.6,4752.95
26417,2024-05-17 13:22:00,4752.8,4753.5,4751.45,4753.0
26418,2024-05-17 13:23:00,4752.4,4753.0,4749.6,4753.0
26419,2024-05-17 13:24:00,4753.9,4754.85,4752.05,4754.85
26420,2024-05-17 13:25:00,4753.85,4755.6,4752.7,4755.0
26421,2024-05-17 13:26:00,4754.1,4755.9,4752.5,4755.5
26422,2024-05-17 13:27:00,4756.0,4756.35,4753.65,4756.1
26423,2024-05-17 13:28:00,4754.65,4756.3,4752.8,4756.0
26424,2024-05-17 13:29:00,4756.4,4756.85,4752.25,4755.5
26425,2024-05-17 13:30:00,4755.1,4756.75,4750.9,4751.35
26426,2024-05-17 13:31:00,4753.85,4753.85,4750.05,4753.6
26427,2024-05-17 13:32:00,4753.45,4754.65,4751.2,4753.7
26428,2024-05-17 13:33:00,4753.45,4754.0,4750.25,4753.95
26429,2024-05-17 13:34:00,4755.0,4756.4,4754.25,4755.95
26430,2024-05-17 13:35:00,4756.2,4756.7,4753.55,4753.95
26431,2024-05-17 13:36:00,4753.25,4755.0,4750.25,4754.5
26432,2024-05-17 13:37:00,4754.3,4756.35,4754.0,4755.1
26433,2024-05-17 13:38:00,4754.85,4756.0,4754.2,4755.6
26434,2024-05-17 13:39:00,4755.35,4756.0,4752.7,4755.0
26435,2024-05-17 13:40:00,4756.0,4756.25,4750.8,4752.8
26436,2024-05-17 13:41:00,4752.7,4752.7,4750.3,4752.3
26437,2024-05-17 13:42:00,4752.2,4752.25,4750.0,4751.2
26438,2024-05-17 13:43:00,4751.4,4752.0,4750.0,4752.0
26439,2024-05-17 13:44:00,4752.3,4752.3,4750.0,4750.0
26440,2024-05-17 13:45:00,4750.45,4751.2,4750.3,4751.0
26441,2024-05-17 13:46:00,4750.75,4753.0,4750.0,4751.0
26442,2024-05-17 13:47:00,4753.0,4756.0,4753.0,4755.1
26443,2024-05-17 13:48:00,4756.0,4756.65,4753.05,4756.6
26444,2024-05-17 13:49:00,4756.65,4756.65,4751.5,4754.25
26445,2024-05-17 13:50:00,4755.6,4755.95,4751.45,4754.65
26446,2024-05-17 13:51:00,4755.0,4756.0,4752.7,4754.9
26447,2024-05-17 13:52:00,4755.35,4755.45,4753.05,4755.35
26448,2024-05-17 13:53:00,4754.25,4755.75,4752.5,4755.0
26449,2024-05-17 13:54:00,4755.15,4755.75,4752.5,4754.9
26450,2024-05-17 13:55:00,4755.2,4755.2,4752.5,4754.05
26451,2024-05-17 13:56:00,4755.0,4755.35,4754.1,4755.0
26452,2024-05-17 13:57:00,4754.95,4754.95,4751.2,4751.35
26453,2024-05-17 13:58:00,4752.25,4759.95,4751.75,4759.95
26454,2024-05-17 13:59:00,4759.0,4760.0,4758.8,4759.9
26455,2024-05-17 14:00:00,4760.0,4763.3,4759.2,4760.2
26456,2024-05-17 14:01:00,4762.35,4762.5,4757.55,4757.55
26457,2024-05-17 14:02:00,4758.35,4760.5,4758.15,4759.4
26458,2024-05-17 14:03:00,4759.35,4762.0,4759.0,4760.0
26459,2024-05-17 14:04:00,4761.15,4761.95,4760.0,4760.05
26460,2024-05-17 14:05:00,4761.75,4761.75,4760.05,4760.2
26461,2024-05-17 14:06:00,4760.25,4761.55,4760.1,4760.75
26462,2024-05-17 14:07:00,4761.05,4762.0,4760.0,4760.9
26463,2024-05-17 14:08:00,4761.75,4762.5,4761.45,4762.4
26464,2024-05-17 14:09:00,4762.3,4765.0,4761.45,4764.2
26465,2024-05-17 14:10:00,4765.0,4766.95,4764.05,4765.6
26466,2024-05-17 14:11:00,4766.0,4768.0,4763.35,4763.5
26467,2024-05-17 14:12:00,4765.25,4765.25,4760.25,4760.3
26468,2024-05-17 14:13:00,4761.45,4762.9,4757.0,4757.35
26469,2024-05-17 14:14:00,4761.1,4761.1,4752.9,4755.0
26470,2024-05-17 14:15:00,4754.55,4761.3,4753.05,4760.5
26471,2024-05-17 14:16:00,4759.7,4759.7,4755.35,4758.55
26472,2024-05-17 14:17:00,4759.3,4759.7,4755.0,4759.4
26473,2024-05-17 14:18:00,4758.75,4759.15,4754.1,4756.55
26474,2024-05-17 14:19:00,4755.6,4755.95,4752.55,4755.25
26475,2024-05-17 14:20:00,4754.95,4757.65,4754.3,4755.2
26476,2024-05-17 14:21:00,4755.75,4756.0,4751.15,4753.9
26477,2024-05-17 14:22:00,4752.3,4757.25,4751.15,4756.0
26478,2024-05-17 14:23:00,4755.8,4758.0,4755.8,4757.15
26479,2024-05-17 14:24:00,4757.95,4757.95,4756.0,4756.25
26480,2024-05-17 14:25:00,4757.45,4757.45,4750.0,4750.55
26481,2024-05-17 14:26:00,4750.05,4754.6,4750.05,4754.6
26482,2024-05-17 14:27:00,4755.0,4755.0,4750.0,4750.0
26483,2024-05-17 14:28:00,4750.7,4753.8,4750.0,4752.2
26484,2024-05-17 14:29:00,4751.9,4754.1,4750.35,4754.0
26485,2024-05-17 14:30:00,4752.75,4757.15,4752.75,4757.15
26486,2024-05-17 14:31:00,4756.45,4757.15,4754.0,4754.0
26487,2024-05-17 14:32:00,4755.65,4757.95,4754.15,4755.65
26488,2024-05-17 14:33:00,4756.9,4758.95,4754.6,4758.95
26489,2024-05-17 14:34:00,4760.0,4761.4,4758.6,4760.15
26490,2024-05-17 14:35:00,4760.95,4761.2,4758.1,4758.65
26491,2024-05-17 14:36:00,4758.4,4761.5,4758.1,4758.1
26492,2024-05-17 14:37:00,4758.6,4759.45,4758.1,4758.85
26493,2024-05-17 14:38:00,4758.1,4759.0,4757.85,4758.5
26494,2024-05-17 14:39:00,4758.35,4759.95,4758.0,4758.3
26495,2024-05-17 14:40:00,4759.9,4759.9,4758.15,4759.3
26496,2024-05-17 14:41:00,4759.1,4759.35,4758.0,4759.15
26497,2024-05-17 14:42:00,4758.0,4759.4,4758.0,4758.7
26498,2024-05-17 14:43:00,4758.95,4760.0,4758.05,4758.8
26499,2024-05-17 14:44:00,4759.05,4759.7,4758.1,4759.7
26500,2024-05-17 14:45:00,4759.75,4759.85,4758.0,4759.0
26501,2024-05-17 14:46:00,4758.0,4762.0,4758.0,4761.95
26502,2024-05-17 14:47:00,4762.0,4762.0,4758.2,4759.9
26503,2024-05-17 14:48:00,4760.15,4760.95,4759.15,4760.95
26504,2024-05-17 14:49:00,4760.9,4761.35,4759.0,4759.9
26505,2024-05-17 14:50:00,4759.0,4759.8,4757.4,4758.45
26506,2024-05-17 14:51:00,4759.8,4761.0,4758.65,4759.7
26507,2024-05-17 14:52:00,4760.8,4761.9,4759.25,4761.35
26508,2024-05-17 14:53:00,4761.9,4762.0,4760.25,4761.45
26509,2024-05-17 14:54:00,4761.7,4763.0,4760.0,4763.0
26510,2024-05-17 14:55:00,4762.7,4765.0,4759.7,4761.45
26511,2024-05-17 14:56:00,4762.75,4762.75,4760.0,4761.1
26512,2024-05-17 14:57:00,4761.95,4761.95,4758.15,4759.4
26513,2024-05-17 14:58:00,4758.85,4760.9,4758.85,4760.3
26514,2024-05-17 14:59:00,4759.85,4762.35,4756.15,4761.6
26515,2024-05-17 15:00:00,4761.05,4761.95,4755.0,4755.15
26516,2024-05-17 15:01:00,4754.0,4757.0,4753.0,4755.75
26517,2024-05-17 15:02:00,4755.7,4757.0,4754.0,4756.6
26518,2024-05-17 15:03:00,4757.0,4759.45,4756.85,4758.45
26519,2024-05-17 15:04:00,4758.35,4761.0,4758.1,4760.0
26520,2024-05-17 15:05:00,4762.3,4767.45,4760.0,4764.15
26521,2024-05-17 15:06:00,4765.0,4766.0,4764.65,4765.4
26522,2024-05-17 15:07:00,4765.0,4767.0,4763.0,4763.35
26523,2024-05-17 15:08:00,4763.65,4766.7,4763.0,4764.55
26524,2024-05-17 15:09:00,4763.85,4765.15,4758.25,4762.65
26525,2024-05-17 15:10:00,4761.85,4763.8,4759.95,4763.25
26526,2024-05-17 15:11:00,4763.4,4763.8,4760.65,4762.45
26527,2024-05-17 15:12:00,4761.8,4763.0,4760.0,4760.15
26528,2024-05-17 15:13:00,4760.2,4764.0,4760.0,4762.2
26529,2024-05-17 15:14:00,4762.25,4763.7,4762.0,4762.7
26530,2024-05-17 15:15:00,4765.0,4768.5,4763.05,4768.45
26531,2024-05-17 15:16:00,4767.6,4770.4,4767.05,4770.1
26532,2024-05-17 15:17:00,4770.4,4770.4,4765.0,4765.65
26533,2024-05-17 15:18:00,4765.95,4769.05,4765.0,4765.55
26534,2024-05-17 15:19:00,4765.4,4766.95,4765.0,4765.0
26535,2024-05-17 15:20:00,4765.1,4766.2,4765.0,4765.0
26536,2024-05-17 15:21:00,4765.05,4767.0,4765.0,4766.7
26537,2024-05-17 15:22:00,4766.9,4767.0,4765.0,4766.0
26538,2024-05-17 15:23:00,4766.9,4767.0,4764.05,4764.5
26539,2024-05-17 15:24:00,4764.7,4767.05,4764.7,4766.95
26540,2024-05-17 15:25:00,4766.9,4769.9,4765.0,4766.9
26541,2024-05-17 15:26:00,4768.45,4769.0,4765.3,4769.0
26542,2024-05-17 15:27:00,4768.15,4770.0,4768.0,4769.5
26543,2024-05-17 15:28:00,4769.0,4769.0,4768.0,4768.95
26544,2024-05-17 15:29:00,4768.1,4769.9,4768.0,4768.5
26545,2024-05-18 09:15:00,4788.65,4788.65,4770.0,4777.1
26546,2024-05-18 09:16:00,4776.9,4776.9,4770.05,4771.55
26547,2024-05-18 09:17:00,4771.0,4778.75,4761.0,4778.75
26548,2024-05-18 09:18:00,4774.2,4778.75,4774.2,4775.0
26549,2024-05-18 09:19:00,4778.0,4780.1,4770.0,4773.8
26550,2024-05-18 09:20:00,4773.7,4776.85,4770.0,4770.1
26551,2024-05-18 09:21:00,4776.8,4777.0,4761.0,4764.1
26552,2024-05-18 09:22:00,4764.95,4769.8,4760.0,4769.8
26553,2024-05-18 09:23:00,4764.2,4769.05,4762.85,4762.85
26554,2024-05-18 09:24:00,4766.3,4769.95,4762.7,4766.9
26555,2024-05-18 09:25:00,4762.95,4767.2,4762.0,4763.1
26556,2024-05-18 09:26:00,4765.45,4769.55,4762.1,4767.9
26557,2024-05-18 09:27:00,4769.95,4770.0,4764.95,4770.0
26558,2024-05-18 09:28:00,4769.65,4771.5,4768.15,4771.0
26559,2024-05-18 09:29:00,4768.2,4772.2,4768.2,4771.95
26560,2024-05-18 09:30:00,4770.0,4770.0,4768.0,4769.95
26561,2024-05-18 09:31:00,4768.0,4768.0,4767.0,4768.0
26562,2024-05-18 09:32:00,4765.65,4771.75,4765.65,4771.7
26563,2024-05-18 09:33:00,4768.05,4771.9,4768.05,4771.0
26564,2024-05-18 09:34:00,4769.15,4771.85,4769.1,4769.1
26565,2024-05-18 09:35:00,4769.0,4769.95,4766.05,4766.05
26566,2024-05-18 09:36:00,4765.65,4769.75,4765.65,4769.75
26567,2024-05-18 09:37:00,4768.0,4769.75,4765.6,4769.75
26568,2024-05-18 09:38:00,4769.8,4769.85,4765.8,4769.75
26569,2024-05-18 09:39:00,4769.85,4769.85,4765.0,4769.8
26570,2024-05-18 09:40:00,4765.95,4769.75,4765.6,4769.7
26571,2024-05-18 09:41:00,4765.6,4769.6,4765.6,4769.6
26572,2024-05-18 09:42:00,4766.05,4766.05,4766.05,4766.05
26573,2024-05-18 09:43:00,4769.3,4769.45,4765.0,4769.3
26574,2024-05-18 09:44:00,4766.5,4769.5,4766.5,4769.5
26575,2024-05-18 09:45:00,4769.0,4769.3,4759.65,4760.2
26576,2024-05-18 09:46:00,4763.5,4764.0,4761.0,4764.0
26577,2024-05-18 09:47:00,4761.0,4761.0,4755.0,4759.2
26578,2024-05-18 09:48:00,4759.0,4760.95,4755.2,4759.0
26579,2024-05-18 09:49:00,4752.05,4757.55,4751.6,4752.15
26580,2024-05-18 09:50:00,4751.0,4756.4,4751.0,4756.4
26581,2024-05-18 09:51:00,4755.8,4755.8,4752.0,4752.0
26582,2024-05-18 09:52:00,4753.0,4754.0,4750.0,4751.5
26583,2024-05-18 09:53:00,4750.05,4752.65,4750.0,4750.05
26584,2024-05-18 09:54:00,4750.1,4752.25,4740.95,4740.95
26585,2024-05-18 09:55:00,4743.85,4746.0,4741.0,4742.0
26586,2024-05-18 09:56:00,4741.0,4745.95,4741.0,4745.35
26587,2024-05-18 09:57:00,4742.1,4746.0,4742.1,4745.0
26588,2024-05-18 09:58:00,4742.75,4746.0,4742.2,4746.0
26589,2024-05-18 09:59:00,4743.0,4754.7,4743.0,4754.7
26590,2024-05-18 11:30:00,4754.7,4757.7,4750.0,4753.25
26591,2024-05-18 11:31:00,4754.65,4766.1,4753.25,4762.0
26592,2024-05-18 11:32:00,4756.1,4762.0,4755.35,4760.0
26593,2024-05-18 11:33:00,4755.35,4760.0,4753.0,4753.0
26594,2024-05-18 11:34:00,4755.0,4755.0,4750.05,4755.0
26595,2024-05-18 11:35:00,4751.3,4755.0,4751.2,4755.0
26596,2024-05-18 11:36:00,4750.05,4755.0,4750.05,4754.95
26597,2024-05-18 11:37:00,4751.0,4755.0,4751.0,4755.0
26598,2024-05-18 11:38:00,4754.0,4755.0,4754.0,4755.0
26599,2024-05-18 11:39:00,4750.0,4754.75,4750.0,4750.0
26600,2024-05-18 11:40:00,4754.35,4754.5,4750.0,4750.4
26601,2024-05-18 11:41:00,4753.95,4754.0,4750.0,4750.0
26602,2024-05-18 11:42:00,4753.0,4754.0,4750.0,4750.05
26603,2024-05-18 11:43:00,4753.75,4753.85,4749.05,4749.05
26604,2024-05-18 11:44:00,4750.0,4753.25,4750.0,4750.0
26605,2024-05-18 11:45:00,4753.7,4753.95,4750.0,4750.2
26606,2024-05-18 11:46:00,4753.9,4753.9,4750.0,4753.5
26607,2024-05-18 11:47:00,4750.4,4754.5,4750.0,4754.45
26608,2024-05-18 11:48:00,4750.0,4752.0,4750.0,4750.05
26609,2024-05-18 11:49:00,4750.0,4753.6,4750.0,4750.2
26610,2024-05-18 11:50:00,4753.35,4753.55,4750.6,4753.55
26611,2024-05-18 11:51:00,4751.05,4754.95,4751.05,4751.05
26612,2024-05-18 11:52:00,4753.95,4755.0,4750.0,4750.0
26613,2024-05-18 11:53:00,4749.05,4750.05,4749.05,4750.05
26614,2024-05-18 11:54:00,4753.0,4753.0,4750.0,4750.0
26615,2024-05-18 11:55:00,4750.5,4752.25,4748.25,4750.2
26616,2024-05-18 11:56:00,4750.0,4751.0,4749.0,4750.15
26617,2024-05-18 11:57:00,4750.0,4750.0,4747.0,4747.0
26618,2024-05-18 11:58:00,4745.0,4747.0,4742.65,4746.95
26619,2024-05-18 11:59:00,4742.0,4746.8,4741.25,4746.75
26620,2024-05-18 12:00:00,4746.8,4746.8,4742.5,4742.5
26621,2024-05-18 12:01:00,4746.55,4747.0,4743.1,4747.0
26622,2024-05-18 12:02:00,4747.0,4747.0,4747.0,4747.0
26623,2024-05-18 12:03:00,4744.55,4748.15,4744.55,4745.05
26624,2024-05-18 12:04:00,4748.75,4748.75,4745.1,4748.0
26625,2024-05-18 12:05:00,4749.1,4749.95,4748.0,4748.0
26626,2024-05-18 12:06:00,4749.95,4750.0,4748.0,4750.0
26627,2024-05-18 12:07:00,4748.0,4750.0,4748.0,4748.05
26628,2024-05-18 12:08:00,4750.05,4750.05,4748.0,4749.95
26629,2024-05-18 12:09:00,4749.8,4750.0,4749.0,4749.55
26630,2024-05-18 12:10:00,4750.1,4750.15,4749.55,4750.15
26631,2024-05-18 12:11:00,4752.05,4754.05,4752.05,4754.05
26632,2024-05-18 12:12:00,4754.5,4755.0,4750.15,4754.95
26633,2024-05-18 12:13:00,4754.9,4754.95,4750.75,4753.5
26634,2024-05-18 12:14:00,4753.45,4754.95,4753.0,4753.95
26635,2024-05-18 12:15:00,4754.0,4754.0,4750.0,4750.4
26636,2024-05-18 12:16:00,4750.35,4750.35,4750.0,4750.15
26637,2024-05-18 12:17:00,4750.2,4750.2,4750.0,4750.0
26638,2024-05-18 12:18:00,4750.15,4753.5,4750.0,4753.5
26639,2024-05-18 12:19:00,4753.05,4754.95,4752.05,4754.95
26640,2024-05-18 12:20:00,4754.0,4754.95,4754.0,4754.95
26641,2024-05-18 12:21:00,4755.0,4759.0,4755.0,4756.8
26642,2024-05-18 12:22:00,4756.1,4756.85,4755.0,4756.7
26643,2024-05-18 12:23:00,4756.95,4757.0,4754.0,4754.95
26644,2024-05-18 12:24:00,4754.8,4756.95,4745.0,4750.4
26645,2024-05-18 12:25:00,4749.8,4749.8,4749.0,4749.6
26646,2024-05-18 12:26:00,4749.65,4749.65,4749.6,4749.6
26647,2024-05-18 12:27:00,4749.05,4750.0,4740.0,4749.6
26648,2024-05-18 12:28:00,4753.5,4757.0,4749.95,4750.0
26649,2024-05-18 12:29:00,4750.05,4755.85,4740.0,4753.0
26650,2024-05-18 12:30:47,4753.0,4753.0,4753.0,4753.0
26651,2024-05-18 12:31:00,4751.1,4751.1,4751.1,4751.1
26652,2024-05-21 09:14:00,4750.0,4750.0,4750.0,4750.0
26653,2024-05-21 09:15:00,4744.05,4774.0,4744.05,4760.25
26654,2024-05-21 09:16:00,4760.75,4765.7,4755.6,4757.1
26655,2024-05-21 09:17:00,4760.75,4763.75,4752.8,4760.0
26656,2024-05-21 09:18:00,4760.75,4760.9,4752.8,4757.5
26657,2024-05-21 09:19:00,4757.2,4762.0,4754.0,4762.0
26658,2024-05-21 09:20:00,4760.5,4769.9,4759.1,4766.55
26659,2024-05-21 09:21:00,4769.1,4772.45,4765.8,4769.0
26660,2024-05-21 09:22:00,4767.1,4768.55,4760.6,4765.0
26661,2024-05-21 09:23:00,4765.2,4772.0,4765.2,4770.0
26662,2024-05-21 09:24:00,4772.35,4780.5,4768.15,4775.0
26663,2024-05-21 09:25:00,4774.05,4775.05,4771.0,4773.9
26664,2024-05-21 09:26:00,4771.85,4773.9,4763.5,4763.5
26665,2024-05-21 09:27:00,4765.15,4766.7,4761.6,4761.6
26666,2024-05-21 09:28:00,4761.5,4766.7,4760.1,4765.0
26667,2024-05-21 09:29:00,4766.7,4769.95,4764.95,4765.4
26668,2024-05-21 09:30:00,4765.45,4770.0,4765.15,4766.75
26669,2024-05-21 09:31:00,4767.0,4767.45,4757.45,4759.75
26670,2024-05-21 09:32:00,4758.3,4760.5,4757.5,4759.65
26671,2024-05-21 09:33:00,4757.6,4768.1,4757.6,4765.0
26672,2024-05-21 09:34:00,4765.6,4765.6,4758.9,4759.1
26673,2024-05-21 09:35:00,4760.05,4760.2,4757.35,4757.35
26674,2024-05-21 09:36:00,4758.8,4760.0,4757.7,4759.85
26675,2024-05-21 09:37:00,4758.8,4762.55,4757.95,4759.85
26676,2024-05-21 09:38:00,4760.05,4760.05,4758.05,4760.0
26677,2024-05-21 09:39:00,4759.25,4761.05,4757.5,4760.0
26678,2024-05-21 09:40:00,4758.35,4760.0,4757.0,4757.0
26679,2024-05-21 09:41:00,4756.55,4758.4,4755.0,4757.95
26680,2024-05-21 09:42:00,4757.0,4760.0,4756.25,4760.0
26681,2024-05-21 09:43:00,4758.65,4760.5,4758.2,4760.4
26682,2024-05-21 09:44:00,4760.0,4760.4,4758.05,4758.1
26683,2024-05-21 09:45:00,4760.0,4760.0,4757.05,4759.55
26684,2024-05-21 09:46:00,4758.7,4759.95,4754.0,4755.25
26685,2024-05-21 09:47:00,4755.95,4755.95,4752.95,4755.0
26686,2024-05-21 09:48:00,4754.85,4755.0,4752.4,4754.7
26687,2024-05-21 09:49:00,4753.35,4754.7,4750.0,4753.05
26688,2024-05-21 09:50:00,4753.9,4755.55,4751.4,4753.25
26689,2024-05-21 09:51:00,4752.05,4755.9,4752.05,4754.3
26690,2024-05-21 09:52:00,4755.0,4756.0,4753.1,4753.1
26691,2024-05-21 09:53:00,4754.8,4754.8,4753.1,4753.1
26692,2024-05-21 09:54:00,4753.0,4755.3,4752.05,4753.0
26693,2024-05-21 09:55:00,4750.75,4752.75,4745.1,4746.0
26694,2024-05-21 09:56:00,4745.1,4750.75,4745.1,4748.25
26695,2024-05-21 09:57:00,4748.2,4749.8,4745.0,4745.0
26696,2024-05-21 09:58:00,4746.9,4746.9,4744.0,4745.0
26697,2024-05-21 09:59:00,4744.75,4748.8,4744.0,4747.9
26698,2024-05-21 10:00:00,4746.15,4748.25,4746.15,4746.15
26699,2024-05-21 10:01:00,4748.25,4748.25,4745.6,4747.85
26700,2024-05-21 10:02:00,4746.0,4749.35,4746.0,4749.0
26701,2024-05-21 10:03:00,4749.35,4749.4,4746.1,4747.65
26702,2024-05-21 10:04:00,4746.15,4749.3,4746.15,4749.2
26703,2024-05-21 10:05:00,4747.05,4749.0,4747.05,4747.75
26704,2024-05-21 10:06:00,4747.25,4754.95,4747.25,4754.45
26705,2024-05-21 10:07:00,4754.4,4754.4,4752.2,4752.2
26706,2024-05-21 10:08:00,4752.15,4753.8,4750.0,4751.1
26707,2024-05-21 10:09:00,4752.0,4757.0,4751.1,4755.0
26708,2024-05-21 10:10:00,4760.0,4760.0,4754.45,4756.5
26709,2024-05-21 10:11:00,4758.4,4759.55,4756.15,4759.3
26710,2024-05-21 10:12:00,4757.55,4759.35,4756.35,4756.35
26711,2024-05-21 10:13:00,4757.6,4757.6,4755.65,4756.0
26712,2024-05-21 10:14:00,4757.35,4757.4,4755.35,4755.35
26713,2024-05-21 10:15:00,4757.95,4758.0,4754.55,4755.9
26714,2024-05-21 10:16:00,4756.25,4757.5,4747.0,4747.0
26715,2024-05-21 10:17:00,4747.05,4747.2,4745.0,4745.7
26716,2024-05-21 10:18:00,4746.5,4750.0,4745.75,4750.0
26717,2024-05-21 10:19:00,4748.6,4749.95,4746.0,4746.25
26718,2024-05-21 10:20:00,4748.4,4748.4,4745.0,4745.85
26719,2024-05-21 10:21:00,4747.15,4747.65,4745.0,4745.95
26720,2024-05-21 10:22:00,4745.05,4745.95,4743.1,4745.0
26721,2024-05-21 10:23:00,4744.1,4745.95,4742.0,4745.9
26722,2024-05-21 10:24:00,4743.55,4748.1,4743.55,4747.6
26723,2024-05-21 10:25:00,4747.55,4750.0,4747.55,4749.95
26724,2024-05-21 10:26:00,4748.0,4750.0,4747.6,4749.45
26725,2024-05-21 10:27:00,4747.7,4753.85,4747.7,4753.85
26726,2024-05-21 10:28:00,4753.95,4754.0,4751.6,4754.0
26727,2024-05-21 10:29:00,4751.6,4758.7,4751.6,4755.85
26728,2024-05-21 10:30:00,4756.0,4756.0,4753.55,4753.55
26729,2024-05-21 10:31:00,4755.5,4755.75,4752.1,4755.65
26730,2024-05-21 10:32:00,4754.35,4755.5,4748.8,4750.0
26731,2024-05-21 10:33:00,4749.05,4752.9,4747.9,4750.0
26732,2024-05-21 10:34:00,4748.15,4749.6,4746.0,4747.0
26733,2024-05-21 10:35:00,4746.0,4751.35,4744.6,4751.1
26734,2024-05-21 10:36:00,4749.2,4749.2,4746.5,4747.65
26735,2024-05-21 10:37:00,4749.15,4749.15,4744.0,4744.0
26736,2024-05-21 10:38:00,4744.6,4745.95,4743.0,4743.35
26737,2024-05-21 10:39:00,4743.4,4745.0,4742.05,4742.05
26738,2024-05-21 10:40:00,4742.15,4743.55,4742.0,4742.0
26739,2024-05-21 10:41:00,4742.1,4742.1,4736.3,4736.4
26740,2024-05-21 10:42:00,4735.4,4739.5,4733.15,4733.4
26741,2024-05-21 10:43:00,4735.05,4739.05,4733.0,4739.05
26742,2024-05-21 10:44:00,4738.05,4738.1,4735.3,4735.3
26743,2024-05-21 10:45:00,4736.8,4738.05,4735.0,4735.0
26744,2024-05-21 10:46:00,4735.05,4736.8,4734.5,4735.5
26745,2024-05-21 10:47:00,4735.15,4736.75,4734.1,4736.0
26746,2024-05-21 10:48:00,4736.7,4739.1,4735.55,4739.05
26747,2024-05-21 10:49:00,4738.7,4744.7,4738.7,4744.7
26748,2024-05-21 10:50:00,4741.75,4748.85,4741.7,4746.05
26749,2024-05-21 10:51:00,4747.0,4747.6,4742.0,4742.2
26750,2024-05-21 10:52:00,4742.3,4745.9,4741.45,4741.45
26751,2024-05-21 10:53:00,4740.6,4741.85,4738.6,4739.5
26752,2024-05-21 10:54:00,4740.0,4740.0,4739.05,4739.05
26753,2024-05-21 10:55:00,4739.0,4742.0,4739.0,4739.1
26754,2024-05-21 10:56:00,4739.4,4742.2,4739.4,4742.0
26755,2024-05-21 10:57:00,4741.6,4747.0,4741.6,4746.7
26756,2024-05-21 10:58:00,4745.6,4747.2,4745.6,4747.2
26757,2024-05-21 10:59:00,4746.25,4751.95,4746.25,4751.95
26758,2024-05-21 11:00:00,4750.65,4753.45,4750.65,4753.1
26759,2024-05-21 11:01:00,4753.0,4755.5,4753.0,4753.0
26760,2024-05-21 11:02:00,4753.95,4753.95,4752.2,4752.9
26761,2024-05-21 11:03:00,4753.85,4757.85,4753.0,4754.25
26762,2024-05-21 11:04:00,4755.85,4757.65,4754.25,4756.25
26763,2024-05-21 11:05:00,4756.2,4760.0,4755.05,4756.25
26764,2024-05-21 11:06:00,4756.4,4757.65,4756.0,4756.05
26765,2024-05-21 11:07:00,4755.6,4755.6,4753.0,4753.1
26766,2024-05-21 11:08:00,4753.15,4756.35,4753.1,4756.35
26767,2024-05-21 11:09:00,4755.05,4758.85,4755.05,4756.2
26768,2024-05-21 11:10:00,4756.25,4757.85,4756.25,4756.75
26769,2024-05-21 11:11:00,4756.8,4758.5,4756.7,4756.9
26770,2024-05-21 11:12:00,4756.75,4757.85,4756.45,4756.75
26771,2024-05-21 11:13:00,4756.5,4758.0,4756.5,4757.15
26772,2024-05-21 11:14:00,4757.2,4758.05,4757.2,4758.05
26773,2024-05-21 11:15:00,4757.6,4758.45,4757.6,4757.65
26774,2024-05-21 11:16:00,4757.6,4757.6,4753.7,4754.0
26775,2024-05-21 11:17:00,4754.05,4754.95,4754.0,4754.3
26776,2024-05-21 11:18:00,4754.1,4754.95,4754.0,4754.0
26777,2024-05-21 11:19:00,4753.95,4753.95,4753.05,4753.1
26778,2024-05-21 11:20:00,4753.15,4753.35,4751.05,4753.15
26779,2024-05-21 11:21:00,4754.0,4754.0,4752.15,4753.0
26780,2024-05-21 11:22:00,4753.05,4753.05,4753.0,4753.0
26781,2024-05-21 11:23:00,4753.05,4753.05,4753.0,4753.0
26782,2024-05-21 11:24:00,4753.05,4753.25,4752.0,4752.8
26783,2024-05-21 11:25:00,4752.5,4756.95,4752.5,4755.0
26784,2024-05-21 11:26:00,4753.3,4754.65,4752.0,4752.85
26785,2024-05-21 11:27:00,4752.2,4753.3,4751.45,4752.7
26786,2024-05-21 11:28:00,4752.75,4753.15,4752.75,4753.0
26787,2024-05-21 11:29:00,4753.05,4753.1,4752.9,4752.95
26788,2024-05-21 11:30:00,4752.9,4753.05,4752.85,4753.05
26789,2024-05-21 11:31:00,4753.0,4754.8,4753.0,4753.35
26790,2024-05-21 11:32:00,4753.1,4753.1,4753.0,4753.0
26791,2024-05-21 11:33:00,4753.05,4753.2,4753.0,4753.0
26792,2024-05-21 11:34:00,4751.7,4753.1,4751.7,4752.5
26793,2024-05-21 11:35:00,4752.45,4753.1,4752.45,4752.85
26794,2024-05-21 11:36:00,4752.9,4755.0,4752.8,4753.0
26795,2024-05-21 11:37:00,4753.15,4753.5,4752.95,4752.95
26796,2024-05-21 11:38:00,4753.0,4754.1,4751.05,4752.9
26797,2024-05-21 11:39:00,4752.95,4754.9,4752.95,4754.9
26798,2024-05-21 11:40:00,4753.0,4754.0,4753.0,4753.15
26799,2024-05-21 11:41:00,4753.0,4753.05,4753.0,4753.05
26800,2024-05-21 11:42:00,4753.0,4755.0,4753.0,4755.0
26801,2024-05-21 11:43:00,4753.65,4753.7,4753.0,4753.0
26802,2024-05-21 11:44:00,4753.1,4754.35,4753.0,4753.1
26803,2024-05-21 11:45:00,4753.0,4753.1,4753.0,4753.1
26804,2024-05-21 11:46:00,4753.0,4753.05,4752.95,4753.0
26805,2024-05-21 11:47:00,4752.95,4753.1,4750.6,4753.0
26806,2024-05-21 11:48:00,4752.8,4755.0,4752.8,4753.0
26807,2024-05-21 11:49:00,4753.05,4753.05,4748.55,4748.55
26808,2024-05-21 11:50:00,4748.5,4748.5,4745.0,4745.0
26809,2024-05-21 11:51:00,4743.8,4745.0,4742.35,4744.95
26810,2024-05-21 11:52:00,4743.3,4744.15,4743.3,4744.0
26811,2024-05-21 11:53:00,4743.45,4744.95,4743.4,4743.4
26812,2024-05-21 11:54:00,4744.0,4744.0,4740.1,4741.95
26813,2024-05-21 11:55:00,4741.85,4742.0,4740.05,4742.0
26814,2024-05-21 11:56:00,4741.1,4749.85,4741.1,4749.85
26815,2024-05-21 11:57:00,4750.0,4750.0,4748.95,4750.0
26816,2024-05-21 11:58:00,4749.9,4750.0,4749.0,4750.0
26817,2024-05-21 11:59:00,4749.0,4750.0,4749.0,4749.0
26818,2024-05-21 12:00:00,4749.85,4750.0,4749.0,4749.0
26819,2024-05-21 12:01:00,4750.0,4750.0,4749.0,4749.0
26820,2024-05-21 12:02:00,4749.05,4750.0,4748.95,4748.95
26821,2024-05-21 12:03:00,4750.0,4750.0,4746.6,4750.0
26822,2024-05-21 12:04:00,4748.05,4753.55,4745.65,4753.55
26823,2024-05-21 12:05:00,4753.45,4753.45,4750.0,4751.55
26824,2024-05-21 12:06:00,4750.45,4750.45,4750.0,4750.0
26825,2024-05-21 12:07:00,4750.05,4750.2,4750.0,4750.1
26826,2024-05-21 12:08:00,4750.5,4751.0,4749.9,4751.0
26827,2024-05-21 12:09:00,4750.1,4750.15,4750.1,4750.15
26828,2024-05-21 12:10:00,4750.1,4750.15,4750.0,4750.05
26829,2024-05-21 12:11:00,4750.0,4750.05,4750.0,4750.05
26830,2024-05-21 12:12:00,4750.0,4753.15,4750.0,4753.15
26831,2024-05-21 12:13:00,4752.6,4753.95,4750.0,4753.35
26832,2024-05-21 12:14:00,4754.0,4754.2,4751.0,4753.2
26833,2024-05-21 12:15:00,4753.15,4755.0,4750.9,4752.2
26834,2024-05-21 12:16:00,4751.0,4754.65,4751.0,4751.55
26835,2024-05-21 12:17:00,4752.45,4753.85,4750.0,4750.1
26836,2024-05-21 12:18:00,4750.05,4750.75,4750.0,4750.35
26837,2024-05-21 12:19:00,4750.7,4750.7,4747.0,4747.05
26838,2024-05-21 12:20:00,4747.2,4749.95,4747.0,4749.95
26839,2024-05-21 12:21:00,4749.4,4750.5,4748.9,4750.2
26840,2024-05-21 12:22:00,4750.15,4753.65,4750.0,4750.4
26841,2024-05-21 12:23:00,4751.4,4751.4,4750.0,4750.0
26842,2024-05-21 12:24:00,4750.25,4752.1,4750.0,4751.25
26843,2024-05-21 12:25:00,4751.2,4752.3,4750.0,4750.0
26844,2024-05-21 12:26:00,4750.05,4750.05,4750.0,4750.05
26845,2024-05-21 12:27:00,4750.0,4751.5,4750.0,4750.25
26846,2024-05-21 12:28:00,4750.0,4750.25,4750.0,4750.0
26847,2024-05-21 12:29:00,4750.05,4750.05,4750.0,4750.05
26848,2024-05-21 12:30:00,4750.0,4752.0,4750.0,4751.6
26849,2024-05-21 12:31:00,4751.7,4753.9,4750.5,4752.3
26850,2024-05-21 12:32:00,4751.9,4752.0,4750.25,4750.25
26851,2024-05-21 12:33:00,4751.95,4752.3,4750.5,4751.45
26852,2024-05-21 12:34:00,4751.1,4753.25,4750.15,4750.15
26853,2024-05-21 12:35:00,4751.35,4753.0,4750.15,4751.55
26854,2024-05-21 12:36:00,4752.85,4752.95,4752.0,4752.3
26855,2024-05-21 12:37:00,4752.15,4752.35,4750.05,4750.55
26856,2024-05-21 12:38:00,4750.05,4753.0,4750.05,4750.35
26857,2024-05-21 12:39:00,4750.1,4752.25,4750.1,4751.1
26858,2024-05-21 12:40:00,4751.25,4751.8,4750.2,4750.2
26859,2024-05-21 12:41:00,4750.85,4751.85,4750.0,4750.45
26860,2024-05-21 12:42:00,4750.05,4751.1,4750.05,4751.1
26861,2024-05-21 12:43:00,4750.35,4752.65,4750.0,4751.35
26862,2024-05-21 12:44:00,4752.45,4753.0,4750.0,4750.0
26863,2024-05-21 12:45:00,4750.2,4751.25,4750.0,4750.15
26864,2024-05-21 12:46:00,4750.1,4752.95,4750.0,4750.6
26865,2024-05-21 12:47:00,4752.6,4752.6,4750.5,4751.15
26866,2024-05-21 12:48:00,4751.55,4752.75,4750.75,4751.05
26867,2024-05-21 12:49:00,4752.35,4753.0,4750.05,4753.0
26868,2024-05-21 12:50:00,4751.05,4754.85,4751.05,4753.65
26869,2024-05-21 12:51:00,4754.8,4756.95,4750.55,4751.1
26870,2024-05-21 12:52:00,4751.0,4751.65,4750.0,4750.3
26871,2024-05-21 12:53:00,4750.15,4753.4,4750.0,4751.1
26872,2024-05-21 12:54:00,4751.05,4752.45,4750.25,4751.1
26873,2024-05-21 12:55:00,4751.0,4752.85,4750.65,4751.15
26874,2024-05-21 12:56:00,4750.75,4753.8,4750.7,4750.8
26875,2024-05-21 12:57:00,4751.05,4752.95,4750.25,4750.65
26876,2024-05-21 12:58:00,4750.25,4750.75,4750.0,4750.4
26877,2024-05-21 12:59:00,4750.55,4752.0,4750.1,4751.05
26878,2024-05-21 13:00:00,4751.35,4754.75,4750.3,4752.8
26879,2024-05-21 13:01:00,4753.6,4756.4,4751.2,4755.0
26880,2024-05-21 13:02:00,4753.9,4754.75,4751.3,4753.3
26881,2024-05-21 13:03:00,4754.75,4755.7,4753.15,4755.05
26882,2024-05-21 13:04:00,4754.2,4756.0,4754.2,4754.2
26883,2024-05-21 13:05:00,4754.25,4756.3,4754.05,4754.1
26884,2024-05-21 13:06:00,4754.65,4754.65,4754.05,4754.4
26885,2024-05-21 13:07:00,4754.35,4754.35,4753.0,4753.25
26886,2024-05-21 13:08:00,4753.15,4755.0,4751.0,4751.0
26887,2024-05-21 13:09:00,4752.95,4752.95,4750.0,4750.05
26888,2024-05-21 13:10:00,4750.0,4750.1,4750.0,4750.0
26889,2024-05-21 13:11:00,4750.1,4751.8,4750.0,4751.5
26890,2024-05-21 13:12:00,4750.25,4751.5,4750.25,4751.5
26891,2024-05-21 13:13:00,4751.0,4751.45,4750.35,4750.4
26892,2024-05-21 13:14:00,4750.7,4752.4,4750.4,4750.5
26893,2024-05-21 13:15:00,4750.55,4750.75,4750.05,4750.5
26894,2024-05-21 13:16:00,4750.05,4750.25,4750.0,4750.0
26895,2024-05-21 13:17:00,4750.15,4750.5,4750.0,4750.5
26896,2024-05-21 13:18:00,4750.2,4752.1,4750.2,4751.4
26897,2024-05-21 13:19:00,4752.0,4753.4,4750.25,4750.55
26898,2024-05-21 13:20:00,4752.1,4752.1,4750.0,4750.0
26899,2024-05-21 13:21:00,4750.05,4750.05,4749.95,4749.95
26900,2024-05-21 13:22:00,4750.0,4750.0,4749.6,4749.6
26901,2024-05-21 13:23:00,4749.85,4749.85,4749.6,4749.6
26902,2024-05-21 13:24:00,4749.85,4749.85,4749.6,4749.6
26903,2024-05-21 13:25:00,4749.85,4749.9,4749.6,4749.6
26904,2024-05-21 13:26:00,4749.9,4751.05,4749.6,4750.0
26905,2024-05-21 13:27:00,4750.15,4753.7,4750.0,4750.0
26906,2024-05-21 13:28:00,4750.05,4750.45,4750.0,4750.0
26907,2024-05-21 13:29:00,4749.95,4752.0,4749.95,4752.0
26908,2024-05-21 13:30:00,4750.5,4751.85,4750.3,4750.5
26909,2024-05-21 13:31:00,4750.0,4750.0,4749.95,4749.95
26910,2024-05-21 13:32:00,4748.0,4750.0,4747.1,4747.15
26911,2024-05-21 13:33:00,4747.5,4750.0,4746.45,4746.95
26912,2024-05-21 13:34:00,4747.0,4747.0,4742.4,4743.05
26913,2024-05-21 13:35:00,4742.7,4742.7,4739.0,4740.0
26914,2024-05-21 13:36:00,4739.0,4743.25,4739.0,4740.0
26915,2024-05-21 13:37:00,4739.85,4742.9,4739.85,4740.65
26916,2024-05-21 13:38:00,4740.7,4742.65,4739.0,4739.0
26917,2024-05-21 13:39:00,4739.85,4740.0,4739.05,4739.1
26918,2024-05-21 13:40:00,4739.05,4740.0,4737.7,4738.45
26919,2024-05-21 13:41:00,4738.5,4739.8,4738.2,4738.5
26920,2024-05-21 13:42:00,4738.2,4739.65,4737.7,4737.7
26921,2024-05-21 13:43:00,4738.75,4738.75,4737.0,4737.5
26922,2024-05-21 13:44:00,4739.25,4739.25,4737.0,4738.05
26923,2024-05-21 13:45:00,4738.35,4739.55,4738.0,4738.05
26924,2024-05-21 13:46:00,4738.0,4739.2,4737.25,4737.25
26925,2024-05-21 13:47:00,4738.0,4738.3,4737.1,4738.0
26926,2024-05-21 13:48:00,4737.15,4738.9,4736.8,4736.8
26927,2024-05-21 13:49:00,4737.0,4737.1,4734.85,4735.0
26928,2024-05-21 13:50:00,4734.85,4735.0,4734.2,4734.2
26929,2024-05-21 13:51:00,4734.5,4736.0,4728.45,4728.45
26930,2024-05-21 13:52:00,4728.7,4730.0,4727.0,4727.0
26931,2024-05-21 13:53:00,4726.6,4731.95,4725.75,4729.45
26932,2024-05-21 13:54:00,4731.3,4733.5,4729.15,4729.15
26933,2024-05-21 13:55:00,4729.2,4731.0,4726.95,4726.95
26934,2024-05-21 13:56:00,4727.0,4728.0,4726.95,4727.0
26935,2024-05-21 13:57:00,4726.95,4726.95,4723.3,4724.0
26936,2024-05-21 13:58:00,4723.3,4726.8,4722.5,4726.5
26937,2024-05-21 13:59:00,4725.75,4727.5,4723.65,4725.55
26938,2024-05-21 14:00:00,4727.75,4734.0,4725.4,4731.5
26939,2024-05-21 14:01:00,4730.0,4736.95,4730.0,4736.75
26940,2024-05-21 14:02:00,4735.0,4736.8,4732.9,4734.7
26941,2024-05-21 14:03:00,4735.0,4736.25,4733.65,4735.0
26942,2024-05-21 14:04:00,4735.6,4738.0,4735.05,4737.0
26943,2024-05-21 14:05:00,4737.05,4738.0,4735.0,4738.0
26944,2024-05-21 14:06:00,4738.25,4738.8,4735.1,4735.75
26945,2024-05-21 14:07:00,4737.95,4738.25,4734.6,4735.1
26946,2024-05-21 14:08:00,4737.0,4741.45,4735.9,4738.0
26947,2024-05-21 14:09:00,4737.0,4739.55,4734.1,4735.0
26948,2024-05-21 14:10:00,4734.05,4736.15,4733.45,4735.05
26949,2024-05-21 14:11:00,4736.4,4736.95,4732.45,4733.05
26950,2024-05-21 14:12:00,4732.6,4733.8,4728.7,4731.0
26951,2024-05-21 14:13:00,4731.05,4732.45,4729.0,4729.0
26952,2024-05-21 14:14:00,4729.95,4729.95,4726.2,4727.0
26953,2024-05-21 14:15:00,4726.2,4727.0,4725.25,4725.25
26954,2024-05-21 14:16:00,4725.0,4726.8,4723.5,4724.5
26955,2024-05-21 14:17:00,4727.4,4728.95,4724.55,4725.75
26956,2024-05-21 14:18:00,4725.85,4728.3,4724.9,4727.8
26957,2024-05-21 14:19:00,4726.2,4729.55,4726.2,4729.05
26958,2024-05-21 14:20:00,4729.4,4730.85,4727.95,4730.65
26959,2024-05-21 14:21:00,4730.5,4730.75,4729.2,4729.95
26960,2024-05-21 14:22:00,4729.45,4729.95,4725.05,4725.8
26961,2024-05-21 14:23:00,4725.05,4725.5,4724.1,4724.45
26962,2024-05-21 14:24:00,4725.0,4728.0,4724.0,4728.0
26963,2024-05-21 14:25:00,4726.15,4727.65,4725.8,4727.25
26964,2024-05-21 14:26:00,4727.4,4730.0,4727.3,4728.85
26965,2024-05-21 14:27:00,4728.55,4728.55,4724.0,4724.0
26966,2024-05-21 14:28:00,4723.55,4724.9,4721.7,4722.0
26967,2024-05-21 14:29:00,4721.8,4724.35,4717.2,4718.0
26968,2024-05-21 14:30:00,4717.2,4720.0,4717.2,4717.3
26969,2024-05-21 14:31:00,4718.0,4719.3,4714.0,4714.0
26970,2024-05-21 14:32:00,4713.8,4714.95,4711.0,4711.0
26971,2024-05-21 14:33:00,4712.95,4713.0,4711.0,4713.0
26972,2024-05-21 14:34:00,4711.55,4715.0,4711.55,4713.0
26973,2024-05-21 14:35:00,4712.0,4716.1,4712.0,4712.85
26974,2024-05-21 14:36:00,4712.9,4713.0,4712.0,4713.0
26975,2024-05-21 14:37:00,4712.15,4716.3,4712.15,4712.65
26976,2024-05-21 14:38:00,4713.0,4713.0,4712.65,4712.7
26977,2024-05-21 14:39:00,4712.85,4721.55,4711.6,4718.2
26978,2024-05-21 14:40:00,4719.8,4719.8,4716.05,4718.25
26979,2024-05-21 14:41:00,4718.95,4721.9,4718.25,4719.6
26980,2024-05-21 14:42:00,4721.9,4722.7,4719.05,4720.65
26981,2024-05-21 14:43:00,4724.4,4724.4,4721.35,4721.95
26982,2024-05-21 14:44:00,4722.75,4725.0,4721.35,4725.0
26983,2024-05-21 14:45:00,4724.4,4727.0,4723.75,4725.9
26984,2024-05-21 14:46:00,4725.15,4729.25,4725.0,4726.05
26985,2024-05-21 14:47:00,4725.65,4725.95,4725.0,4725.0
26986,2024-05-21 14:48:00,4725.15,4726.8,4725.0,4725.55
26987,2024-05-21 14:49:00,4725.0,4725.85,4725.0,4725.0
26988,2024-05-21 14:50:00,4725.05,4725.6,4725.0,4725.0
26989,2024-05-21 14:51:00,4725.1,4725.75,4725.0,4725.0
26990,2024-05-21 14:52:00,4725.1,4725.1,4725.0,4725.0
26991,2024-05-21 14:53:00,4725.05,4725.85,4725.0,4725.7
26992,2024-05-21 14:54:00,4725.1,4725.85,4722.8,4725.0
26993,2024-05-21 14:55:00,4725.3,4725.5,4725.0,4725.0
26994,2024-05-21 14:56:00,4725.5,4725.5,4725.0,4725.05
26995,2024-05-21 14:57:00,4725.0,4725.45,4725.0,4725.2
26996,2024-05-21 14:58:00,4725.15,4725.15,4725.0,4725.05
26997,2024-05-21 14:59:00,4725.1,4725.2,4725.0,4725.05
26998,2024-05-21 15:00:00,4725.0,4728.95,4725.0,4726.6
26999,2024-05-21 15:01:00,4726.65,4730.0,4726.65,4729.95
27000,2024-05-21 15:02:00,4728.9,4735.45,4728.75,4731.2
27001,2024-05-21 15:03:00,4730.05,4731.95,4729.85,4730.8
27002,2024-05-21 15:04:00,4732.2,4736.5,4732.2,4736.5
27003,2024-05-21 15:05:00,4735.9,4737.85,4730.75,4730.75
27004,2024-05-21 15:06:00,4732.55,4739.15,4732.55,4733.25
27005,2024-05-21 15:07:00,4734.4,4734.4,4730.15,4733.35
27006,2024-05-21 15:08:00,4733.3,4735.7,4732.35,4733.1
27007,2024-05-21 15:09:00,4733.3,4734.15,4731.4,4732.25
27008,2024-05-21 15:10:00,4733.95,4735.6,4732.25,4734.15
27009,2024-05-21 15:11:00,4734.0,4734.1,4730.15,4732.85
27010,2024-05-21 15:12:00,4732.05,4732.45,4729.0,4730.95
27011,2024-05-21 15:13:00,4730.2,4734.0,4729.3,4729.8
27012,2024-05-21 15:14:00,4728.0,4730.15,4727.0,4729.95
27013,2024-05-21 15:15:00,4728.55,4732.75,4728.4,4729.75
27014,2024-05-21 15:16:00,4729.8,4731.85,4729.8,4730.75
27015,2024-05-21 15:17:00,4730.1,4730.95,4725.0,4726.0
27016,2024-05-21 15:18:00,4726.65,4730.0,4726.0,4726.0
27017,2024-05-21 15:19:00,4725.75,4728.3,4725.7,4728.0
27018,2024-05-21 15:20:00,4726.9,4730.2,4724.15,4724.95
27019,2024-05-21 15:21:00,4725.0,4729.35,4724.0,4724.95
27020,2024-05-21 15:22:00,4724.85,4730.55,4724.85,4727.95
27021,2024-05-21 15:23:00,4729.05,4732.45,4727.95,4732.2
27022,2024-05-21 15:24:00,4732.15,4734.9,4730.3,4733.95
27023,2024-05-21 15:25:00,4734.75,4735.0,4730.15,4733.75
27024,2024-05-21 15:26:00,4733.1,4734.9,4731.9,4732.15
27025,2024-05-21 15:27:00,4732.05,4735.0,4731.5,4735.0
27026,2024-05-21 15:28:00,4734.9,4735.0,4730.0,4733.9
27027,2024-05-21 15:29:00,4732.0,4734.5,4731.0,4734.5
27028,2024-05-22 09:14:00,4740.0,4740.0,4740.0,4740.0
27029,2024-05-22 09:15:00,4739.0,4753.35,4726.05,4741.7
27030,2024-05-22 09:16:00,4741.35,4754.45,4741.35,4751.8
27031,2024-05-22 09:17:00,4748.3,4763.75,4748.3,4763.75
27032,2024-05-22 09:18:00,4761.6,4764.95,4752.65,4755.5
27033,2024-05-22 09:19:00,4754.4,4760.0,4747.0,4753.55
27034,2024-05-22 09:20:00,4754.25,4770.0,4754.25,4765.55
27035,2024-05-22 09:21:00,4769.1,4774.9,4767.9,4774.0
27036,2024-05-22 09:22:00,4774.85,4774.85,4765.9,4769.0
27037,2024-05-22 09:23:00,4766.1,4769.3,4760.05,4760.05
27038,2024-05-22 09:24:00,4759.8,4760.2,4754.0,4754.0
27039,2024-05-22 09:25:00,4755.9,4755.9,4749.7,4751.85
27040,2024-05-22 09:26:00,4752.0,4759.1,4752.0,4755.1
27041,2024-05-22 09:27:00,4757.55,4760.2,4754.7,4760.2
27042,2024-05-22 09:28:00,4759.55,4759.55,4752.05,4753.05
27043,2024-05-22 09:29:00,4756.4,4761.95,4753.2,4761.95
27044,2024-05-22 09:30:00,4761.55,4762.0,4758.9,4759.3
27045,2024-05-22 09:31:00,4758.2,4761.55,4757.0,4759.0
27046,2024-05-22 09:32:00,4760.15,4760.75,4757.8,4760.75
27047,2024-05-22 09:33:00,4760.15,4763.45,4759.55,4762.0
27048,2024-05-22 09:34:00,4762.75,4768.1,4762.5,4762.55
27049,2024-05-22 09:35:00,4762.6,4765.45,4762.6,4765.4
27050,2024-05-22 09:36:00,4765.6,4766.45,4763.75,4765.15
27051,2024-05-22 09:37:00,4764.0,4764.8,4757.7,4759.55
27052,2024-05-22 09:38:00,4759.0,4760.0,4758.0,4759.0
27053,2024-05-22 09:39:00,4758.55,4758.55,4750.95,4753.75
27054,2024-05-22 09:40:00,4752.2,4754.75,4748.05,4748.05
27055,2024-05-22 09:41:00,4748.25,4748.25,4745.1,4746.8
27056,2024-05-22 09:42:00,4747.6,4747.6,4741.55,4746.9
27057,2024-05-22 09:43:00,4744.2,4746.6,4736.05,4736.1
27058,2024-05-22 09:44:00,4739.8,4739.8,4735.0,4735.1
27059,2024-05-22 09:45:00,4736.95,4741.2,4735.1,4741.0
27060,2024-05-22 09:46:00,4741.45,4745.35,4738.4,4741.2
27061,2024-05-22 09:47:00,4744.0,4744.0,4740.05,4743.95
27062,2024-05-22 09:48:00,4740.85,4743.2,4740.0,4740.0
27063,2024-05-22 09:49:00,4742.1,4744.0,4738.2,4744.0
27064,2024-05-22 09:50:00,4743.9,4748.8,4743.9,4746.95
27065,2024-05-22 09:51:00,4745.2,4748.4,4745.2,4746.35
27066,2024-05-22 09:52:00,4747.05,4754.1,4746.8,4752.45
27067,2024-05-22 09:53:00,4752.0,4754.1,4752.0,4753.9
27068,2024-05-22 09:54:00,4753.4,4761.0,4752.55,4761.0
27069,2024-05-22 09:55:00,4758.7,4765.15,4758.7,4765.0
27070,2024-05-22 09:56:00,4763.75,4763.75,4756.55,4756.55
27071,2024-05-22 09:57:00,4756.6,4762.2,4755.1,4760.5
27072,2024-05-22 09:58:00,4762.2,4762.2,4757.8,4760.2
27073,2024-05-22 09:59:00,4760.0,4763.0,4759.3,4760.05
27074,2024-05-22 10:00:00,4760.35,4760.35,4756.55,4756.65
27075,2024-05-22 10:01:00,4757.35,4758.05,4751.05,4751.05
27076,2024-05-22 10:02:00,4751.9,4751.9,4748.05,4748.05
27077,2024-05-22 10:03:00,4749.65,4749.65,4744.6,4746.3
27078,2024-05-22 10:04:00,4745.05,4753.25,4744.05,4752.55
27079,2024-05-22 10:05:00,4750.55,4752.65,4749.45,4751.1
27080,2024-05-22 10:06:00,4749.1,4752.0,4749.1,4750.7
27081,2024-05-22 10:07:00,4748.3,4750.0,4743.4,4743.4
27082,2024-05-22 10:08:00,4743.5,4743.5,4736.25,4740.2
27083,2024-05-22 10:09:00,4738.75,4744.1,4737.1,4741.55
27084,2024-05-22 10:10:00,4741.0,4743.7,4741.0,4742.25
27085,2024-05-22 10:11:00,4742.0,4744.0,4741.7,4744.0
27086,2024-05-22 10:12:00,4742.3,4743.95,4742.25,4743.95
27087,2024-05-22 10:13:00,4744.0,4746.75,4743.35,4744.0
27088,2024-05-22 10:14:00,4744.75,4747.8,4743.6,4745.8
27089,2024-05-22 10:15:00,4748.65,4748.95,4746.85,4748.0
27090,2024-05-22 10:16:00,4748.65,4748.65,4742.5,4744.3
27091,2024-05-22 10:17:00,4742.5,4742.5,4736.6,4737.0
27092,2024-05-22 10:18:00,4737.2,4740.0,4737.2,4740.0
27093,2024-05-22 10:19:00,4738.4,4740.0,4738.35,4739.5
27094,2024-05-22 10:20:00,4738.55,4739.7,4736.6,4736.6
27095,2024-05-22 10:21:00,4735.0,4735.0,4730.5,4731.05
27096,2024-05-22 10:22:00,4730.0,4731.65,4728.35,4730.2
27097,2024-05-22 10:23:00,4730.0,4733.0,4729.05,4732.35
27098,2024-05-22 10:24:00,4731.45,4732.4,4729.25,4731.15
27099,2024-05-22 10:25:00,4732.25,4735.55,4731.05,4735.25
27100,2024-05-22 10:26:00,4734.25,4738.3,4733.25,4738.3
27101,2024-05-22 10:27:00,4736.65,4737.85,4735.85,4736.1
27102,2024-05-22 10:28:00,4736.05,4739.55,4736.05,4738.25
27103,2024-05-22 10:29:00,4738.4,4739.0,4735.0,4738.6
27104,2024-05-22 10:30:00,4736.9,4737.35,4736.1,4737.35
27105,2024-05-22 10:31:00,4735.1,4735.1,4733.05,4733.95
27106,2024-05-22 10:32:00,4733.0,4733.0,4730.0,4731.9
27107,2024-05-22 10:33:00,4730.25,4732.0,4730.0,4731.05
27108,2024-05-22 10:34:00,4730.25,4731.05,4730.0,4731.05
27109,2024-05-22 10:35:00,4730.55,4731.8,4730.35,4731.8
27110,2024-05-22 10:36:00,4731.9,4736.05,4731.05,4734.7
27111,2024-05-22 10:37:00,4733.95,4733.95,4731.0,4732.9
27112,2024-05-22 10:38:00,4730.8,4732.0,4730.0,4732.0
27113,2024-05-22 10:39:00,4731.5,4735.0,4731.5,4735.0
27114,2024-05-22 10:40:00,4733.25,4738.65,4733.0,4738.0
27115,2024-05-22 10:41:00,4736.8,4738.0,4736.3,4737.7
27116,2024-05-22 10:42:00,4737.15,4737.7,4735.0,4736.0
27117,2024-05-22 10:43:00,4735.0,4738.55,4735.0,4738.55
27118,2024-05-22 10:44:00,4740.0,4741.55,4737.25,4741.0
27119,2024-05-22 10:45:00,4743.95,4748.6,4741.95,4741.95
27120,2024-05-22 10:46:00,4740.5,4741.95,4738.2,4740.2
27121,2024-05-22 10:47:00,4739.85,4740.45,4737.1,4737.15
27122,2024-05-22 10:48:00,4737.2,4737.2,4736.0,4737.05
27123,2024-05-22 10:49:00,4738.0,4740.55,4738.0,4740.55
27124,2024-05-22 10:50:00,4740.9,4742.0,4740.45,4742.0
27125,2024-05-22 10:51:00,4741.2,4741.95,4741.15,4741.7
27126,2024-05-22 10:52:00,4740.45,4747.0,4740.45,4743.3
27127,2024-05-22 10:53:00,4745.55,4749.0,4742.85,4748.25
27128,2024-05-22 10:54:00,4747.3,4749.0,4746.3,4749.0
27129,2024-05-22 10:55:00,4748.3,4748.75,4745.1,4748.6
27130,2024-05-22 10:56:00,4747.5,4749.0,4746.4,4748.85
27131,2024-05-22 10:57:00,4747.8,4747.8,4744.8,4744.8
27132,2024-05-22 10:58:00,4743.45,4745.85,4743.45,4745.85
27133,2024-05-22 10:59:00,4744.05,4744.55,4742.55,4742.95
27134,2024-05-22 11:00:00,4743.95,4744.95,4741.7,4743.95
27135,2024-05-22 11:01:00,4741.45,4745.95,4741.45,4744.05
27136,2024-05-22 11:02:00,4741.8,4744.1,4741.8,4741.8
27137,2024-05-22 11:03:00,4742.8,4744.0,4741.8,4742.55
27138,2024-05-22 11:04:00,4742.85,4745.25,4742.5,4745.25
27139,2024-05-22 11:05:00,4744.45,4745.15,4743.55,4745.1
27140,2024-05-22 11:06:00,4744.0,4749.0,4743.8,4748.9
27141,2024-05-22 11:07:00,4747.65,4748.7,4746.1,4748.45
27142,2024-05-22 11:08:00,4747.45,4751.65,4746.45,4751.65
27143,2024-05-22 11:09:00,4749.3,4753.0,4749.3,4752.0
27144,2024-05-22 11:10:00,4751.5,4751.5,4749.1,4749.1
27145,2024-05-22 11:11:00,4750.0,4750.0,4748.75,4750.0
27146,2024-05-22 11:12:00,4749.5,4750.0,4748.75,4750.0
27147,2024-05-22 11:13:00,4748.75,4752.5,4748.75,4751.4
27148,2024-05-22 11:14:00,4750.0,4750.95,4748.3,4748.3
27149,2024-05-22 11:15:00,4750.0,4750.0,4748.0,4749.0
27150,2024-05-22 11:16:00,4748.05,4748.05,4746.1,4746.1
27151,2024-05-22 11:17:00,4745.8,4748.0,4744.7,4746.9
27152,2024-05-22 11:18:00,4744.45,4747.0,4744.15,4745.8
27153,2024-05-22 11:19:00,4746.35,4747.05,4745.8,4747.0
27154,2024-05-22 11:20:00,4746.45,4747.0,4741.5,4746.7
27155,2024-05-22 11:21:00,4747.0,4747.0,4744.0,4746.6
27156,2024-05-22 11:22:00,4743.8,4747.0,4742.3,4747.0
27157,2024-05-22 11:23:00,4745.0,4747.0,4745.0,4747.0
27158,2024-05-22 11:24:00,4746.9,4747.0,4745.0,4747.0
27159,2024-05-22 11:25:00,4745.0,4746.7,4743.45,4744.15
27160,2024-05-22 11:26:00,4746.05,4748.0,4744.15,4745.45
27161,2024-05-22 11:27:00,4747.15,4756.2,4744.95,4754.5
27162,2024-05-22 11:28:00,4756.0,4765.25,4751.1,4764.0
27163,2024-05-22 11:29:00,4763.3,4769.9,4762.0,4768.95
27164,2024-05-22 11:30:00,4770.65,4775.35,4766.95,4766.95
27165,2024-05-22 11:31:00,4769.55,4769.85,4762.65,4769.0
27166,2024-05-22 11:32:00,4768.0,4768.0,4765.0,4765.0
27167,2024-05-22 11:33:00,4767.05,4770.0,4765.0,4769.55
27168,2024-05-22 11:34:00,4767.85,4770.85,4766.1,4770.55
27169,2024-05-22 11:35:00,4768.0,4769.85,4766.85,4767.6
27170,2024-05-22 11:36:00,4768.5,4769.5,4765.9,4769.3
27171,2024-05-22 11:37:00,4768.45,4768.6,4765.0,4767.9
27172,2024-05-22 11:38:00,4768.1,4768.1,4765.05,4765.05
27173,2024-05-22 11:39:00,4765.9,4768.0,4765.9,4767.75
27174,2024-05-22 11:40:00,4766.7,4768.25,4765.7,4765.7
27175,2024-05-22 11:41:00,4765.15,4767.55,4765.15,4767.55
27176,2024-05-22 11:42:00,4767.5,4768.2,4765.95,4766.05
27177,2024-05-22 11:43:00,4765.95,4766.8,4765.65,4765.95
27178,2024-05-22 11:44:00,4765.85,4765.85,4765.05,4765.05
27179,2024-05-22 11:45:00,4765.85,4769.0,4765.0,4769.0
27180,2024-05-22 11:46:00,4768.95,4770.0,4767.2,4769.0
27181,2024-05-22 11:47:00,4769.5,4771.0,4769.0,4770.2
27182,2024-05-22 11:48:00,4770.15,4770.2,4767.95,4768.0
27183,2024-05-22 11:49:00,4769.0,4769.25,4753.55,4753.55
27184,2024-05-22 11:50:00,4754.65,4755.85,4752.55,4755.25
27185,2024-05-22 11:51:00,4754.75,4754.75,4751.55,4753.7
27186,2024-05-22 11:52:00,4753.3,4755.95,4750.25,4751.35
27187,2024-05-22 11:53:00,4752.45,4753.75,4750.9,4753.7
27188,2024-05-22 11:54:00,4752.9,4755.05,4750.55,4753.35
27189,2024-05-22 11:55:00,4754.0,4754.0,4751.05,4752.5
27190,2024-05-22 11:56:00,4752.55,4755.0,4752.55,4755.0
27191,2024-05-22 11:57:00,4754.6,4756.2,4753.7,4754.95
27192,2024-05-22 11:58:00,4756.2,4756.85,4751.9,4754.3
27193,2024-05-22 11:59:00,4752.05,4756.15,4751.4,4756.15
27194,2024-05-22 12:00:00,4754.95,4754.95,4750.0,4750.0
27195,2024-05-22 12:01:00,4751.8,4751.8,4750.0,4750.0
27196,2024-05-22 12:02:00,4751.1,4752.2,4750.0,4750.8
27197,2024-05-22 12:03:00,4750.4,4753.95,4750.0,4753.95
27198,2024-05-22 12:04:00,4752.0,4753.55,4751.45,4753.55
27199,2024-05-22 12:05:00,4752.1,4755.95,4752.05,4753.85
27200,2024-05-22 12:06:00,4753.8,4754.85,4752.75,4754.85
27201,2024-05-22 12:07:00,4754.4,4754.4,4752.85,4752.9
27202,2024-05-22 12:08:00,4753.75,4753.75,4752.75,4753.45
27203,2024-05-22 12:09:00,4753.15,4754.8,4752.85,4754.45
27204,2024-05-22 12:10:00,4753.15,4755.7,4752.9,4755.25
27205,2024-05-22 12:11:00,4752.9,4754.55,4752.9,4754.55
27206,2024-05-22 12:12:00,4753.0,4761.1,4753.0,4761.1
27207,2024-05-22 12:13:00,4761.5,4763.7,4760.05,4763.65
27208,2024-05-22 12:14:00,4762.85,4763.2,4757.05,4757.05
27209,2024-05-22 12:15:00,4757.9,4760.0,4757.05,4759.45
27210,2024-05-22 12:16:00,4759.7,4763.35,4759.45,4762.35
27211,2024-05-22 12:17:00,4760.1,4763.85,4760.1,4763.85
27212,2024-05-22 12:18:00,4762.45,4764.9,4761.2,4764.65
27213,2024-05-22 12:19:00,4763.0,4764.45,4763.0,4764.45
27214,2024-05-22 12:20:00,4763.4,4763.4,4762.55,4763.4
27215,2024-05-22 12:21:00,4762.55,4764.45,4762.1,4763.95
27216,2024-05-22 12:22:00,4761.45,4763.95,4761.4,4763.5
27217,2024-05-22 12:23:00,4762.0,4763.95,4761.0,4762.85
27218,2024-05-22 12:24:00,4761.9,4761.9,4760.0,4760.05
27219,2024-05-22 12:25:00,4760.0,4760.0,4756.0,4756.65
27220,2024-05-22 12:26:00,4756.3,4759.3,4755.25,4758.0
27221,2024-05-22 12:27:00,4760.05,4760.05,4757.9,4760.0
27222,2024-05-22 12:28:00,4758.65,4763.35,4758.65,4760.9
27223,2024-05-22 12:29:00,4762.05,4763.45,4761.4,4762.7
27224,2024-05-22 12:30:00,4762.05,4764.6,4762.05,4764.0
27225,2024-05-22 12:31:00,4764.3,4764.6,4763.1,4763.85
27226,2024-05-22 12:32:00,4764.3,4768.0,4764.0,4768.0
27227,2024-05-22 12:33:00,4767.0,4769.65,4767.0,4769.65
27228,2024-05-22 12:34:00,4767.65,4769.85,4767.65,4769.65
27229,2024-05-22 12:35:00,4769.25,4769.8,4767.0,4767.0
27230,2024-05-22 12:36:00,4766.35,4770.0,4765.35,4768.0
27231,2024-05-22 12:37:00,4767.95,4767.95,4763.75,4767.6
27232,2024-05-22 12:38:00,4766.85,4767.85,4766.0,4767.85
27233,2024-05-22 12:39:00,4767.0,4767.4,4764.85,4767.0
27234,2024-05-22 12:40:00,4765.75,4766.45,4765.35,4765.55
27235,2024-05-22 12:41:00,4767.3,4767.3,4764.0,4766.35
27236,2024-05-22 12:42:00,4767.9,4768.0,4765.3,4765.85
27237,2024-05-22 12:43:00,4765.7,4769.95,4765.65,4769.95
27238,2024-05-22 12:44:00,4768.85,4769.9,4767.55,4768.95
27239,2024-05-22 12:45:00,4769.25,4771.9,4769.05,4770.15
27240,2024-05-22 12:46:00,4769.95,4770.0,4768.25,4769.55
27241,2024-05-22 12:47:00,4769.3,4770.0,4768.85,4769.9
27242,2024-05-22 12:48:00,4768.1,4769.05,4767.55,4768.35
27243,2024-05-22 12:49:00,4768.0,4770.0,4767.35,4767.55
27244,2024-05-22 12:50:00,4766.6,4769.55,4766.05,4769.55
27245,2024-05-22 12:51:00,4769.0,4770.0,4768.3,4768.9
27246,2024-05-22 12:52:00,4769.45,4769.9,4768.3,4768.3
27247,2024-05-22 12:53:00,4768.35,4769.0,4768.35,4768.35
27248,2024-05-22 12:54:00,4768.95,4769.0,4768.45,4768.95
27249,2024-05-22 12:55:00,4768.3,4768.95,4766.8,4768.9
27250,2024-05-22 12:56:00,4768.05,4769.3,4766.95,4769.3
27251,2024-05-22 12:57:00,4768.9,4769.95,4768.3,4769.95
27252,2024-05-22 12:58:00,4769.8,4771.25,4769.6,4770.35
27253,2024-05-22 12:59:00,4771.0,4772.0,4770.35,4771.9
27254,2024-05-22 13:00:00,4771.95,4775.0,4770.2,4774.95
27255,2024-05-22 13:01:00,4773.4,4777.8,4772.8,4777.8
27256,2024-05-22 13:02:00,4777.7,4784.6,4777.4,4784.6
27257,2024-05-22 13:03:00,4784.95,4798.4,4782.3,4798.0
27258,2024-05-22 13:04:00,4797.1,4798.7,4791.0,4798.45
27259,2024-05-22 13:05:00,4797.95,4798.4,4795.15,4796.1
27260,2024-05-22 13:06:00,4798.7,4800.75,4796.1,4800.0
27261,2024-05-22 13:07:00,4801.65,4805.0,4793.15,4797.2
27262,2024-05-22 13:08:00,4798.7,4801.0,4797.2,4798.1
27263,2024-05-22 13:09:00,4797.75,4797.75,4794.95,4795.0
27264,2024-05-22 13:10:00,4795.2,4795.45,4792.35,4794.45
27265,2024-05-22 13:11:00,4792.65,4795.0,4792.65,4794.9
27266,2024-05-22 13:12:00,4793.0,4794.0,4792.5,4792.5
27267,2024-05-22 13:13:00,4793.0,4794.0,4792.5,4794.0
27268,2024-05-22 13:14:00,4792.5,4792.8,4790.0,4790.0
27269,2024-05-22 13:15:00,4789.7,4792.75,4789.65,4792.75
27270,2024-05-22 13:16:00,4793.0,4797.65,4791.2,4797.65
27271,2024-05-22 13:17:00,4797.55,4799.55,4796.1,4796.1
27272,2024-05-22 13:18:00,4796.15,4796.15,4785.65,4788.9
27273,2024-05-22 13:19:00,4788.0,4790.0,4787.55,4787.7
27274,2024-05-22 13:20:00,4787.95,4790.0,4787.95,4788.8
27275,2024-05-22 13:21:00,4789.35,4789.35,4785.0,4785.95
27276,2024-05-22 13:22:00,4786.8,4786.8,4780.55,4784.6
27277,2024-05-22 13:23:00,4782.05,4784.05,4781.85,4784.05
27278,2024-05-22 13:24:00,4784.3,4784.3,4781.9,4782.9
27279,2024-05-22 13:25:00,4782.5,4784.0,4782.5,4784.0
27280,2024-05-22 13:26:00,4784.55,4784.55,4777.6,4779.0
27281,2024-05-22 13:27:00,4777.05,4779.0,4776.0,4779.0
27282,2024-05-22 13:28:00,4778.0,4779.4,4775.5,4779.4
27283,2024-05-22 13:29:00,4778.5,4780.0,4778.2,4780.0
27284,2024-05-22 13:30:00,4779.9,4782.85,4778.0,4780.1
27285,2024-05-22 13:31:00,4781.65,4785.0,4780.2,4785.0
27286,2024-05-22 13:32:00,4784.55,4788.0,4782.75,4788.0
27287,2024-05-22 13:33:00,4787.25,4788.0,4782.8,4784.0
27288,2024-05-22 13:34:00,4784.45,4787.05,4782.75,4784.85
27289,2024-05-22 13:35:00,4785.0,4785.0,4782.55,4784.85
27290,2024-05-22 13:36:00,4782.4,4786.5,4782.4,4786.05
27291,2024-05-22 13:37:00,4785.2,4785.2,4782.0,4784.95
27292,2024-05-22 13:38:00,4783.6,4792.55,4783.45,4790.1
27293,2024-05-22 13:39:00,4791.05,4792.9,4790.1,4792.05
27294,2024-05-22 13:40:00,4792.9,4792.9,4790.0,4791.0
27295,2024-05-22 13:41:00,4791.5,4791.5,4790.0,4790.05
27296,2024-05-22 13:42:00,4790.55,4795.85,4790.0,4795.75
27297,2024-05-22 13:43:00,4795.0,4795.5,4792.0,4795.5
27298,2024-05-22 13:44:00,4794.3,4794.4,4791.25,4791.3
27299,2024-05-22 13:45:00,4793.65,4794.35,4790.0,4791.75
27300,2024-05-22 13:46:00,4791.7,4793.15,4790.05,4790.9
27301,2024-05-22 13:47:00,4792.0,4793.25,4790.95,4793.0
27302,2024-05-22 13:48:00,4793.1,4793.2,4790.0,4792.0
27303,2024-05-22 13:49:00,4790.2,4792.25,4788.5,4788.5
27304,2024-05-22 13:50:00,4789.25,4789.5,4786.05,4786.05
27305,2024-05-22 13:51:00,4786.0,4786.0,4780.05,4782.0
27306,2024-05-22 13:52:00,4783.75,4783.75,4777.45,4777.5
27307,2024-05-22 13:53:00,4780.0,4784.3,4780.0,4784.3
27308,2024-05-22 13:54:00,4781.6,4784.2,4780.85,4781.5
27309,2024-05-22 13:55:00,4782.55,4787.95,4781.5,4784.4
27310,2024-05-22 13:56:00,4782.9,4787.7,4782.7,4787.2
27311,2024-05-22 13:57:00,4784.5,4784.95,4782.1,4783.1
27312,2024-05-22 13:58:00,4783.0,4785.05,4783.0,4783.55
27313,2024-05-22 13:59:00,4783.5,4784.7,4781.5,4783.0
27314,2024-05-22 14:00:00,4782.35,4784.5,4781.0,4784.35
27315,2024-05-22 14:01:00,4782.0,4786.9,4781.15,4785.15
27316,2024-05-22 14:02:00,4785.05,4789.75,4785.05,4787.1
27317,2024-05-22 14:03:00,4787.15,4787.15,4783.65,4787.0
27318,2024-05-22 14:04:00,4788.0,4789.9,4785.8,4787.6
27319,2024-05-22 14:05:00,4787.7,4789.75,4785.2,4789.25
27320,2024-05-22 14:06:00,4786.0,4786.0,4781.4,4783.45
27321,2024-05-22 14:07:00,4781.9,4781.95,4778.0,4778.0
27322,2024-05-22 14:08:00,4778.55,4778.9,4776.45,4776.5
27323,2024-05-22 14:09:00,4775.0,4776.85,4773.9,4774.45
27324,2024-05-22 14:10:00,4774.0,4780.0,4773.45,4780.0
27325,2024-05-22 14:11:00,4780.6,4781.65,4778.25,4781.65
27326,2024-05-22 14:12:00,4781.3,4784.6,4780.0,4780.1
27327,2024-05-22 14:13:00,4780.0,4781.65,4779.4,4781.65
27328,2024-05-22 14:14:00,4781.6,4783.3,4777.65,4780.4
27329,2024-05-22 14:15:00,4779.45,4779.45,4776.85,4777.4
27330,2024-05-22 14:16:00,4777.95,4785.0,4777.05,4783.0
27331,2024-05-22 14:17:00,4781.3,4783.0,4779.8,4780.05
27332,2024-05-22 14:18:00,4781.65,4781.65,4778.9,4778.9
27333,2024-05-22 14:19:00,4778.8,4782.5,4778.4,4782.5
27334,2024-05-22 14:20:00,4780.85,4781.65,4780.0,4780.05
27335,2024-05-22 14:21:00,4780.6,4781.0,4779.25,4779.25
27336,2024-05-22 14:22:00,4779.15,4780.35,4779.0,4779.6
27337,2024-05-22 14:23:00,4779.65,4780.0,4778.0,4780.0
27338,2024-05-22 14:24:00,4779.85,4780.0,4778.0,4780.0
27339,2024-05-22 14:25:00,4779.6,4779.8,4778.6,4779.3
27340,2024-05-22 14:26:00,4780.05,4781.65,4779.8,4781.65
27341,2024-05-22 14:27:00,4781.4,4781.65,4780.2,4780.2
27342,2024-05-22 14:28:00,4780.35,4780.35,4778.3,4778.3
27343,2024-05-22 14:29:00,4778.0,4778.9,4777.05,4778.9
27344,2024-05-22 14:30:00,4779.0,4780.0,4777.55,4778.6
27345,2024-05-22 14:31:00,4780.05,4781.6,4779.4,4779.4
27346,2024-05-22 14:32:00,4779.55,4781.65,4779.5,4781.25
27347,2024-05-22 14:33:00,4779.7,4779.7,4778.0,4778.05
27348,2024-05-22 14:34:00,4778.0,4778.15,4776.0,4776.05
27349,2024-05-22 14:35:00,4776.9,4777.95,4775.85,4776.45
27350,2024-05-22 14:36:00,4776.6,4776.6,4774.25,4774.25
27351,2024-05-22 14:37:00,4775.0,4776.6,4774.2,4775.4
27352,2024-05-22 14:38:00,4775.25,4779.35,4775.1,4777.05
27353,2024-05-22 14:39:00,4778.15,4778.15,4777.05,4777.6
27354,2024-05-22 14:40:00,4777.7,4779.25,4777.65,4778.0
27355,2024-05-22 14:41:00,4777.35,4778.3,4775.0,4776.35
27356,2024-05-22 14:42:00,4776.3,4780.0,4775.95,4777.75
27357,2024-05-22 14:43:00,4777.8,4780.0,4777.7,4777.7
27358,2024-05-22 14:44:00,4778.0,4780.0,4777.75,4778.65
27359,2024-05-22 14:45:00,4778.55,4778.8,4776.0,4776.75
27360,2024-05-22 14:46:00,4776.85,4781.6,4776.15,4781.6
27361,2024-05-22 14:47:00,4780.1,4781.65,4777.0,4781.65
27362,2024-05-22 14:48:00,4780.4,4780.95,4777.05,4779.6
27363,2024-05-22 14:49:00,4779.0,4779.0,4776.0,4778.55
27364,2024-05-22 14:50:00,4776.9,4776.9,4776.1,4776.55
27365,2024-05-22 14:51:00,4776.35,4778.95,4775.8,4778.95
27366,2024-05-22 14:52:00,4778.2,4780.6,4777.75,4779.55
27367,2024-05-22 14:53:00,4776.8,4779.3,4775.65,4779.3
27368,2024-05-22 14:54:00,4777.0,4778.7,4777.0,4778.65
27369,2024-05-22 14:55:00,4778.35,4779.0,4775.35,4777.7
27370,2024-05-22 14:56:00,4775.45,4775.45,4770.0,4770.0
27371,2024-05-22 14:57:00,4770.4,4770.8,4767.45,4769.35
27372,2024-05-22 14:58:00,4770.4,4777.6,4770.25,4774.7
27373,2024-05-22 14:59:00,4774.5,4776.0,4774.4,4775.1
27374,2024-05-22 15:00:00,4775.4,4780.0,4775.15,4780.0
27375,2024-05-22 15:01:00,4779.75,4779.9,4776.55,4779.85
27376,2024-05-22 15:02:00,4778.45,4781.65,4777.05,4779.9
27377,2024-05-22 15:03:00,4781.6,4781.6,4776.25,4778.35
27378,2024-05-22 15:04:00,4777.5,4781.65,4775.45,4776.85
27379,2024-05-22 15:05:00,4776.65,4777.0,4774.2,4777.0
27380,2024-05-22 15:06:00,4776.8,4778.8,4771.0,4777.05
27381,2024-05-22 15:07:00,4774.8,4778.9,4774.05,4777.75
27382,2024-05-22 15:08:00,4777.7,4778.0,4776.25,4776.25
27383,2024-05-22 15:09:00,4776.8,4776.8,4773.9,4775.25
27384,2024-05-22 15:10:00,4774.9,4777.9,4774.35,4776.85
27385,2024-05-22 15:11:00,4777.1,4778.0,4773.75,4775.25
27386,2024-05-22 15:12:00,4775.5,4778.0,4773.7,4776.6
27387,2024-05-22 15:13:00,4777.75,4777.95,4773.05,4775.0
27388,2024-05-22 15:14:00,4774.85,4777.95,4774.85,4775.9
27389,2024-05-22 15:15:00,4777.95,4777.95,4772.2,4773.35
27390,2024-05-22 15:16:00,4774.0,4776.0,4772.85,4774.4
27391,2024-05-22 15:17:00,4774.35,4778.0,4772.05,4778.0
27392,2024-05-22 15:18:00,4777.95,4778.0,4774.0,4776.75
27393,2024-05-22 15:19:00,4776.15,4777.1,4774.15,4774.65
27394,2024-05-22 15:20:00,4774.95,4775.0,4772.0,4773.4
27395,2024-05-22 15:21:00,4772.15,4776.0,4771.9,4776.0
27396,2024-05-22 15:22:00,4775.95,4776.0,4775.0,4775.9
27397,2024-05-22 15:23:00,4776.0,4776.0,4771.95,4773.0
27398,2024-05-22 15:24:00,4772.15,4775.8,4771.75,4775.2
27399,2024-05-22 15:25:00,4775.8,4776.95,4774.5,4776.25
27400,2024-05-22 15:26:00,4776.6,4780.0,4776.3,4777.95
27401,2024-05-22 15:27:00,4777.4,4781.65,4776.05,4778.6
27402,2024-05-22 15:28:00,4781.0,4781.65,4776.6,4776.6
27403,2024-05-22 15:29:00,4778.75,4781.0,4774.3,4776.0
27404,2024-05-23 09:14:00,4780.0,4780.0,4780.0,4780.0
27405,2024-05-23 09:15:00,4785.0,4802.2,4785.0,4794.85
27406,2024-05-23 09:16:00,4796.0,4801.95,4789.5,4791.0
27407,2024-05-23 09:17:00,4794.1,4798.6,4785.5,4786.95
27408,2024-05-23 09:18:00,4788.1,4798.0,4786.25,4790.9
27409,2024-05-23 09:19:00,4790.05,4800.0,4789.65,4798.0
27410,2024-05-23 09:20:00,4794.65,4799.0,4790.65,4795.3
27411,2024-05-23 09:21:00,4796.95,4798.0,4787.05,4788.75
27412,2024-05-23 09:22:00,4789.85,4794.65,4786.25,4786.25
27413,2024-05-23 09:23:00,4786.3,4789.95,4780.6,4785.55
27414,2024-05-23 09:24:00,4783.1,4793.4,4782.75,4789.0
27415,2024-05-23 09:25:00,4785.55,4793.95,4785.55,4792.9
27416,2024-05-23 09:26:00,4788.5,4795.0,4788.5,4789.0
27417,2024-05-23 09:27:00,4791.5,4793.05,4788.5,4793.05
27418,2024-05-23 09:28:00,4793.2,4794.5,4790.0,4790.9
27419,2024-05-23 09:29:00,4790.1,4794.4,4789.65,4792.95
27420,2024-05-23 09:30:00,4793.95,4795.85,4791.3,4795.8
27421,2024-05-23 09:31:00,4795.75,4799.95,4794.2,4799.0
27422,2024-05-23 09:32:00,4799.95,4799.95,4795.0,4795.65
27423,2024-05-23 09:33:00,4795.45,4799.95,4794.0,4796.15
27424,2024-05-23 09:34:00,4798.55,4809.0,4798.45,4807.45
27425,2024-05-23 09:35:00,4809.05,4816.0,4805.3,4816.0
27426,2024-05-23 09:36:00,4815.0,4822.05,4815.0,4821.0
27427,2024-05-23 09:37:00,4820.0,4822.2,4815.0,4815.0
27428,2024-05-23 09:38:00,4816.45,4820.0,4811.5,4816.0
27429,2024-05-23 09:39:00,4814.3,4816.0,4806.75,4811.9
27430,2024-05-23 09:40:00,4813.45,4819.45,4809.8,4815.0
27431,2024-05-23 09:41:00,4814.35,4815.0,4810.0,4814.0
27432,2024-05-23 09:42:00,4812.55,4823.5,4810.1,4823.5
27433,2024-05-23 09:43:00,4823.55,4825.0,4816.45,4817.05
27434,2024-05-23 09:44:00,4819.65,4819.65,4814.25,4816.7
27435,2024-05-23 09:45:00,4816.0,4824.85,4815.05,4816.65
27436,2024-05-23 09:46:00,4816.8,4825.0,4815.25,4825.0
27437,2024-05-23 09:47:00,4824.95,4824.95,4818.05,4823.0
27438,2024-05-23 09:48:00,4824.0,4824.9,4821.75,4824.8
27439,2024-05-23 09:49:00,4824.85,4824.9,4822.0,4824.9
27440,2024-05-23 09:50:00,4824.0,4824.0,4811.0,4814.35
27441,2024-05-23 09:51:00,4815.75,4815.8,4809.0,4812.05
27442,2024-05-23 09:52:00,4813.5,4814.45,4808.05,4809.9
27443,2024-05-23 09:53:00,4808.05,4812.0,4807.0,4810.45
27444,2024-05-23 09:54:00,4809.95,4810.0,4801.0,4807.6
27445,2024-05-23 09:55:00,4807.8,4812.0,4806.05,4812.0
27446,2024-05-23 09:56:00,4812.7,4814.0,4809.95,4814.0
27447,2024-05-23 09:57:00,4814.8,4816.15,4811.5,4814.9
27448,2024-05-23 09:58:00,4814.8,4816.75,4813.35,4815.0
27449,2024-05-23 09:59:00,4814.1,4820.0,4812.9,4817.7
27450,2024-05-23 10:00:00,4818.8,4819.55,4811.6,4817.1
27451,2024-05-23 10:01:00,4814.35,4814.7,4812.05,4814.0
27452,2024-05-23 10:02:00,4812.65,4817.35,4812.05,4815.3
27453,2024-05-23 10:03:00,4813.1,4817.0,4813.1,4816.15
27454,2024-05-23 10:04:00,4814.9,4817.05,4813.0,4815.85
27455,2024-05-23 10:05:00,4813.5,4816.15,4813.0,4816.15
27456,2024-05-23 10:06:00,4814.95,4816.05,4813.05,4814.9
27457,2024-05-23 10:07:00,4814.05,4814.05,4811.0,4813.0
27458,2024-05-23 10:08:00,4813.05,4814.7,4810.6,4813.85
27459,2024-05-23 10:09:00,4811.5,4812.65,4804.0,4806.55
27460,2024-05-23 10:10:00,4805.45,4806.55,4804.0,4806.55
27461,2024-05-23 10:11:00,4804.9,4812.0,4804.05,4811.0
27462,2024-05-23 10:12:00,4811.55,4811.55,4804.85,4805.3
27463,2024-05-23 10:13:00,4805.15,4806.6,4803.45,4806.0
27464,2024-05-23 10:14:00,4805.25,4806.0,4799.85,4804.8
27465,2024-05-23 10:15:00,4803.55,4805.0,4802.4,4804.55
27466,2024-05-23 10:16:00,4804.1,4805.0,4800.95,4805.0
27467,2024-05-23 10:17:00,4806.25,4809.4,4804.6,4808.9
27468,2024-05-23 10:18:00,4808.0,4808.9,4805.0,4807.95
27469,2024-05-23 10:19:00,4806.65,4808.9,4805.7,4806.3
27470,2024-05-23 10:20:00,4806.65,4815.0,4806.45,4814.9
27471,2024-05-23 10:21:00,4814.85,4817.2,4813.5,4816.9
27472,2024-05-23 10:22:00,4815.7,4816.9,4812.95,4815.9
27473,2024-05-23 10:23:00,4815.1,4815.9,4812.05,4814.5
27474,2024-05-23 10:24:00,4813.65,4817.2,4811.0,4817.2
27475,2024-05-23 10:25:00,4816.35,4816.9,4814.95,4816.55
27476,2024-05-23 10:26:00,4815.35,4816.75,4812.2,4812.25
27477,2024-05-23 10:27:00,4813.2,4814.2,4810.2,4810.5
27478,2024-05-23 10:28:00,4810.45,4812.85,4810.2,4810.8
27479,2024-05-23 10:29:00,4810.45,4812.0,4810.45,4811.85
27480,2024-05-23 10:30:00,4811.8,4811.9,4807.0,4808.8
27481,2024-05-23 10:31:00,4807.3,4808.7,4805.45,4808.7
27482,2024-05-23 10:32:00,4808.5,4808.8,4805.2,4808.2
27483,2024-05-23 10:33:00,4805.75,4808.0,4805.0,4807.6
27484,2024-05-23 10:34:00,4806.45,4807.6,4805.0,4805.0
27485,2024-05-23 10:35:00,4804.7,4809.7,4803.5,4808.25
27486,2024-05-23 10:36:00,4809.0,4813.0,4806.5,4812.0
27487,2024-05-23 10:37:00,4811.65,4813.55,4810.35,4812.25
27488,2024-05-23 10:38:00,4812.2,4815.0,4812.1,4813.5
27489,2024-05-23 10:39:00,4814.7,4815.0,4812.8,4812.8
27490,2024-05-23 10:40:00,4812.65,4814.55,4812.15,4813.7
27491,2024-05-23 10:41:00,4812.85,4818.8,4812.25,4818.8
27492,2024-05-23 10:42:00,4818.85,4818.85,4809.75,4809.75
27493,2024-05-23 10:43:00,4810.25,4811.45,4806.5,4809.95
27494,2024-05-23 10:44:00,4809.05,4809.05,4806.5,4806.95
27495,2024-05-23 10:45:00,4807.65,4810.0,4806.5,4808.65
27496,2024-05-23 10:46:00,4808.1,4814.95,4807.35,4813.35
27497,2024-05-23 10:47:00,4814.4,4815.15,4812.05,4815.15
27498,2024-05-23 10:48:00,4813.5,4816.9,4810.95,4816.9
27499,2024-05-23 10:49:00,4815.95,4821.0,4813.7,4819.85
27500,2024-05-23 10:50:00,4819.5,4824.0,4819.1,4822.0
27501,2024-05-23 10:51:00,4821.05,4823.95,4820.0,4821.2
27502,2024-05-23 10:52:00,4820.05,4824.75,4820.0,4824.3
27503,2024-05-23 10:53:00,4822.9,4824.25,4821.45,4824.0
27504,2024-05-23 10:54:00,4822.2,4825.0,4820.35,4821.95
27505,2024-05-23 10:55:00,4820.4,4829.9,4819.1,4829.25
27506,2024-05-23 10:56:00,4829.5,4834.0,4828.55,4831.3
27507,2024-05-23 10:57:00,4833.55,4833.95,4830.0,4831.0
27508,2024-05-23 10:58:00,4830.5,4830.5,4826.25,4828.05
27509,2024-05-23 10:59:00,4826.45,4829.9,4826.0,4828.0
27510,2024-05-23 11:00:00,4828.75,4830.8,4828.05,4830.8
27511,2024-05-23 11:01:00,4829.3,4830.75,4827.05,4829.4
27512,2024-05-23 11:02:00,4827.05,4827.25,4822.8,4825.1
27513,2024-05-23 11:03:00,4826.35,4830.8,4825.0,4830.8
27514,2024-05-23 11:04:00,4830.45,4834.95,4830.45,4832.05
27515,2024-05-23 11:05:00,4832.0,4834.0,4830.8,4831.65
27516,2024-05-23 11:06:00,4831.2,4831.7,4827.4,4829.0
27517,2024-05-23 11:07:00,4828.35,4828.35,4822.9,4826.0
27518,2024-05-23 11:08:00,4824.45,4827.65,4824.45,4825.75
27519,2024-05-23 11:09:00,4826.25,4828.0,4824.55,4826.2
27520,2024-05-23 11:10:00,4825.0,4830.0,4825.0,4828.6
27521,2024-05-23 11:11:00,4829.25,4833.4,4828.0,4833.4
27522,2024-05-23 11:12:00,4832.0,4833.45,4830.25,4833.25
27523,2024-05-23 11:13:00,4832.0,4833.05,4830.1,4832.5
27524,2024-05-23 11:14:00,4830.25,4832.0,4827.0,4828.0
27525,2024-05-23 11:15:00,4827.5,4831.0,4826.7,4831.0
27526,2024-05-23 11:16:00,4830.0,4832.3,4829.75,4832.3
27527,2024-05-23 11:17:00,4832.6,4833.0,4832.1,4833.0
27528,2024-05-23 11:18:00,4832.35,4834.0,4830.0,4834.0
27529,2024-05-23 11:19:00,4832.8,4835.0,4831.3,4834.65
27530,2024-05-23 11:20:00,4833.05,4835.0,4833.0,4833.15
27531,2024-05-23 11:21:00,4833.1,4833.15,4831.25,4833.15
27532,2024-05-23 11:22:00,4832.55,4833.15,4831.2,4831.25
27533,2024-05-23 11:23:00,4831.3,4831.3,4827.45,4827.45
27534,2024-05-23 11:24:00,4828.35,4829.95,4826.25,4827.45
27535,2024-05-23 11:25:00,4828.15,4829.7,4827.45,4829.3
27536,2024-05-23 11:26:00,4826.95,4829.3,4825.85,4825.85
27537,2024-05-23 11:27:00,4827.45,4828.5,4825.7,4827.2
27538,2024-05-23 11:28:00,4827.65,4828.3,4827.2,4827.45
27539,2024-05-23 11:29:00,4827.5,4829.0,4827.5,4829.0
27540,2024-05-23 11:30:00,4828.6,4834.5,4828.6,4834.5
27541,2024-05-23 11:31:00,4832.5,4838.7,4832.5,4835.7
27542,2024-05-23 11:32:00,4836.0,4836.45,4832.9,4835.3
27543,2024-05-23 11:33:00,4834.65,4835.3,4833.8,4835.3
27544,2024-05-23 11:34:00,4835.5,4837.45,4835.3,4835.95
27545,2024-05-23 11:35:00,4835.3,4836.2,4835.05,4835.8
27546,2024-05-23 11:36:00,4836.0,4837.7,4835.0,4835.05
27547,2024-05-23 11:37:00,4836.2,4837.8,4835.05,4837.5
27548,2024-05-23 11:38:00,4837.45,4839.0,4835.75,4837.95
27549,2024-05-23 11:39:00,4838.0,4839.9,4837.55,4838.75
27550,2024-05-23 11:40:00,4839.15,4840.0,4837.0,4838.1
27551,2024-05-23 11:41:00,4837.0,4837.0,4831.6,4836.9
27552,2024-05-23 11:42:00,4836.05,4839.0,4835.45,4839.0
27553,2024-05-23 11:43:00,4836.65,4839.0,4836.55,4838.0
27554,2024-05-23 11:44:00,4837.25,4838.0,4836.2,4836.4
27555,2024-05-23 11:45:00,4836.95,4839.85,4836.4,4837.8
27556,2024-05-23 11:46:00,4837.75,4839.0,4836.2,4838.0
27557,2024-05-23 11:47:00,4837.25,4838.8,4836.4,4838.0
27558,2024-05-23 11:48:00,4837.1,4838.0,4836.5,4838.0
27559,2024-05-23 11:49:00,4837.4,4839.95,4836.5,4839.0
27560,2024-05-23 11:50:00,4840.0,4840.0,4836.5,4836.95
27561,2024-05-23 11:51:00,4837.4,4839.85,4837.4,4838.1
27562,2024-05-23 11:52:00,4838.0,4838.1,4835.3,4835.3
27563,2024-05-23 11:53:00,4835.75,4837.0,4835.0,4836.5
27564,2024-05-23 11:54:00,4835.0,4835.0,4832.2,4832.2
27565,2024-05-23 11:55:00,4833.55,4834.0,4831.0,4832.95
27566,2024-05-23 11:56:00,4830.5,4832.45,4829.15,4830.0
27567,2024-05-23 11:57:00,4830.15,4833.65,4830.05,4833.6
27568,2024-05-23 11:58:00,4833.5,4836.0,4831.8,4836.0
27569,2024-05-23 11:59:00,4835.65,4837.35,4833.7,4837.0
27570,2024-05-23 12:00:00,4836.15,4839.1,4834.7,4836.8
27571,2024-05-23 12:01:00,4837.6,4838.05,4835.0,4835.2
27572,2024-05-23 12:02:00,4835.15,4839.7,4835.15,4836.2
27573,2024-05-23 12:03:00,4836.15,4839.95,4835.0,4838.2
27574,2024-05-23 12:04:00,4836.4,4839.35,4835.0,4836.35
27575,2024-05-23 12:05:00,4835.2,4835.2,4834.0,4834.0
27576,2024-05-23 12:06:00,4834.3,4836.45,4832.1,4834.95
27577,2024-05-23 12:07:00,4833.1,4835.0,4832.8,4835.0
27578,2024-05-23 12:08:00,4834.0,4834.0,4831.1,4831.1
27579,2024-05-23 12:09:00,4830.5,4830.55,4825.8,4827.6
27580,2024-05-23 12:10:00,4828.65,4833.7,4825.75,4833.7
27581,2024-05-23 12:11:00,4833.0,4837.2,4831.7,4835.05
27582,2024-05-23 12:12:00,4836.15,4837.45,4834.25,4837.35
27583,2024-05-23 12:13:00,4835.05,4839.2,4835.0,4839.2
27584,2024-05-23 12:14:00,4837.95,4839.0,4836.0,4837.9
27585,2024-05-23 12:15:00,4836.95,4839.15,4835.5,4838.8
27586,2024-05-23 12:16:00,4837.6,4838.45,4833.55,4835.4
27587,2024-05-23 12:17:00,4834.5,4835.05,4830.6,4830.6
27588,2024-05-23 12:18:00,4831.65,4835.0,4830.9,4834.65
27589,2024-05-23 12:19:00,4833.15,4835.35,4833.15,4833.65
27590,2024-05-23 12:20:00,4834.3,4834.5,4833.1,4833.45
27591,2024-05-23 12:21:00,4834.5,4838.6,4833.65,4838.6
27592,2024-05-23 12:22:00,4837.3,4842.0,4837.3,4839.95
27593,2024-05-23 12:23:00,4839.45,4845.0,4838.3,4844.15
27594,2024-05-23 12:24:00,4842.35,4848.0,4841.95,4845.35
27595,2024-05-23 12:25:00,4845.3,4848.0,4844.0,4846.0
27596,2024-05-23 12:26:00,4845.85,4847.05,4838.1,4842.05
27597,2024-05-23 12:27:00,4843.0,4847.9,4843.0,4845.45
27598,2024-05-23 12:28:00,4845.5,4847.0,4844.35,4845.1
27599,2024-05-23 12:29:00,4843.65,4846.0,4842.35,4845.6
27600,2024-05-23 12:30:00,4845.65,4847.25,4844.25,4844.8
27601,2024-05-23 12:31:00,4845.7,4846.3,4839.1,4845.0
27602,2024-05-23 12:32:00,4844.55,4846.3,4842.25,4843.1
27603,2024-05-23 12:33:00,4843.0,4845.0,4842.8,4843.8
27604,2024-05-23 12:34:00,4844.1,4845.9,4840.45,4843.0
27605,2024-05-23 12:35:00,4843.05,4846.65,4843.05,4844.0
27606,2024-05-23 12:36:00,4842.1,4844.5,4840.0,4842.3
27607,2024-05-23 12:37:00,4842.05,4845.35,4841.55,4845.0
27608,2024-05-23 12:38:00,4843.0,4847.3,4843.0,4845.3
27609,2024-05-23 12:39:00,4845.35,4848.9,4845.0,4846.4
27610,2024-05-23 12:40:00,4847.1,4848.1,4845.25,4846.8
27611,2024-05-23 12:41:00,4847.7,4847.7,4844.05,4845.15
27612,2024-05-23 12:42:00,4845.45,4847.35,4845.0,4846.35
27613,2024-05-23 12:43:00,4846.75,4848.0,4845.6,4848.0
27614,2024-05-23 12:44:00,4846.05,4847.4,4845.0,4845.2
27615,2024-05-23 12:45:00,4847.2,4847.2,4844.0,4845.95
27616,2024-05-23 12:46:00,4845.45,4847.35,4845.0,4845.0
27617,2024-05-23 12:47:00,4845.8,4847.35,4845.0,4845.15
27618,2024-05-23 12:48:00,4845.05,4847.45,4845.0,4845.15
27619,2024-05-23 12:49:00,4846.1,4847.45,4845.15,4845.75
27620,2024-05-23 12:50:00,4845.35,4845.95,4845.0,4845.05
27621,2024-05-23 12:51:00,4845.0,4846.4,4845.0,4845.7
27622,2024-05-23 12:52:00,4845.0,4845.45,4835.45,4837.55
27623,2024-05-23 12:53:00,4836.1,4838.05,4834.1,4837.0
27624,2024-05-23 12:54:00,4836.5,4839.45,4836.5,4836.75
27625,2024-05-23 12:55:00,4837.65,4840.25,4836.0,4840.1
27626,2024-05-23 12:56:00,4838.7,4840.2,4837.9,4838.0
27627,2024-05-23 12:57:00,4837.9,4840.0,4837.05,4838.15
27628,2024-05-23 12:58:00,4838.05,4840.45,4836.65,4838.1
27629,2024-05-23 12:59:00,4838.9,4839.7,4838.2,4838.2
27630,2024-05-23 13:00:00,4838.85,4839.5,4838.1,4838.45
27631,2024-05-23 13:01:00,4838.25,4838.4,4832.5,4832.5
27632,2024-05-23 13:02:00,4834.4,4835.65,4833.65,4833.65
27633,2024-05-23 13:03:00,4833.0,4835.05,4831.1,4832.6
27634,2024-05-23 13:04:00,4831.1,4831.1,4825.45,4826.3
27635,2024-05-23 13:05:00,4826.0,4828.85,4825.5,4827.1
27636,2024-05-23 13:06:00,4827.3,4828.85,4826.1,4826.85
27637,2024-05-23 13:07:00,4826.5,4829.1,4825.65,4826.2
27638,2024-05-23 13:08:00,4827.05,4829.1,4826.7,4826.7
27639,2024-05-23 13:09:00,4828.35,4829.0,4825.25,4826.25
27640,2024-05-23 13:10:00,4827.0,4828.65,4826.0,4826.0
27641,2024-05-23 13:11:00,4825.25,4826.25,4820.35,4820.35
27642,2024-05-23 13:12:00,4820.2,4820.2,4816.0,4816.45
27643,2024-05-23 13:13:00,4817.0,4817.0,4813.0,4816.8
27644,2024-05-23 13:14:00,4813.15,4820.9,4813.15,4819.85
27645,2024-05-23 13:15:00,4818.4,4819.1,4811.55,4812.45
27646,2024-05-23 13:16:00,4811.75,4815.4,4809.35,4812.8
27647,2024-05-23 13:17:00,4812.35,4815.1,4810.45,4812.8
27648,2024-05-23 13:18:00,4813.4,4815.0,4810.5,4813.55
27649,2024-05-23 13:19:00,4813.85,4815.8,4810.5,4815.25
27650,2024-05-23 13:20:00,4814.7,4818.8,4812.65,4816.0
27651,2024-05-23 13:21:00,4815.0,4815.85,4811.0,4812.1
27652,2024-05-23 13:22:00,4812.05,4814.0,4809.0,4812.7
27653,2024-05-23 13:23:00,4812.75,4814.0,4810.55,4810.65
27654,2024-05-23 13:24:00,4810.55,4813.95,4810.05,4813.0
27655,2024-05-23 13:25:00,4811.25,4817.25,4811.15,4817.25
27656,2024-05-23 13:26:00,4815.05,4826.55,4815.05,4824.2
27657,2024-05-23 13:27:00,4825.55,4827.85,4820.1,4820.45
27658,2024-05-23 13:28:00,4821.45,4824.9,4819.35,4822.05
27659,2024-05-23 13:29:00,4822.85,4823.8,4819.55,4819.55
27660,2024-05-23 13:30:00,4819.3,4820.1,4815.0,4816.0
27661,2024-05-23 13:31:00,4816.75,4817.6,4815.0,4815.35
27662,2024-05-23 13:32:00,4815.2,4817.85,4815.0,4815.5
27663,2024-05-23 13:33:00,4815.3,4816.95,4811.25,4811.25
27664,2024-05-23 13:34:00,4811.3,4816.45,4811.25,4813.15
27665,2024-05-23 13:35:00,4813.2,4816.1,4812.05,4812.05
27666,2024-05-23 13:36:00,4812.0,4814.45,4811.5,4812.6
27667,2024-05-23 13:37:00,4812.55,4814.75,4811.5,4812.65
27668,2024-05-23 13:38:00,4812.0,4814.9,4812.0,4813.5
27669,2024-05-23 13:39:00,4812.55,4814.9,4811.0,4811.2
27670,2024-05-23 13:40:00,4811.0,4813.1,4810.0,4812.0
27671,2024-05-23 13:41:00,4811.85,4815.65,4810.05,4815.25
27672,2024-05-23 13:42:00,4815.3,4817.4,4811.1,4812.5
27673,2024-05-23 13:43:00,4812.3,4814.3,4811.0,4812.25
27674,2024-05-23 13:44:00,4812.0,4813.45,4808.85,4809.45
27675,2024-05-23 13:45:00,4809.65,4815.4,4809.0,4810.5
27676,2024-05-23 13:46:00,4810.6,4814.7,4809.55,4814.15
27677,2024-05-23 13:47:00,4811.2,4815.05,4811.2,4811.6
27678,2024-05-23 13:48:00,4811.7,4816.15,4811.1,4812.05
27679,2024-05-23 13:49:00,4812.1,4822.25,4812.05,4818.8
27680,2024-05-23 13:50:00,4819.85,4821.95,4816.85,4820.0
27681,2024-05-23 13:51:00,4820.9,4825.0,4819.6,4819.8
27682,2024-05-23 13:52:00,4821.8,4822.55,4816.6,4819.8
27683,2024-05-23 13:53:00,4819.45,4822.7,4817.15,4819.2
27684,2024-05-23 13:54:00,4819.25,4823.4,4819.1,4823.1
27685,2024-05-23 13:55:00,4820.7,4823.85,4818.6,4820.15
27686,2024-05-23 13:56:00,4819.85,4821.25,4817.6,4818.1
27687,2024-05-23 13:57:00,4818.45,4821.0,4815.2,4816.6
27688,2024-05-23 13:58:00,4816.75,4818.4,4813.15,4815.1
27689,2024-05-23 13:59:00,4815.25,4818.5,4812.7,4814.35
27690,2024-05-23 14:00:00,4814.95,4818.25,4814.25,4815.9
27691,2024-05-23 14:01:00,4819.0,4819.0,4814.5,4816.45
27692,2024-05-23 14:02:00,4816.25,4820.0,4815.25,4817.3
27693,2024-05-23 14:03:00,4817.0,4819.7,4816.0,4817.55
27694,2024-05-23 14:04:00,4817.2,4819.05,4815.0,4818.5
27695,2024-05-23 14:05:00,4818.3,4826.2,4817.15,4823.45
27696,2024-05-23 14:06:00,4823.05,4824.05,4822.15,4823.2
27697,2024-05-23 14:07:00,4823.35,4823.55,4822.0,4822.25
27698,2024-05-23 14:08:00,4823.55,4823.55,4822.0,4822.6
27699,2024-05-23 14:09:00,4822.0,4823.45,4821.95,4822.65
27700,2024-05-23 14:10:00,4822.35,4823.35,4821.2,4822.0
27701,2024-05-23 14:11:00,4822.05,4822.75,4822.0,4822.3
27702,2024-05-23 14:12:00,4822.4,4822.75,4822.0,4822.0
27703,2024-05-23 14:13:00,4822.2,4833.9,4822.1,4829.25
27704,2024-05-23 14:14:00,4829.65,4831.05,4827.55,4831.0
27705,2024-05-23 14:15:00,4830.4,4834.75,4827.55,4827.8
27706,2024-05-23 14:16:00,4831.35,4834.8,4829.6,4830.0
27707,2024-05-23 14:17:00,4828.2,4833.0,4828.2,4830.3
27708,2024-05-23 14:18:00,4830.65,4833.0,4829.65,4831.3
27709,2024-05-23 14:19:00,4832.1,4832.9,4829.8,4832.0
27710,2024-05-23 14:20:00,4831.65,4834.45,4831.0,4833.0
27711,2024-05-23 14:21:00,4833.35,4833.9,4831.15,4832.15
27712,2024-05-23 14:22:00,4832.6,4833.0,4830.0,4830.15
27713,2024-05-23 14:23:00,4830.0,4832.6,4827.85,4827.85
27714,2024-05-23 14:24:00,4826.85,4829.6,4823.5,4827.85
27715,2024-05-23 14:25:00,4827.65,4837.0,4827.55,4835.5
27716,2024-05-23 14:26:00,4835.55,4838.6,4835.55,4838.15
27717,2024-05-23 14:27:00,4838.35,4839.7,4838.1,4838.45
27718,2024-05-23 14:28:00,4838.35,4838.45,4835.5,4836.85
27719,2024-05-23 14:29:00,4837.85,4839.0,4828.05,4829.6
27720,2024-05-23 14:30:00,4828.9,4834.7,4824.55,4828.0
27721,2024-05-23 14:31:00,4828.05,4831.05,4826.65,4826.65
27722,2024-05-23 14:32:00,4825.8,4828.35,4823.55,4826.05
27723,2024-05-23 14:33:00,4826.95,4830.0,4825.4,4828.05
27724,2024-05-23 14:34:00,4828.1,4830.4,4824.5,4824.5
27725,2024-05-23 14:35:00,4824.7,4826.45,4822.5,4822.85
27726,2024-05-23 14:36:00,4822.4,4824.5,4822.0,4822.1
27727,2024-05-23 14:37:00,4822.0,4822.3,4820.0,4822.0
27728,2024-05-23 14:38:00,4822.05,4829.95,4822.0,4823.3
27729,2024-05-23 14:39:00,4823.6,4824.95,4822.05,4823.2
27730,2024-05-23 14:40:00,4823.6,4826.9,4822.1,4826.9
27731,2024-05-23 14:41:00,4825.0,4828.75,4823.05,4826.6
27732,2024-05-23 14:42:00,4828.0,4828.75,4824.7,4828.75
27733,2024-05-23 14:43:00,4826.45,4828.1,4825.15,4826.4
27734,2024-05-23 14:44:00,4827.9,4830.0,4825.7,4828.05
27735,2024-05-23 14:45:00,4828.0,4830.0,4827.0,4827.1
27736,2024-05-23 14:46:00,4827.25,4829.9,4825.35,4829.45
27737,2024-05-23 14:47:00,4828.3,4829.1,4825.9,4825.9
27738,2024-05-23 14:48:00,4827.7,4829.9,4825.45,4825.95
27739,2024-05-23 14:49:00,4827.5,4829.15,4825.95,4826.85
27740,2024-05-23 14:50:00,4826.7,4826.7,4823.35,4824.1
27741,2024-05-23 14:51:00,4824.5,4827.45,4824.5,4824.5
27742,2024-05-23 14:52:00,4825.25,4828.0,4823.75,4826.55
27743,2024-05-23 14:53:00,4824.75,4828.7,4824.5,4827.9
27744,2024-05-23 14:54:00,4825.8,4828.0,4825.0,4826.65
27745,2024-05-23 14:55:00,4826.55,4829.15,4824.8,4825.65
27746,2024-05-23 14:56:00,4826.8,4828.0,4824.0,4824.75
27747,2024-05-23 14:57:00,4826.25,4827.95,4824.1,4825.35
27748,2024-05-23 14:58:00,4825.75,4825.75,4822.5,4824.15
27749,2024-05-23 14:59:00,4823.45,4828.6,4822.0,4827.7
27750,2024-05-23 15:00:00,4826.1,4826.45,4825.75,4825.75
27751,2024-05-23 15:01:00,4826.0,4827.6,4825.25,4825.65
27752,2024-05-23 15:02:00,4825.4,4827.45,4824.2,4824.2
27753,2024-05-23 15:03:00,4824.5,4825.0,4822.4,4822.4
27754,2024-05-23 15:04:00,4823.75,4824.6,4822.4,4824.0
27755,2024-05-23 15:05:00,4822.45,4823.0,4822.0,4822.25
27756,2024-05-23 15:06:00,4822.0,4825.0,4822.0,4823.25
27757,2024-05-23 15:07:00,4824.1,4824.8,4822.4,4824.5
27758,2024-05-23 15:08:00,4823.05,4827.7,4822.9,4825.55
27759,2024-05-23 15:09:00,4825.85,4836.0,4825.85,4834.5
27760,2024-05-23 15:10:00,4832.75,4834.6,4832.45,4834.6
27761,2024-05-23 15:11:00,4834.15,4836.0,4833.7,4835.0
27762,2024-05-23 15:12:00,4835.1,4835.7,4833.55,4833.65
27763,2024-05-23 15:13:00,4833.8,4835.35,4833.0,4834.95
27764,2024-05-23 15:14:00,4834.8,4835.05,4833.0,4833.0
27765,2024-05-23 15:15:00,4832.5,4832.85,4828.55,4832.85
27766,2024-05-23 15:16:00,4832.3,4833.95,4830.65,4833.9
27767,2024-05-23 15:17:00,4831.15,4833.5,4831.15,4833.0
27768,2024-05-23 15:18:00,4831.5,4834.0,4831.3,4834.0
27769,2024-05-23 15:19:00,4833.8,4836.0,4833.05,4834.0
27770,2024-05-23 15:20:00,4833.85,4835.6,4833.1,4835.6
27771,2024-05-23 15:21:00,4833.45,4835.4,4833.4,4834.4
27772,2024-05-23 15:22:00,4834.1,4834.1,4833.3,4833.35
27773,2024-05-23 15:23:00,4833.4,4835.15,4833.05,4833.7
27774,2024-05-23 15:24:00,4833.75,4835.45,4833.15,4833.2
27775,2024-05-23 15:25:00,4833.4,4834.95,4833.15,4833.3
27776,2024-05-23 15:26:00,4833.8,4833.8,4831.25,4831.25
27777,2024-05-23 15:27:00,4831.8,4831.9,4830.0,4830.0
27778,2024-05-23 15:28:00,4831.0,4831.0,4828.5,4830.0
27779,2024-05-23 15:29:00,4829.6,4834.5,4828.55,4832.0
27780,2024-05-24 09:14:00,4843.0,4843.0,4843.0,4843.0
27781,2024-05-24 09:15:00,4845.0,4845.0,4830.7,4839.7
27782,2024-05-24 09:16:00,4837.5,4849.0,4836.95,4849.0
27783,2024-05-24 09:17:00,4846.5,4849.85,4843.25,4846.9
27784,2024-05-24 09:18:00,4849.0,4849.9,4846.0,4848.4
27785,2024-05-24 09:19:00,4848.9,4849.95,4848.3,4849.0
27786,2024-05-24 09:20:00,4849.95,4849.95,4845.0,4847.35
27787,2024-05-24 09:21:00,4845.0,4849.45,4842.35,4846.8
27788,2024-05-24 09:22:00,4848.85,4849.0,4846.8,4847.0
27789,2024-05-24 09:23:00,4848.9,4849.0,4845.5,4848.0
27790,2024-05-24 09:24:00,4848.55,4848.55,4841.55,4843.15
27791,2024-05-24 09:25:00,4845.2,4845.2,4838.3,4843.85
27792,2024-05-24 09:26:00,4843.45,4844.7,4842.1,4844.65
27793,2024-05-24 09:27:00,4844.6,4846.2,4843.3,4846.2
27794,2024-05-24 09:28:00,4845.0,4847.95,4845.0,4847.0
27795,2024-05-24 09:29:00,4846.95,4847.0,4843.3,4846.3
27796,2024-05-24 09:30:00,4846.0,4847.45,4844.4,4846.8
27797,2024-05-24 09:31:00,4845.7,4847.25,4843.85,4845.6
27798,2024-05-24 09:32:00,4846.95,4847.0,4843.55,4844.25
27799,2024-05-24 09:33:00,4844.4,4845.0,4842.05,4844.3
27800,2024-05-24 09:34:00,4844.0,4844.8,4841.9,4844.0
27801,2024-05-24 09:35:00,4844.25,4846.2,4843.3,4844.9
27802,2024-05-24 09:36:00,4843.5,4847.9,4843.5,4847.0
27803,2024-05-24 09:37:00,4846.95,4846.95,4844.9,4846.95
27804,2024-05-24 09:38:00,4846.9,4847.3,4843.8,4844.15
27805,2024-05-24 09:39:00,4846.0,4846.1,4840.1,4841.25
27806,2024-05-24 09:40:00,4842.0,4842.0,4835.5,4838.8
27807,2024-05-24 09:41:00,4837.0,4839.0,4836.35,4838.8
27808,2024-05-24 09:42:00,4839.6,4841.05,4837.5,4839.6
27809,2024-05-24 09:43:00,4838.95,4841.7,4838.0,4838.2
27810,2024-05-24 09:44:00,4840.0,4841.4,4838.2,4840.85
27811,2024-05-24 09:45:00,4841.35,4847.0,4839.65,4845.7
27812,2024-05-24 09:46:00,4845.0,4848.0,4845.0,4847.75
27813,2024-05-24 09:47:00,4846.8,4848.75,4846.25,4848.75
27814,2024-05-24 09:48:00,4848.9,4849.95,4847.25,4849.95
27815,2024-05-24 09:49:00,4849.4,4854.0,4847.1,4853.0
27816,2024-05-24 09:50:00,4854.0,4854.0,4851.25,4852.5
27817,2024-05-24 09:51:00,4851.9,4854.6,4846.9,4849.4
27818,2024-05-24 09:52:00,4849.35,4849.35,4841.4,4841.4
27819,2024-05-24 09:53:00,4842.1,4842.9,4840.8,4841.0
27820,2024-05-24 09:54:00,4842.25,4842.6,4840.05,4840.15
27821,2024-05-24 09:55:00,4840.05,4842.5,4840.0,4841.05
27822,2024-05-24 09:56:00,4840.05,4844.15,4840.0,4844.1
27823,2024-05-24 09:57:00,4843.1,4843.3,4840.0,4842.25
27824,2024-05-24 09:58:00,4840.0,4841.9,4836.3,4836.3
27825,2024-05-24 09:59:00,4838.3,4840.95,4836.3,4840.95
27826,2024-05-24 10:00:00,4838.0,4839.35,4833.0,4834.0
27827,2024-05-24 10:01:00,4833.0,4834.65,4831.7,4832.75
27828,2024-05-24 10:02:00,4831.7,4831.7,4825.0,4825.0
27829,2024-05-24 10:03:00,4827.05,4829.8,4824.5,4825.0
27830,2024-05-24 10:04:00,4827.3,4827.65,4822.7,4824.5
27831,2024-05-24 10:05:00,4826.7,4827.35,4824.6,4826.1
27832,2024-05-24 10:06:00,4826.4,4827.0,4821.5,4824.6
27833,2024-05-24 10:07:00,4826.9,4829.2,4825.15,4828.25
27834,2024-05-24 10:08:00,4826.0,4828.2,4825.0,4825.7
27835,2024-05-24 10:09:00,4828.25,4834.95,4828.25,4834.95
27836,2024-05-24 10:10:00,4837.0,4843.2,4837.0,4843.15
27837,2024-05-24 10:11:00,4841.4,4843.4,4841.4,4841.4
27838,2024-05-24 10:12:00,4841.45,4843.45,4839.6,4842.0
27839,2024-05-24 10:13:00,4841.85,4841.85,4834.55,4834.55
27840,2024-05-24 10:14:00,4836.55,4836.9,4831.25,4834.55
27841,2024-05-24 10:15:00,4834.05,4837.35,4833.7,4834.55
27842,2024-05-24 10:16:00,4834.0,4836.4,4834.0,4836.4
27843,2024-05-24 10:17:00,4836.0,4836.7,4834.1,4835.0
27844,2024-05-24 10:18:00,4836.3,4836.45,4834.0,4834.0
27845,2024-05-24 10:19:00,4833.75,4834.8,4831.7,4832.85
27846,2024-05-24 10:20:00,4834.5,4834.9,4832.4,4834.85
27847,2024-05-24 10:21:00,4833.05,4834.85,4832.55,4832.9
27848,2024-05-24 10:22:00,4835.0,4835.9,4832.85,4835.9
27849,2024-05-24 10:23:00,4836.45,4844.75,4836.45,4843.0
27850,2024-05-24 10:24:00,4841.4,4843.0,4841.4,4843.0
27851,2024-05-24 10:25:00,4841.4,4843.0,4841.4,4841.4
27852,2024-05-24 10:26:00,4842.9,4843.0,4841.4,4841.4
27853,2024-05-24 10:27:00,4840.0,4840.75,4838.0,4838.0
27854,2024-05-24 10:28:00,4835.4,4838.85,4835.4,4837.3
27855,2024-05-24 10:29:00,4835.7,4847.0,4835.7,4845.0
27856,2024-05-24 10:30:00,4847.0,4847.0,4845.7,4846.55
27857,2024-05-24 10:31:00,4849.0,4850.85,4848.3,4848.75
27858,2024-05-24 10:32:00,4850.0,4850.0,4848.3,4848.35
27859,2024-05-24 10:33:00,4848.95,4850.0,4848.35,4850.0
27860,2024-05-24 10:34:00,4849.0,4849.65,4849.0,4849.2
27861,2024-05-24 10:35:00,4849.5,4849.5,4849.0,4849.25
27862,2024-05-24 10:36:00,4849.0,4849.5,4848.3,4848.3
27863,2024-05-24 10:37:00,4849.45,4849.45,4845.75,4845.75
27864,2024-05-24 10:38:00,4847.25,4847.35,4845.0,4847.35
27865,2024-05-24 10:39:00,4846.05,4848.0,4846.0,4846.8
27866,2024-05-24 10:40:00,4845.8,4847.0,4845.8,4845.9
27867,2024-05-24 10:41:00,4847.0,4847.0,4843.9,4844.7
27868,2024-05-24 10:42:00,4845.85,4845.85,4844.75,4844.95
27869,2024-05-24 10:43:00,4845.8,4847.95,4845.0,4847.85
27870,2024-05-24 10:44:00,4847.6,4848.0,4846.8,4847.05
27871,2024-05-24 10:45:00,4846.8,4847.85,4843.5,4847.45
27872,2024-05-24 10:46:00,4847.25,4847.5,4845.0,4845.0
27873,2024-05-24 10:47:00,4846.2,4846.2,4844.95,4845.7
27874,2024-05-24 10:48:00,4844.05,4845.85,4844.0,4844.95
27875,2024-05-24 10:49:00,4844.1,4845.6,4844.1,4845.0
27876,2024-05-24 10:50:00,4845.35,4847.5,4845.25,4845.6
27877,2024-05-24 10:51:00,4845.75,4845.75,4842.7,4843.9
27878,2024-05-24 10:52:00,4845.5,4846.85,4845.0,4845.05
27879,2024-05-24 10:53:00,4847.5,4847.85,4845.0,4847.85
27880,2024-05-24 10:54:00,4847.05,4848.0,4845.85,4848.0
27881,2024-05-24 10:55:00,4846.8,4849.3,4845.4,4847.15
27882,2024-05-24 10:56:00,4849.45,4849.45,4846.6,4847.0
27883,2024-05-24 10:57:00,4848.05,4848.05,4846.3,4846.8
27884,2024-05-24 10:58:00,4848.0,4849.0,4846.05,4848.0
27885,2024-05-24 10:59:00,4846.0,4848.0,4846.0,4848.0
27886,2024-05-24 11:00:00,4846.8,4848.0,4845.0,4846.8
27887,2024-05-24 11:01:00,4847.95,4849.0,4846.8,4848.0
27888,2024-05-24 11:02:00,4849.0,4849.4,4848.05,4849.4
27889,2024-05-24 11:03:00,4849.9,4851.95,4847.15,4848.05
27890,2024-05-24 11:04:00,4850.9,4851.7,4849.0,4851.7
27891,2024-05-24 11:05:00,4850.85,4852.0,4848.75,4851.95
27892,2024-05-24 11:06:00,4851.55,4851.55,4850.05,4851.4
27893,2024-05-24 11:07:00,4851.55,4853.85,4850.65,4852.95
27894,2024-05-24 11:08:00,4851.9,4854.0,4851.9,4853.9
27895,2024-05-24 11:09:00,4853.95,4854.0,4850.0,4854.0
27896,2024-05-24 11:10:00,4854.05,4858.3,4854.0,4858.3
27897,2024-05-24 11:11:00,4856.8,4860.0,4856.8,4859.9
27898,2024-05-24 11:12:00,4857.75,4860.0,4857.0,4859.3
27899,2024-05-24 11:13:00,4859.5,4859.5,4855.0,4857.85
27900,2024-05-24 11:14:00,4857.45,4857.45,4852.95,4852.95
27901,2024-05-24 11:15:00,4854.95,4855.0,4850.0,4850.5
27902,2024-05-24 11:16:00,4852.25,4852.25,4850.4,4851.15
27903,2024-05-24 11:17:00,4851.1,4851.15,4846.4,4849.55
27904,2024-05-24 11:18:00,4847.7,4849.4,4845.0,4845.0
27905,2024-05-24 11:19:00,4844.2,4848.4,4844.2,4848.3
27906,2024-05-24 11:20:00,4846.2,4849.6,4846.05,4849.6
27907,2024-05-24 11:21:00,4851.05,4851.05,4848.5,4849.4
27908,2024-05-24 11:22:00,4850.1,4850.9,4848.5,4850.0
27909,2024-05-24 11:23:00,4848.3,4850.2,4848.0,4848.0
27910,2024-05-24 11:24:00,4847.95,4849.9,4847.2,4848.15
27911,2024-05-24 11:25:00,4849.3,4850.0,4846.95,4847.15
27912,2024-05-24 11:26:00,4847.0,4849.65,4847.0,4848.75
27913,2024-05-24 11:27:00,4847.0,4848.95,4847.0,4848.25
27914,2024-05-24 11:28:00,4848.55,4849.65,4847.0,4847.0
27915,2024-05-24 11:29:00,4846.95,4848.0,4844.25,4844.25
27916,2024-05-24 11:30:00,4844.3,4846.6,4844.3,4844.45
27917,2024-05-24 11:31:00,4846.2,4846.5,4845.0,4845.1
27918,2024-05-24 11:32:00,4845.05,4846.25,4844.9,4845.0
27919,2024-05-24 11:33:00,4846.0,4846.6,4845.0,4845.2
27920,2024-05-24 11:34:00,4847.25,4847.7,4845.4,4845.4
27921,2024-05-24 11:35:00,4845.45,4848.0,4845.0,4845.05
27922,2024-05-24 11:36:00,4847.65,4848.8,4845.1,4845.25
27923,2024-05-24 11:37:00,4847.7,4847.7,4845.0,4845.0
27924,2024-05-24 11:38:00,4846.9,4848.65,4845.7,4846.15
27925,2024-05-24 11:39:00,4848.5,4850.0,4847.25,4849.0
27926,2024-05-24 11:40:00,4848.7,4848.75,4846.1,4848.75
27927,2024-05-24 11:41:00,4847.7,4850.0,4846.1,4850.0
27928,2024-05-24 11:42:00,4847.75,4849.4,4846.15,4846.4
27929,2024-05-24 11:43:00,4847.95,4849.0,4845.55,4845.75
27930,2024-05-24 11:44:00,4847.8,4847.95,4845.75,4846.05
27931,2024-05-24 11:45:00,4847.05,4847.4,4845.0,4845.05
27932,2024-05-24 11:46:00,4847.4,4847.4,4845.0,4845.0
27933,2024-05-24 11:47:00,4846.95,4847.0,4845.0,4845.7
27934,2024-05-24 11:48:00,4847.0,4847.0,4845.0,4845.0
27935,2024-05-24 11:49:00,4845.05,4846.9,4836.95,4836.95
27936,2024-05-24 11:50:00,4836.35,4845.0,4836.35,4840.05
27937,2024-05-24 11:51:00,4841.9,4841.9,4837.25,4838.75
27938,2024-05-24 11:52:00,4841.6,4841.65,4837.8,4840.0
27939,2024-05-24 11:53:00,4839.95,4841.0,4839.7,4840.0
27940,2024-05-24 11:54:00,4840.4,4844.9,4840.4,4843.95
27941,2024-05-24 11:55:00,4844.05,4846.0,4843.6,4846.0
27942,2024-05-24 11:56:00,4845.95,4848.0,4844.15,4847.95
27943,2024-05-24 11:57:00,4847.9,4849.5,4846.25,4848.3
27944,2024-05-24 11:58:00,4848.5,4851.25,4848.0,4851.25
27945,2024-05-24 11:59:00,4851.15,4853.15,4851.0,4851.0
27946,2024-05-24 12:00:00,4851.2,4851.3,4851.0,4851.0
27947,2024-05-24 12:01:00,4851.25,4852.8,4851.0,4852.2
27948,2024-05-24 12:02:00,4852.0,4855.0,4852.0,4854.05
27949,2024-05-24 12:03:00,4855.0,4855.8,4854.0,4854.0
27950,2024-05-24 12:04:00,4853.5,4853.5,4851.15,4851.2
27951,2024-05-24 12:05:00,4853.35,4853.4,4851.0,4851.0
27952,2024-05-24 12:06:00,4851.35,4851.55,4848.55,4850.0
27953,2024-05-24 12:07:00,4850.65,4851.2,4845.5,4845.7
27954,2024-05-24 12:08:00,4846.85,4849.15,4845.7,4846.8
27955,2024-05-24 12:09:00,4848.45,4849.35,4848.0,4848.0
27956,2024-05-24 12:10:00,4847.95,4849.15,4845.0,4846.95
27957,2024-05-24 12:11:00,4847.0,4847.85,4845.7,4845.7
27958,2024-05-24 12:12:00,4846.95,4846.95,4845.0,4845.1
27959,2024-05-24 12:13:00,4845.85,4846.5,4844.95,4844.95
27960,2024-05-24 12:14:00,4844.0,4846.2,4843.0,4843.05
27961,2024-05-24 12:15:00,4843.8,4844.95,4843.0,4843.9
27962,2024-05-24 12:16:00,4843.8,4843.9,4841.3,4841.3
27963,2024-05-24 12:17:00,4841.0,4843.0,4840.0,4841.8
27964,2024-05-24 12:18:00,4840.05,4842.0,4839.3,4842.0
27965,2024-05-24 12:19:00,4840.25,4841.9,4840.0,4840.35
27966,2024-05-24 12:20:00,4841.0,4841.0,4836.1,4840.9
27967,2024-05-24 12:21:00,4839.3,4841.9,4835.55,4837.85
27968,2024-05-24 12:22:00,4837.7,4840.75,4836.6,4837.8
27969,2024-05-24 12:23:00,4837.35,4840.0,4836.6,4836.6
27970,2024-05-24 12:24:00,4837.05,4838.75,4836.0,4837.75
27971,2024-05-24 12:25:00,4837.35,4840.4,4837.35,4838.05
27972,2024-05-24 12:26:00,4838.35,4840.5,4838.15,4840.5
27973,2024-05-24 12:27:00,4839.25,4843.35,4838.95,4839.05
27974,2024-05-24 12:28:00,4840.55,4840.55,4837.4,4840.55
27975,2024-05-24 12:29:00,4838.85,4840.4,4837.8,4840.1
27976,2024-05-24 12:30:00,4838.0,4841.45,4835.55,4835.55
27977,2024-05-24 12:31:00,4835.5,4837.2,4835.0,4835.15
27978,2024-05-24 12:32:00,4836.85,4836.9,4835.0,4835.1
27979,2024-05-24 12:33:00,4835.5,4837.45,4835.0,4836.1
27980,2024-05-24 12:34:00,4835.2,4837.4,4835.0,4837.05
27981,2024-05-24 12:35:00,4835.55,4837.4,4835.0,4835.0
27982,2024-05-24 12:36:00,4835.9,4837.65,4835.0,4835.1
27983,2024-05-24 12:37:00,4835.85,4838.05,4835.0,4837.55
27984,2024-05-24 12:38:00,4835.2,4840.75,4835.15,4840.75
27985,2024-05-24 12:39:00,4838.45,4840.4,4837.65,4838.15
27986,2024-05-24 12:40:00,4838.2,4840.55,4836.05,4836.85
27987,2024-05-24 12:41:00,4837.55,4839.7,4837.05,4838.5
27988,2024-05-24 12:42:00,4837.25,4839.75,4837.25,4838.4
27989,2024-05-24 12:43:00,4838.7,4841.35,4836.95,4839.55
27990,2024-05-24 12:44:00,4839.75,4843.0,4839.6,4842.95
27991,2024-05-24 12:45:00,4840.85,4844.2,4840.55,4840.55
27992,2024-05-24 12:46:00,4841.0,4844.7,4840.6,4843.35
27993,2024-05-24 12:47:00,4843.3,4844.9,4843.3,4844.9
27994,2024-05-24 12:48:00,4844.7,4844.95,4844.7,4844.85
27995,2024-05-24 12:49:00,4844.95,4845.0,4844.4,4844.4
27996,2024-05-24 12:50:00,4844.35,4844.95,4843.0,4843.0
27997,2024-05-24 12:51:00,4843.35,4843.4,4843.05,4843.35
27998,2024-05-24 12:52:00,4843.3,4844.5,4843.1,4843.2
27999,2024-05-24 12:53:00,4843.15,4844.45,4843.0,4843.3
28000,2024-05-24 12:54:00,4843.0,4844.5,4843.0,4843.2
28001,2024-05-24 12:55:00,4843.0,4846.3,4843.0,4843.65
28002,2024-05-24 12:56:00,4843.75,4846.45,4843.75,4845.5
28003,2024-05-24 12:57:00,4845.15,4847.7,4845.15,4845.45
28004,2024-05-24 12:58:00,4846.95,4847.0,4844.85,4845.25
28005,2024-05-24 12:59:00,4845.3,4845.75,4843.0,4844.7
28006,2024-05-24 13:00:00,4844.25,4845.75,4843.0,4843.0
28007,2024-05-24 13:01:00,4844.1,4845.85,4843.0,4845.1
28008,2024-05-24 13:02:00,4845.35,4845.85,4843.0,4843.05
28009,2024-05-24 13:03:00,4843.0,4845.85,4843.0,4843.8
28010,2024-05-24 13:04:00,4845.75,4846.0,4843.7,4844.25
28011,2024-05-24 13:05:00,4844.35,4847.2,4844.0,4847.05
28012,2024-05-24 13:06:00,4845.55,4849.0,4844.3,4845.45
28013,2024-05-24 13:07:00,4845.4,4848.85,4844.0,4845.65
28014,2024-05-24 13:08:00,4847.7,4849.0,4845.05,4845.05
28015,2024-05-24 13:09:00,4845.5,4848.5,4845.0,4845.6
28016,2024-05-24 13:10:00,4845.65,4847.6,4845.0,4845.0
28017,2024-05-24 13:11:00,4845.05,4847.0,4844.85,4844.9
28018,2024-05-24 13:12:00,4846.05,4847.45,4844.4,4847.25
28019,2024-05-24 13:13:00,4844.6,4847.7,4844.4,4847.2
28020,2024-05-24 13:14:00,4845.0,4847.7,4844.4,4844.7
28021,2024-05-24 13:15:00,4847.05,4848.0,4844.45,4844.45
28022,2024-05-24 13:16:00,4844.4,4847.3,4844.4,4844.4
28023,2024-05-24 13:17:00,4844.9,4846.8,4844.35,4845.85
28024,2024-05-24 13:18:00,4844.6,4846.75,4844.4,4844.4
28025,2024-05-24 13:19:00,4844.35,4847.95,4844.25,4844.25
28026,2024-05-24 13:20:00,4844.2,4846.2,4843.45,4845.0
28027,2024-05-24 13:21:00,4844.1,4845.7,4843.0,4844.2
28028,2024-05-24 13:22:00,4844.15,4844.25,4843.0,4843.05
28029,2024-05-24 13:23:00,4843.0,4844.95,4843.0,4843.0
28030,2024-05-24 13:24:00,4843.05,4843.9,4843.0,4843.25
28031,2024-05-24 13:25:00,4843.35,4846.25,4843.05,4843.05
28032,2024-05-24 13:26:00,4844.0,4844.6,4843.0,4843.0
28033,2024-05-24 13:27:00,4843.9,4843.9,4843.0,4843.2
28034,2024-05-24 13:28:00,4843.05,4844.85,4843.0,4843.0
28035,2024-05-24 13:29:00,4843.05,4843.25,4843.0,4843.05
28036,2024-05-24 13:30:00,4843.4,4848.05,4843.4,4847.75
28037,2024-05-24 13:31:00,4845.35,4846.95,4845.1,4846.3
28038,2024-05-24 13:32:00,4846.95,4849.0,4846.1,4847.0
28039,2024-05-24 13:33:00,4849.0,4850.0,4848.3,4849.65
28040,2024-05-24 13:34:00,4848.9,4850.0,4848.3,4848.35
28041,2024-05-24 13:35:00,4849.75,4849.8,4847.55,4847.55
28042,2024-05-24 13:36:00,4847.35,4850.0,4847.35,4849.4
28043,2024-05-24 13:37:00,4849.5,4850.0,4849.5,4850.0
28044,2024-05-24 13:38:00,4849.9,4850.0,4849.4,4849.4
28045,2024-05-24 13:39:00,4849.45,4850.0,4849.0,4849.25
28046,2024-05-24 13:40:00,4850.0,4850.0,4849.4,4849.9
28047,2024-05-24 13:41:00,4849.85,4850.0,4849.4,4849.6
28048,2024-05-24 13:42:00,4849.85,4850.0,4849.0,4849.4
28049,2024-05-24 13:43:00,4850.0,4851.1,4849.65,4850.9
28050,2024-05-24 13:44:00,4852.5,4852.9,4850.3,4850.65
28051,2024-05-24 13:45:00,4851.65,4851.65,4848.8,4848.8
28052,2024-05-24 13:46:00,4848.15,4848.55,4845.0,4848.55
28053,2024-05-24 13:47:00,4846.35,4847.65,4845.15,4846.7
28054,2024-05-24 13:48:00,4847.7,4847.95,4845.9,4846.55
28055,2024-05-24 13:49:00,4847.7,4848.0,4846.55,4846.8
28056,2024-05-24 13:50:00,4847.25,4847.9,4846.8,4847.0
28057,2024-05-24 13:51:00,4847.5,4847.9,4845.15,4845.7
28058,2024-05-24 13:52:00,4846.25,4847.0,4843.0,4844.8
28059,2024-05-24 13:53:00,4843.0,4845.0,4843.0,4843.65
28060,2024-05-24 13:54:00,4845.0,4845.0,4843.45,4845.0
28061,2024-05-24 13:55:00,4844.15,4845.0,4843.7,4845.0
28062,2024-05-24 13:56:00,4846.75,4847.0,4845.0,4847.0
28063,2024-05-24 13:57:00,4846.8,4846.95,4843.0,4846.0
28064,2024-05-24 13:58:00,4845.95,4846.1,4843.0,4843.5
28065,2024-05-24 13:59:00,4845.0,4845.0,4843.5,4843.55
28066,2024-05-24 14:00:00,4844.95,4845.0,4843.5,4843.85
28067,2024-05-24 14:01:00,4844.3,4844.3,4843.0,4843.0
28068,2024-05-24 14:02:00,4843.2,4844.65,4843.0,4844.65
28069,2024-05-24 14:03:00,4843.1,4845.95,4843.1,4845.95
28070,2024-05-24 14:04:00,4846.0,4846.0,4844.9,4845.95
28071,2024-05-24 14:05:00,4844.9,4846.9,4843.45,4844.35
28072,2024-05-24 14:06:00,4845.5,4846.1,4843.45,4845.9
28073,2024-05-24 14:07:00,4845.65,4845.65,4843.45,4843.45
28074,2024-05-24 14:08:00,4843.5,4846.6,4843.0,4846.6
28075,2024-05-24 14:09:00,4846.5,4846.5,4843.0,4843.1
28076,2024-05-24 14:10:00,4843.15,4844.75,4843.0,4844.75
28077,2024-05-24 14:11:00,4843.1,4846.15,4843.0,4843.7
28078,2024-05-24 14:12:00,4843.5,4844.95,4843.0,4843.05
28079,2024-05-24 14:13:00,4844.95,4844.95,4843.0,4843.15
28080,2024-05-24 14:14:00,4843.25,4845.0,4841.9,4844.65
28081,2024-05-24 14:15:00,4843.05,4844.8,4843.05,4844.4
28082,2024-05-24 14:16:00,4845.0,4846.7,4844.0,4844.45
28083,2024-05-24 14:17:00,4844.95,4845.95,4843.1,4844.0
28084,2024-05-24 14:18:00,4843.1,4845.7,4842.55,4843.15
28085,2024-05-24 14:19:00,4843.3,4844.65,4842.45,4842.45
28086,2024-05-24 14:20:00,4842.5,4844.65,4842.5,4843.3
28087,2024-05-24 14:21:00,4842.95,4843.0,4840.5,4840.8
28088,2024-05-24 14:22:00,4840.55,4841.05,4840.0,4840.05
28089,2024-05-24 14:23:00,4840.15,4840.15,4836.05,4838.75
28090,2024-05-24 14:24:00,4838.95,4841.55,4838.85,4840.0
28091,2024-05-24 14:25:00,4839.6,4841.2,4838.75,4840.0
28092,2024-05-24 14:26:00,4841.4,4843.15,4840.0,4842.25
28093,2024-05-24 14:27:00,4842.45,4843.4,4842.0,4843.1
28094,2024-05-24 14:28:00,4843.0,4843.4,4842.0,4842.4
28095,2024-05-24 14:29:00,4842.0,4843.4,4842.0,4843.0
28096,2024-05-24 14:30:00,4843.1,4843.4,4838.85,4843.0
28097,2024-05-24 14:31:00,4842.0,4843.5,4842.0,4843.0
28098,2024-05-24 14:32:00,4843.5,4844.55,4843.0,4843.0
28099,2024-05-24 14:33:00,4843.05,4844.25,4843.05,4843.1
28100,2024-05-24 14:34:00,4843.6,4846.0,4843.05,4845.0
28101,2024-05-24 14:35:00,4845.85,4847.5,4845.0,4846.0
28102,2024-05-24 14:36:00,4848.0,4850.0,4843.85,4843.85
28103,2024-05-24 14:37:00,4843.55,4846.85,4843.45,4843.65
28104,2024-05-24 14:38:00,4843.0,4845.25,4843.0,4843.0
28105,2024-05-24 14:39:00,4843.05,4844.4,4843.0,4843.7
28106,2024-05-24 14:40:00,4843.3,4844.85,4843.0,4843.0
28107,2024-05-24 14:41:00,4844.3,4844.3,4843.0,4843.7
28108,2024-05-24 14:42:00,4843.0,4844.2,4840.4,4843.05
28109,2024-05-24 14:43:00,4844.0,4844.15,4842.95,4843.0
28110,2024-05-24 14:44:00,4843.15,4844.55,4842.95,4843.4
28111,2024-05-24 14:45:00,4843.25,4844.85,4843.0,4844.0
28112,2024-05-24 14:46:00,4844.25,4844.9,4843.0,4843.65
28113,2024-05-24 14:47:00,4843.3,4845.0,4842.95,4843.5
28114,2024-05-24 14:48:00,4844.6,4845.0,4842.85,4844.85
28115,2024-05-24 14:49:00,4845.0,4845.0,4842.95,4843.15
28116,2024-05-24 14:50:00,4843.8,4843.9,4840.4,4843.1
28117,2024-05-24 14:51:00,4843.0,4843.4,4842.9,4843.3
28118,2024-05-24 14:52:00,4843.0,4845.0,4842.4,4843.0
28119,2024-05-24 14:53:00,4843.05,4844.9,4843.0,4843.25
28120,2024-05-24 14:54:00,4840.0,4843.1,4839.3,4840.0
28121,2024-05-24 14:55:00,4839.0,4839.0,4832.1,4832.4
28122,2024-05-24 14:56:00,4832.0,4832.0,4829.0,4831.25
28123,2024-05-24 14:57:00,4831.9,4831.95,4829.0,4829.4
28124,2024-05-24 14:58:00,4829.1,4833.65,4829.1,4833.65
28125,2024-05-24 14:59:00,4833.7,4837.6,4833.7,4835.55
28126,2024-05-24 15:00:00,4835.95,4837.0,4830.05,4834.0
28127,2024-05-24 15:01:00,4832.8,4836.8,4832.8,4833.0
28128,2024-05-24 15:02:00,4833.55,4836.0,4833.0,4834.1
28129,2024-05-24 15:03:00,4834.0,4834.65,4831.0,4833.6
28130,2024-05-24 15:04:00,4834.4,4838.0,4834.35,4837.15
28131,2024-05-24 15:05:00,4837.25,4839.4,4836.3,4836.35
28132,2024-05-24 15:06:00,4836.2,4836.4,4834.85,4836.4
28133,2024-05-24 15:07:00,4836.1,4836.3,4835.7,4836.3
28134,2024-05-24 15:08:00,4835.85,4840.35,4835.8,4840.0
28135,2024-05-24 15:09:00,4839.8,4843.0,4838.0,4843.0
28136,2024-05-24 15:10:00,4841.6,4843.9,4840.7,4843.1
28137,2024-05-24 15:11:00,4843.0,4845.0,4843.0,4844.3
28138,2024-05-24 15:12:00,4844.35,4844.35,4843.0,4843.3
28139,2024-05-24 15:13:00,4843.25,4843.25,4843.0,4843.0
28140,2024-05-24 15:14:00,4843.05,4843.25,4843.0,4843.0
28141,2024-05-24 15:15:00,4843.1,4844.85,4843.0,4843.35
28142,2024-05-24 15:16:00,4843.2,4843.3,4843.0,4843.3
28143,2024-05-24 15:17:00,4843.35,4844.85,4842.35,4842.4
28144,2024-05-24 15:18:00,4842.6,4842.6,4840.95,4842.35
28145,2024-05-24 15:19:00,4841.8,4842.35,4840.9,4840.95
28146,2024-05-24 15:20:00,4841.05,4843.0,4840.95,4841.0
28147,2024-05-24 15:21:00,4840.95,4841.75,4840.95,4841.0
28148,2024-05-24 15:22:00,4841.1,4841.1,4840.9,4841.0
28149,2024-05-24 15:23:00,4841.05,4841.1,4839.6,4839.8
28150,2024-05-24 15:24:00,4839.75,4840.0,4836.0,4836.5
28151,2024-05-24 15:25:00,4836.45,4841.0,4835.5,4840.0
28152,2024-05-24 15:26:00,4840.3,4840.45,4838.7,4838.7
28153,2024-05-24 15:27:00,4838.75,4844.0,4837.2,4843.6
28154,2024-05-24 15:28:00,4843.65,4844.0,4843.0,4843.05
28155,2024-05-24 15:29:00,4844.0,4844.85,4843.0,4843.0
28156,2024-05-27 09:15:00,4849.0,4850.0,4844.6,4846.2
28157,2024-05-27 09:16:00,4846.25,4849.9,4846.25,4849.8
28158,2024-05-27 09:17:00,4848.45,4849.8,4846.85,4849.4
28159,2024-05-27 09:18:00,4847.05,4853.95,4846.2,4847.0
28160,2024-05-27 09:19:00,4849.5,4850.7,4844.55,4848.3
28161,2024-05-27 09:20:00,4845.45,4845.7,4839.75,4840.8
28162,2024-05-27 09:21:00,4842.0,4842.0,4832.4,4832.55
28163,2024-05-27 09:22:00,4830.15,4832.95,4830.05,4832.8
28164,2024-05-27 09:23:00,4830.55,4838.4,4830.55,4837.95
28165,2024-05-27 09:24:00,4837.8,4837.8,4834.0,4834.6
28166,2024-05-27 09:25:00,4834.55,4838.65,4832.0,4833.75
28167,2024-05-27 09:26:00,4836.1,4836.1,4827.15,4829.75
28168,2024-05-27 09:27:00,4829.35,4829.75,4826.7,4827.35
28169,2024-05-27 09:28:00,4827.3,4837.35,4827.1,4835.55
28170,2024-05-27 09:29:00,4835.35,4840.0,4831.0,4838.35
28171,2024-05-27 09:30:00,4839.45,4840.8,4836.2,4839.15
28172,2024-05-27 09:31:00,4840.0,4840.0,4838.35,4839.0
28173,2024-05-27 09:32:00,4839.4,4845.0,4839.4,4844.25
28174,2024-05-27 09:33:00,4844.3,4844.3,4840.2,4842.75
28175,2024-05-27 09:34:00,4842.5,4848.0,4842.5,4847.0
28176,2024-05-27 09:35:00,4846.45,4848.0,4846.2,4847.05
28177,2024-05-27 09:36:00,4847.85,4852.0,4847.85,4852.0
28178,2024-05-27 09:37:00,4851.05,4852.0,4850.05,4852.0
28179,2024-05-27 09:38:00,4851.5,4852.0,4847.3,4849.25
28180,2024-05-27 09:39:00,4849.2,4849.2,4845.95,4847.0
28181,2024-05-27 09:40:00,4847.7,4847.75,4845.45,4845.45
28182,2024-05-27 09:41:00,4847.5,4847.5,4836.85,4838.7
28183,2024-05-27 09:42:00,4838.75,4843.0,4837.6,4839.1
28184,2024-05-27 09:43:00,4839.0,4839.1,4834.55,4836.05
28185,2024-05-27 09:44:00,4835.8,4838.85,4833.3,4838.7
28186,2024-05-27 09:45:00,4836.0,4840.0,4833.15,4836.6
28187,2024-05-27 09:46:00,4836.55,4839.05,4830.65,4834.0
28188,2024-05-27 09:47:00,4832.5,4834.75,4832.5,4833.35
28189,2024-05-27 09:48:00,4833.0,4834.5,4830.8,4833.8
28190,2024-05-27 09:49:00,4834.75,4845.0,4834.2,4841.95
28191,2024-05-27 09:50:00,4841.9,4846.6,4840.2,4842.0
28192,2024-05-27 09:51:00,4846.35,4847.85,4841.45,4842.05
28193,2024-05-27 09:52:00,4844.5,4844.5,4835.45,4839.4
28194,2024-05-27 09:53:00,4837.6,4839.5,4836.35,4839.3
28195,2024-05-27 09:54:00,4836.6,4838.25,4833.35,4833.35
28196,2024-05-27 09:55:00,4834.9,4835.0,4832.4,4833.0
28197,2024-05-27 09:56:00,4835.0,4841.95,4833.0,4840.25
28198,2024-05-27 09:57:00,4839.15,4843.5,4839.15,4841.75
28199,2024-05-27 09:58:00,4843.5,4847.0,4841.05,4842.2
28200,2024-05-27 09:59:00,4842.05,4845.5,4840.65,4842.75
28201,2024-05-27 10:00:00,4840.65,4847.2,4837.05,4839.1
28202,2024-05-27 10:01:00,4839.95,4839.95,4835.0,4835.0
28203,2024-05-27 10:02:00,4836.85,4836.85,4832.5,4832.5
28204,2024-05-27 10:03:00,4831.75,4835.0,4830.0,4834.5
28205,2024-05-27 10:04:00,4834.9,4836.3,4833.6,4833.6
28206,2024-05-27 10:05:00,4834.55,4836.9,4833.75,4834.75
28207,2024-05-27 10:06:00,4835.9,4836.0,4832.65,4835.4
28208,2024-05-27 10:07:00,4836.4,4844.55,4836.4,4842.3
28209,2024-05-27 10:08:00,4843.75,4847.0,4843.15,4844.5
28210,2024-05-27 10:09:00,4847.05,4850.0,4844.85,4848.85
28211,2024-05-27 10:10:00,4847.7,4855.85,4847.7,4853.15
28212,2024-05-27 10:11:00,4855.7,4856.25,4850.9,4854.05
28213,2024-05-27 10:12:00,4854.1,4870.0,4853.5,4867.0
28214,2024-05-27 10:13:00,4869.0,4869.7,4865.0,4866.4
28215,2024-05-27 10:14:00,4862.85,4863.95,4856.75,4856.75
28216,2024-05-27 10:15:00,4858.4,4867.3,4856.5,4866.35
28217,2024-05-27 10:16:00,4869.75,4869.75,4865.3,4866.0
28218,2024-05-27 10:17:00,4865.3,4869.9,4865.3,4868.5
28219,2024-05-27 10:18:00,4868.0,4869.7,4864.85,4864.95
28220,2024-05-27 10:19:00,4865.0,4869.8,4863.0,4869.8
28221,2024-05-27 10:20:00,4870.0,4870.0,4868.2,4869.95
28222,2024-05-27 10:21:00,4870.0,4871.95,4867.2,4868.5
28223,2024-05-27 10:22:00,4868.0,4870.6,4865.75,4870.4
28224,2024-05-27 10:23:00,4870.0,4870.0,4868.05,4870.0
28225,2024-05-27 10:24:00,4869.95,4870.2,4868.35,4869.0
28226,2024-05-27 10:25:00,4865.7,4869.4,4865.7,4868.3
28227,2024-05-27 10:26:00,4868.2,4869.4,4866.75,4869.0
28228,2024-05-27 10:27:00,4871.6,4872.7,4869.15,4869.35
28229,2024-05-27 10:28:00,4869.5,4870.4,4868.2,4868.65
28230,2024-05-27 10:29:00,4870.0,4871.4,4868.6,4870.0
28231,2024-05-27 10:30:00,4871.25,4871.25,4867.65,4870.0
28232,2024-05-27 10:31:00,4870.2,4874.4,4868.2,4874.3
28233,2024-05-27 10:32:00,4874.0,4874.7,4872.0,4872.1
28234,2024-05-27 10:33:00,4872.15,4872.25,4869.25,4872.05
28235,2024-05-27 10:34:00,4870.0,4870.0,4865.65,4867.0
28236,2024-05-27 10:35:00,4867.35,4867.35,4864.3,4866.7
28237,2024-05-27 10:36:00,4866.0,4866.7,4865.05,4866.0
28238,2024-05-27 10:37:00,4865.05,4866.0,4860.0,4865.8
28239,2024-05-27 10:38:00,4865.75,4865.8,4863.4,4865.4
28240,2024-05-27 10:39:00,4862.75,4873.95,4862.75,4873.95
28241,2024-05-27 10:40:00,4873.75,4879.0,4873.75,4878.4
28242,2024-05-27 10:41:00,4878.9,4879.0,4876.4,4878.35
28243,2024-05-27 10:42:00,4878.4,4878.8,4874.7,4875.65
28244,2024-05-27 10:43:00,4876.9,4878.0,4872.75,4875.0
28245,2024-05-27 10:44:00,4873.4,4874.4,4872.95,4873.0
28246,2024-05-27 10:45:00,4872.95,4874.4,4870.8,4870.8
28247,2024-05-27 10:46:00,4870.85,4872.35,4869.0,4869.0
28248,2024-05-27 10:47:00,4868.65,4870.6,4868.2,4870.2
28249,2024-05-27 10:48:00,4870.0,4870.2,4868.0,4868.65
28250,2024-05-27 10:49:00,4868.5,4870.2,4866.0,4869.95
28251,2024-05-27 10:50:00,4868.0,4870.35,4868.0,4868.4
28252,2024-05-27 10:51:00,4868.1,4870.95,4868.1,4869.2
28253,2024-05-27 10:52:00,4871.65,4871.65,4868.35,4870.85
28254,2024-05-27 10:53:00,4870.4,4873.2,4868.05,4872.4
28255,2024-05-27 10:54:00,4872.45,4873.35,4870.05,4870.25
28256,2024-05-27 10:55:00,4872.0,4874.35,4870.55,4874.35
28257,2024-05-27 10:56:00,4872.95,4875.6,4872.95,4874.3
28258,2024-05-27 10:57:00,4875.4,4875.4,4870.5,4873.35
28259,2024-05-27 10:58:00,4871.6,4874.0,4871.4,4874.0
28260,2024-05-27 10:59:00,4873.35,4879.65,4872.5,4879.0
28261,2024-05-27 11:00:00,4880.0,4882.0,4877.3,4882.0
28262,2024-05-27 11:01:00,4882.2,4884.0,4881.6,4883.95
28263,2024-05-27 11:02:00,4882.0,4886.3,4882.0,4884.3
28264,2024-05-27 11:03:00,4884.0,4885.8,4880.85,4883.35
28265,2024-05-27 11:04:00,4883.5,4884.55,4881.0,4884.4
28266,2024-05-27 11:05:00,4884.0,4884.4,4882.5,4882.5
28267,2024-05-27 11:06:00,4881.3,4882.95,4881.3,4882.4
28268,2024-05-27 11:07:00,4881.3,4884.0,4881.3,4884.0
28269,2024-05-27 11:08:00,4882.5,4883.95,4881.3,4882.95
28270,2024-05-27 11:09:00,4881.35,4882.95,4881.3,4882.0
28271,2024-05-27 11:10:00,4881.0,4887.45,4881.0,4883.95
28272,2024-05-27 11:11:00,4883.9,4886.85,4883.9,4884.95
28273,2024-05-27 11:12:00,4885.35,4887.0,4884.95,4886.0
28274,2024-05-27 11:13:00,4885.85,4887.35,4884.0,4884.0
28275,2024-05-27 11:14:00,4884.05,4886.0,4882.4,4882.4
28276,2024-05-27 11:15:00,4882.45,4885.85,4882.3,4884.95
28277,2024-05-27 11:16:00,4885.5,4885.55,4882.7,4885.55
28278,2024-05-27 11:17:00,4889.0,4890.95,4888.0,4890.95
28279,2024-05-27 11:18:00,4890.0,4893.2,4890.0,4893.2
28280,2024-05-27 11:19:00,4893.0,4895.4,4893.0,4895.4
28281,2024-05-27 11:20:00,4895.1,4897.0,4893.1,4897.0
28282,2024-05-27 11:21:00,4897.75,4899.9,4897.75,4898.0
28283,2024-05-27 11:22:00,4898.6,4899.8,4895.0,4896.95
28284,2024-05-27 11:23:00,4897.95,4897.95,4890.0,4892.1
28285,2024-05-27 11:24:00,4891.85,4892.7,4889.7,4892.0
28286,2024-05-27 11:25:00,4892.4,4896.9,4892.4,4896.9
28287,2024-05-27 11:26:00,4895.0,4897.5,4895.0,4895.05
28288,2024-05-27 11:27:00,4896.4,4898.0,4895.0,4897.45
28289,2024-05-27 11:28:00,4895.95,4898.0,4895.75,4897.0
28290,2024-05-27 11:29:00,4895.7,4897.0,4895.0,4895.0
28291,2024-05-27 11:30:00,4897.0,4897.0,4889.7,4891.85
28292,2024-05-27 11:31:00,4889.5,4896.3,4889.5,4895.8
28293,2024-05-27 11:32:00,4898.4,4903.95,4898.05,4902.0
28294,2024-05-27 11:33:00,4901.8,4904.05,4901.2,4904.0
28295,2024-05-27 11:34:00,4903.4,4907.95,4902.45,4907.95
28296,2024-05-27 11:35:00,4905.85,4910.15,4905.85,4908.0
28297,2024-05-27 11:36:00,4906.0,4909.4,4905.55,4906.6
28298,2024-05-27 11:37:00,4907.95,4908.4,4906.0,4908.4
28299,2024-05-27 11:38:00,4908.0,4908.4,4905.4,4905.45
28300,2024-05-27 11:39:00,4905.1,4907.65,4905.1,4906.1
28301,2024-05-27 11:40:00,4907.0,4907.75,4902.0,4902.0
28302,2024-05-27 11:41:00,4902.85,4914.35,4898.35,4914.35
28303,2024-05-27 11:42:00,4912.25,4914.0,4908.25,4908.35
28304,2024-05-27 11:43:00,4910.5,4912.0,4908.05,4909.75
28305,2024-05-27 11:44:00,4910.0,4910.05,4905.0,4905.0
28306,2024-05-27 11:45:00,4905.3,4909.0,4904.0,4905.0
28307,2024-05-27 11:46:00,4904.0,4905.7,4900.55,4900.55
28308,2024-05-27 11:47:00,4900.2,4902.0,4896.45,4896.45
28309,2024-05-27 11:48:00,4898.95,4898.95,4895.15,4896.3
28310,2024-05-27 11:49:00,4895.6,4899.85,4895.6,4899.85
28311,2024-05-27 11:50:00,4899.0,4904.9,4898.8,4903.4
28312,2024-05-27 11:51:00,4903.6,4906.95,4903.25,4906.35
28313,2024-05-27 11:52:00,4904.65,4904.7,4900.0,4900.0
28314,2024-05-27 11:53:00,4901.1,4902.45,4899.15,4900.9
28315,2024-05-27 11:54:00,4901.2,4905.0,4900.0,4901.1
28316,2024-05-27 11:55:00,4901.35,4902.75,4893.0,4898.65
28317,2024-05-27 11:56:00,4895.55,4898.75,4892.5,4895.0
28318,2024-05-27 11:57:00,4895.1,4901.95,4895.1,4895.65
28319,2024-05-27 11:58:00,4897.15,4897.15,4877.7,4878.25
28320,2024-05-27 11:59:00,4881.45,4886.95,4881.1,4883.8
28321,2024-05-27 12:00:00,4881.1,4883.85,4872.1,4874.4
28322,2024-05-27 12:01:00,4874.05,4880.35,4874.05,4875.85
28323,2024-05-27 12:02:00,4875.25,4878.0,4873.75,4876.45
28324,2024-05-27 12:03:00,4878.0,4881.25,4874.8,4875.8
28325,2024-05-27 12:04:00,4877.25,4877.25,4873.7,4875.7
28326,2024-05-27 12:05:00,4875.75,4879.9,4875.05,4879.4
28327,2024-05-27 12:06:00,4877.2,4882.45,4875.4,4881.2
28328,2024-05-27 12:07:00,4882.85,4883.2,4878.0,4878.0
28329,2024-05-27 12:08:00,4876.9,4881.45,4876.55,4879.2
28330,2024-05-27 12:09:00,4880.9,4880.9,4877.0,4879.2
28331,2024-05-27 12:10:00,4880.0,4884.95,4878.0,4878.0
28332,2024-05-27 12:11:00,4877.05,4879.05,4874.15,4877.35
28333,2024-05-27 12:12:00,4879.45,4882.85,4877.1,4880.45
28334,2024-05-27 12:13:00,4883.6,4884.0,4878.1,4878.1
28335,2024-05-27 12:14:00,4879.4,4883.0,4876.9,4878.65
28336,2024-05-27 12:15:00,4883.85,4886.45,4879.75,4885.1
28337,2024-05-27 12:16:00,4889.0,4890.5,4886.25,4888.7
28338,2024-05-27 12:17:00,4889.05,4890.95,4888.0,4890.95
28339,2024-05-27 12:18:00,4889.7,4890.75,4888.7,4890.0
28340,2024-05-27 12:19:00,4892.0,4892.0,4889.0,4889.05
28341,2024-05-27 12:20:00,4888.75,4888.75,4884.05,4888.6
28342,2024-05-27 12:21:00,4887.5,4889.8,4886.85,4887.6
28343,2024-05-27 12:22:00,4889.7,4890.0,4886.9,4887.05
28344,2024-05-27 12:23:00,4887.0,4889.0,4884.0,4887.0
28345,2024-05-27 12:24:00,4889.65,4889.65,4887.1,4888.1
28346,2024-05-27 12:25:00,4890.65,4891.75,4885.0,4885.0
28347,2024-05-27 12:26:00,4886.25,4886.35,4883.0,4883.0
28348,2024-05-27 12:27:00,4881.5,4884.65,4880.0,4880.15
28349,2024-05-27 12:28:00,4881.8,4882.05,4877.65,4882.05
28350,2024-05-27 12:29:00,4882.0,4882.85,4881.6,4881.6
28351,2024-05-27 12:30:00,4882.45,4882.45,4878.8,4880.45
28352,2024-05-27 12:31:00,4878.85,4881.5,4877.0,4878.6
28353,2024-05-27 12:32:00,4878.55,4880.2,4876.5,4877.75
28354,2024-05-27 12:33:00,4876.55,4880.45,4876.55,4877.75
28355,2024-05-27 12:34:00,4877.45,4880.0,4877.4,4877.55
28356,2024-05-27 12:35:00,4879.05,4880.0,4875.0,4877.65
28357,2024-05-27 12:36:00,4877.85,4879.8,4876.6,4876.65
28358,2024-05-27 12:37:00,4876.75,4879.9,4876.75,4877.2
28359,2024-05-27 12:38:00,4877.1,4878.6,4874.0,4875.6
28360,2024-05-27 12:39:00,4874.55,4879.5,4874.55,4875.65
28361,2024-05-27 12:40:00,4876.0,4879.1,4874.75,4875.4
28362,2024-05-27 12:41:00,4875.05,4879.2,4875.0,4876.05
28363,2024-05-27 12:42:00,4878.05,4878.05,4874.95,4875.0
28364,2024-05-27 12:43:00,4875.05,4877.75,4875.0,4875.1
28365,2024-05-27 12:44:00,4875.05,4877.0,4874.65,4875.85
28366,2024-05-27 12:45:00,4875.05,4876.55,4874.95,4876.55
28367,2024-05-27 12:46:00,4876.5,4878.05,4874.9,4876.05
28368,2024-05-27 12:47:00,4876.0,4879.2,4874.95,4879.2
28369,2024-05-27 12:48:00,4879.45,4884.2,4877.95,4882.1
28370,2024-05-27 12:49:00,4882.25,4882.45,4880.0,4881.65
28371,2024-05-27 12:50:00,4882.6,4889.3,4881.2,4883.2
28372,2024-05-27 12:51:00,4883.1,4887.95,4878.25,4881.6
28373,2024-05-27 12:52:00,4880.4,4883.0,4877.95,4878.7
28374,2024-05-27 12:53:00,4877.9,4883.25,4877.8,4879.45
28375,2024-05-27 12:54:00,4877.95,4885.7,4877.5,4883.0
28376,2024-05-27 12:55:00,4884.4,4885.6,4881.05,4884.0
28377,2024-05-27 12:56:00,4882.85,4884.5,4880.85,4880.85
28378,2024-05-27 12:57:00,4880.75,4882.65,4877.1,4877.35
28379,2024-05-27 12:58:00,4878.8,4884.4,4877.05,4882.5
28380,2024-05-27 12:59:00,4882.75,4882.95,4880.0,4881.85
28381,2024-05-27 13:00:00,4882.5,4886.9,4880.6,4884.5
28382,2024-05-27 13:01:00,4886.15,4886.4,4882.55,4883.3
28383,2024-05-27 13:02:00,4885.3,4886.7,4883.7,4886.55
28384,2024-05-27 13:03:00,4884.3,4886.0,4884.25,4884.7
28385,2024-05-27 13:04:00,4884.65,4890.0,4884.2,4890.0
28386,2024-05-27 13:05:00,4889.0,4890.65,4888.65,4889.45
28387,2024-05-27 13:06:00,4888.9,4890.95,4886.3,4888.9
28388,2024-05-27 13:07:00,4888.5,4890.65,4887.5,4890.0
28389,2024-05-27 13:08:00,4890.15,4891.85,4890.0,4890.0
28390,2024-05-27 13:09:00,4891.0,4892.9,4889.0,4891.0
28391,2024-05-27 13:10:00,4893.0,4893.85,4889.0,4890.1
28392,2024-05-27 13:11:00,4891.5,4893.6,4890.0,4892.95
28393,2024-05-27 13:12:00,4894.0,4894.0,4890.0,4890.85
28394,2024-05-27 13:13:00,4892.25,4892.65,4890.0,4892.0
28395,2024-05-27 13:14:00,4890.2,4892.0,4890.0,4890.0
28396,2024-05-27 13:15:00,4891.3,4891.3,4889.0,4891.0
28397,2024-05-27 13:16:00,4890.0,4892.8,4890.0,4892.8
28398,2024-05-27 13:17:00,4892.05,4895.45,4890.65,4894.2
28399,2024-05-27 13:18:00,4894.25,4895.95,4891.15,4893.5
28400,2024-05-27 13:19:00,4890.95,4894.1,4890.95,4893.4
28401,2024-05-27 13:20:00,4891.8,4893.95,4891.0,4892.1
28402,2024-05-27 13:21:00,4892.95,4893.0,4890.25,4893.0
28403,2024-05-27 13:22:00,4894.4,4894.4,4891.3,4892.1
28404,2024-05-27 13:23:00,4891.95,4898.0,4891.95,4896.5
28405,2024-05-27 13:24:00,4898.0,4898.0,4897.0,4897.75
28406,2024-05-27 13:25:00,4898.7,4899.0,4897.3,4899.0
28407,2024-05-27 13:26:00,4898.25,4900.0,4898.25,4898.75
28408,2024-05-27 13:27:00,4900.0,4900.0,4898.15,4898.55
28409,2024-05-27 13:28:00,4898.0,4900.8,4897.65,4900.35
28410,2024-05-27 13:29:00,4900.1,4903.15,4900.1,4901.0
28411,2024-05-27 13:30:00,4903.0,4903.4,4901.05,4901.65
28412,2024-05-27 13:31:00,4903.4,4905.35,4902.0,4905.05
28413,2024-05-27 13:32:00,4905.45,4906.8,4903.4,4905.0
28414,2024-05-27 13:33:00,4905.4,4905.4,4902.3,4903.0
28415,2024-05-27 13:34:00,4904.45,4908.0,4902.95,4907.5
28416,2024-05-27 13:35:00,4905.5,4907.3,4903.0,4904.2
28417,2024-05-27 13:36:00,4903.35,4905.7,4899.25,4900.0
28418,2024-05-27 13:37:00,4901.95,4902.0,4898.05,4899.1
28419,2024-05-27 13:38:00,4901.2,4903.0,4898.75,4901.7
28420,2024-05-27 13:39:00,4900.3,4903.75,4900.05,4903.75
28421,2024-05-27 13:40:00,4903.8,4903.8,4893.25,4893.95
28422,2024-05-27 13:41:00,4895.6,4895.8,4891.6,4893.75
28423,2024-05-27 13:42:00,4893.85,4894.35,4890.15,4891.05
28424,2024-05-27 13:43:00,4893.25,4895.55,4890.8,4891.8
28425,2024-05-27 13:44:00,4894.4,4896.8,4891.7,4894.9
28426,2024-05-27 13:45:00,4893.05,4896.7,4892.7,4895.25
28427,2024-05-27 13:46:00,4892.7,4895.25,4891.05,4895.0
28428,2024-05-27 13:47:00,4895.35,4895.35,4890.0,4890.0
28429,2024-05-27 13:48:00,4890.6,4892.8,4890.0,4890.55
28430,2024-05-27 13:49:00,4892.25,4892.6,4890.5,4890.5
28431,2024-05-27 13:50:00,4890.55,4892.8,4890.0,4891.75
28432,2024-05-27 13:51:00,4890.3,4894.45,4890.3,4892.0
28433,2024-05-27 13:52:00,4891.0,4894.0,4891.0,4891.05
28434,2024-05-27 13:53:00,4893.0,4895.0,4891.05,4895.0
28435,2024-05-27 13:54:00,4894.9,4894.9,4891.5,4893.05
28436,2024-05-27 13:55:00,4894.4,4898.75,4893.1,4897.0
28437,2024-05-27 13:56:00,4895.7,4900.85,4895.7,4899.5
28438,2024-05-27 13:57:00,4901.15,4901.9,4898.4,4899.5
28439,2024-05-27 13:58:00,4899.15,4900.0,4898.0,4898.5
28440,2024-05-27 13:59:00,4899.55,4899.55,4896.2,4898.25
28441,2024-05-27 14:00:00,4896.4,4898.35,4896.25,4897.85
28442,2024-05-27 14:01:00,4896.7,4897.85,4895.45,4896.0
28443,2024-05-27 14:02:00,4897.6,4897.6,4895.85,4897.55
28444,2024-05-27 14:03:00,4897.6,4899.85,4896.0,4896.0
28445,2024-05-27 14:04:00,4897.0,4899.75,4897.0,4897.05
28446,2024-05-27 14:05:00,4899.0,4900.0,4897.15,4898.35
28447,2024-05-27 14:06:00,4899.0,4901.0,4899.0,4899.0
28448,2024-05-27 14:07:00,4900.0,4900.4,4899.0,4899.0
28449,2024-05-27 14:08:00,4899.05,4903.45,4899.0,4903.45
28450,2024-05-27 14:09:00,4902.85,4905.75,4901.0,4905.0
28451,2024-05-27 14:10:00,4905.3,4907.4,4905.0,4905.0
28452,2024-05-27 14:11:00,4906.5,4907.75,4904.75,4904.95
28453,2024-05-27 14:12:00,4906.75,4906.75,4905.0,4906.75
28454,2024-05-27 14:13:00,4905.1,4906.8,4904.05,4905.0
28455,2024-05-27 14:14:00,4904.95,4905.5,4904.95,4905.45
28456,2024-05-27 14:15:00,4905.0,4905.0,4894.55,4894.55
28457,2024-05-27 14:16:00,4896.0,4896.0,4888.55,4893.95
28458,2024-05-27 14:17:00,4893.3,4893.4,4890.65,4893.2
28459,2024-05-27 14:18:00,4891.4,4896.0,4891.4,4895.95
28460,2024-05-27 14:19:00,4895.85,4898.4,4893.0,4893.2
28461,2024-05-27 14:20:00,4894.6,4896.0,4891.7,4895.45
28462,2024-05-27 14:21:00,4895.85,4897.95,4893.05,4893.6
28463,2024-05-27 14:22:00,4895.0,4895.4,4892.85,4893.2
28464,2024-05-27 14:23:00,4894.95,4895.4,4892.5,4892.5
28465,2024-05-27 14:24:00,4892.0,4896.15,4890.05,4890.95
28466,2024-05-27 14:25:00,4893.15,4896.0,4890.9,4895.45
28467,2024-05-27 14:26:00,4895.5,4899.0,4893.35,4899.0
28468,2024-05-27 14:27:00,4899.8,4900.65,4896.7,4900.45
28469,2024-05-27 14:28:00,4900.5,4900.5,4896.1,4899.95
28470,2024-05-27 14:29:00,4897.6,4901.85,4897.0,4900.0
28471,2024-05-27 14:30:00,4901.75,4904.0,4900.0,4902.95
28472,2024-05-27 14:31:00,4901.5,4904.0,4901.5,4903.9
28473,2024-05-27 14:32:00,4904.15,4905.0,4902.0,4902.0
28474,2024-05-27 14:33:00,4902.5,4902.6,4900.5,4900.5
28475,2024-05-27 14:34:00,4901.4,4902.9,4900.25,4902.1
28476,2024-05-27 14:35:00,4900.5,4902.0,4900.1,4900.1
28477,2024-05-27 14:36:00,4900.05,4900.1,4898.0,4898.0
28478,2024-05-27 14:37:00,4899.4,4899.4,4897.0,4897.0
28479,2024-05-27 14:38:00,4896.0,4899.45,4890.05,4890.05
28480,2024-05-27 14:39:00,4891.0,4894.95,4887.4,4890.0
28481,2024-05-27 14:40:00,4889.85,4890.8,4884.95,4890.8
28482,2024-05-27 14:41:00,4890.5,4891.85,4885.25,4887.65
28483,2024-05-27 14:42:00,4887.6,4889.25,4884.95,4889.25
28484,2024-05-27 14:43:00,4889.0,4893.0,4889.0,4891.45
28485,2024-05-27 14:44:00,4891.0,4894.9,4891.0,4893.3
28486,2024-05-27 14:45:00,4891.3,4893.25,4890.0,4890.7
28487,2024-05-27 14:46:00,4890.0,4894.65,4890.0,4891.8
28488,2024-05-27 14:47:00,4894.05,4894.4,4891.7,4892.2
28489,2024-05-27 14:48:00,4894.85,4895.0,4891.95,4894.8
28490,2024-05-27 14:49:00,4895.0,4895.0,4891.75,4892.5
28491,2024-05-27 14:50:00,4892.7,4893.75,4891.75,4891.8
28492,2024-05-27 14:51:00,4891.75,4895.4,4891.75,4894.95
28493,2024-05-27 14:52:00,4893.35,4897.45,4893.3,4893.4
28494,2024-05-27 14:53:00,4893.2,4895.35,4891.25,4893.8
28495,2024-05-27 14:54:00,4892.95,4893.6,4890.0,4891.45
28496,2024-05-27 14:55:00,4890.1,4891.85,4890.0,4890.0
28497,2024-05-27 14:56:00,4889.75,4889.75,4876.8,4879.1
28498,2024-05-27 14:57:00,4879.5,4896.0,4876.7,4895.0
28499,2024-05-27 14:58:00,4896.3,4899.7,4895.0,4895.15
28500,2024-05-27 14:59:00,4895.0,4895.0,4889.1,4890.0
28501,2024-05-27 15:00:00,4890.5,4893.0,4889.0,4893.0
28502,2024-05-27 15:01:00,4893.3,4893.3,4891.0,4891.7
28503,2024-05-27 15:02:00,4894.0,4898.5,4892.15,4892.8
28504,2024-05-27 15:03:00,4893.95,4898.0,4893.65,4895.0
28505,2024-05-27 15:04:00,4894.0,4895.75,4892.0,4892.7
28506,2024-05-27 15:05:00,4895.9,4895.9,4891.5,4894.0
28507,2024-05-27 15:06:00,4894.95,4894.95,4892.5,4892.5
28508,2024-05-27 15:07:00,4894.0,4894.2,4892.0,4892.0
28509,2024-05-27 15:08:00,4892.95,4893.35,4885.0,4889.6
28510,2024-05-27 15:09:00,4887.3,4890.45,4885.35,4890.45
28511,2024-05-27 15:10:00,4890.55,4890.55,4880.0,4881.55
28512,2024-05-27 15:11:00,4884.05,4887.4,4882.6,4884.5
28513,2024-05-27 15:12:00,4884.75,4886.35,4883.2,4883.2
28514,2024-05-27 15:13:00,4883.4,4896.65,4881.8,4896.0
28515,2024-05-27 15:14:00,4895.0,4897.0,4895.0,4897.0
28516,2024-05-27 15:15:00,4895.0,4897.0,4895.0,4895.05
28517,2024-05-27 15:16:00,4895.3,4895.7,4895.0,4895.0
28518,2024-05-27 15:17:00,4895.2,4895.3,4892.95,4894.5
28519,2024-05-27 15:18:00,4894.45,4894.5,4891.3,4893.05
28520,2024-05-27 15:19:00,4894.0,4894.4,4893.0,4894.0
28521,2024-05-27 15:20:00,4893.95,4895.4,4891.85,4895.0
28522,2024-05-27 15:21:00,4894.0,4896.35,4893.0,4893.6
28523,2024-05-27 15:22:00,4893.8,4893.8,4891.1,4893.3
28524,2024-05-27 15:23:00,4893.1,4893.7,4892.9,4893.0
28525,2024-05-27 15:24:00,4892.9,4895.0,4891.9,4895.0
28526,2024-05-27 15:25:00,4893.1,4894.95,4891.2,4893.0
28527,2024-05-27 15:26:00,4893.95,4893.95,4888.15,4888.45
28528,2024-05-27 15:27:00,4890.1,4891.4,4890.0,4891.0
28529,2024-05-27 15:28:00,4892.0,4892.0,4885.0,4888.0
28530,2024-05-27 15:29:00,4886.0,4890.0,4885.6,4890.0
28531,2024-05-28 09:15:00,4915.05,4918.95,4896.6,4914.0
28532,2024-05-28 09:16:00,4916.7,4918.55,4911.8,4918.55
28533,2024-05-28 09:17:00,4918.05,4928.9,4916.4,4922.15
28534,2024-05-28 09:18:00,4918.3,4923.0,4917.0,4921.65
28535,2024-05-28 09:19:00,4923.55,4930.3,4922.35,4923.3
28536,2024-05-28 09:20:00,4925.95,4926.0,4905.7,4908.05
28537,2024-05-28 09:21:00,4907.85,4920.85,4907.65,4918.3
28538,2024-05-28 09:22:00,4918.0,4922.15,4913.1,4915.0
28539,2024-05-28 09:23:00,4912.7,4915.0,4910.0,4913.45
28540,2024-05-28 09:24:00,4913.4,4913.4,4907.55,4910.0
28541,2024-05-28 09:25:00,4910.3,4913.85,4908.2,4909.0
28542,2024-05-28 09:26:00,4909.25,4909.25,4901.5,4902.0
28543,2024-05-28 09:27:00,4902.1,4910.0,4902.05,4909.05
28544,2024-05-28 09:28:00,4911.0,4911.8,4909.05,4910.4
28545,2024-05-28 09:29:00,4910.0,4913.85,4905.0,4905.1
28546,2024-05-28 09:30:00,4905.05,4905.05,4900.0,4900.0
28547,2024-05-28 09:31:00,4901.95,4902.0,4898.2,4898.6
28548,2024-05-28 09:32:00,4897.1,4901.75,4895.85,4895.85
28549,2024-05-28 09:33:00,4895.0,4899.75,4895.0,4896.7
28550,2024-05-28 09:34:00,4894.0,4894.15,4890.0,4890.0
28551,2024-05-28 09:35:00,4891.1,4891.1,4886.05,4886.25
28552,2024-05-28 09:36:00,4889.05,4889.95,4884.95,4887.35
28553,2024-05-28 09:37:00,4889.85,4892.9,4887.0,4892.0
28554,2024-05-28 09:38:00,4892.9,4897.95,4889.2,4896.0
28555,2024-05-28 09:39:00,4899.9,4900.0,4896.65,4899.0
28556,2024-05-28 09:40:00,4898.05,4898.9,4892.0,4893.55
28557,2024-05-28 09:41:00,4892.4,4896.4,4889.8,4892.95
28558,2024-05-28 09:42:00,4894.4,4894.4,4888.0,4890.05
28559,2024-05-28 09:43:00,4890.3,4898.05,4890.0,4893.3
28560,2024-05-28 09:44:00,4896.25,4903.4,4893.3,4901.15
28561,2024-05-28 09:45:00,4903.4,4905.0,4895.95,4895.95
28562,2024-05-28 09:46:00,4900.0,4902.4,4899.6,4899.6
28563,2024-05-28 09:47:00,4898.6,4899.95,4896.1,4899.65
28564,2024-05-28 09:48:00,4899.0,4901.9,4897.2,4900.0
28565,2024-05-28 09:49:00,4901.85,4905.75,4899.6,4905.75
28566,2024-05-28 09:50:00,4903.15,4903.85,4897.6,4900.2
28567,2024-05-28 09:51:00,4902.5,4903.15,4897.3,4897.3
28568,2024-05-28 09:52:00,4899.5,4911.0,4896.8,4911.0
28569,2024-05-28 09:53:00,4910.45,4912.0,4910.0,4910.05
28570,2024-05-28 09:54:00,4911.0,4915.0,4910.0,4910.0
28571,2024-05-28 09:55:00,4912.05,4913.85,4910.0,4910.0
28572,2024-05-28 09:56:00,4910.5,4914.0,4910.5,4913.55
28573,2024-05-28 09:57:00,4911.55,4914.95,4911.55,4914.0
28574,2024-05-28 09:58:00,4910.9,4915.0,4900.0,4901.7
28575,2024-05-28 09:59:00,4900.0,4900.0,4896.35,4900.0
28576,2024-05-28 10:00:00,4897.55,4899.95,4897.2,4899.45
28577,2024-05-28 10:01:00,4896.75,4900.0,4896.35,4899.8
28578,2024-05-28 10:02:00,4897.45,4899.4,4890.0,4890.0
28579,2024-05-28 10:03:00,4889.0,4895.2,4888.05,4891.85
28580,2024-05-28 10:04:00,4895.0,4895.0,4885.6,4885.6
28581,2024-05-28 10:05:00,4885.4,4886.45,4871.1,4878.0
28582,2024-05-28 10:06:00,4879.5,4883.8,4876.05,4883.0
28583,2024-05-28 10:07:00,4880.45,4880.45,4876.55,4878.35
28584,2024-05-28 10:08:00,4878.0,4882.8,4876.9,4882.8
28585,2024-05-28 10:09:00,4878.1,4879.05,4875.0,4875.1
28586,2024-05-28 10:10:00,4876.85,4876.9,4872.0,4873.55
28587,2024-05-28 10:11:00,4873.0,4878.0,4872.0,4875.0
28588,2024-05-28 10:12:00,4872.05,4882.4,4872.0,4881.9
28589,2024-05-28 10:13:00,4879.0,4879.85,4875.55,4879.15
28590,2024-05-28 10:14:00,4876.5,4880.0,4876.5,4877.75
28591,2024-05-28 10:15:00,4878.05,4884.5,4878.05,4884.5
28592,2024-05-28 10:16:00,4885.35,4889.0,4885.35,4888.6
28593,2024-05-28 10:17:00,4888.0,4895.4,4888.0,4891.2
28594,2024-05-28 10:18:00,4890.75,4894.35,4890.75,4894.35
28595,2024-05-28 10:19:00,4895.0,4898.4,4893.15,4898.4
28596,2024-05-28 10:20:00,4897.45,4899.0,4895.0,4899.0
28597,2024-05-28 10:21:00,4898.6,4899.0,4896.4,4896.45
28598,2024-05-28 10:22:00,4898.0,4898.2,4895.3,4898.2
28599,2024-05-28 10:23:00,4896.0,4898.35,4893.8,4898.0
28600,2024-05-28 10:24:00,4897.95,4899.9,4896.55,4898.45
28601,2024-05-28 10:25:00,4896.1,4899.9,4896.0,4896.0
28602,2024-05-28 10:26:00,4897.1,4898.2,4895.0,4895.0
28603,2024-05-28 10:27:00,4894.35,4894.45,4892.05,4894.45
28604,2024-05-28 10:28:00,4894.4,4895.0,4893.3,4893.3
28605,2024-05-28 10:29:00,4893.7,4895.0,4890.75,4893.95
28606,2024-05-28 10:30:00,4893.0,4894.25,4891.15,4892.0
28607,2024-05-28 10:31:00,4894.95,4895.0,4892.5,4893.65
28608,2024-05-28 10:32:00,4895.0,4899.9,4893.7,4899.9
28609,2024-05-28 10:33:00,4899.4,4899.9,4898.0,4899.9
28610,2024-05-28 10:34:00,4898.6,4899.95,4897.65,4899.9
28611,2024-05-28 10:35:00,4899.85,4901.75,4898.0,4901.75
28612,2024-05-28 10:36:00,4899.05,4901.75,4899.05,4901.55
28613,2024-05-28 10:37:00,4900.5,4901.0,4897.6,4900.0
28614,2024-05-28 10:38:00,4898.05,4900.0,4896.0,4896.85
28615,2024-05-28 10:39:00,4896.0,4900.0,4896.0,4898.95
28616,2024-05-28 10:40:00,4897.15,4897.5,4895.0,4895.05
28617,2024-05-28 10:41:00,4895.45,4897.6,4892.8,4892.8
28618,2024-05-28 10:42:00,4893.85,4897.1,4893.3,4897.05
28619,2024-05-28 10:43:00,4897.1,4898.5,4895.85,4897.5
28620,2024-05-28 10:44:00,4897.55,4899.4,4895.8,4896.0
28621,2024-05-28 10:45:00,4895.85,4898.95,4895.85,4896.0
28622,2024-05-28 10:46:00,4898.85,4898.85,4891.6,4893.45
28623,2024-05-28 10:47:00,4891.15,4894.65,4891.15,4892.3
28624,2024-05-28 10:48:00,4893.0,4894.1,4892.3,4892.3
28625,2024-05-28 10:49:00,4892.35,4901.7,4892.3,4901.7
28626,2024-05-28 10:50:00,4899.0,4900.0,4897.55,4900.0
28627,2024-05-28 10:51:00,4899.4,4901.15,4899.05,4899.4
28628,2024-05-28 10:52:00,4899.05,4901.5,4899.0,4899.0
28629,2024-05-28 10:53:00,4900.1,4901.15,4898.35,4901.15
28630,2024-05-28 10:54:00,4901.1,4903.0,4899.35,4902.8
28631,2024-05-28 10:55:00,4900.5,4902.0,4900.5,4901.8
28632,2024-05-28 10:56:00,4901.5,4901.5,4895.45,4897.85
28633,2024-05-28 10:57:00,4895.25,4897.2,4894.45,4895.0
28634,2024-05-28 10:58:00,4896.25,4897.0,4891.5,4895.8
28635,2024-05-28 10:59:00,4895.95,4898.25,4895.95,4898.25
28636,2024-05-28 11:00:00,4898.45,4899.95,4896.75,4899.95
28637,2024-05-28 11:01:00,4899.4,4900.9,4890.0,4890.0
28638,2024-05-28 11:02:00,4889.95,4892.65,4888.15,4888.15
28639,2024-05-28 11:03:00,4891.55,4891.55,4881.05,4881.2
28640,2024-05-28 11:04:00,4883.0,4884.0,4881.05,4883.85
28641,2024-05-28 11:05:00,4884.85,4888.4,4883.8,4888.05
28642,2024-05-28 11:06:00,4885.5,4888.05,4880.1,4883.3
28643,2024-05-28 11:07:00,4880.4,4883.05,4879.0,4880.0
28644,2024-05-28 11:08:00,4879.95,4880.0,4877.0,4878.45
28645,2024-05-28 11:09:00,4878.05,4878.45,4877.0,4878.0
28646,2024-05-28 11:10:00,4876.0,4877.9,4872.1,4872.7
28647,2024-05-28 11:11:00,4875.0,4876.05,4873.15,4875.65
28648,2024-05-28 11:12:00,4873.3,4878.85,4873.3,4876.95
28649,2024-05-28 11:13:00,4876.7,4882.95,4876.7,4878.1
28650,2024-05-28 11:14:00,4880.35,4883.3,4880.15,4882.0
28651,2024-05-28 11:15:00,4881.0,4882.55,4879.05,4882.15
28652,2024-05-28 11:16:00,4880.15,4883.1,4880.15,4883.1
28653,2024-05-28 11:17:00,4883.0,4883.0,4880.0,4880.25
28654,2024-05-28 11:18:00,4879.05,4883.0,4879.0,4882.0
28655,2024-05-28 11:19:00,4882.15,4882.15,4880.9,4880.9
28656,2024-05-28 11:20:00,4881.05,4881.3,4879.4,4881.3
28657,2024-05-28 11:21:00,4879.6,4883.0,4879.45,4881.55
28658,2024-05-28 11:22:00,4882.95,4883.9,4881.55,4882.0
28659,2024-05-28 11:23:00,4883.9,4883.9,4880.0,4880.75
28660,2024-05-28 11:24:00,4880.35,4882.2,4878.9,4878.9
28661,2024-05-28 11:25:00,4879.1,4879.1,4877.3,4877.3
28662,2024-05-28 11:26:00,4878.0,4883.4,4878.0,4882.75
28663,2024-05-28 11:27:00,4882.9,4884.55,4881.1,4884.45
28664,2024-05-28 11:28:00,4881.45,4883.9,4880.3,4883.9
28665,2024-05-28 11:29:00,4884.1,4884.1,4881.0,4881.0
28666,2024-05-28 11:30:00,4882.4,4885.9,4882.4,4884.95
28667,2024-05-28 11:31:00,4885.4,4885.4,4883.0,4885.0
28668,2024-05-28 11:32:00,4883.25,4885.4,4883.0,4883.2
28669,2024-05-28 11:33:00,4883.25,4885.3,4883.2,4885.0
28670,2024-05-28 11:34:00,4883.25,4884.95,4883.0,4883.2
28671,2024-05-28 11:35:00,4883.0,4883.45,4882.0,4883.45
28672,2024-05-28 11:36:00,4883.05,4884.95,4883.05,4883.2
28673,2024-05-28 11:37:00,4883.0,4884.55,4883.0,4883.05
28674,2024-05-28 11:38:00,4883.0,4885.45,4883.0,4883.2
28675,2024-05-28 11:39:00,4885.4,4885.95,4883.0,4883.4
28676,2024-05-28 11:40:00,4886.45,4889.0,4886.45,4888.95
28677,2024-05-28 11:41:00,4887.45,4888.3,4885.05,4885.05
28678,2024-05-28 11:42:00,4887.15,4887.15,4885.4,4885.4
28679,2024-05-28 11:43:00,4887.4,4887.4,4884.0,4886.25
28680,2024-05-28 11:44:00,4884.2,4888.45,4884.05,4886.0
28681,2024-05-28 11:45:00,4888.75,4889.35,4886.7,4887.45
28682,2024-05-28 11:46:00,4889.45,4890.0,4887.45,4890.0
28683,2024-05-28 11:47:00,4887.5,4890.0,4887.45,4889.7
28684,2024-05-28 11:48:00,4888.0,4888.0,4886.1,4887.8
28685,2024-05-28 11:49:00,4887.55,4887.55,4884.05,4887.25
28686,2024-05-28 11:50:00,4885.0,4887.5,4884.5,4887.45
28687,2024-05-28 11:51:00,4887.4,4887.4,4884.0,4884.0
28688,2024-05-28 11:52:00,4885.8,4886.45,4884.0,4886.45
28689,2024-05-28 11:53:00,4886.4,4886.4,4884.0,4884.05
28690,2024-05-28 11:54:00,4886.55,4886.55,4884.55,4886.5
28691,2024-05-28 11:55:00,4885.95,4891.0,4885.95,4888.85
28692,2024-05-28 11:56:00,4890.7,4890.95,4890.7,4890.7
28693,2024-05-28 11:57:00,4890.6,4893.0,4888.0,4888.0
28694,2024-05-28 11:58:00,4887.8,4887.8,4885.0,4885.0
28695,2024-05-28 11:59:00,4888.0,4888.0,4885.4,4885.9
28696,2024-05-28 12:00:00,4885.95,4887.95,4885.95,4886.0
28697,2024-05-28 12:01:00,4885.95,4892.1,4885.95,4892.1
28698,2024-05-28 12:02:00,4891.95,4891.95,4890.3,4891.45
28699,2024-05-28 12:03:00,4892.1,4892.1,4888.05,4890.0
28700,2024-05-28 12:04:00,4888.25,4890.3,4888.25,4890.3
28701,2024-05-28 12:05:00,4892.0,4892.0,4888.3,4888.3
28702,2024-05-28 12:06:00,4889.2,4889.2,4889.2,4889.2
28703,2024-05-28 12:07:00,4891.4,4891.4,4889.5,4889.5
28704,2024-05-28 12:08:00,4891.45,4891.45,4887.35,4887.35
28705,2024-05-28 12:09:00,4890.4,4890.4,4887.55,4889.95
28706,2024-05-28 12:10:00,4887.5,4891.25,4887.5,4888.85
28707,2024-05-28 12:11:00,4890.85,4890.85,4887.0,4887.0
28708,2024-05-28 12:12:00,4885.95,4885.95,4884.9,4884.9
28709,2024-05-28 12:13:00,4885.9,4886.2,4884.05,4886.0
28710,2024-05-28 12:14:00,4885.0,4886.8,4883.8,4883.8
28711,2024-05-28 12:15:00,4883.0,4883.8,4881.0,4881.0
28712,2024-05-28 12:16:00,4882.5,4883.8,4881.0,4883.8
28713,2024-05-28 12:17:00,4884.9,4884.9,4884.0,4884.0
28714,2024-05-28 12:18:00,4883.35,4886.7,4883.35,4886.7
28715,2024-05-28 12:19:00,4885.0,4885.0,4883.0,4883.0
28716,2024-05-28 12:20:00,4883.95,4883.95,4880.0,4881.95
28717,2024-05-28 12:21:00,4880.0,4880.0,4876.0,4876.0
28718,2024-05-28 12:22:00,4880.0,4883.0,4880.0,4881.85
28719,2024-05-28 12:23:00,4880.15,4881.45,4880.15,4881.45
28720,2024-05-28 12:24:00,4878.15,4879.0,4875.0,4875.05
28721,2024-05-28 12:25:00,4876.8,4880.45,4874.9,4875.0
28722,2024-05-28 12:26:00,4876.0,4876.0,4872.9,4872.9
28723,2024-05-28 12:27:00,4875.15,4875.2,4873.6,4873.6
28724,2024-05-28 12:28:00,4872.9,4874.9,4871.5,4871.5
28725,2024-05-28 12:29:00,4871.0,4871.4,4868.0,4868.1
28726,2024-05-28 12:30:00,4868.0,4868.0,4861.55,4863.7
28727,2024-05-28 12:31:00,4862.35,4862.7,4860.15,4860.15
28728,2024-05-28 12:32:00,4862.55,4862.7,4860.05,4862.0
28729,2024-05-28 12:33:00,4861.0,4862.5,4861.0,4862.5
28730,2024-05-28 12:34:00,4860.95,4861.55,4858.7,4858.7
28731,2024-05-28 12:35:00,4858.0,4860.05,4855.6,4857.55
28732,2024-05-28 12:36:00,4857.9,4861.45,4855.6,4859.4
28733,2024-05-28 12:37:00,4858.9,4860.55,4856.85,4860.55
28734,2024-05-28 12:38:00,4857.5,4859.0,4855.2,4859.0
28735,2024-05-28 12:39:00,4858.85,4859.0,4855.2,4859.0
28736,2024-05-28 12:40:00,4859.1,4867.65,4859.1,4865.05
28737,2024-05-28 12:41:00,4867.4,4870.0,4865.6,4870.0
28738,2024-05-28 12:42:00,4869.05,4870.1,4867.75,4870.1
28739,2024-05-28 12:43:00,4868.45,4873.2,4867.35,4867.35
28740,2024-05-28 12:44:00,4869.35,4874.1,4868.55,4874.1
28741,2024-05-28 12:45:00,4871.8,4872.9,4865.05,4867.8
28742,2024-05-28 12:46:00,4865.2,4867.4,4865.0,4867.0
28743,2024-05-28 12:47:00,4867.6,4867.6,4860.0,4860.0
28744,2024-05-28 12:48:00,4859.5,4863.75,4859.5,4860.0
28745,2024-05-28 12:49:00,4863.75,4864.15,4860.9,4861.55
28746,2024-05-28 12:50:00,4865.0,4869.7,4864.55,4869.7
28747,2024-05-28 12:51:00,4868.25,4874.4,4868.25,4871.35
28748,2024-05-28 12:52:00,4872.65,4876.0,4872.65,4873.45
28749,2024-05-28 12:53:00,4874.25,4874.95,4870.85,4873.1
28750,2024-05-28 12:54:00,4871.05,4873.15,4870.55,4873.15
28751,2024-05-28 12:55:00,4872.0,4874.8,4871.35,4874.4
28752,2024-05-28 12:56:00,4872.65,4876.0,4872.65,4876.0
28753,2024-05-28 12:57:00,4877.1,4877.1,4871.0,4871.0
28754,2024-05-28 12:58:00,4873.0,4873.0,4869.0,4869.15
28755,2024-05-28 12:59:00,4872.1,4872.1,4867.4,4867.4
28756,2024-05-28 13:00:00,4869.1,4879.4,4869.1,4879.4
28757,2024-05-28 13:01:00,4879.0,4879.0,4876.95,4877.0
28758,2024-05-28 13:02:00,4879.0,4881.5,4879.0,4881.5
28759,2024-05-28 13:03:00,4881.85,4881.85,4879.3,4881.85
28760,2024-05-28 13:04:00,4881.8,4885.0,4879.7,4885.0
28761,2024-05-28 13:05:00,4885.95,4886.95,4884.95,4885.0
28762,2024-05-28 13:06:00,4886.7,4886.7,4885.4,4886.5
28763,2024-05-28 13:07:00,4886.45,4886.5,4885.0,4885.45
28764,2024-05-28 13:08:00,4885.0,4886.45,4885.0,4886.45
28765,2024-05-28 13:09:00,4885.0,4886.5,4885.0,4885.0
28766,2024-05-28 13:10:00,4886.5,4886.5,4885.4,4886.45
28767,2024-05-28 13:11:00,4886.5,4886.5,4885.0,4885.0
28768,2024-05-28 13:12:00,4883.35,4883.35,4875.0,4875.05
28769,2024-05-28 13:13:00,4876.5,4876.5,4875.0,4875.15
28770,2024-05-28 13:14:00,4877.95,4877.95,4875.0,4876.35
28771,2024-05-28 13:15:00,4880.0,4880.0,4876.9,4879.9
28772,2024-05-28 13:16:00,4880.0,4882.65,4879.4,4882.0
28773,2024-05-28 13:17:00,4880.7,4884.95,4880.7,4884.95
28774,2024-05-28 13:18:00,4883.45,4888.85,4883.45,4885.6
28775,2024-05-28 13:19:00,4885.65,4888.85,4882.65,4882.75
28776,2024-05-28 13:20:00,4882.65,4885.0,4882.25,4882.25
28777,2024-05-28 13:21:00,4882.0,4887.1,4881.85,4884.1
28778,2024-05-28 13:22:00,4886.75,4886.95,4880.45,4880.45
28779,2024-05-28 13:23:00,4883.45,4883.45,4877.45,4877.65
28780,2024-05-28 13:24:00,4880.75,4882.0,4879.4,4879.4
28781,2024-05-28 13:25:00,4880.0,4882.1,4878.35,4879.15
28782,2024-05-28 13:26:00,4877.35,4879.7,4876.25,4877.05
28783,2024-05-28 13:27:00,4879.45,4879.45,4876.25,4876.45
28784,2024-05-28 13:28:00,4876.0,4877.95,4875.0,4877.25
28785,2024-05-28 13:29:00,4877.65,4883.15,4875.55,4880.8
28786,2024-05-28 13:30:00,4883.2,4883.95,4881.45,4883.95
28787,2024-05-28 13:31:00,4882.0,4885.0,4882.0,4882.4
28788,2024-05-28 13:32:00,4882.25,4885.0,4882.2,4885.0
28789,2024-05-28 13:33:00,4884.95,4884.95,4881.25,4881.3
28790,2024-05-28 13:34:00,4882.95,4882.95,4881.5,4881.5
28791,2024-05-28 13:35:00,4882.95,4882.95,4880.0,4880.05
28792,2024-05-28 13:36:00,4880.15,4881.1,4880.0,4881.1
28793,2024-05-28 13:37:00,4882.0,4882.25,4880.1,4880.35
28794,2024-05-28 13:38:00,4883.35,4884.85,4880.5,4884.85
28795,2024-05-28 13:39:00,4885.45,4885.45,4881.45,4881.95
28796,2024-05-28 13:40:00,4884.35,4884.35,4881.95,4883.95
28797,2024-05-28 13:41:00,4882.05,4883.95,4880.6,4881.15
28798,2024-05-28 13:42:00,4883.35,4883.35,4881.05,4882.95
28799,2024-05-28 13:43:00,4881.2,4885.0,4881.05,4885.0
28800,2024-05-28 13:44:00,4883.5,4885.95,4882.6,4884.0
28801,2024-05-28 13:45:00,4883.65,4888.05,4883.65,4884.05
28802,2024-05-28 13:46:00,4886.85,4886.85,4881.05,4881.05
28803,2024-05-28 13:47:00,4881.45,4883.7,4881.45,4882.0
28804,2024-05-28 13:48:00,4882.9,4884.9,4881.1,4881.1
28805,2024-05-28 13:49:00,4885.35,4885.35,4881.15,4884.4
28806,2024-05-28 13:50:00,4884.3,4884.3,4882.05,4883.2
28807,2024-05-28 13:51:00,4883.0,4883.0,4880.0,4880.2
28808,2024-05-28 13:52:00,4880.0,4882.0,4880.0,4882.0
28809,2024-05-28 13:53:00,4880.15,4882.0,4880.15,4880.15
28810,2024-05-28 13:54:00,4882.0,4882.0,4880.0,4880.0
28811,2024-05-28 13:55:00,4880.8,4880.8,4875.0,4876.0
28812,2024-05-28 13:56:00,4877.25,4878.7,4875.55,4875.55
28813,2024-05-28 13:57:00,4875.6,4877.15,4875.0,4875.0
28814,2024-05-28 13:58:00,4875.45,4877.0,4875.0,4875.55
28815,2024-05-28 13:59:00,4877.0,4877.15,4875.55,4875.55
28816,2024-05-28 14:00:00,4877.1,4878.6,4875.45,4875.6
28817,2024-05-28 14:01:00,4876.0,4877.0,4876.0,4876.25
28818,2024-05-28 14:02:00,4877.0,4877.0,4876.25,4877.0
28819,2024-05-28 14:03:00,4876.5,4877.4,4876.25,4876.25
28820,2024-05-28 14:04:00,4876.2,4876.5,4875.0,4875.0
28821,2024-05-28 14:05:00,4876.5,4876.5,4875.0,4875.1
28822,2024-05-28 14:06:00,4875.0,4876.0,4875.0,4875.0
28823,2024-05-28 14:07:00,4876.0,4878.7,4875.0,4875.3
28824,2024-05-28 14:08:00,4875.55,4878.5,4875.55,4875.95
28825,2024-05-28 14:09:00,4876.95,4877.95,4875.2,4875.5
28826,2024-05-28 14:10:00,4876.15,4879.0,4876.15,4877.85
28827,2024-05-28 14:11:00,4876.25,4877.85,4875.1,4875.1
28828,2024-05-28 14:12:00,4877.45,4879.2,4876.25,4876.25
28829,2024-05-28 14:13:00,4877.5,4879.2,4875.75,4879.2
28830,2024-05-28 14:14:00,4879.5,4881.75,4879.25,4880.5
28831,2024-05-28 14:15:00,4881.9,4881.9,4875.65,4876.85
28832,2024-05-28 14:16:00,4875.65,4879.05,4875.3,4879.05
28833,2024-05-28 14:17:00,4876.15,4879.45,4876.15,4877.15
28834,2024-05-28 14:18:00,4877.2,4880.0,4876.25,4878.5
28835,2024-05-28 14:19:00,4879.2,4881.2,4878.5,4880.15
28836,2024-05-28 14:20:00,4880.0,4881.25,4880.0,4880.0
28837,2024-05-28 14:21:00,4879.5,4880.25,4879.5,4880.25
28838,2024-05-28 14:22:00,4880.2,4882.0,4880.0,4880.15
28839,2024-05-28 14:23:00,4881.95,4881.95,4880.0,4880.05
28840,2024-05-28 14:24:00,4881.0,4882.0,4880.05,4880.7
28841,2024-05-28 14:25:00,4880.65,4882.25,4880.0,4880.15
28842,2024-05-28 14:26:00,4882.85,4884.95,4880.0,4881.25
28843,2024-05-28 14:27:00,4881.3,4882.25,4880.0,4880.0
28844,2024-05-28 14:28:00,4880.3,4885.1,4880.0,4884.25
28845,2024-05-28 14:29:00,4885.05,4886.2,4881.1,4881.2
28846,2024-05-28 14:30:00,4881.15,4882.75,4880.7,4882.0
28847,2024-05-28 14:31:00,4883.2,4883.6,4882.0,4883.6
28848,2024-05-28 14:32:00,4883.8,4884.3,4882.0,4882.0
28849,2024-05-28 14:33:00,4883.1,4885.0,4882.0,4882.0
28850,2024-05-28 14:34:00,4882.45,4883.0,4882.0,4882.3
28851,2024-05-28 14:35:00,4882.05,4886.5,4882.0,4885.65
28852,2024-05-28 14:36:00,4883.8,4884.15,4882.0,4883.4
28853,2024-05-28 14:37:00,4883.8,4883.8,4883.4,4883.4
28854,2024-05-28 14:38:00,4883.8,4883.8,4882.0,4882.0
28855,2024-05-28 14:39:00,4883.35,4883.8,4882.0,4882.0
28856,2024-05-28 14:40:00,4883.0,4883.8,4882.0,4882.0
28857,2024-05-28 14:41:00,4883.0,4883.8,4882.0,4882.95
28858,2024-05-28 14:42:00,4882.0,4882.95,4880.55,4881.4
28859,2024-05-28 14:43:00,4880.55,4885.0,4880.55,4883.2
28860,2024-05-28 14:44:00,4884.65,4885.4,4882.9,4883.2
28861,2024-05-28 14:45:00,4885.4,4885.4,4882.3,4883.0
28862,2024-05-28 14:46:00,4881.05,4883.0,4880.6,4883.0
28863,2024-05-28 14:47:00,4880.6,4882.9,4880.45,4881.55
28864,2024-05-28 14:48:00,4881.5,4882.0,4880.15,4881.35
28865,2024-05-28 14:49:00,4880.0,4882.0,4880.0,4881.95
28866,2024-05-28 14:50:00,4880.0,4886.95,4880.0,4886.95
28867,2024-05-28 14:51:00,4885.4,4887.15,4885.0,4885.6
28868,2024-05-28 14:52:00,4885.0,4887.0,4885.0,4885.95
28869,2024-05-28 14:53:00,4885.6,4886.25,4885.0,4885.95
28870,2024-05-28 14:54:00,4886.25,4888.0,4886.05,4888.0
28871,2024-05-28 14:55:00,4887.0,4888.0,4885.35,4885.35
28872,2024-05-28 14:56:00,4885.3,4888.9,4885.3,4888.0
28873,2024-05-28 14:57:00,4888.4,4888.85,4888.0,4888.0
28874,2024-05-28 14:58:00,4888.85,4888.85,4888.0,4888.1
28875,2024-05-28 14:59:00,4888.6,4888.6,4883.0,4883.0
28876,2024-05-28 15:00:00,4883.55,4884.25,4880.0,4882.95
28877,2024-05-28 15:01:00,4881.0,4887.8,4881.0,4886.8
28878,2024-05-28 15:02:00,4887.65,4887.65,4883.05,4884.15
28879,2024-05-28 15:03:00,4883.0,4884.25,4883.0,4884.0
28880,2024-05-28 15:04:00,4883.6,4887.45,4883.6,4886.25
28881,2024-05-28 15:05:00,4886.05,4887.45,4884.2,4884.9
28882,2024-05-28 15:06:00,4884.85,4885.4,4880.1,4885.4
28883,2024-05-28 15:07:00,4885.0,4890.0,4885.0,4889.1
28884,2024-05-28 15:08:00,4889.0,4890.95,4888.95,4889.9
28885,2024-05-28 15:09:00,4889.65,4890.0,4888.9,4889.0
28886,2024-05-28 15:10:00,4889.1,4889.2,4887.1,4889.15
28887,2024-05-28 15:11:00,4888.55,4889.5,4887.5,4889.45
28888,2024-05-28 15:12:00,4889.2,4892.55,4889.2,4890.1
28889,2024-05-28 15:13:00,4889.05,4891.5,4885.9,4886.5
28890,2024-05-28 15:14:00,4888.4,4889.4,4884.05,4886.45
28891,2024-05-28 15:15:00,4887.3,4887.3,4881.8,4881.8
28892,2024-05-28 15:16:00,4881.5,4881.5,4879.85,4880.15
28893,2024-05-28 15:17:00,4880.2,4882.7,4880.0,4880.75
28894,2024-05-28 15:18:00,4880.15,4886.55,4880.15,4885.05
28895,2024-05-28 15:19:00,4886.0,4886.0,4885.0,4885.4
28896,2024-05-28 15:20:00,4885.55,4885.6,4880.0,4880.4
28897,2024-05-28 15:21:00,4881.35,4885.8,4880.05,4885.0
28898,2024-05-28 15:22:00,4882.45,4886.2,4880.0,4886.05
28899,2024-05-28 15:23:00,4886.0,4886.95,4886.0,4886.35
28900,2024-05-28 15:24:00,4886.15,4886.95,4886.0,4886.45
28901,2024-05-28 15:25:00,4886.6,4886.95,4886.0,4886.05
28902,2024-05-28 15:26:00,4886.0,4889.0,4886.0,4888.75
28903,2024-05-28 15:27:00,4889.0,4893.0,4889.0,4893.0
28904,2024-05-28 15:28:00,4891.0,4895.0,4890.0,4894.9
28905,2024-05-28 15:29:00,4890.55,4894.7,4880.0,4880.0
28906,2024-05-29 09:15:00,4880.0,4884.55,4835.15,4860.95
28907,2024-05-29 09:16:00,4861.0,4871.0,4854.9,4860.95
28908,2024-05-29 09:17:00,4864.55,4865.0,4844.0,4853.6
28909,2024-05-29 09:18:00,4854.35,4859.35,4850.7,4851.0
28910,2024-05-29 09:19:00,4854.4,4860.0,4850.45,4859.25
28911,2024-05-29 09:20:00,4859.6,4868.35,4859.15,4865.95
28912,2024-05-29 09:21:00,4864.35,4866.15,4853.0,4857.0
28913,2024-05-29 09:22:00,4852.85,4856.25,4846.6,4848.95
28914,2024-05-29 09:23:00,4849.4,4854.65,4847.1,4849.75
28915,2024-05-29 09:24:00,4851.0,4862.2,4847.0,4862.2
28916,2024-05-29 09:25:00,4863.65,4865.0,4858.75,4860.0
28917,2024-05-29 09:26:00,4861.95,4861.95,4855.0,4856.75
28918,2024-05-29 09:27:00,4856.8,4857.5,4854.0,4856.0
28919,2024-05-29 09:28:00,4856.05,4856.05,4851.5,4854.3
28920,2024-05-29 09:29:00,4854.75,4860.5,4853.4,4858.15
28921,2024-05-29 09:30:00,4859.35,4860.85,4855.45,4859.9
28922,2024-05-29 09:31:00,4857.5,4860.9,4857.5,4860.55
28923,2024-05-29 09:32:00,4861.0,4863.4,4858.8,4859.0
28924,2024-05-29 09:33:00,4859.15,4861.65,4859.15,4861.65
28925,2024-05-29 09:34:00,4862.0,4865.2,4861.65,4863.0
28926,2024-05-29 09:35:00,4862.25,4865.5,4862.25,4862.95
28927,2024-05-29 09:36:00,4862.35,4865.0,4862.35,4864.35
28928,2024-05-29 09:37:00,4865.0,4865.0,4864.35,4864.35
28929,2024-05-29 09:38:00,4864.0,4864.85,4862.9,4862.9
28930,2024-05-29 09:39:00,4862.75,4862.8,4860.55,4862.4
28931,2024-05-29 09:40:00,4861.0,4876.2,4861.0,4876.2
28932,2024-05-29 09:41:00,4875.45,4878.0,4875.45,4877.9
28933,2024-05-29 09:42:00,4875.2,4876.0,4875.0,4876.0
28934,2024-05-29 09:43:00,4876.2,4883.8,4875.5,4883.7
28935,2024-05-29 09:44:00,4881.1,4884.85,4880.3,4882.0
28936,2024-05-29 09:45:00,4883.0,4883.0,4878.65,4882.45
28937,2024-05-29 09:46:00,4881.4,4883.45,4880.2,4883.45
28938,2024-05-29 09:47:00,4881.1,4883.25,4880.8,4881.85
28939,2024-05-29 09:48:00,4882.95,4883.45,4877.9,4881.2
28940,2024-05-29 09:49:00,4879.2,4880.4,4876.1,4876.15
28941,2024-05-29 09:50:00,4878.1,4878.1,4875.0,4877.2
28942,2024-05-29 09:51:00,4875.7,4877.9,4875.05,4875.05
28943,2024-05-29 09:52:00,4875.65,4877.15,4875.65,4876.4
28944,2024-05-29 09:53:00,4876.65,4878.0,4876.65,4878.0
28945,2024-05-29 09:54:00,4878.25,4879.0,4877.3,4877.95
28946,2024-05-29 09:55:00,4878.0,4883.0,4877.45,4880.8
28947,2024-05-29 09:56:00,4881.85,4884.0,4881.85,4883.55
28948,2024-05-29 09:57:00,4883.1,4888.7,4883.1,4888.35
28949,2024-05-29 09:58:00,4888.4,4888.4,4884.05,4886.0
28950,2024-05-29 09:59:00,4883.7,4884.9,4879.55,4881.5
28951,2024-05-29 10:00:00,4880.0,4881.0,4879.4,4879.4
28952,2024-05-29 10:01:00,4881.0,4881.0,4875.0,4875.0
28953,2024-05-29 10:02:00,4877.25,4877.25,4875.0,4875.0
28954,2024-05-29 10:03:00,4875.5,4876.6,4875.0,4875.0
28955,2024-05-29 10:04:00,4876.0,4877.25,4874.95,4875.0
28956,2024-05-29 10:05:00,4875.45,4877.0,4870.65,4875.0
28957,2024-05-29 10:06:00,4873.35,4875.1,4872.15,4874.8
28958,2024-05-29 10:07:00,4872.15,4872.15,4862.25,4862.95
28959,2024-05-29 10:08:00,4862.55,4865.9,4861.8,4863.05
28960,2024-05-29 10:09:00,4864.65,4869.95,4863.05,4869.95
28961,2024-05-29 10:10:00,4867.95,4869.8,4865.55,4866.45
28962,2024-05-29 10:11:00,4866.35,4873.9,4866.35,4871.65
28963,2024-05-29 10:12:00,4871.6,4874.9,4871.55,4872.5
28964,2024-05-29 10:13:00,4874.65,4874.65,4870.0,4871.85
28965,2024-05-29 10:14:00,4870.0,4873.45,4869.0,4873.05
28966,2024-05-29 10:15:00,4870.75,4873.05,4870.45,4871.6
28967,2024-05-29 10:16:00,4873.0,4879.0,4873.0,4878.9
28968,2024-05-29 10:17:00,4878.5,4879.15,4877.85,4878.2
28969,2024-05-29 10:18:00,4879.15,4879.95,4877.8,4879.85
28970,2024-05-29 10:19:00,4878.4,4880.9,4874.35,4875.0
28971,2024-05-29 10:20:00,4874.95,4876.55,4874.0,4876.55
28972,2024-05-29 10:21:00,4875.0,4876.5,4874.0,4876.05
28973,2024-05-29 10:22:00,4876.0,4876.55,4874.0,4875.15
28974,2024-05-29 10:23:00,4873.0,4874.9,4865.25,4868.65
28975,2024-05-29 10:24:00,4867.1,4868.75,4865.65,4866.7
28976,2024-05-29 10:25:00,4866.35,4872.0,4866.35,4872.0
28977,2024-05-29 10:26:00,4871.15,4873.6,4871.05,4872.15
28978,2024-05-29 10:27:00,4873.6,4876.2,4871.75,4872.35
28979,2024-05-29 10:28:00,4873.9,4874.5,4870.05,4870.05
28980,2024-05-29 10:29:00,4871.75,4871.9,4868.15,4868.15
28981,2024-05-29 10:30:00,4867.6,4868.15,4866.05,4866.7
28982,2024-05-29 10:31:00,4865.0,4866.0,4857.0,4859.95
28983,2024-05-29 10:32:00,4857.1,4859.05,4856.0,4858.55
28984,2024-05-29 10:33:00,4856.7,4858.55,4855.55,4857.95
28985,2024-05-29 10:34:00,4857.25,4857.7,4855.25,4857.5
28986,2024-05-29 10:35:00,4857.25,4865.0,4857.1,4864.9
28987,2024-05-29 10:36:00,4864.85,4869.4,4864.85,4868.9
28988,2024-05-29 10:37:00,4869.0,4873.85,4868.0,4871.25
28989,2024-05-29 10:38:00,4871.65,4873.85,4869.45,4870.25
28990,2024-05-29 10:39:00,4869.55,4870.6,4865.55,4865.95
28991,2024-05-29 10:40:00,4865.6,4868.45,4862.55,4862.6
28992,2024-05-29 10:41:00,4860.1,4871.95,4860.1,4871.95
28993,2024-05-29 10:42:00,4869.65,4872.0,4869.65,4869.95
28994,2024-05-29 10:43:00,4870.1,4877.2,4870.1,4875.75
28995,2024-05-29 10:44:00,4877.0,4877.2,4874.3,4876.0
28996,2024-05-29 10:45:00,4874.1,4876.45,4873.85,4876.45
28997,2024-05-29 10:46:00,4875.95,4877.2,4875.95,4877.2
28998,2024-05-29 10:47:00,4877.0,4879.6,4876.65,4878.0
28999,2024-05-29 10:48:00,4879.0,4879.85,4877.0,4879.85
29000,2024-05-29 10:49:00,4878.95,4882.85,4877.0,4879.75
29001,2024-05-29 10:50:00,4881.95,4882.0,4879.9,4881.95
29002,2024-05-29 10:51:00,4879.9,4879.95,4878.9,4879.75
29003,2024-05-29 10:52:00,4878.9,4879.75,4875.65,4875.65
29004,2024-05-29 10:53:00,4874.05,4876.9,4872.3,4875.05
29005,2024-05-29 10:54:00,4876.0,4877.0,4873.95,4874.85
29006,2024-05-29 10:55:00,4872.35,4874.8,4872.05,4874.5
29007,2024-05-29 10:56:00,4872.35,4873.5,4866.55,4867.05
29008,2024-05-29 10:57:00,4867.1,4879.75,4867.1,4879.75
29009,2024-05-29 10:58:00,4880.05,4880.05,4877.0,4877.0
29010,2024-05-29 10:59:00,4878.0,4878.0,4877.0,4878.0
29011,2024-05-29 11:00:00,4877.25,4878.0,4877.0,4877.45
29012,2024-05-29 11:01:00,4878.0,4878.0,4877.0,4877.0
29013,2024-05-29 11:02:00,4877.2,4880.0,4877.2,4879.1
29014,2024-05-29 11:03:00,4878.65,4879.15,4877.0,4879.15
29015,2024-05-29 11:04:00,4877.9,4879.3,4877.9,4879.3
29016,2024-05-29 11:05:00,4879.4,4879.45,4878.2,4878.65
29017,2024-05-29 11:06:00,4878.35,4879.45,4878.35,4879.45
29018,2024-05-29 11:07:00,4878.65,4880.05,4878.65,4880.05
29019,2024-05-29 11:08:00,4880.5,4881.95,4880.25,4881.95
29020,2024-05-29 11:09:00,4880.3,4881.85,4880.3,4881.8
29021,2024-05-29 11:10:00,4881.05,4881.85,4880.65,4881.0
29022,2024-05-29 11:11:00,4881.75,4881.85,4880.65,4881.85
29023,2024-05-29 11:12:00,4881.9,4885.0,4880.65,4884.35
29024,2024-05-29 11:13:00,4885.0,4885.0,4883.0,4885.0
29025,2024-05-29 11:14:00,4884.5,4884.7,4883.0,4883.1
29026,2024-05-29 11:15:00,4884.0,4885.0,4884.0,4884.9
29027,2024-05-29 11:16:00,4884.55,4884.55,4881.65,4883.0
29028,2024-05-29 11:17:00,4881.5,4883.0,4880.0,4880.05
29029,2024-05-29 11:18:00,4881.8,4884.0,4879.95,4882.55
29030,2024-05-29 11:19:00,4883.85,4884.0,4882.55,4884.0
29031,2024-05-29 11:20:00,4883.55,4883.55,4883.0,4883.5
29032,2024-05-29 11:21:00,4883.45,4883.6,4882.05,4882.05
29033,2024-05-29 11:22:00,4883.0,4883.9,4882.0,4882.55
29034,2024-05-29 11:23:00,4883.0,4883.9,4882.7,4883.55
29035,2024-05-29 11:24:00,4884.0,4884.7,4882.7,4884.7
29036,2024-05-29 11:25:00,4882.7,4884.7,4882.7,4883.0
29037,2024-05-29 11:26:00,4881.45,4885.0,4881.45,4885.0
29038,2024-05-29 11:27:00,4885.35,4892.9,4882.9,4892.9
29039,2024-05-29 11:28:00,4890.1,4892.9,4885.6,4885.7
29040,2024-05-29 11:29:00,4888.05,4888.05,4880.85,4880.85
29041,2024-05-29 11:30:00,4881.0,4881.95,4879.9,4879.95
29042,2024-05-29 11:31:00,4879.3,4880.7,4877.05,4877.05
29043,2024-05-29 11:32:00,4877.1,4879.4,4877.0,4877.25
29044,2024-05-29 11:33:00,4877.6,4877.95,4877.3,4877.95
29045,2024-05-29 11:34:00,4879.15,4879.15,4877.8,4879.15
29046,2024-05-29 11:35:00,4879.2,4883.35,4879.2,4881.05
29047,2024-05-29 11:36:00,4880.75,4883.3,4880.3,4883.1
29048,2024-05-29 11:37:00,4881.6,4884.95,4880.3,4880.35
29049,2024-05-29 11:38:00,4880.3,4882.5,4878.7,4880.0
29050,2024-05-29 11:39:00,4878.15,4880.0,4877.85,4879.9
29051,2024-05-29 11:40:00,4877.9,4882.3,4877.9,4879.95
29052,2024-05-29 11:41:00,4879.9,4882.15,4879.7,4880.25
29053,2024-05-29 11:42:00,4881.95,4881.95,4879.45,4881.55
29054,2024-05-29 11:43:00,4880.25,4881.55,4880.0,4880.0
29055,2024-05-29 11:44:00,4880.25,4881.0,4880.0,4881.0
29056,2024-05-29 11:45:00,4880.25,4881.0,4880.25,4880.25
29057,2024-05-29 11:46:00,4880.0,4881.0,4880.0,4880.0
29058,2024-05-29 11:47:00,4879.2,4880.25,4879.0,4879.0
29059,2024-05-29 11:48:00,4879.1,4879.8,4879.1,4879.1
29060,2024-05-29 11:49:00,4879.0,4879.1,4877.7,4878.5
29061,2024-05-29 11:50:00,4879.0,4879.0,4878.6,4879.0
29062,2024-05-29 11:51:00,4879.75,4879.75,4879.0,4879.0
29063,2024-05-29 11:52:00,4879.2,4879.2,4878.0,4878.0
29064,2024-05-29 11:53:00,4879.8,4879.8,4878.0,4878.05
29065,2024-05-29 11:54:00,4878.0,4879.55,4878.0,4878.25
29066,2024-05-29 11:55:00,4879.0,4879.45,4879.0,4879.1
29067,2024-05-29 11:56:00,4879.55,4880.6,4879.1,4880.6
29068,2024-05-29 11:57:00,4880.5,4883.0,4879.0,4880.05
29069,2024-05-29 11:58:00,4882.0,4882.0,4880.0,4882.0
29070,2024-05-29 11:59:00,4883.95,4883.95,4881.6,4881.85
29071,2024-05-29 12:00:00,4883.5,4884.95,4881.6,4881.65
29072,2024-05-29 12:01:00,4881.55,4883.65,4881.5,4881.7
29073,2024-05-29 12:02:00,4881.65,4882.8,4879.0,4879.0
29074,2024-05-29 12:03:00,4879.1,4880.15,4879.0,4879.1
29075,2024-05-29 12:04:00,4879.95,4880.5,4879.0,4879.0
29076,2024-05-29 12:05:00,4881.9,4882.7,4879.0,4879.15
29077,2024-05-29 12:06:00,4881.75,4883.1,4879.1,4879.55
29078,2024-05-29 12:07:00,4881.9,4883.75,4879.35,4879.55
29079,2024-05-29 12:08:00,4879.5,4880.0,4879.0,4880.0
29080,2024-05-29 12:09:00,4879.0,4880.0,4879.0,4879.0
29081,2024-05-29 12:10:00,4880.0,4881.5,4879.1,4879.1
29082,2024-05-29 12:11:00,4881.3,4881.3,4879.1,4880.25
29083,2024-05-29 12:12:00,4881.5,4884.7,4880.0,4882.05
29084,2024-05-29 12:13:00,4884.4,4884.9,4882.05,4882.55
29085,2024-05-29 12:14:00,4884.6,4885.1,4879.15,4879.75
29086,2024-05-29 12:15:00,4879.1,4881.55,4879.0,4879.15
29087,2024-05-29 12:16:00,4882.35,4882.35,4879.0,4879.0
29088,2024-05-29 12:17:00,4879.05,4882.0,4879.0,4879.2
29089,2024-05-29 12:18:00,4881.9,4881.9,4879.0,4879.05
29090,2024-05-29 12:19:00,4881.0,4881.2,4879.0,4880.8
29091,2024-05-29 12:20:00,4879.0,4880.8,4879.0,4879.0
29092,2024-05-29 12:21:00,4880.45,4880.45,4879.0,4880.0
29093,2024-05-29 12:22:00,4879.0,4880.0,4879.0,4879.0
29094,2024-05-29 12:23:00,4879.1,4880.0,4879.0,4880.0
29095,2024-05-29 12:24:00,4879.15,4881.85,4879.05,4879.1
29096,2024-05-29 12:25:00,4880.0,4881.55,4879.0,4879.05
29097,2024-05-29 12:26:00,4881.5,4882.0,4879.0,4880.3
29098,2024-05-29 12:27:00,4881.9,4882.0,4879.9,4881.3
29099,2024-05-29 12:28:00,4882.0,4883.95,4881.3,4881.45
29100,2024-05-29 12:29:00,4883.1,4883.1,4881.3,4881.3
29101,2024-05-29 12:30:00,4881.45,4883.3,4881.1,4881.1
29102,2024-05-29 12:31:00,4881.05,4883.75,4881.05,4881.3
29103,2024-05-29 12:32:00,4883.65,4883.65,4881.3,4881.45
29104,2024-05-29 12:33:00,4883.2,4883.3,4881.05,4881.05
29105,2024-05-29 12:34:00,4881.3,4881.75,4879.05,4881.7
29106,2024-05-29 12:35:00,4879.2,4881.05,4879.0,4879.1
29107,2024-05-29 12:36:00,4879.0,4881.15,4879.0,4879.3
29108,2024-05-29 12:37:00,4879.1,4880.15,4879.1,4879.1
29109,2024-05-29 12:38:00,4879.8,4879.9,4879.0,4879.0
29110,2024-05-29 12:39:00,4879.9,4879.95,4879.0,4879.1
29111,2024-05-29 12:40:00,4879.95,4881.0,4879.0,4879.0
29112,2024-05-29 12:41:00,4880.9,4881.0,4879.1,4880.0
29113,2024-05-29 12:42:00,4881.0,4881.0,4879.1,4879.1
29114,2024-05-29 12:43:00,4879.55,4880.0,4879.1,4879.5
29115,2024-05-29 12:44:00,4879.4,4881.0,4879.0,4879.1
29116,2024-05-29 12:45:00,4880.05,4881.0,4879.1,4879.1
29117,2024-05-29 12:46:00,4880.95,4880.95,4879.1,4879.1
29118,2024-05-29 12:47:00,4879.0,4883.85,4879.0,4883.6
29119,2024-05-29 12:48:00,4883.55,4883.55,4880.85,4881.05
29120,2024-05-29 12:49:00,4883.15,4884.0,4880.8,4884.0
29121,2024-05-29 12:50:00,4884.5,4884.5,4880.65,4881.45
29122,2024-05-29 12:51:00,4883.65,4885.8,4881.05,4883.1
29123,2024-05-29 12:52:00,4884.7,4885.15,4880.25,4880.85
29124,2024-05-29 12:53:00,4880.8,4883.4,4879.45,4879.45
29125,2024-05-29 12:54:00,4881.8,4881.8,4879.0,4879.1
29126,2024-05-29 12:55:00,4880.6,4880.6,4879.1,4879.1
29127,2024-05-29 12:56:00,4880.5,4882.55,4879.1,4879.55
29128,2024-05-29 12:57:00,4882.1,4882.1,4879.1,4879.1
29129,2024-05-29 12:58:00,4880.85,4881.75,4879.0,4880.0
29130,2024-05-29 12:59:00,4881.3,4883.05,4880.0,4881.05
29131,2024-05-29 13:00:00,4882.95,4884.75,4880.0,4881.75
29132,2024-05-29 13:01:00,4880.0,4884.9,4880.0,4881.05
29133,2024-05-29 13:02:00,4882.75,4883.95,4880.0,4882.3
29134,2024-05-29 13:03:00,4880.05,4883.0,4880.0,4882.45
29135,2024-05-29 13:04:00,4881.0,4881.5,4880.0,4880.5
29136,2024-05-29 13:05:00,4881.0,4883.8,4880.0,4881.15
29137,2024-05-29 13:06:00,4880.1,4882.65,4880.0,4880.0
29138,2024-05-29 13:07:00,4882.35,4884.9,4880.0,4880.35
29139,2024-05-29 13:08:00,4882.8,4883.75,4880.35,4883.75
29140,2024-05-29 13:09:00,4883.85,4885.0,4881.85,4883.8
29141,2024-05-29 13:10:00,4885.0,4886.8,4883.2,4883.6
29142,2024-05-29 13:11:00,4884.0,4886.45,4884.0,4886.0
29143,2024-05-29 13:12:00,4886.65,4886.65,4884.8,4885.05
29144,2024-05-29 13:13:00,4885.2,4887.0,4885.2,4887.0
29145,2024-05-29 13:14:00,4885.4,4887.4,4885.4,4886.15
29146,2024-05-29 13:15:00,4886.55,4888.85,4886.3,4887.4
29147,2024-05-29 13:16:00,4888.9,4888.9,4885.5,4886.1
29148,2024-05-29 13:17:00,4888.0,4888.65,4886.1,4886.3
29149,2024-05-29 13:18:00,4886.5,4889.95,4885.55,4885.55
29150,2024-05-29 13:19:00,4885.4,4886.0,4884.85,4884.85
29151,2024-05-29 13:20:00,4885.0,4886.0,4884.1,4884.1
29152,2024-05-29 13:21:00,4885.65,4885.65,4884.1,4884.15
29153,2024-05-29 13:22:00,4885.0,4886.55,4882.55,4886.55
29154,2024-05-29 13:23:00,4886.7,4887.25,4882.45,4882.75
29155,2024-05-29 13:24:00,4885.25,4885.25,4882.9,4883.6
29156,2024-05-29 13:25:00,4886.55,4889.9,4884.55,4888.6
29157,2024-05-29 13:26:00,4889.8,4890.0,4886.8,4887.3
29158,2024-05-29 13:27:00,4886.8,4890.0,4886.1,4887.95
29159,2024-05-29 13:28:00,4887.9,4890.0,4887.0,4889.95
29160,2024-05-29 13:29:00,4889.8,4889.8,4886.05,4886.1
29161,2024-05-29 13:30:00,4887.95,4888.8,4886.0,4886.2
29162,2024-05-29 13:31:00,4888.55,4889.65,4886.0,4886.1
29163,2024-05-29 13:32:00,4886.0,4889.9,4882.95,4886.15
29164,2024-05-29 13:33:00,4889.4,4889.55,4886.0,4886.4
29165,2024-05-29 13:34:00,4886.15,4888.15,4886.1,4886.3
29166,2024-05-29 13:35:00,4888.15,4888.4,4886.3,4886.3
29167,2024-05-29 13:36:00,4885.35,4887.8,4883.15,4883.15
29168,2024-05-29 13:37:00,4882.8,4884.3,4880.65,4880.65
29169,2024-05-29 13:38:00,4882.95,4882.95,4880.4,4880.7
29170,2024-05-29 13:39:00,4880.0,4881.75,4879.55,4880.25
29171,2024-05-29 13:40:00,4881.5,4881.5,4880.0,4881.45
29172,2024-05-29 13:41:00,4880.0,4882.95,4880.0,4880.65
29173,2024-05-29 13:42:00,4883.05,4883.65,4881.1,4881.45
29174,2024-05-29 13:43:00,4882.0,4883.4,4881.05,4881.45
29175,2024-05-29 13:44:00,4880.45,4883.6,4880.45,4881.2
29176,2024-05-29 13:45:00,4883.1,4883.3,4880.25,4880.5
29177,2024-05-29 13:46:00,4881.4,4881.4,4880.05,4880.25
29178,2024-05-29 13:47:00,4881.4,4881.4,4880.25,4880.25
29179,2024-05-29 13:48:00,4880.85,4882.2,4879.0,4880.25
29180,2024-05-29 13:49:00,4881.65,4883.1,4879.9,4881.25
29181,2024-05-29 13:50:00,4881.2,4883.1,4879.1,4879.1
29182,2024-05-29 13:51:00,4879.55,4881.1,4879.0,4879.0
29183,2024-05-29 13:52:00,4881.1,4881.1,4879.0,4880.75
29184,2024-05-29 13:53:00,4880.7,4881.0,4879.0,4880.65
29185,2024-05-29 13:54:00,4881.0,4881.5,4880.0,4881.0
29186,2024-05-29 13:55:00,4880.0,4881.0,4879.1,4879.1
29187,2024-05-29 13:56:00,4880.95,4881.0,4879.0,4879.05
29188,2024-05-29 13:57:00,4880.95,4880.95,4879.0,4879.0
29189,2024-05-29 13:58:00,4880.5,4880.5,4879.0,4880.0
29190,2024-05-29 13:59:00,4880.5,4882.5,4880.0,4881.1
29191,2024-05-29 14:00:00,4881.8,4883.2,4880.05,4881.1
29192,2024-05-29 14:01:00,4881.7,4882.4,4881.05,4882.4
29193,2024-05-29 14:02:00,4881.05,4883.15,4881.0,4881.0
29194,2024-05-29 14:03:00,4881.05,4881.05,4881.0,4881.0
29195,2024-05-29 14:04:00,4881.05,4882.7,4881.0,4881.05
29196,2024-05-29 14:05:00,4882.7,4883.0,4881.0,4883.0
29197,2024-05-29 14:06:00,4881.1,4882.6,4881.0,4881.05
29198,2024-05-29 14:07:00,4881.1,4882.85,4881.0,4881.0
29199,2024-05-29 14:08:00,4882.4,4882.85,4881.0,4882.4
29200,2024-05-29 14:09:00,4881.05,4882.5,4879.0,4881.05
29201,2024-05-29 14:10:00,4882.85,4883.3,4881.0,4881.05
29202,2024-05-29 14:11:00,4883.3,4884.0,4881.0,4881.6
29203,2024-05-29 14:12:00,4883.8,4883.85,4881.45,4881.6
29204,2024-05-29 14:13:00,4883.6,4884.8,4881.35,4882.7
29205,2024-05-29 14:14:00,4884.0,4884.8,4882.05,4882.05
29206,2024-05-29 14:15:00,4884.75,4884.8,4882.05,4883.1
29207,2024-05-29 14:16:00,4884.65,4884.8,4883.0,4883.1
29208,2024-05-29 14:17:00,4882.0,4884.65,4882.0,4883.0
29209,2024-05-29 14:18:00,4882.4,4884.3,4882.0,4884.0
29210,2024-05-29 14:19:00,4882.1,4884.45,4882.0,4882.0
29211,2024-05-29 14:20:00,4883.0,4883.0,4882.0,4882.0
29212,2024-05-29 14:21:00,4883.0,4883.0,4880.1,4880.15
29213,2024-05-29 14:22:00,4881.0,4883.0,4880.1,4882.0
29214,2024-05-29 14:23:00,4883.0,4883.0,4882.0,4882.55
29215,2024-05-29 14:24:00,4883.0,4883.0,4882.0,4882.0
29216,2024-05-29 14:25:00,4883.0,4883.0,4882.0,4882.7
29217,2024-05-29 14:26:00,4882.65,4882.65,4882.0,4882.4
29218,2024-05-29 14:27:00,4882.3,4882.55,4882.0,4882.0
29219,2024-05-29 14:28:00,4882.25,4882.5,4882.0,4882.0
29220,2024-05-29 14:29:00,4882.25,4882.5,4882.0,4882.0
29221,2024-05-29 14:30:00,4882.25,4882.5,4882.0,4882.4
29222,2024-05-29 14:31:00,4882.0,4882.5,4882.0,4882.5
29223,2024-05-29 14:32:00,4882.0,4882.5,4882.0,4882.4
29224,2024-05-29 14:33:00,4882.5,4882.5,4882.0,4882.05
29225,2024-05-29 14:34:00,4882.5,4882.65,4882.0,4882.0
29226,2024-05-29 14:35:00,4882.4,4882.65,4882.0,4882.0
29227,2024-05-29 14:36:00,4882.4,4882.95,4882.0,4882.0
29228,2024-05-29 14:37:00,4882.65,4882.7,4882.0,4882.0
29229,2024-05-29 14:38:00,4882.7,4883.0,4882.0,4883.0
29230,2024-05-29 14:39:00,4882.55,4882.75,4882.0,4882.1
29231,2024-05-29 14:40:00,4882.75,4882.75,4882.0,4882.55
29232,2024-05-29 14:41:00,4882.75,4882.75,4882.0,4882.0
29233,2024-05-29 14:42:00,4882.25,4882.5,4881.85,4881.95
29234,2024-05-29 14:43:00,4881.85,4882.55,4881.85,4882.0
29235,2024-05-29 14:44:00,4883.3,4884.0,4882.0,4884.0
29236,2024-05-29 14:45:00,4882.1,4884.4,4882.0,4882.55
29237,2024-05-29 14:46:00,4882.0,4884.15,4882.0,4882.05
29238,2024-05-29 14:47:00,4883.7,4885.65,4882.05,4885.65
29239,2024-05-29 14:48:00,4884.8,4887.1,4884.2,4884.35
29240,2024-05-29 14:49:00,4884.65,4886.35,4884.65,4885.2
29241,2024-05-29 14:50:00,4886.85,4887.7,4885.2,4885.35
29242,2024-05-29 14:51:00,4885.4,4887.8,4883.85,4886.1
29243,2024-05-29 14:52:00,4887.4,4887.4,4886.1,4886.75
29244,2024-05-29 14:53:00,4883.85,4887.85,4883.85,4884.05
29245,2024-05-29 14:54:00,4886.05,4886.7,4883.9,4885.1
29246,2024-05-29 14:55:00,4886.45,4886.45,4885.05,4885.05
29247,2024-05-29 14:56:00,4885.35,4886.4,4885.05,4885.05
29248,2024-05-29 14:57:00,4886.2,4886.9,4885.0,4886.45
29249,2024-05-29 14:58:00,4886.5,4886.95,4882.0,4882.3
29250,2024-05-29 14:59:00,4884.75,4885.5,4882.0,4883.0
29251,2024-05-29 15:00:00,4884.0,4884.8,4882.0,4882.05
29252,2024-05-29 15:01:00,4882.6,4882.6,4882.0,4882.0
29253,2024-05-29 15:02:00,4882.1,4882.1,4882.0,4882.0
29254,2024-05-29 15:03:00,4882.1,4882.1,4879.0,4879.0
29255,2024-05-29 15:04:00,4879.65,4879.65,4877.1,4877.2
29256,2024-05-29 15:05:00,4878.55,4882.0,4873.25,4873.5
29257,2024-05-29 15:06:00,4876.45,4882.8,4873.9,4880.3
29258,2024-05-29 15:07:00,4881.45,4885.45,4880.0,4882.0
29259,2024-05-29 15:08:00,4884.0,4887.9,4881.85,4882.25
29260,2024-05-29 15:09:00,4882.5,4884.55,4881.05,4881.95
29261,2024-05-29 15:10:00,4881.85,4884.1,4881.85,4882.7
29262,2024-05-29 15:11:00,4882.55,4884.1,4882.0,4882.0
29263,2024-05-29 15:12:00,4882.2,4885.0,4882.0,4883.0
29264,2024-05-29 15:13:00,4882.5,4886.0,4882.5,4883.7
29265,2024-05-29 15:14:00,4883.0,4883.2,4882.0,4882.0
29266,2024-05-29 15:15:00,4882.55,4882.55,4882.0,4882.0
29267,2024-05-29 15:16:00,4882.15,4883.3,4880.0,4880.0
29268,2024-05-29 15:17:00,4881.65,4881.65,4877.6,4877.9
29269,2024-05-29 15:18:00,4878.05,4879.95,4873.55,4874.6
29270,2024-05-29 15:19:00,4874.5,4875.35,4871.4,4875.05
29271,2024-05-29 15:20:00,4875.0,4881.15,4875.0,4880.0
29272,2024-05-29 15:21:00,4881.15,4881.15,4880.0,4880.0
29273,2024-05-29 15:22:00,4880.15,4880.15,4880.0,4880.05
29274,2024-05-29 15:23:00,4880.0,4880.2,4879.6,4880.0
29275,2024-05-29 15:24:00,4880.2,4880.2,4880.0,4880.15
29276,2024-05-29 15:25:00,4883.4,4883.9,4882.0,4882.05
29277,2024-05-29 15:26:00,4883.0,4883.0,4882.0,4882.0
29278,2024-05-29 15:27:00,4882.95,4883.0,4882.0,4882.0
29279,2024-05-29 15:28:00,4882.2,4883.0,4882.0,4882.0
29280,2024-05-29 15:29:00,4882.95,4883.0,4881.0,4881.0
29281,2024-05-30 09:14:00,4849.95,4849.95,4849.95,4849.95
29282,2024-05-30 09:15:00,4860.0,4860.0,4840.85,4847.25
29283,2024-05-30 09:16:00,4843.65,4845.95,4840.0,4841.15
29284,2024-05-30 09:17:00,4840.5,4857.45,4840.15,4848.0
29285,2024-05-30 09:18:00,4846.9,4849.3,4840.0,4849.3
29286,2024-05-30 09:19:00,4849.4,4857.8,4849.4,4853.65
29287,2024-05-30 09:20:00,4852.8,4870.7,4851.35,4855.75
29288,2024-05-30 09:21:00,4855.7,4857.85,4850.1,4850.45
29289,2024-05-30 09:22:00,4851.95,4855.7,4849.05,4853.0
29290,2024-05-30 09:23:00,4853.05,4855.55,4845.0,4845.0
29291,2024-05-30 09:24:00,4846.3,4847.0,4845.0,4845.35
29292,2024-05-30 09:25:00,4845.4,4846.05,4835.0,4835.7
29293,2024-05-30 09:26:00,4835.95,4835.95,4832.0,4832.05
29294,2024-05-30 09:27:00,4832.0,4835.0,4830.0,4830.0
29295,2024-05-30 09:28:00,4831.1,4834.45,4828.45,4828.45
29296,2024-05-30 09:29:00,4830.8,4833.8,4828.65,4832.15
29297,2024-05-30 09:30:00,4834.85,4834.95,4830.8,4832.2
29298,2024-05-30 09:31:00,4830.75,4835.15,4830.75,4831.75
29299,2024-05-30 09:32:00,4834.25,4835.45,4828.6,4830.4
29300,2024-05-30 09:33:00,4832.0,4832.0,4815.8,4823.25
29301,2024-05-30 09:34:00,4822.5,4824.35,4817.25,4820.5
29302,2024-05-30 09:35:00,4819.55,4821.1,4816.0,4818.0
29303,2024-05-30 09:36:00,4820.4,4828.4,4818.2,4820.95
29304,2024-05-30 09:37:00,4821.05,4823.8,4818.3,4820.2
29305,2024-05-30 09:38:00,4820.1,4823.25,4818.5,4821.0
29306,2024-05-30 09:39:00,4820.1,4832.0,4820.0,4829.55
29307,2024-05-30 09:40:00,4829.75,4835.0,4825.6,4826.05
29308,2024-05-30 09:41:00,4827.65,4830.5,4820.0,4828.0
29309,2024-05-30 09:42:00,4824.55,4828.45,4823.25,4825.6
29310,2024-05-30 09:43:00,4825.95,4828.6,4823.05,4825.35
29311,2024-05-30 09:44:00,4823.75,4826.0,4820.0,4823.55
29312,2024-05-30 09:45:00,4822.85,4826.8,4820.0,4824.5
29313,2024-05-30 09:46:00,4823.85,4827.95,4822.4,4827.25
29314,2024-05-30 09:47:00,4828.55,4841.9,4827.7,4839.9
29315,2024-05-30 09:48:00,4836.05,4839.0,4833.25,4835.95
29316,2024-05-30 09:49:00,4836.0,4836.0,4830.1,4832.25
29317,2024-05-30 09:50:00,4832.35,4841.2,4832.1,4839.0
29318,2024-05-30 09:51:00,4838.05,4844.1,4838.0,4843.55
29319,2024-05-30 09:52:00,4841.55,4843.7,4835.65,4836.1
29320,2024-05-30 09:53:00,4835.75,4838.5,4832.55,4832.6
29321,2024-05-30 09:54:00,4832.7,4835.3,4830.55,4832.75
29322,2024-05-30 09:55:00,4830.85,4838.0,4828.55,4838.0
29323,2024-05-30 09:56:00,4834.4,4842.0,4834.4,4839.35
29324,2024-05-30 09:57:00,4839.1,4840.9,4836.8,4837.5
29325,2024-05-30 09:58:00,4837.45,4841.95,4832.1,4835.2
29326,2024-05-30 09:59:00,4833.1,4838.9,4832.75,4836.2
29327,2024-05-30 10:00:00,4836.0,4838.8,4831.9,4831.9
29328,2024-05-30 10:01:00,4830.15,4831.75,4825.0,4825.0
29329,2024-05-30 10:02:00,4823.9,4829.4,4822.0,4825.7
29330,2024-05-30 10:03:00,4825.6,4829.0,4821.05,4823.7
29331,2024-05-30 10:04:00,4821.25,4825.4,4821.0,4822.15
29332,2024-05-30 10:05:00,4822.35,4825.2,4820.6,4820.6
29333,2024-05-30 10:06:00,4820.75,4822.3,4815.05,4818.85
29334,2024-05-30 10:07:00,4816.35,4818.7,4810.85,4811.3
29335,2024-05-30 10:08:00,4812.5,4814.7,4811.35,4814.45
29336,2024-05-30 10:09:00,4814.25,4815.8,4814.0,4815.0
29337,2024-05-30 10:10:00,4815.55,4816.0,4814.0,4814.5
29338,2024-05-30 10:11:00,4815.65,4816.7,4814.0,4814.0
29339,2024-05-30 10:12:00,4812.05,4815.1,4811.35,4811.5
29340,2024-05-30 10:13:00,4810.0,4810.0,4806.0,4806.0
29341,2024-05-30 10:14:00,4808.45,4810.0,4806.0,4809.75
29342,2024-05-30 10:15:00,4807.0,4812.0,4807.0,4807.1
29343,2024-05-30 10:16:00,4808.85,4812.45,4807.5,4809.0
29344,2024-05-30 10:17:00,4811.05,4811.05,4807.2,4807.2
29345,2024-05-30 10:18:00,4807.1,4808.3,4806.2,4806.4
29346,2024-05-30 10:19:00,4808.45,4811.95,4806.35,4809.4
29347,2024-05-30 10:20:00,4809.25,4813.65,4809.1,4809.6
29348,2024-05-30 10:21:00,4809.75,4811.9,4809.6,4811.0
29349,2024-05-30 10:22:00,4811.9,4814.7,4809.95,4809.95
29350,2024-05-30 10:23:00,4812.05,4812.65,4809.5,4810.55
29351,2024-05-30 10:24:00,4810.5,4815.0,4810.45,4814.55
29352,2024-05-30 10:25:00,4812.25,4814.5,4812.0,4813.95
29353,2024-05-30 10:26:00,4812.05,4813.85,4810.45,4811.0
29354,2024-05-30 10:27:00,4810.45,4814.3,4810.25,4811.05
29355,2024-05-30 10:28:00,4813.4,4813.45,4811.1,4813.4
29356,2024-05-30 10:29:00,4814.75,4815.0,4811.1,4812.0
29357,2024-05-30 10:30:00,4811.6,4813.5,4810.55,4813.2
29358,2024-05-30 10:31:00,4810.9,4815.0,4810.8,4812.9
29359,2024-05-30 10:32:00,4812.1,4812.9,4810.05,4812.05
29360,2024-05-30 10:33:00,4810.55,4813.0,4810.1,4811.3
29361,2024-05-30 10:34:00,4812.95,4812.95,4810.75,4810.85
29362,2024-05-30 10:35:00,4810.8,4813.85,4810.0,4811.1
29363,2024-05-30 10:36:00,4812.9,4819.95,4811.3,4819.8
29364,2024-05-30 10:37:00,4817.0,4825.0,4817.0,4824.7
29365,2024-05-30 10:38:00,4824.9,4828.0,4821.0,4824.95
29366,2024-05-30 10:39:00,4826.55,4826.6,4817.3,4818.6
29367,2024-05-30 10:40:00,4820.65,4826.0,4818.65,4822.1
29368,2024-05-30 10:41:00,4823.0,4824.0,4822.1,4822.25
29369,2024-05-30 10:42:00,4822.15,4824.0,4822.05,4822.05
29370,2024-05-30 10:43:00,4822.0,4822.05,4818.6,4818.6
29371,2024-05-30 10:44:00,4819.05,4824.45,4819.05,4821.25
29372,2024-05-30 10:45:00,4822.0,4826.1,4821.75,4826.1
29373,2024-05-30 10:46:00,4823.7,4824.35,4821.6,4821.95
29374,2024-05-30 10:47:00,4822.5,4824.0,4822.0,4823.8
29375,2024-05-30 10:48:00,4821.95,4823.8,4821.7,4823.45
29376,2024-05-30 10:49:00,4826.0,4826.05,4823.3,4825.75
29377,2024-05-30 10:50:00,4825.0,4825.75,4823.95,4825.75
29378,2024-05-30 10:51:00,4825.0,4826.0,4825.0,4825.05
29379,2024-05-30 10:52:00,4825.45,4825.45,4825.0,4825.0
29380,2024-05-30 10:53:00,4825.45,4827.95,4825.1,4827.4
29381,2024-05-30 10:54:00,4830.25,4831.75,4827.35,4831.75
29382,2024-05-30 10:55:00,4831.05,4831.55,4831.0,4831.35
29383,2024-05-30 10:56:00,4833.8,4833.8,4825.0,4825.05
29384,2024-05-30 10:57:00,4824.05,4825.8,4824.05,4825.75
29385,2024-05-30 10:58:00,4825.05,4825.7,4823.0,4823.0
29386,2024-05-30 10:59:00,4824.25,4825.0,4823.0,4824.4
29387,2024-05-30 11:00:00,4824.45,4824.45,4820.0,4820.0
29388,2024-05-30 11:01:00,4821.95,4822.6,4815.0,4815.05
29389,2024-05-30 11:02:00,4816.25,4816.25,4814.3,4814.3
29390,2024-05-30 11:03:00,4814.0,4815.4,4812.3,4814.6
29391,2024-05-30 11:04:00,4814.5,4816.0,4812.3,4815.55
29392,2024-05-30 11:05:00,4814.0,4819.45,4812.35,4819.45
29393,2024-05-30 11:06:00,4819.95,4821.25,4818.65,4820.0
29394,2024-05-30 11:07:00,4820.75,4820.95,4818.75,4820.95
29395,2024-05-30 11:08:00,4820.0,4821.25,4818.0,4818.0
29396,2024-05-30 11:09:00,4819.9,4820.35,4818.0,4820.0
29397,2024-05-30 11:10:00,4820.05,4820.5,4818.55,4818.55
29398,2024-05-30 11:11:00,4818.6,4820.0,4817.3,4817.45
29399,2024-05-30 11:12:00,4818.0,4818.0,4816.0,4816.0
29400,2024-05-30 11:13:00,4817.0,4817.0,4812.2,4812.25
29401,2024-05-30 11:14:00,4815.0,4815.0,4810.75,4814.1
29402,2024-05-30 11:15:00,4812.15,4813.75,4811.05,4812.15
29403,2024-05-30 11:16:00,4811.2,4814.8,4810.2,4814.8
29404,2024-05-30 11:17:00,4814.85,4816.0,4814.85,4816.0
29405,2024-05-30 11:18:00,4815.95,4815.95,4809.3,4813.6
29406,2024-05-30 11:19:00,4814.65,4814.65,4812.05,4812.3
29407,2024-05-30 11:20:00,4811.95,4814.15,4811.95,4814.0
29408,2024-05-30 11:21:00,4813.85,4814.2,4811.0,4811.3
29409,2024-05-30 11:22:00,4813.65,4816.0,4810.7,4810.85
29410,2024-05-30 11:23:00,4813.05,4813.5,4809.7,4809.8
29411,2024-05-30 11:24:00,4812.05,4812.25,4808.1,4808.1
29412,2024-05-30 11:25:00,4807.65,4816.2,4807.0,4816.05
29413,2024-05-30 11:26:00,4817.0,4817.0,4816.0,4816.95
29414,2024-05-30 11:27:00,4816.05,4818.0,4816.0,4817.45
29415,2024-05-30 11:28:00,4819.8,4819.9,4817.4,4818.0
29416,2024-05-30 11:29:00,4817.1,4817.1,4816.0,4816.1
29417,2024-05-30 11:30:00,4818.0,4818.0,4816.0,4816.25
29418,2024-05-30 11:31:00,4817.8,4817.8,4816.1,4817.0
29419,2024-05-30 11:32:00,4817.25,4819.0,4816.0,4818.0
29420,2024-05-30 11:33:00,4819.0,4819.0,4815.9,4815.9
29421,2024-05-30 11:34:00,4818.0,4818.0,4815.05,4815.1
29422,2024-05-30 11:35:00,4816.9,4818.0,4815.0,4815.0
29423,2024-05-30 11:36:00,4815.05,4816.95,4815.05,4816.85
29424,2024-05-30 11:37:00,4816.65,4817.3,4816.3,4816.95
29425,2024-05-30 11:38:00,4815.7,4816.9,4815.7,4816.9
29426,2024-05-30 11:39:00,4817.1,4827.45,4817.1,4827.45
29427,2024-05-30 11:40:00,4828.4,4828.4,4823.1,4825.55
29428,2024-05-30 11:41:00,4823.1,4824.1,4820.45,4821.0
29429,2024-05-30 11:42:00,4822.6,4822.6,4822.6,4822.6
29430,2024-05-30 11:43:00,4821.0,4822.6,4819.9,4819.9
29431,2024-05-30 11:44:00,4820.6,4822.45,4818.7,4822.45
29432,2024-05-30 11:45:00,4820.45,4821.55,4818.1,4819.75
29433,2024-05-30 11:46:00,4819.3,4825.95,4819.05,4824.25
29434,2024-05-30 11:47:00,4824.15,4825.5,4821.65,4822.05
29435,2024-05-30 11:48:00,4823.0,4824.0,4820.4,4823.45
29436,2024-05-30 11:49:00,4822.75,4822.75,4815.7,4815.7
29437,2024-05-30 11:50:00,4816.0,4822.95,4816.0,4822.95
29438,2024-05-30 11:51:00,4822.85,4825.95,4822.85,4825.95
29439,2024-05-30 11:52:00,4825.0,4826.3,4825.0,4826.3
29440,2024-05-30 11:53:00,4825.0,4826.3,4825.0,4826.0
29441,2024-05-30 11:54:00,4825.0,4826.0,4822.9,4823.5
29442,2024-05-30 11:55:00,4824.9,4826.3,4823.5,4826.3
29443,2024-05-30 11:56:00,4825.1,4827.45,4825.1,4825.35
29444,2024-05-30 11:57:00,4827.45,4828.0,4827.45,4828.0
29445,2024-05-30 11:58:00,4825.0,4828.0,4825.0,4827.3
29446,2024-05-30 11:59:00,4827.0,4828.6,4825.2,4827.5
29447,2024-05-30 12:00:00,4828.1,4831.85,4828.1,4831.55
29448,2024-05-30 12:01:00,4831.5,4831.5,4827.0,4829.5
29449,2024-05-30 12:02:00,4828.25,4830.15,4828.25,4830.15
29450,2024-05-30 12:03:00,4828.05,4830.15,4827.7,4830.15
29451,2024-05-30 12:04:00,4827.55,4829.95,4827.35,4829.9
29452,2024-05-30 12:05:00,4829.95,4830.95,4827.35,4827.35
29453,2024-05-30 12:06:00,4830.3,4831.0,4828.55,4831.0
29454,2024-05-30 12:07:00,4830.95,4834.35,4830.0,4831.4
29455,2024-05-30 12:08:00,4833.55,4834.0,4830.3,4830.5
29456,2024-05-30 12:09:00,4832.85,4832.85,4830.0,4831.6
29457,2024-05-30 12:10:00,4832.45,4832.85,4830.0,4831.95
29458,2024-05-30 12:11:00,4830.0,4833.35,4830.0,4833.1
29459,2024-05-30 12:12:00,4832.7,4832.7,4830.0,4831.9
29460,2024-05-30 12:13:00,4831.8,4831.8,4830.0,4830.05
29461,2024-05-30 12:14:00,4830.0,4830.05,4830.0,4830.05
29462,2024-05-30 12:15:00,4830.0,4830.1,4828.1,4830.1
29463,2024-05-30 12:16:00,4831.15,4831.15,4828.0,4828.0
29464,2024-05-30 12:17:00,4829.7,4829.7,4828.0,4828.0
29465,2024-05-30 12:18:00,4828.6,4829.0,4828.0,4828.05
29466,2024-05-30 12:19:00,4828.0,4828.95,4828.0,4828.35
29467,2024-05-30 12:20:00,4828.9,4828.9,4828.0,4828.9
29468,2024-05-30 12:21:00,4829.0,4831.0,4828.0,4831.0
29469,2024-05-30 12:22:00,4828.0,4833.15,4828.0,4833.15
29470,2024-05-30 12:23:00,4832.7,4834.65,4831.4,4833.95
29471,2024-05-30 12:24:00,4832.0,4834.7,4831.55,4832.25
29472,2024-05-30 12:25:00,4831.45,4834.1,4830.05,4830.25
29473,2024-05-30 12:26:00,4830.2,4832.25,4830.0,4831.8
29474,2024-05-30 12:27:00,4832.25,4834.0,4830.15,4831.35
29475,2024-05-30 12:28:00,4832.2,4833.75,4830.15,4831.9
29476,2024-05-30 12:29:00,4832.3,4833.1,4830.0,4830.0
29477,2024-05-30 12:30:00,4832.0,4832.0,4830.05,4830.9
29478,2024-05-30 12:31:00,4830.85,4832.25,4830.0,4830.45
29479,2024-05-30 12:32:00,4831.9,4831.9,4828.4,4830.45
29480,2024-05-30 12:33:00,4830.1,4833.0,4829.9,4832.45
29481,2024-05-30 12:34:00,4833.0,4833.95,4830.1,4833.9
29482,2024-05-30 12:35:00,4833.65,4834.0,4829.05,4829.9
29483,2024-05-30 12:36:00,4828.5,4830.9,4822.0,4829.5
29484,2024-05-30 12:37:00,4829.55,4832.45,4829.55,4830.7
29485,2024-05-30 12:38:00,4832.4,4833.0,4826.8,4828.15
29486,2024-05-30 12:39:00,4828.0,4828.0,4823.15,4828.0
29487,2024-05-30 12:40:00,4827.7,4829.7,4827.7,4829.2
29488,2024-05-30 12:41:00,4829.75,4830.7,4828.0,4828.0
29489,2024-05-30 12:42:00,4828.65,4828.65,4827.0,4827.85
29490,2024-05-30 12:43:00,4827.0,4827.85,4825.0,4825.95
29491,2024-05-30 12:44:00,4825.0,4827.05,4825.0,4826.9
29492,2024-05-30 12:45:00,4827.25,4827.25,4821.85,4822.0
29493,2024-05-30 12:46:00,4824.4,4826.0,4821.1,4826.0
29494,2024-05-30 12:47:00,4824.35,4827.1,4822.0,4823.8
29495,2024-05-30 12:48:00,4824.45,4826.0,4817.75,4820.9
29496,2024-05-30 12:49:00,4818.95,4822.45,4817.6,4817.85
29497,2024-05-30 12:50:00,4817.35,4822.45,4817.2,4817.2
29498,2024-05-30 12:51:00,4819.45,4820.0,4816.2,4816.2
29499,2024-05-30 12:52:00,4818.75,4821.3,4813.35,4820.85
29500,2024-05-30 12:53:00,4818.25,4821.25,4816.8,4819.95
29501,2024-05-30 12:54:00,4819.9,4819.9,4812.0,4815.45
29502,2024-05-30 12:55:00,4816.3,4820.0,4813.0,4817.3
29503,2024-05-30 12:56:00,4817.9,4820.4,4813.5,4817.8
29504,2024-05-30 12:57:00,4817.75,4818.35,4815.05,4818.35
29505,2024-05-30 12:58:00,4818.6,4823.3,4818.6,4821.85
29506,2024-05-30 12:59:00,4822.25,4822.4,4816.75,4819.7
29507,2024-05-30 13:00:00,4822.65,4822.65,4815.05,4821.4
29508,2024-05-30 13:01:00,4821.8,4821.8,4814.0,4816.0
29509,2024-05-30 13:02:00,4817.25,4817.25,4814.0,4815.25
29510,2024-05-30 13:03:00,4813.5,4819.9,4812.6,4819.0
29511,2024-05-30 13:04:00,4818.9,4820.35,4814.9,4814.9
29512,2024-05-30 13:05:00,4815.65,4818.55,4813.0,4815.25
29513,2024-05-30 13:06:00,4815.1,4817.8,4811.0,4817.8
29514,2024-05-30 13:07:00,4816.75,4819.9,4813.05,4819.9
29515,2024-05-30 13:08:00,4819.95,4819.95,4812.1,4812.1
29516,2024-05-30 13:09:00,4814.8,4814.85,4811.0,4813.65
29517,2024-05-30 13:10:00,4813.55,4813.95,4805.05,4805.7
29518,2024-05-30 13:11:00,4806.1,4809.55,4795.0,4795.0
29519,2024-05-30 13:12:00,4797.2,4798.0,4792.0,4794.3
29520,2024-05-30 13:13:00,4794.7,4795.6,4786.6,4791.5
29521,2024-05-30 13:14:00,4791.9,4795.1,4791.2,4795.1
29522,2024-05-30 13:15:00,4794.0,4795.1,4791.1,4792.4
29523,2024-05-30 13:16:00,4792.8,4793.5,4791.0,4791.15
29524,2024-05-30 13:17:00,4792.8,4792.85,4790.0,4790.0
29525,2024-05-30 13:18:00,4792.8,4793.5,4790.0,4793.5
29526,2024-05-30 13:19:00,4792.45,4792.9,4790.95,4792.15
29527,2024-05-30 13:20:00,4790.95,4792.45,4790.0,4791.75
29528,2024-05-30 13:21:00,4790.1,4791.8,4785.4,4788.55
29529,2024-05-30 13:22:00,4786.0,4786.0,4781.05,4781.05
29530,2024-05-30 13:23:00,4783.75,4783.75,4777.0,4779.35
29531,2024-05-30 13:24:00,4775.25,4783.45,4775.25,4779.1
29532,2024-05-30 13:25:00,4779.2,4785.0,4779.05,4782.3
29533,2024-05-30 13:26:00,4782.25,4783.25,4780.05,4783.25
29534,2024-05-30 13:27:00,4783.2,4783.2,4779.05,4781.85
29535,2024-05-30 13:28:00,4781.8,4782.3,4778.35,4781.0
29536,2024-05-30 13:29:00,4780.95,4785.0,4778.05,4782.65
29537,2024-05-30 13:30:00,4784.75,4788.3,4781.0,4788.1
29538,2024-05-30 13:31:00,4786.85,4789.25,4786.0,4787.55
29539,2024-05-30 13:32:00,4789.2,4790.9,4787.7,4790.8
29540,2024-05-30 13:33:00,4789.6,4790.8,4786.5,4789.1
29541,2024-05-30 13:34:00,4786.3,4788.85,4786.0,4786.0
29542,2024-05-30 13:35:00,4787.85,4787.9,4786.0,4786.0
29543,2024-05-30 13:36:00,4787.5,4789.15,4786.0,4788.0
29544,2024-05-30 13:37:00,4787.95,4789.5,4785.55,4788.9
29545,2024-05-30 13:38:00,4787.1,4789.75,4786.05,4788.3
29546,2024-05-30 13:39:00,4786.0,4789.5,4786.0,4789.35
29547,2024-05-30 13:40:00,4787.65,4792.7,4787.35,4791.9
29548,2024-05-30 13:41:00,4792.0,4794.6,4789.3,4794.1
29549,2024-05-30 13:42:00,4791.15,4794.9,4790.0,4794.25
29550,2024-05-30 13:43:00,4794.35,4795.5,4791.15,4795.5
29551,2024-05-30 13:44:00,4795.4,4795.55,4790.0,4790.05
29552,2024-05-30 13:45:00,4788.5,4791.95,4788.0,4790.0
29553,2024-05-30 13:46:00,4790.05,4793.5,4788.15,4792.7
29554,2024-05-30 13:47:00,4793.0,4793.0,4787.0,4790.3
29555,2024-05-30 13:48:00,4790.35,4794.0,4790.3,4793.4
29556,2024-05-30 13:49:00,4793.45,4794.3,4790.55,4791.7
29557,2024-05-30 13:50:00,4794.3,4794.3,4790.0,4792.1
29558,2024-05-30 13:51:00,4792.25,4792.95,4787.6,4787.6
29559,2024-05-30 13:52:00,4789.95,4790.0,4786.0,4788.65
29560,2024-05-30 13:53:00,4789.15,4791.15,4788.3,4791.05
29561,2024-05-30 13:54:00,4788.3,4788.7,4786.0,4787.75
29562,2024-05-30 13:55:00,4789.75,4789.75,4786.0,4789.0
29563,2024-05-30 13:56:00,4789.4,4789.4,4785.0,4785.0
29564,2024-05-30 13:57:00,4786.4,4786.4,4780.25,4785.4
29565,2024-05-30 13:58:00,4784.0,4786.95,4784.0,4786.55
29566,2024-05-30 13:59:00,4785.0,4787.35,4785.0,4786.95
29567,2024-05-30 14:00:00,4787.0,4791.05,4786.0,4791.05
29568,2024-05-30 14:01:00,4789.1,4791.05,4788.65,4790.0
29569,2024-05-30 14:02:00,4789.0,4789.75,4786.0,4788.95
29570,2024-05-30 14:03:00,4787.0,4789.45,4787.0,4788.9
29571,2024-05-30 14:04:00,4789.2,4789.8,4787.0,4789.8
29572,2024-05-30 14:05:00,4789.95,4789.95,4787.05,4789.45
29573,2024-05-30 14:06:00,4787.05,4791.25,4787.0,4791.25
29574,2024-05-30 14:07:00,4791.7,4791.95,4790.0,4790.0
29575,2024-05-30 14:08:00,4791.65,4791.95,4787.05,4787.5
29576,2024-05-30 14:09:00,4789.95,4789.95,4786.0,4787.5
29577,2024-05-30 14:10:00,4787.85,4787.9,4786.0,4786.0
29578,2024-05-30 14:11:00,4787.85,4789.75,4786.0,4788.15
29579,2024-05-30 14:12:00,4788.7,4789.75,4786.0,4786.0
29580,2024-05-30 14:13:00,4788.7,4789.45,4786.5,4787.4
29581,2024-05-30 14:14:00,4789.1,4789.65,4787.0,4789.65
29582,2024-05-30 14:15:00,4789.55,4789.55,4786.15,4787.95
29583,2024-05-30 14:16:00,4788.0,4788.7,4786.0,4787.0
29584,2024-05-30 14:17:00,4788.6,4791.7,4787.0,4791.55
29585,2024-05-30 14:18:00,4790.0,4793.0,4790.0,4792.7
29586,2024-05-30 14:19:00,4790.1,4793.0,4788.0,4788.45
29587,2024-05-30 14:20:00,4789.7,4790.65,4783.0,4784.5
29588,2024-05-30 14:21:00,4783.05,4788.5,4783.05,4787.0
29589,2024-05-30 14:22:00,4788.5,4794.15,4787.0,4791.75
29590,2024-05-30 14:23:00,4792.5,4794.65,4791.05,4794.45
29591,2024-05-30 14:24:00,4794.0,4796.0,4791.85,4794.3
29592,2024-05-30 14:25:00,4794.25,4795.5,4794.0,4795.35
29593,2024-05-30 14:26:00,4794.0,4795.25,4794.0,4794.95
29594,2024-05-30 14:27:00,4794.7,4795.0,4794.0,4794.0
29595,2024-05-30 14:28:00,4794.7,4795.0,4794.0,4795.0
29596,2024-05-30 14:29:00,4794.5,4795.0,4793.0,4793.0
29597,2024-05-30 14:30:00,4794.95,4794.95,4790.45,4793.95
29598,2024-05-30 14:31:00,4793.65,4794.35,4790.85,4790.95
29599,2024-05-30 14:32:00,4794.0,4794.05,4791.45,4794.0
29600,2024-05-30 14:33:00,4792.1,4794.55,4791.05,4794.55
29601,2024-05-30 14:34:00,4794.5,4794.5,4783.4,4783.75
29602,2024-05-30 14:35:00,4783.0,4784.2,4771.05,4774.55
29603,2024-05-30 14:36:00,4775.25,4775.25,4763.45,4763.45
29604,2024-05-30 14:37:00,4762.05,4767.15,4756.95,4765.75
29605,2024-05-30 14:38:00,4765.6,4769.65,4764.05,4769.5
29606,2024-05-30 14:39:00,4767.1,4774.15,4767.1,4771.35
29607,2024-05-30 14:40:00,4773.05,4778.5,4771.25,4777.7
29608,2024-05-30 14:41:00,4777.75,4779.85,4770.05,4770.85
29609,2024-05-30 14:42:00,4772.8,4774.4,4770.6,4771.0
29610,2024-05-30 14:43:00,4772.1,4772.1,4770.0,4770.1
29611,2024-05-30 14:44:00,4770.0,4770.15,4770.0,4770.0
29612,2024-05-30 14:45:00,4770.05,4773.45,4769.8,4770.05
29613,2024-05-30 14:46:00,4770.5,4772.6,4768.05,4771.0
29614,2024-05-30 14:47:00,4770.0,4771.0,4765.6,4765.65
29615,2024-05-30 14:48:00,4765.6,4768.55,4762.35,4767.5
29616,2024-05-30 14:49:00,4767.05,4770.0,4764.2,4767.85
29617,2024-05-30 14:50:00,4764.85,4769.15,4763.65,4766.55
29618,2024-05-30 14:51:00,4764.05,4766.7,4757.55,4759.55
29619,2024-05-30 14:52:00,4760.3,4760.3,4752.0,4757.15
29620,2024-05-30 14:53:00,4754.7,4758.4,4752.05,4753.9
29621,2024-05-30 14:54:00,4753.55,4754.9,4751.0,4754.0
29622,2024-05-30 14:55:00,4753.55,4757.6,4749.0,4750.0
29623,2024-05-30 14:56:00,4751.85,4755.85,4750.6,4753.55
29624,2024-05-30 14:57:00,4753.6,4759.4,4752.6,4756.4
29625,2024-05-30 14:58:00,4756.35,4758.15,4753.55,4755.0
29626,2024-05-30 14:59:00,4755.4,4755.7,4750.65,4752.1
29627,2024-05-30 15:00:00,4753.3,4768.45,4752.3,4765.55
29628,2024-05-30 15:01:00,4766.75,4770.65,4763.65,4766.9
29629,2024-05-30 15:02:00,4769.0,4774.0,4766.9,4773.1
29630,2024-05-30 15:03:00,4773.05,4780.75,4769.5,4780.25
29631,2024-05-30 15:04:00,4777.6,4785.0,4777.6,4784.05
29632,2024-05-30 15:05:00,4789.45,4790.15,4783.65,4786.65
29633,2024-05-30 15:06:00,4786.95,4790.35,4783.3,4788.15
29634,2024-05-30 15:07:00,4788.55,4790.0,4780.5,4783.05
29635,2024-05-30 15:08:00,4783.15,4783.55,4781.0,4783.1
29636,2024-05-30 15:09:00,4783.35,4783.55,4773.05,4774.35
29637,2024-05-30 15:10:00,4775.35,4781.9,4773.4,4776.85
29638,2024-05-30 15:11:00,4775.65,4775.65,4770.0,4773.5
29639,2024-05-30 15:12:00,4773.85,4777.3,4770.0,4775.6
29640,2024-05-30 15:13:00,4775.05,4777.6,4771.65,4775.65
29641,2024-05-30 15:14:00,4776.45,4776.45,4759.85,4759.85
29642,2024-05-30 15:15:00,4758.3,4760.2,4748.15,4748.25
29643,2024-05-30 15:16:00,4750.7,4756.85,4748.05,4753.35
29644,2024-05-30 15:17:00,4754.85,4756.5,4749.85,4752.2
29645,2024-05-30 15:18:00,4751.7,4758.95,4751.2,4757.2
29646,2024-05-30 15:19:00,4758.95,4764.8,4758.95,4764.8
29647,2024-05-30 15:20:00,4762.15,4771.95,4762.15,4767.35
29648,2024-05-30 15:21:00,4769.1,4770.05,4760.1,4762.0
29649,2024-05-30 15:22:00,4761.95,4775.9,4761.5,4775.9
29650,2024-05-30 15:23:00,4777.0,4779.7,4772.25,4775.4
29651,2024-05-30 15:24:00,4775.3,4778.0,4770.0,4775.6
29652,2024-05-30 15:25:00,4777.55,4783.8,4777.55,4783.4
29653,2024-05-30 15:26:00,4782.85,4783.35,4775.95,4781.3
29654,2024-05-30 15:27:00,4781.5,4788.75,4773.5,4788.75
29655,2024-05-30 15:28:00,4787.0,4797.55,4785.0,4797.55
29656,2024-05-30 15:29:00,4798.9,4800.0,4790.0,4798.85
29657,2024-05-31 09:14:00,4769.9,4769.9,4769.9,4769.9
29658,2024-05-31 09:15:00,4768.95,4768.95,4733.05,4737.6
29659,2024-05-31 09:16:00,4737.8,4749.0,4734.2,4746.55
29660,2024-05-31 09:17:00,4749.0,4754.0,4746.05,4748.65
29661,2024-05-31 09:18:00,4748.5,4766.4,4743.85,4747.25
29662,2024-05-31 09:19:00,4752.3,4758.6,4742.3,4750.65
29663,2024-05-31 09:20:00,4750.7,4763.4,4750.7,4757.3
29664,2024-05-31 09:21:00,4754.0,4754.9,4742.55,4749.9
29665,2024-05-31 09:22:00,4750.2,4759.2,4749.7,4755.8
29666,2024-05-31 09:23:00,4759.9,4760.0,4747.05,4750.35
29667,2024-05-31 09:24:00,4750.45,4750.45,4741.9,4741.9
29668,2024-05-31 09:25:00,4744.45,4744.45,4737.6,4740.05
29669,2024-05-31 09:26:00,4738.15,4747.6,4736.0,4742.75
29670,2024-05-31 09:27:00,4746.0,4746.0,4738.05,4742.35
29671,2024-05-31 09:28:00,4740.4,4750.45,4740.4,4748.95
29672,2024-05-31 09:29:00,4748.65,4753.45,4743.1,4744.3
29673,2024-05-31 09:30:00,4743.1,4745.75,4741.25,4745.75
29674,2024-05-31 09:31:00,4745.45,4745.6,4736.4,4739.4
29675,2024-05-31 09:32:00,4739.35,4748.0,4736.2,4747.85
29676,2024-05-31 09:33:00,4744.55,4744.75,4738.15,4738.2
29677,2024-05-31 09:34:00,4741.9,4743.5,4736.4,4737.2
29678,2024-05-31 09:35:00,4739.6,4739.6,4725.0,4728.05
29679,2024-05-31 09:36:00,4727.0,4728.0,4720.5,4723.75
29680,2024-05-31 09:37:00,4723.5,4729.15,4719.0,4723.45
29681,2024-05-31 09:38:00,4723.25,4725.75,4720.25,4725.75
29682,2024-05-31 09:39:00,4726.0,4726.95,4723.9,4726.25
29683,2024-05-31 09:40:00,4726.2,4728.1,4723.4,4723.4
29684,2024-05-31 09:41:00,4722.0,4726.05,4722.0,4724.25
29685,2024-05-31 09:42:00,4723.0,4728.45,4722.6,4723.3
29686,2024-05-31 09:43:00,4725.3,4729.7,4725.1,4728.7
29687,2024-05-31 09:44:00,4726.0,4728.7,4721.85,4725.3
29688,2024-05-31 09:45:00,4725.2,4725.95,4723.0,4725.0
29689,2024-05-31 09:46:00,4724.0,4724.6,4716.1,4722.9
29690,2024-05-31 09:47:00,4719.65,4719.95,4715.6,4716.85
29691,2024-05-31 09:48:00,4719.1,4719.65,4714.55,4715.55
29692,2024-05-31 09:49:00,4716.4,4717.25,4713.05,4716.75
29693,2024-05-31 09:50:00,4714.5,4725.0,4714.5,4720.15
29694,2024-05-31 09:51:00,4722.35,4722.35,4714.55,4717.85
29695,2024-05-31 09:52:00,4715.95,4717.8,4713.85,4714.0
29696,2024-05-31 09:53:00,4714.65,4718.95,4712.15,4718.95
29697,2024-05-31 09:54:00,4716.75,4717.8,4713.9,4715.8
29698,2024-05-31 09:55:00,4714.55,4719.65,4712.9,4717.0
29699,2024-05-31 09:56:00,4716.95,4721.95,4714.65,4720.75
29700,2024-05-31 09:57:00,4719.45,4720.0,4715.95,4717.8
29701,2024-05-31 09:58:00,4717.75,4722.55,4717.05,4719.9
29702,2024-05-31 09:59:00,4719.0,4719.9,4716.35,4717.8
29703,2024-05-31 10:00:00,4717.15,4717.8,4703.0,4705.3
29704,2024-05-31 10:01:00,4708.45,4708.45,4701.45,4702.95
29705,2024-05-31 10:02:00,4703.35,4707.9,4702.55,4704.05
29706,2024-05-31 10:03:00,4703.6,4713.65,4703.2,4703.2
29707,2024-05-31 10:04:00,4704.0,4705.15,4701.65,4704.65
29708,2024-05-31 10:05:00,4702.8,4702.8,4695.05,4695.95
29709,2024-05-31 10:06:00,4698.35,4702.25,4692.35,4694.1
29710,2024-05-31 10:07:00,4694.85,4698.35,4690.0,4691.7
29711,2024-05-31 10:08:00,4694.05,4699.4,4690.1,4699.4
29712,2024-05-31 10:09:00,4697.5,4703.2,4695.2,4697.9
29713,2024-05-31 10:10:00,4695.0,4696.8,4682.0,4689.6
29714,2024-05-31 10:11:00,4684.55,4689.75,4683.55,4688.05
29715,2024-05-31 10:12:00,4688.1,4689.9,4684.0,4685.0
29716,2024-05-31 10:13:00,4685.7,4688.7,4684.4,4685.75
29717,2024-05-31 10:14:00,4686.75,4695.25,4685.3,4689.0
29718,2024-05-31 10:15:00,4685.55,4690.9,4685.3,4687.6
29719,2024-05-31 10:16:00,4688.7,4692.65,4685.5,4689.75
29720,2024-05-31 10:17:00,4692.2,4697.5,4689.75,4697.5
29721,2024-05-31 10:18:00,4693.65,4705.0,4693.65,4703.8
29722,2024-05-31 10:19:00,4704.2,4713.6,4704.0,4708.45
29723,2024-05-31 10:20:00,4708.5,4708.8,4699.0,4700.25
29724,2024-05-31 10:21:00,4699.35,4707.0,4698.05,4702.55
29725,2024-05-31 10:22:00,4702.45,4702.8,4700.0,4700.0
29726,2024-05-31 10:23:00,4701.2,4702.75,4699.05,4699.05
29727,2024-05-31 10:24:00,4701.65,4701.65,4693.95,4697.35
29728,2024-05-31 10:25:00,4699.9,4700.0,4695.0,4699.95
29729,2024-05-31 10:26:00,4700.0,4700.25,4697.75,4700.15
29730,2024-05-31 10:27:00,4698.3,4699.95,4695.0,4698.05
29731,2024-05-31 10:28:00,4700.65,4701.4,4696.5,4697.25
29732,2024-05-31 10:29:00,4698.95,4699.4,4693.75,4693.75
29733,2024-05-31 10:30:00,4695.0,4701.0,4693.9,4697.0
29734,2024-05-31 10:31:00,4699.7,4705.0,4699.35,4705.0
29735,2024-05-31 10:32:00,4704.75,4709.85,4704.75,4705.8
29736,2024-05-31 10:33:00,4705.85,4709.9,4705.05,4708.0
29737,2024-05-31 10:34:00,4708.2,4711.35,4706.95,4708.0
29738,2024-05-31 10:35:00,4707.9,4712.6,4705.8,4710.5
29739,2024-05-31 10:36:00,4710.0,4710.6,4707.4,4707.9
29740,2024-05-31 10:37:00,4708.0,4710.0,4707.15,4709.85
29741,2024-05-31 10:38:00,4708.95,4709.85,4705.95,4705.95
29742,2024-05-31 10:39:00,4706.0,4706.0,4697.55,4699.9
29743,2024-05-31 10:40:00,4698.6,4703.05,4698.0,4699.25
29744,2024-05-31 10:41:00,4699.4,4704.45,4699.05,4701.7
29745,2024-05-31 10:42:00,4702.0,4707.75,4701.9,4705.1
29746,2024-05-31 10:43:00,4705.05,4710.0,4702.8,4705.3
29747,2024-05-31 10:44:00,4705.0,4705.95,4701.65,4704.1
29748,2024-05-31 10:45:00,4705.05,4708.4,4701.25,4703.45
29749,2024-05-31 10:46:00,4705.1,4710.0,4704.05,4706.1
29750,2024-05-31 10:47:00,4711.7,4711.7,4706.0,4708.85
29751,2024-05-31 10:48:00,4706.8,4706.8,4702.3,4703.7
29752,2024-05-31 10:49:00,4704.0,4707.8,4703.55,4706.45
29753,2024-05-31 10:50:00,4707.55,4707.55,4702.8,4705.4
29754,2024-05-31 10:51:00,4705.35,4706.15,4701.5,4705.0
29755,2024-05-31 10:52:00,4706.15,4706.15,4701.1,4702.0
29756,2024-05-31 10:53:00,4701.0,4702.0,4700.2,4701.6
29757,2024-05-31 10:54:00,4700.1,4703.8,4700.1,4703.15
29758,2024-05-31 10:55:00,4702.2,4704.5,4700.0,4701.95
29759,2024-05-31 10:56:00,4700.5,4704.4,4699.15,4704.4
29760,2024-05-31 10:57:00,4704.45,4704.45,4702.0,4702.4
29761,2024-05-31 10:58:00,4704.45,4704.45,4699.35,4701.95
29762,2024-05-31 10:59:00,4702.55,4703.75,4700.25,4702.45
29763,2024-05-31 11:00:00,4700.6,4702.45,4700.0,4700.1
29764,2024-05-31 11:01:00,4702.35,4704.0,4700.1,4702.05
29765,2024-05-31 11:02:00,4701.45,4703.8,4700.0,4701.8
29766,2024-05-31 11:03:00,4701.85,4702.9,4700.0,4701.0
29767,2024-05-31 11:04:00,4702.45,4708.95,4700.9,4702.55
29768,2024-05-31 11:05:00,4704.85,4707.95,4700.0,4700.0
29769,2024-05-31 11:06:00,4699.25,4706.75,4699.0,4705.0
29770,2024-05-31 11:07:00,4707.25,4712.35,4707.0,4711.0
29771,2024-05-31 11:08:00,4712.35,4720.8,4711.0,4718.0
29772,2024-05-31 11:09:00,4718.15,4725.0,4716.5,4719.25
29773,2024-05-31 11:10:00,4721.25,4721.9,4718.85,4721.25
29774,2024-05-31 11:11:00,4719.7,4721.25,4719.05,4720.85
29775,2024-05-31 11:12:00,4720.65,4724.9,4718.7,4721.75
29776,2024-05-31 11:13:00,4722.9,4725.0,4721.05,4725.0
29777,2024-05-31 11:14:00,4722.8,4725.0,4719.55,4720.55
29778,2024-05-31 11:15:00,4719.55,4722.05,4719.55,4722.05
29779,2024-05-31 11:16:00,4720.05,4729.9,4720.05,4721.65
29780,2024-05-31 11:17:00,4720.6,4723.6,4716.6,4718.35
29781,2024-05-31 11:18:00,4718.4,4725.5,4717.0,4725.0
29782,2024-05-31 11:19:00,4726.15,4730.0,4724.5,4730.0
29783,2024-05-31 11:20:00,4729.45,4737.45,4729.45,4734.55
29784,2024-05-31 11:21:00,4734.6,4739.0,4732.75,4733.95
29785,2024-05-31 11:22:00,4735.0,4735.0,4732.1,4734.85
29786,2024-05-31 11:23:00,4734.95,4735.0,4733.1,4734.8
29787,2024-05-31 11:24:00,4735.0,4735.0,4729.75,4731.9
29788,2024-05-31 11:25:00,4729.75,4732.9,4729.75,4732.55
29789,2024-05-31 11:26:00,4730.35,4732.2,4729.1,4729.1
29790,2024-05-31 11:27:00,4728.8,4733.1,4728.8,4730.55
29791,2024-05-31 11:28:00,4732.45,4733.0,4730.0,4733.0
29792,2024-05-31 11:29:00,4734.0,4734.4,4730.0,4730.0
29793,2024-05-31 11:30:00,4731.0,4731.7,4728.8,4730.0
29794,2024-05-31 11:31:00,4731.5,4731.5,4730.0,4731.25
29795,2024-05-31 11:32:00,4729.55,4734.55,4729.55,4731.95
29796,2024-05-31 11:33:00,4733.55,4734.3,4731.2,4733.0
29797,2024-05-31 11:34:00,4733.35,4735.0,4730.95,4731.05
29798,2024-05-31 11:35:00,4733.25,4734.85,4729.55,4732.05
29799,2024-05-31 11:36:00,4730.0,4731.95,4727.6,4728.1
29800,2024-05-31 11:37:00,4730.3,4732.95,4727.15,4732.95
29801,2024-05-31 11:38:00,4732.85,4734.9,4732.2,4734.85
29802,2024-05-31 11:39:00,4733.0,4737.8,4725.85,4732.65
29803,2024-05-31 11:40:00,4733.45,4737.2,4733.45,4736.8
29804,2024-05-31 11:41:00,4736.2,4737.15,4735.05,4735.05
29805,2024-05-31 11:42:00,4735.0,4737.3,4735.0,4736.8
29806,2024-05-31 11:43:00,4736.6,4736.6,4735.05,4735.55
29807,2024-05-31 11:44:00,4736.0,4736.0,4734.05,4734.05
29808,2024-05-31 11:45:00,4735.0,4735.25,4725.0,4725.95
29809,2024-05-31 11:46:00,4729.45,4730.7,4721.0,4721.0
29810,2024-05-31 11:47:00,4723.0,4727.0,4723.0,4725.6
29811,2024-05-31 11:48:00,4723.8,4725.35,4722.9,4725.2
29812,2024-05-31 11:49:00,4724.0,4724.6,4724.0,4724.6
29813,2024-05-31 11:50:00,4723.1,4723.1,4720.0,4721.55
29814,2024-05-31 11:51:00,4720.0,4722.0,4720.0,4722.0
29815,2024-05-31 11:52:00,4723.0,4724.55,4720.0,4721.2
29816,2024-05-31 11:53:00,4722.25,4723.05,4720.0,4721.75
29817,2024-05-31 11:54:00,4720.0,4721.2,4719.0,4721.2
29818,2024-05-31 11:55:00,4719.0,4721.2,4719.0,4720.1
29819,2024-05-31 11:56:00,4719.05,4719.85,4718.0,4718.0
29820,2024-05-31 11:57:00,4719.9,4724.5,4718.15,4720.9
29821,2024-05-31 11:58:00,4718.95,4722.4,4718.5,4721.15
29822,2024-05-31 11:59:00,4721.75,4721.75,4719.65,4720.85
29823,2024-05-31 12:00:00,4720.8,4720.8,4719.0,4719.05
29824,2024-05-31 12:01:00,4719.0,4719.5,4718.0,4718.05
29825,2024-05-31 12:02:00,4718.0,4720.95,4718.0,4720.8
29826,2024-05-31 12:03:00,4719.4,4720.75,4718.65,4720.35
29827,2024-05-31 12:04:00,4720.2,4720.2,4718.35,4718.35
29828,2024-05-31 12:05:00,4720.15,4722.0,4719.35,4720.75
29829,2024-05-31 12:06:00,4720.7,4720.75,4718.1,4720.65
29830,2024-05-31 12:07:00,4719.25,4721.8,4718.4,4721.8
29831,2024-05-31 12:08:00,4720.65,4721.55,4719.05,4719.05
29832,2024-05-31 12:09:00,4720.9,4724.95,4720.15,4724.95
29833,2024-05-31 12:10:00,4723.5,4723.5,4720.0,4720.55
29834,2024-05-31 12:11:00,4722.3,4722.3,4720.0,4720.3
29835,2024-05-31 12:12:00,4721.15,4721.15,4718.15,4719.95
29836,2024-05-31 12:13:00,4720.85,4721.2,4718.15,4719.9
29837,2024-05-31 12:14:00,4718.1,4720.85,4718.0,4719.95
29838,2024-05-31 12:15:00,4720.65,4720.65,4718.0,4720.1
29839,2024-05-31 12:16:00,4718.35,4720.2,4718.0,4720.0
29840,2024-05-31 12:17:00,4720.4,4727.0,4718.4,4723.4
29841,2024-05-31 12:18:00,4725.3,4725.75,4720.55,4721.3
29842,2024-05-31 12:19:00,4719.7,4722.7,4719.7,4722.45
29843,2024-05-31 12:20:00,4722.75,4723.85,4718.7,4720.05
29844,2024-05-31 12:21:00,4722.8,4724.35,4719.6,4722.15
29845,2024-05-31 12:22:00,4721.0,4722.2,4719.1,4722.0
29846,2024-05-31 12:23:00,4719.1,4723.75,4719.05,4720.15
29847,2024-05-31 12:24:00,4719.35,4723.25,4719.35,4721.75
29848,2024-05-31 12:25:00,4723.35,4723.35,4720.0,4722.0
29849,2024-05-31 12:26:00,4723.9,4723.9,4719.6,4719.6
29850,2024-05-31 12:27:00,4720.75,4723.9,4719.35,4719.35
29851,2024-05-31 12:28:00,4722.6,4722.6,4720.0,4721.65
29852,2024-05-31 12:29:00,4720.0,4721.1,4719.5,4720.65
29853,2024-05-31 12:30:00,4719.5,4723.3,4719.5,4720.3
29854,2024-05-31 12:31:00,4720.05,4721.35,4719.35,4721.35
29855,2024-05-31 12:32:00,4723.1,4723.1,4719.8,4722.55
29856,2024-05-31 12:33:00,4724.35,4735.0,4724.35,4730.3
29857,2024-05-31 12:34:00,4730.35,4732.45,4728.0,4730.0
29858,2024-05-31 12:35:00,4730.4,4730.9,4728.0,4728.5
29859,2024-05-31 12:36:00,4730.9,4732.4,4728.0,4728.0
29860,2024-05-31 12:37:00,4728.5,4728.5,4722.7,4725.75
29861,2024-05-31 12:38:00,4725.0,4728.3,4724.6,4725.1
29862,2024-05-31 12:39:00,4725.15,4730.0,4720.5,4727.6
29863,2024-05-31 12:40:00,4725.75,4725.75,4720.1,4721.05
29864,2024-05-31 12:41:00,4721.1,4723.55,4721.05,4722.0
29865,2024-05-31 12:42:00,4722.8,4722.95,4720.1,4720.95
29866,2024-05-31 12:43:00,4720.1,4721.0,4718.0,4718.5
29867,2024-05-31 12:44:00,4718.4,4720.0,4718.0,4719.5
29868,2024-05-31 12:45:00,4718.75,4719.75,4718.0,4718.0
29869,2024-05-31 12:46:00,4718.7,4719.95,4718.0,4718.3
29870,2024-05-31 12:47:00,4718.0,4719.9,4718.0,4719.0
29871,2024-05-31 12:48:00,4718.0,4719.45,4717.0,4719.35
29872,2024-05-31 12:49:00,4719.4,4723.05,4715.7,4720.9
29873,2024-05-31 12:50:00,4718.55,4720.9,4718.05,4719.8
29874,2024-05-31 12:51:00,4719.4,4719.95,4718.1,4719.35
29875,2024-05-31 12:52:00,4717.95,4719.1,4717.1,4718.7
29876,2024-05-31 12:53:00,4717.9,4718.7,4717.0,4718.6
29877,2024-05-31 12:54:00,4718.7,4723.7,4717.0,4721.65
29878,2024-05-31 12:55:00,4720.7,4721.8,4717.6,4717.6
29879,2024-05-31 12:56:00,4720.0,4720.0,4718.0,4719.15
29880,2024-05-31 12:57:00,4719.1,4719.1,4717.0,4717.5
29881,2024-05-31 12:58:00,4717.9,4720.0,4717.0,4718.5
29882,2024-05-31 12:59:00,4718.8,4718.8,4717.8,4717.8
29883,2024-05-31 13:00:00,4718.45,4718.45,4717.8,4717.8
29884,2024-05-31 13:01:00,4717.85,4717.85,4717.0,4717.2
29885,2024-05-31 13:02:00,4717.1,4718.1,4715.85,4717.0
29886,2024-05-31 13:03:00,4717.9,4720.0,4717.0,4717.4
29887,2024-05-31 13:04:00,4717.0,4721.2,4715.9,4718.25
29888,2024-05-31 13:05:00,4718.3,4720.6,4717.4,4719.55
29889,2024-05-31 13:06:00,4718.75,4718.75,4717.0,4717.75
29890,2024-05-31 13:07:00,4718.95,4718.95,4717.0,4717.3
29891,2024-05-31 13:08:00,4717.0,4719.5,4715.85,4717.75
29892,2024-05-31 13:09:00,4718.5,4720.0,4717.05,4717.85
29893,2024-05-31 13:10:00,4718.3,4719.7,4716.55,4719.15
29894,2024-05-31 13:11:00,4717.55,4718.85,4717.0,4718.1
29895,2024-05-31 13:12:00,4717.55,4717.55,4708.0,4708.6
29896,2024-05-31 13:13:00,4709.2,4709.9,4707.0,4707.65
29897,2024-05-31 13:14:00,4707.95,4709.7,4705.05,4705.25
29898,2024-05-31 13:15:00,4706.9,4707.0,4702.05,4702.75
29899,2024-05-31 13:16:00,4704.0,4704.0,4702.1,4703.0
29900,2024-05-31 13:17:00,4702.55,4705.85,4702.55,4705.1
29901,2024-05-31 13:18:00,4705.0,4707.4,4705.0,4707.0
29902,2024-05-31 13:19:00,4707.4,4716.85,4706.0,4712.45
29903,2024-05-31 13:20:00,4712.5,4714.75,4712.05,4714.15
29904,2024-05-31 13:21:00,4714.0,4715.0,4712.05,4714.45
29905,2024-05-31 13:22:00,4715.0,4715.6,4712.3,4713.25
29906,2024-05-31 13:23:00,4714.95,4715.0,4712.0,4715.0
29907,2024-05-31 13:24:00,4714.6,4715.0,4713.05,4715.0
29908,2024-05-31 13:25:00,4714.4,4714.9,4712.0,4712.7
29909,2024-05-31 13:26:00,4712.6,4712.6,4707.75,4708.35
29910,2024-05-31 13:27:00,4710.3,4710.3,4707.5,4708.0
29911,2024-05-31 13:28:00,4708.1,4715.4,4708.1,4713.55
29912,2024-05-31 13:29:00,4715.0,4718.55,4712.95,4714.25
29913,2024-05-31 13:30:00,4715.3,4715.3,4712.8,4714.6
29914,2024-05-31 13:31:00,4714.65,4715.2,4712.8,4714.7
29915,2024-05-31 13:32:00,4712.9,4714.75,4712.8,4713.95
29916,2024-05-31 13:33:00,4714.35,4715.0,4712.8,4712.8
29917,2024-05-31 13:34:00,4713.6,4715.0,4713.0,4714.0
29918,2024-05-31 13:35:00,4712.9,4714.75,4712.05,4713.65
29919,2024-05-31 13:36:00,4713.6,4715.35,4712.25,4712.5
29920,2024-05-31 13:37:00,4712.7,4714.4,4712.2,4713.9
29921,2024-05-31 13:38:00,4713.75,4713.9,4712.05,4713.65
29922,2024-05-31 13:39:00,4713.25,4713.45,4712.0,4713.0
29923,2024-05-31 13:40:00,4712.0,4713.95,4712.0,4712.05
29924,2024-05-31 13:41:00,4712.65,4713.25,4712.0,4712.05
29925,2024-05-31 13:42:00,4712.15,4716.0,4710.1,4712.0
29926,2024-05-31 13:43:00,4710.5,4711.95,4709.85,4711.25
29927,2024-05-31 13:44:00,4712.0,4716.0,4710.3,4716.0
29928,2024-05-31 13:45:00,4715.95,4718.5,4714.25,4717.0
29929,2024-05-31 13:46:00,4716.4,4718.35,4715.2,4716.65
29930,2024-05-31 13:47:00,4717.0,4718.5,4716.0,4717.0
29931,2024-05-31 13:48:00,4718.35,4718.35,4715.2,4716.0
29932,2024-05-31 13:49:00,4716.4,4716.4,4716.0,4716.3
29933,2024-05-31 13:50:00,4716.8,4721.05,4716.4,4719.3
29934,2024-05-31 13:51:00,4718.85,4723.6,4718.2,4722.05
29935,2024-05-31 13:52:00,4721.25,4722.1,4719.5,4721.35
29936,2024-05-31 13:53:00,4722.1,4722.15,4718.0,4718.0
29937,2024-05-31 13:54:00,4717.0,4719.7,4717.0,4719.65
29938,2024-05-31 13:55:00,4719.45,4720.0,4717.9,4719.4
29939,2024-05-31 13:56:00,4719.9,4720.0,4718.7,4720.0
29940,2024-05-31 13:57:00,4718.5,4722.35,4717.85,4720.0
29941,2024-05-31 13:58:00,4721.75,4721.8,4718.35,4719.1
29942,2024-05-31 13:59:00,4720.25,4720.65,4717.6,4720.65
29943,2024-05-31 14:00:00,4719.65,4720.65,4717.1,4719.95
29944,2024-05-31 14:01:00,4719.0,4724.8,4717.8,4718.45
29945,2024-05-31 14:02:00,4718.0,4720.0,4718.0,4718.25
29946,2024-05-31 14:03:00,4718.65,4723.4,4718.25,4719.6
29947,2024-05-31 14:04:00,4718.25,4727.0,4718.0,4725.65
29948,2024-05-31 14:05:00,4725.05,4726.95,4725.0,4725.55
29949,2024-05-31 14:06:00,4725.0,4730.15,4725.0,4725.65
29950,2024-05-31 14:07:00,4725.6,4727.15,4725.1,4726.2
29951,2024-05-31 14:08:00,4726.0,4727.0,4725.0,4727.0
29952,2024-05-31 14:09:00,4726.95,4727.8,4725.0,4725.5
29953,2024-05-31 14:10:00,4725.45,4729.0,4725.4,4729.0
29954,2024-05-31 14:11:00,4727.3,4729.0,4726.45,4728.75
29955,2024-05-31 14:12:00,4726.75,4730.0,4725.45,4729.2
29956,2024-05-31 14:13:00,4728.1,4729.15,4725.6,4728.0
29957,2024-05-31 14:14:00,4727.8,4728.0,4725.5,4728.0
29958,2024-05-31 14:15:00,4727.1,4728.85,4720.7,4725.0
29959,2024-05-31 14:16:00,4725.6,4725.65,4720.65,4725.2
29960,2024-05-31 14:17:00,4725.15,4726.9,4723.2,4725.0
29961,2024-05-31 14:18:00,4723.6,4725.6,4716.25,4716.45
29962,2024-05-31 14:19:00,4719.1,4719.9,4715.2,4717.1
29963,2024-05-31 14:20:00,4717.95,4721.05,4717.35,4720.7
29964,2024-05-31 14:21:00,4719.95,4724.0,4719.0,4722.1
29965,2024-05-31 14:22:00,4724.0,4724.0,4718.05,4718.9
29966,2024-05-31 14:23:00,4718.5,4720.0,4716.0,4717.75
29967,2024-05-31 14:24:00,4718.85,4720.4,4715.0,4715.95
29968,2024-05-31 14:25:00,4717.0,4720.9,4715.4,4720.9
29969,2024-05-31 14:26:00,4716.5,4720.05,4716.5,4717.25
29970,2024-05-31 14:27:00,4718.65,4720.0,4717.0,4719.95
29971,2024-05-31 14:28:00,4717.65,4719.55,4717.0,4717.2
29972,2024-05-31 14:29:00,4717.0,4717.85,4717.0,4717.4
29973,2024-05-31 14:30:00,4717.0,4717.8,4717.0,4717.0
29974,2024-05-31 14:31:00,4717.8,4719.35,4716.5,4718.45
29975,2024-05-31 14:32:00,4716.5,4720.0,4716.5,4718.3
29976,2024-05-31 14:33:00,4719.05,4719.05,4717.0,4717.0
29977,2024-05-31 14:34:00,4717.3,4719.6,4717.0,4717.45
29978,2024-05-31 14:35:00,4717.0,4718.7,4717.0,4717.8
29979,2024-05-31 14:36:00,4717.05,4717.8,4717.0,4717.0
29980,2024-05-31 14:37:00,4717.65,4717.65,4716.5,4716.5
29981,2024-05-31 14:38:00,4716.7,4717.05,4716.5,4717.0
29982,2024-05-31 14:39:00,4717.05,4721.0,4714.7,4715.05
29983,2024-05-31 14:40:00,4715.0,4717.5,4715.0,4716.8
29984,2024-05-31 14:41:00,4716.65,4717.95,4716.1,4716.85
29985,2024-05-31 14:42:00,4716.5,4716.5,4714.65,4714.65
29986,2024-05-31 14:43:00,4715.0,4715.45,4712.4,4715.4
29987,2024-05-31 14:44:00,4713.75,4715.0,4713.0,4713.15
29988,2024-05-31 14:45:00,4713.1,4713.5,4708.0,4709.6
29989,2024-05-31 14:46:00,4708.0,4710.0,4706.75,4706.85
29990,2024-05-31 14:47:00,4707.3,4716.95,4707.3,4716.95
29991,2024-05-31 14:48:00,4720.55,4725.35,4716.3,4721.95
29992,2024-05-31 14:49:00,4720.1,4721.95,4720.0,4720.0
29993,2024-05-31 14:50:00,4721.85,4721.85,4720.0,4720.0
29994,2024-05-31 14:51:00,4720.05,4721.95,4715.65,4716.4
29995,2024-05-31 14:52:00,4715.6,4720.55,4710.5,4711.4
29996,2024-05-31 14:53:00,4714.15,4714.15,4708.5,4712.9
29997,2024-05-31 14:54:00,4711.9,4714.1,4709.3,4713.45
29998,2024-05-31 14:55:00,4712.6,4712.6,4703.05,4703.1
29999,2024-05-31 14:56:00,4703.5,4708.75,4703.25,4703.5
30000,2024-05-31 14:57:00,4705.85,4705.85,4702.0,4703.0
30001,2024-05-31 14:58:00,4704.9,4707.45,4702.0,4707.05
30002,2024-05-31 14:59:00,4705.0,4706.55,4695.0,4695.0
30003,2024-05-31 15:00:00,4694.55,4717.25,4690.0,4715.05
30004,2024-05-31 15:01:00,4715.5,4725.55,4704.75,4708.05
30005,2024-05-31 15:02:00,4708.1,4714.45,4702.85,4708.3
30006,2024-05-31 15:03:00,4708.0,4719.55,4697.85,4698.3
30007,2024-05-31 15:04:00,4697.55,4703.1,4690.0,4703.1
30008,2024-05-31 15:05:00,4699.7,4709.4,4697.3,4700.1
30009,2024-05-31 15:06:00,4699.75,4699.75,4689.45,4692.45
30010,2024-05-31 15:07:00,4692.85,4693.65,4687.55,4691.35
30011,2024-05-31 15:08:00,4690.05,4694.6,4686.05,4688.15
30012,2024-05-31 15:09:00,4691.35,4696.3,4684.55,4693.0
30013,2024-05-31 15:10:00,4699.9,4701.95,4692.5,4697.35
30014,2024-05-31 15:11:00,4696.95,4705.9,4695.05,4705.65
30015,2024-05-31 15:12:00,4704.25,4708.5,4700.0,4705.0
30016,2024-05-31 15:13:00,4700.9,4705.0,4697.7,4697.7
30017,2024-05-31 15:14:00,4699.75,4702.95,4695.7,4700.05
30018,2024-05-31 15:15:00,4701.0,4705.95,4696.45,4697.45
30019,2024-05-31 15:16:00,4697.35,4706.2,4691.2,4704.5
30020,2024-05-31 15:17:00,4702.75,4710.8,4702.75,4710.8
30021,2024-05-31 15:18:00,4706.4,4716.9,4704.35,4710.25
30022,2024-05-31 15:19:00,4710.2,4713.25,4703.95,4705.0
30023,2024-05-31 15:20:00,4704.75,4711.1,4701.75,4710.1
30024,2024-05-31 15:21:00,4710.05,4712.05,4701.75,4703.65
30025,2024-05-31 15:22:00,4702.55,4716.35,4701.05,4714.65
30026,2024-05-31 15:23:00,4710.5,4725.3,4707.05,4715.45
30027,2024-05-31 15:24:00,4716.0,4716.0,4706.2,4710.55
30028,2024-05-31 15:25:00,4706.95,4707.4,4702.5,4704.65
30029,2024-05-31 15:26:00,4703.7,4703.7,4692.6,4695.2
30030,2024-05-31 15:27:00,4694.85,4694.85,4686.55,4689.7
30031,2024-05-31 15:28:00,4689.05,4694.6,4685.1,4688.9
30032,2024-05-31 15:29:00,4682.05,4696.0,4680.15,4695.2
30033,2024-06-03 09:14:00,4825.0,4825.0,4825.0,4825.0
30034,2024-06-03 09:15:00,4819.4,4824.9,4708.6,4712.7
30035,2024-06-03 09:16:00,4707.0,4727.15,4707.0,4714.9
30036,2024-06-03 09:17:00,4710.1,4748.4,4710.0,4738.0
30037,2024-06-03 09:18:00,4735.0,4738.25,4713.0,4723.4
30038,2024-06-03 09:19:00,4716.65,4736.8,4706.05,4722.55
30039,2024-06-03 09:20:00,4721.9,4727.6,4706.0,4718.2
30040,2024-06-03 09:21:00,4718.5,4738.65,4714.05,4734.0
30041,2024-06-03 09:22:00,4732.0,4738.85,4715.25,4719.35
30042,2024-06-03 09:23:00,4715.75,4731.05,4714.2,4716.6
30043,2024-06-03 09:24:00,4714.05,4730.45,4712.35,4727.55
30044,2024-06-03 09:25:00,4727.25,4732.95,4707.75,4707.75
30045,2024-06-03 09:26:00,4708.0,4721.95,4702.55,4716.7
30046,2024-06-03 09:27:00,4711.2,4715.65,4700.9,4705.1
30047,2024-06-03 09:28:00,4701.55,4712.4,4700.2,4710.0
30048,2024-06-03 09:29:00,4709.3,4719.6,4707.8,4714.6
30049,2024-06-03 09:30:00,4714.2,4718.35,4695.05,4706.25
30050,2024-06-03 09:31:00,4706.35,4708.2,4696.3,4699.65
30051,2024-06-03 09:32:00,4696.25,4699.45,4687.6,4691.95
30052,2024-06-03 09:33:00,4690.75,4699.9,4690.0,4696.95
30053,2024-06-03 09:34:00,4700.0,4715.0,4700.0,4704.05
30054,2024-06-03 09:35:00,4706.7,4709.0,4700.55,4704.5
30055,2024-06-03 09:36:00,4707.65,4707.65,4695.45,4698.35
30056,2024-06-03 09:37:00,4696.0,4699.25,4690.0,4693.9
30057,2024-06-03 09:38:00,4693.95,4696.15,4691.2,4692.3
30058,2024-06-03 09:39:00,4692.2,4699.0,4690.0,4696.95
30059,2024-06-03 09:40:00,4692.85,4712.8,4692.85,4712.4
30060,2024-06-03 09:41:00,4711.6,4714.0,4700.05,4702.9
30061,2024-06-03 09:42:00,4701.25,4710.0,4700.0,4709.9
30062,2024-06-03 09:43:00,4711.0,4717.1,4708.95,4711.0
30063,2024-06-03 09:44:00,4710.25,4710.25,4694.1,4694.8
30064,2024-06-03 09:45:00,4694.75,4694.75,4680.7,4685.1
30065,2024-06-03 09:46:00,4688.15,4688.7,4677.5,4683.05
30066,2024-06-03 09:47:00,4686.2,4686.2,4677.65,4685.0
30067,2024-06-03 09:48:00,4685.25,4692.5,4681.9,4682.1
30068,2024-06-03 09:49:00,4682.65,4688.0,4680.0,4683.3
30069,2024-06-03 09:50:00,4685.2,4688.0,4681.0,4685.65
30070,2024-06-03 09:51:00,4683.6,4690.0,4683.6,4685.95
30071,2024-06-03 09:52:00,4687.0,4691.0,4682.3,4691.0
30072,2024-06-03 09:53:00,4691.35,4693.2,4681.0,4681.15
30073,2024-06-03 09:54:00,4681.2,4684.95,4681.2,4682.4
30074,2024-06-03 09:55:00,4684.2,4693.4,4682.05,4693.0
30075,2024-06-03 09:56:00,4692.65,4706.0,4689.0,4704.95
30076,2024-06-03 09:57:00,4702.55,4709.2,4702.55,4705.6
30077,2024-06-03 09:58:00,4705.15,4709.0,4701.1,4704.75
30078,2024-06-03 09:59:00,4704.85,4710.0,4704.85,4708.85
30079,2024-06-03 10:00:00,4709.8,4711.55,4707.05,4710.0
30080,2024-06-03 10:01:00,4713.65,4720.3,4712.0,4712.0
30081,2024-06-03 10:02:00,4710.75,4713.35,4702.0,4704.55
30082,2024-06-03 10:03:00,4704.7,4709.1,4700.0,4706.75
30083,2024-06-03 10:04:00,4703.7,4703.7,4695.0,4702.45
30084,2024-06-03 10:05:00,4700.8,4703.4,4691.55,4694.65
30085,2024-06-03 10:06:00,4697.3,4708.0,4694.45,4706.0
30086,2024-06-03 10:07:00,4707.0,4707.0,4700.9,4700.9
30087,2024-06-03 10:08:00,4702.0,4706.0,4701.65,4703.55
30088,2024-06-03 10:09:00,4707.0,4717.65,4707.0,4709.2
30089,2024-06-03 10:10:00,4709.15,4713.05,4703.0,4713.05
30090,2024-06-03 10:11:00,4714.75,4714.75,4710.0,4713.0
30091,2024-06-03 10:12:00,4713.15,4715.5,4708.25,4713.1
30092,2024-06-03 10:13:00,4711.1,4712.0,4701.6,4701.6
30093,2024-06-03 10:14:00,4703.0,4705.2,4703.0,4704.0
30094,2024-06-03 10:15:00,4707.85,4707.85,4698.0,4698.85
30095,2024-06-03 10:16:00,4695.7,4700.75,4695.1,4697.4
30096,2024-06-03 10:17:00,4697.3,4703.15,4696.6,4698.3
30097,2024-06-03 10:18:00,4700.0,4701.85,4696.0,4696.4
30098,2024-06-03 10:19:00,4696.0,4700.6,4696.0,4697.05
30099,2024-06-03 10:20:00,4697.0,4697.35,4696.55,4696.7
30100,2024-06-03 10:21:00,4696.8,4699.15,4694.8,4694.8
30101,2024-06-03 10:22:00,4690.15,4694.6,4690.0,4693.0
30102,2024-06-03 10:23:00,4691.05,4696.45,4690.1,4691.95
30103,2024-06-03 10:24:00,4690.5,4691.95,4685.0,4685.25
30104,2024-06-03 10:25:00,4685.3,4688.1,4680.8,4680.8
30105,2024-06-03 10:26:00,4681.0,4682.15,4676.05,4678.5
30106,2024-06-03 10:27:00,4679.5,4683.55,4679.5,4681.9
30107,2024-06-03 10:28:00,4683.85,4690.4,4682.1,4688.55
30108,2024-06-03 10:29:00,4686.2,4688.4,4684.1,4687.9
30109,2024-06-03 10:30:00,4686.15,4688.4,4686.1,4686.4
30110,2024-06-03 10:31:00,4688.0,4694.4,4686.1,4693.45
30111,2024-06-03 10:32:00,4690.6,4694.35,4690.6,4691.3
30112,2024-06-03 10:33:00,4693.2,4693.2,4689.0,4690.15
30113,2024-06-03 10:34:00,4689.05,4691.65,4689.0,4691.65
30114,2024-06-03 10:35:00,4689.4,4689.5,4686.4,4686.5
30115,2024-06-03 10:36:00,4686.45,4688.5,4685.1,4688.0
30116,2024-06-03 10:37:00,4689.4,4692.2,4689.4,4689.6
30117,2024-06-03 10:38:00,4689.7,4693.45,4688.0,4689.0
30118,2024-06-03 10:39:00,4688.0,4689.7,4688.0,4688.0
30119,2024-06-03 10:40:00,4689.0,4689.0,4688.0,4688.05
30120,2024-06-03 10:41:00,4688.0,4694.95,4688.0,4690.5
30121,2024-06-03 10:42:00,4690.3,4699.25,4688.6,4693.4
30122,2024-06-03 10:43:00,4695.8,4695.8,4690.0,4691.0
30123,2024-06-03 10:44:00,4691.7,4692.8,4687.0,4689.55
30124,2024-06-03 10:45:00,4688.0,4691.7,4688.0,4688.15
30125,2024-06-03 10:46:00,4691.1,4693.7,4688.05,4688.5
30126,2024-06-03 10:47:00,4690.75,4691.4,4687.85,4687.85
30127,2024-06-03 10:48:00,4688.8,4690.5,4686.0,4686.0
30128,2024-06-03 10:49:00,4687.85,4688.85,4686.0,4687.0
30129,2024-06-03 10:50:00,4688.85,4690.4,4687.0,4687.0
30130,2024-06-03 10:51:00,4686.55,4688.5,4684.2,4684.25
30131,2024-06-03 10:52:00,4685.8,4692.15,4684.5,4691.3
30132,2024-06-03 10:53:00,4691.85,4691.85,4688.35,4688.45
30133,2024-06-03 10:54:00,4690.0,4690.0,4687.35,4689.45
30134,2024-06-03 10:55:00,4689.4,4691.0,4687.0,4687.0
30135,2024-06-03 10:56:00,4686.6,4689.35,4685.0,4685.8
30136,2024-06-03 10:57:00,4686.65,4689.55,4685.85,4685.85
30137,2024-06-03 10:58:00,4686.1,4686.1,4677.0,4677.0
30138,2024-06-03 10:59:00,4676.95,4679.35,4676.05,4677.55
30139,2024-06-03 11:00:00,4679.0,4679.0,4675.45,4675.45
30140,2024-06-03 11:01:00,4675.95,4679.9,4675.45,4675.45
30141,2024-06-03 11:02:00,4675.05,4677.0,4675.0,4675.15
30142,2024-06-03 11:03:00,4675.05,4676.95,4672.4,4673.15
30143,2024-06-03 11:04:00,4676.85,4676.85,4671.7,4671.7
30144,2024-06-03 11:05:00,4670.0,4670.0,4663.0,4666.65
30145,2024-06-03 11:06:00,4668.35,4670.5,4666.65,4668.5
30146,2024-06-03 11:07:00,4667.5,4671.5,4667.5,4671.35
30147,2024-06-03 11:08:00,4670.5,4675.8,4670.5,4670.7
30148,2024-06-03 11:09:00,4671.5,4671.5,4670.0,4670.85
30149,2024-06-03 11:10:00,4671.3,4678.0,4671.3,4675.0
30150,2024-06-03 11:11:00,4673.55,4675.0,4671.05,4672.1
30151,2024-06-03 11:12:00,4674.5,4679.3,4671.6,4675.6
30152,2024-06-03 11:13:00,4675.05,4677.05,4673.2,4677.05
30153,2024-06-03 11:14:00,4675.5,4680.0,4674.15,4677.55
30154,2024-06-03 11:15:00,4679.35,4683.35,4675.35,4676.05
30155,2024-06-03 11:16:00,4676.7,4679.95,4675.2,4676.05
30156,2024-06-03 11:17:00,4675.0,4676.0,4665.2,4665.3
30157,2024-06-03 11:18:00,4666.5,4669.85,4664.0,4668.25
30158,2024-06-03 11:19:00,4670.4,4675.0,4667.9,4669.35
30159,2024-06-03 11:20:00,4668.65,4671.0,4668.25,4670.0
30160,2024-06-03 11:21:00,4671.0,4675.95,4669.1,4671.7
30161,2024-06-03 11:22:00,4673.4,4673.4,4670.0,4670.8
30162,2024-06-03 11:23:00,4670.0,4673.1,4669.0,4669.1
30163,2024-06-03 11:24:00,4670.0,4672.6,4668.95,4671.25
30164,2024-06-03 11:25:00,4670.9,4673.95,4670.7,4672.1
30165,2024-06-03 11:26:00,4674.35,4675.8,4669.05,4670.0
30166,2024-06-03 11:27:00,4672.1,4675.3,4669.15,4674.5
30167,2024-06-03 11:28:00,4672.75,4674.7,4670.15,4670.15
30168,2024-06-03 11:29:00,4670.65,4673.35,4670.0,4673.1
30169,2024-06-03 11:30:00,4671.1,4673.15,4670.05,4670.1
30170,2024-06-03 11:31:00,4671.65,4674.3,4670.0,4671.3
30171,2024-06-03 11:32:00,4673.75,4674.65,4670.45,4671.6
30172,2024-06-03 11:33:00,4673.35,4674.0,4669.0,4669.0
30173,2024-06-03 11:34:00,4668.4,4668.4,4665.0,4665.9
30174,2024-06-03 11:35:00,4665.0,4668.45,4665.0,4667.45
30175,2024-06-03 11:36:00,4666.95,4670.0,4666.0,4666.0
30176,2024-06-03 11:37:00,4665.5,4665.5,4662.5,4662.75
30177,2024-06-03 11:38:00,4662.4,4671.7,4661.4,4667.95
30178,2024-06-03 11:39:00,4667.05,4672.0,4667.05,4671.8
30179,2024-06-03 11:40:00,4674.05,4677.05,4672.6,4673.0
30180,2024-06-03 11:41:00,4674.3,4676.2,4670.55,4671.15
30181,2024-06-03 11:42:00,4672.45,4676.9,4671.6,4672.85
30182,2024-06-03 11:43:00,4675.15,4679.4,4673.25,4676.3
30183,2024-06-03 11:44:00,4679.0,4681.0,4676.3,4679.9
30184,2024-06-03 11:45:00,4679.95,4683.95,4678.7,4680.5
30185,2024-06-03 11:46:00,4680.8,4680.8,4675.7,4676.6
30186,2024-06-03 11:47:00,4677.7,4680.55,4675.05,4676.95
30187,2024-06-03 11:48:00,4675.75,4677.1,4675.3,4675.3
30188,2024-06-03 11:49:00,4675.8,4679.3,4675.7,4676.8
30189,2024-06-03 11:50:00,4676.7,4679.3,4676.1,4677.45
30190,2024-06-03 11:51:00,4677.85,4683.0,4677.85,4679.75
30191,2024-06-03 11:52:00,4680.15,4680.45,4679.0,4679.0
30192,2024-06-03 11:53:00,4679.05,4684.45,4679.0,4681.5
30193,2024-06-03 11:54:00,4682.8,4683.7,4681.0,4681.0
30194,2024-06-03 11:55:00,4681.65,4685.95,4681.0,4684.85
30195,2024-06-03 11:56:00,4685.0,4687.5,4684.85,4685.0
30196,2024-06-03 11:57:00,4684.85,4685.0,4681.1,4683.3
30197,2024-06-03 11:58:00,4683.7,4686.7,4681.25,4683.8
30198,2024-06-03 11:59:00,4682.15,4684.15,4682.15,4682.5
30199,2024-06-03 12:00:00,4683.85,4683.85,4682.5,4682.5
30200,2024-06-03 12:01:00,4683.7,4683.8,4680.0,4681.85
30201,2024-06-03 12:02:00,4680.05,4682.85,4679.3,4679.3
30202,2024-06-03 12:03:00,4679.1,4679.1,4674.05,4674.5
30203,2024-06-03 12:04:00,4675.2,4678.45,4674.5,4678.45
30204,2024-06-03 12:05:00,4679.95,4687.0,4678.35,4686.95
30205,2024-06-03 12:06:00,4683.5,4685.65,4683.25,4684.0
30206,2024-06-03 12:07:00,4683.8,4685.55,4683.45,4684.0
30207,2024-06-03 12:08:00,4684.4,4685.0,4683.3,4684.5
30208,2024-06-03 12:09:00,4684.6,4684.7,4684.45,4684.5
30209,2024-06-03 12:10:00,4684.65,4686.35,4683.05,4683.25
30210,2024-06-03 12:11:00,4683.05,4683.7,4678.0,4678.05
30211,2024-06-03 12:12:00,4679.7,4681.45,4677.15,4677.6
30212,2024-06-03 12:13:00,4677.15,4682.45,4677.15,4679.75
30213,2024-06-03 12:14:00,4681.3,4683.2,4678.2,4678.85
30214,2024-06-03 12:15:00,4678.65,4681.05,4678.0,4678.1
30215,2024-06-03 12:16:00,4678.85,4682.25,4678.0,4678.95
30216,2024-06-03 12:17:00,4678.0,4682.6,4678.0,4680.2
30217,2024-06-03 12:18:00,4682.05,4684.0,4680.2,4681.05
30218,2024-06-03 12:19:00,4681.1,4683.6,4681.1,4681.2
30219,2024-06-03 12:20:00,4682.95,4682.95,4680.0,4681.0
30220,2024-06-03 12:21:00,4681.15,4682.65,4680.0,4680.0
30221,2024-06-03 12:22:00,4681.6,4685.75,4679.85,4685.65
30222,2024-06-03 12:23:00,4685.0,4685.0,4683.0,4685.0
30223,2024-06-03 12:24:00,4684.15,4684.15,4680.45,4680.8
30224,2024-06-03 12:25:00,4682.0,4685.0,4680.8,4685.0
30225,2024-06-03 12:26:00,4684.05,4685.8,4680.0,4681.9
30226,2024-06-03 12:27:00,4680.0,4683.2,4680.0,4682.15
30227,2024-06-03 12:28:00,4683.0,4683.0,4680.0,4682.5
30228,2024-06-03 12:29:00,4683.0,4684.1,4680.3,4683.4
30229,2024-06-03 12:30:00,4683.35,4683.35,4680.3,4680.5
30230,2024-06-03 12:31:00,4680.05,4680.5,4675.6,4676.65
30231,2024-06-03 12:32:00,4676.0,4676.65,4667.0,4668.75
30232,2024-06-03 12:33:00,4669.55,4674.7,4668.0,4669.9
30233,2024-06-03 12:34:00,4669.85,4671.0,4668.0,4670.0
30234,2024-06-03 12:35:00,4669.5,4673.6,4669.5,4673.6
30235,2024-06-03 12:36:00,4675.8,4677.1,4671.0,4672.55
30236,2024-06-03 12:37:00,4671.15,4674.95,4671.15,4674.35
30237,2024-06-03 12:38:00,4674.4,4675.0,4669.2,4669.2
30238,2024-06-03 12:39:00,4670.4,4670.4,4666.0,4666.2
30239,2024-06-03 12:40:00,4667.2,4669.55,4665.25,4665.55
30240,2024-06-03 12:41:00,4666.0,4667.45,4665.05,4666.95
30241,2024-06-03 12:42:00,4668.7,4668.7,4665.1,4665.1
30242,2024-06-03 12:43:00,4665.05,4668.0,4665.05,4668.0
30243,2024-06-03 12:44:00,4667.45,4668.7,4666.0,4668.65
30244,2024-06-03 12:45:00,4666.45,4669.5,4665.0,4665.05
30245,2024-06-03 12:46:00,4665.0,4668.65,4664.1,4665.0
30246,2024-06-03 12:47:00,4664.5,4667.0,4664.1,4667.0
30247,2024-06-03 12:48:00,4665.1,4667.0,4662.05,4662.05
30248,2024-06-03 12:49:00,4662.0,4663.95,4660.95,4663.95
30249,2024-06-03 12:50:00,4661.7,4663.95,4660.6,4661.35
30250,2024-06-03 12:51:00,4661.0,4665.0,4661.0,4662.8
30251,2024-06-03 12:52:00,4662.05,4662.75,4661.3,4661.3
30252,2024-06-03 12:53:00,4663.45,4663.5,4660.05,4660.05
30253,2024-06-03 12:54:00,4660.95,4661.0,4651.0,4651.0
30254,2024-06-03 12:55:00,4652.95,4655.65,4651.1,4654.9
30255,2024-06-03 12:56:00,4654.95,4657.0,4653.75,4655.05
30256,2024-06-03 12:57:00,4657.0,4659.8,4655.05,4659.8
30257,2024-06-03 12:58:00,4659.7,4659.8,4656.15,4657.95
30258,2024-06-03 12:59:00,4658.0,4658.0,4656.15,4656.6
30259,2024-06-03 13:00:00,4657.75,4659.4,4656.6,4657.0
30260,2024-06-03 13:01:00,4659.05,4659.05,4655.0,4655.0
30261,2024-06-03 13:02:00,4656.0,4656.0,4653.75,4654.0
30262,2024-06-03 13:03:00,4653.95,4655.0,4653.0,4653.95
30263,2024-06-03 13:04:00,4655.0,4657.15,4653.85,4655.0
30264,2024-06-03 13:05:00,4656.7,4657.1,4655.0,4656.0
30265,2024-06-03 13:06:00,4655.0,4658.3,4652.0,4652.45
30266,2024-06-03 13:07:00,4652.05,4656.7,4651.65,4656.7
30267,2024-06-03 13:08:00,4657.65,4660.15,4656.4,4659.85
30268,2024-06-03 13:09:00,4658.0,4661.0,4658.0,4660.8
30269,2024-06-03 13:10:00,4660.0,4660.95,4659.0,4660.05
30270,2024-06-03 13:11:00,4660.95,4660.95,4659.0,4659.2
30271,2024-06-03 13:12:00,4659.05,4661.2,4659.05,4661.2
30272,2024-06-03 13:13:00,4661.4,4663.8,4660.0,4661.0
30273,2024-06-03 13:14:00,4661.1,4661.95,4660.0,4661.0
30274,2024-06-03 13:15:00,4662.45,4662.7,4660.25,4660.25
30275,2024-06-03 13:16:00,4660.65,4660.65,4659.4,4659.45
30276,2024-06-03 13:17:00,4659.95,4662.0,4659.4,4661.8
30277,2024-06-03 13:18:00,4662.0,4663.2,4660.7,4662.2
30278,2024-06-03 13:19:00,4662.15,4662.15,4659.0,4659.1
30279,2024-06-03 13:20:00,4659.0,4661.15,4658.15,4659.0
30280,2024-06-03 13:21:00,4658.1,4662.45,4657.4,4662.45
30281,2024-06-03 13:22:00,4662.95,4664.0,4660.85,4664.0
30282,2024-06-03 13:23:00,4663.45,4666.0,4661.55,4665.0
30283,2024-06-03 13:24:00,4663.55,4665.0,4663.15,4663.9
30284,2024-06-03 13:25:00,4664.0,4667.45,4664.0,4664.75
30285,2024-06-03 13:26:00,4668.0,4668.0,4665.35,4667.75
30286,2024-06-03 13:27:00,4666.55,4668.0,4665.2,4667.75
30287,2024-06-03 13:28:00,4666.1,4667.95,4660.15,4662.3
30288,2024-06-03 13:29:00,4660.1,4664.4,4660.0,4661.35
30289,2024-06-03 13:30:00,4664.4,4666.95,4663.95,4665.85
30290,2024-06-03 13:31:00,4666.2,4666.2,4661.1,4665.1
30291,2024-06-03 13:32:00,4665.0,4666.6,4659.45,4659.9
30292,2024-06-03 13:33:00,4659.45,4663.25,4657.4,4663.25
30293,2024-06-03 13:34:00,4663.7,4665.4,4661.95,4665.0
30294,2024-06-03 13:35:00,4662.6,4664.8,4662.3,4664.45
30295,2024-06-03 13:36:00,4662.85,4665.0,4662.1,4664.15
30296,2024-06-03 13:37:00,4662.5,4664.45,4662.5,4664.0
30297,2024-06-03 13:38:00,4664.3,4664.3,4658.0,4658.0
30298,2024-06-03 13:39:00,4659.05,4659.05,4654.5,4655.0
30299,2024-06-03 13:40:00,4655.5,4657.05,4654.0,4654.95
30300,2024-06-03 13:41:00,4654.05,4656.4,4651.5,4656.4
30301,2024-06-03 13:42:00,4653.05,4657.2,4653.05,4655.0
30302,2024-06-03 13:43:00,4656.95,4659.35,4656.05,4659.35
30303,2024-06-03 13:44:00,4659.85,4662.4,4658.75,4660.05
30304,2024-06-03 13:45:00,4660.3,4664.3,4660.3,4662.4
30305,2024-06-03 13:46:00,4660.2,4664.3,4660.0,4664.0
30306,2024-06-03 13:47:00,4662.2,4664.0,4662.1,4664.0
30307,2024-06-03 13:48:00,4662.3,4665.0,4662.1,4665.0
30308,2024-06-03 13:49:00,4664.0,4665.0,4662.75,4664.7
30309,2024-06-03 13:50:00,4664.85,4665.0,4662.1,4663.05
30310,2024-06-03 13:51:00,4663.1,4664.8,4663.0,4663.05
30311,2024-06-03 13:52:00,4664.0,4664.0,4662.0,4662.15
30312,2024-06-03 13:53:00,4662.25,4664.8,4660.95,4662.6
30313,2024-06-03 13:54:00,4664.65,4665.0,4662.05,4664.9
30314,2024-06-03 13:55:00,4664.15,4668.25,4663.65,4663.65
30315,2024-06-03 13:56:00,4664.3,4665.85,4664.3,4665.6
30316,2024-06-03 13:57:00,4665.0,4665.6,4664.0,4664.2
30317,2024-06-03 13:58:00,4665.0,4667.55,4664.5,4667.55
30318,2024-06-03 13:59:00,4666.45,4670.0,4666.45,4670.0
30319,2024-06-03 14:00:00,4669.05,4673.9,4669.0,4671.65
30320,2024-06-03 14:01:00,4670.4,4673.1,4670.0,4673.1
30321,2024-06-03 14:02:00,4670.9,4672.5,4669.05,4672.45
30322,2024-06-03 14:03:00,4672.0,4673.1,4668.0,4672.95
30323,2024-06-03 14:04:00,4673.0,4673.9,4670.0,4673.9
30324,2024-06-03 14:05:00,4673.05,4673.85,4670.0,4671.25
30325,2024-06-03 14:06:00,4671.35,4672.45,4667.0,4669.3
30326,2024-06-03 14:07:00,4672.4,4673.0,4668.85,4672.8
30327,2024-06-03 14:08:00,4673.0,4674.95,4672.35,4674.45
30328,2024-06-03 14:09:00,4674.5,4674.5,4671.5,4673.9
30329,2024-06-03 14:10:00,4673.95,4673.95,4670.0,4672.4
30330,2024-06-03 14:11:00,4672.45,4673.7,4670.0,4671.45
30331,2024-06-03 14:12:00,4670.0,4671.5,4667.4,4667.4
30332,2024-06-03 14:13:00,4667.45,4668.55,4665.2,4665.2
30333,2024-06-03 14:14:00,4665.25,4667.0,4664.5,4664.95
30334,2024-06-03 14:15:00,4666.4,4667.0,4664.05,4665.0
30335,2024-06-03 14:16:00,4666.45,4667.0,4665.0,4665.4
30336,2024-06-03 14:17:00,4667.0,4667.0,4665.0,4666.9
30337,2024-06-03 14:18:00,4667.0,4667.0,4665.0,4666.4
30338,2024-06-03 14:19:00,4665.0,4665.0,4660.7,4663.0
30339,2024-06-03 14:20:00,4662.95,4665.15,4661.1,4665.05
30340,2024-06-03 14:21:00,4663.0,4666.95,4663.0,4663.45
30341,2024-06-03 14:22:00,4665.0,4667.0,4664.45,4666.9
30342,2024-06-03 14:23:00,4664.15,4667.0,4663.65,4666.0
30343,2024-06-03 14:24:00,4666.15,4667.0,4664.5,4665.95
30344,2024-06-03 14:25:00,4665.9,4666.2,4661.0,4663.0
30345,2024-06-03 14:26:00,4661.05,4663.0,4660.0,4660.05
30346,2024-06-03 14:27:00,4660.0,4661.65,4656.9,4657.0
30347,2024-06-03 14:28:00,4658.75,4659.0,4657.0,4657.0
30348,2024-06-03 14:29:00,4658.95,4659.0,4657.0,4659.0
30349,2024-06-03 14:30:00,4658.95,4659.0,4655.0,4658.0
30350,2024-06-03 14:31:00,4658.15,4662.0,4656.1,4660.9
30351,2024-06-03 14:32:00,4659.95,4662.0,4659.2,4660.0
30352,2024-06-03 14:33:00,4660.05,4662.0,4657.95,4658.0
30353,2024-06-03 14:34:00,4659.25,4660.4,4658.0,4660.0
30354,2024-06-03 14:35:00,4658.4,4662.0,4658.4,4661.45
30355,2024-06-03 14:36:00,4661.4,4662.0,4659.15,4660.0
30356,2024-06-03 14:37:00,4660.95,4661.45,4659.0,4659.9
30357,2024-06-03 14:38:00,4659.1,4660.35,4658.05,4660.1
30358,2024-06-03 14:39:00,4660.05,4660.75,4658.0,4660.0
30359,2024-06-03 14:40:00,4659.0,4660.0,4658.0,4658.05
30360,2024-06-03 14:41:00,4659.0,4660.0,4658.05,4660.0
30361,2024-06-03 14:42:00,4659.0,4660.05,4656.95,4656.95
30362,2024-06-03 14:43:00,4656.6,4661.0,4655.55,4661.0
30363,2024-06-03 14:44:00,4659.5,4661.0,4657.0,4657.65
30364,2024-06-03 14:45:00,4657.75,4658.75,4656.0,4657.0
30365,2024-06-03 14:46:00,4656.05,4657.75,4656.05,4657.75
30366,2024-06-03 14:47:00,4657.0,4657.7,4655.5,4656.0
30367,2024-06-03 14:48:00,4655.0,4656.0,4653.0,4654.0
30368,2024-06-03 14:49:00,4653.05,4654.5,4653.05,4654.0
30369,2024-06-03 14:50:00,4653.95,4656.25,4653.05,4655.4
30370,2024-06-03 14:51:00,4655.35,4658.35,4653.3,4658.35
30371,2024-06-03 14:52:00,4658.7,4658.7,4654.0,4657.5
30372,2024-06-03 14:53:00,4655.45,4659.8,4655.45,4656.35
30373,2024-06-03 14:54:00,4656.3,4658.8,4656.3,4658.65
30374,2024-06-03 14:55:00,4657.0,4658.6,4655.75,4658.55
30375,2024-06-03 14:56:00,4656.3,4660.0,4656.2,4658.7
30376,2024-06-03 14:57:00,4658.75,4661.0,4658.7,4660.9
30377,2024-06-03 14:58:00,4660.95,4661.0,4658.05,4659.0
30378,2024-06-03 14:59:00,4660.0,4660.3,4655.4,4655.9
30379,2024-06-03 15:00:00,4655.95,4656.15,4653.05,4653.1
30380,2024-06-03 15:01:00,4653.45,4657.15,4650.0,4654.45
30381,2024-06-03 15:02:00,4653.0,4656.2,4651.9,4656.2
30382,2024-06-03 15:03:00,4656.15,4656.95,4655.05,4655.75
30383,2024-06-03 15:04:00,4655.8,4657.0,4653.15,4655.0
30384,2024-06-03 15:05:00,4654.55,4656.4,4648.25,4649.6
30385,2024-06-03 15:06:00,4649.65,4652.1,4647.0,4647.0
30386,2024-06-03 15:07:00,4647.55,4652.45,4647.55,4649.65
30387,2024-06-03 15:08:00,4649.95,4650.0,4648.5,4650.0
30388,2024-06-03 15:09:00,4649.95,4651.0,4649.1,4649.95
30389,2024-06-03 15:10:00,4649.9,4650.05,4646.0,4648.3
30390,2024-06-03 15:11:00,4648.7,4649.35,4645.4,4649.35
30391,2024-06-03 15:12:00,4649.55,4650.25,4646.85,4647.15
30392,2024-06-03 15:13:00,4647.25,4649.6,4645.1,4648.2
30393,2024-06-03 15:14:00,4648.7,4650.45,4648.2,4649.0
30394,2024-06-03 15:15:00,4649.1,4651.9,4648.3,4649.15
30395,2024-06-03 15:16:00,4650.0,4654.15,4646.05,4649.35
30396,2024-06-03 15:17:00,4649.45,4650.0,4646.6,4649.55
30397,2024-06-03 15:18:00,4649.0,4650.0,4646.85,4647.95
30398,2024-06-03 15:19:00,4648.25,4649.85,4646.2,4647.05
30399,2024-06-03 15:20:00,4646.4,4649.5,4645.55,4645.75
30400,2024-06-03 15:21:00,4648.55,4649.75,4645.95,4648.9
30401,2024-06-03 15:22:00,4649.15,4649.4,4648.2,4648.8
30402,2024-06-03 15:23:00,4648.65,4650.0,4648.5,4649.8
30403,2024-06-03 15:24:00,4649.9,4649.9,4646.85,4647.0
30404,2024-06-03 15:25:00,4647.35,4647.55,4646.1,4647.1
30405,2024-06-03 15:26:00,4647.5,4649.0,4646.2,4649.0
30406,2024-06-03 15:27:00,4648.0,4650.0,4646.0,4649.9
30407,2024-06-03 15:28:00,4650.0,4654.0,4648.0,4650.0
30408,2024-06-03 15:29:00,4649.05,4650.15,4640.65,4649.4
30409,2024-06-04 09:14:00,4649.5,4649.5,4649.5,4649.5
30410,2024-06-04 09:15:00,4649.35,4649.35,4567.85,4590.7
30411,2024-06-04 09:16:00,4593.55,4608.25,4591.15,4599.95
30412,2024-06-04 09:17:00,4600.0,4625.9,4591.4,4591.5
30413,2024-06-04 09:18:00,4591.1,4604.5,4581.45,4581.45
30414,2024-06-04 09:19:00,4581.0,4586.7,4575.5,4586.7
30415,2024-06-04 09:20:00,4587.2,4592.95,4566.0,4570.85
30416,2024-06-04 09:21:00,4570.3,4575.55,4566.0,4570.5
30417,2024-06-04 09:22:00,4568.8,4570.4,4556.45,4565.95
30418,2024-06-04 09:23:00,4563.6,4575.0,4563.0,4563.0
30419,2024-06-04 09:24:00,4564.65,4592.5,4560.9,4566.65
30420,2024-06-04 09:25:00,4566.05,4566.65,4543.35,4552.0
30421,2024-06-04 09:26:00,4552.7,4564.1,4552.35,4553.35
30422,2024-06-04 09:27:00,4552.7,4561.65,4552.7,4561.65
30423,2024-06-04 09:28:00,4563.85,4563.85,4558.85,4561.0
30424,2024-06-04 09:29:00,4560.0,4565.9,4540.05,4540.05
30425,2024-06-04 09:30:00,4541.8,4542.65,4519.0,4521.05
30426,2024-06-04 09:31:00,4518.5,4529.65,4514.4,4522.1
30427,2024-06-04 09:32:00,4522.9,4532.8,4522.0,4529.85
30428,2024-06-04 09:33:00,4525.0,4548.0,4524.15,4547.6
30429,2024-06-04 09:34:00,4549.55,4561.05,4548.0,4550.95
30430,2024-06-04 09:35:00,4552.35,4553.4,4535.7,4542.1
30431,2024-06-04 09:36:00,4546.25,4573.0,4546.25,4573.0
30432,2024-06-04 09:37:00,4571.1,4574.6,4557.4,4572.05
30433,2024-06-04 09:38:00,4574.6,4574.6,4558.4,4561.15
30434,2024-06-04 09:39:00,4563.55,4565.0,4557.25,4560.25
30435,2024-06-04 09:40:00,4560.8,4568.95,4559.2,4559.2
30436,2024-06-04 09:41:00,4559.1,4576.95,4559.1,4576.95
30437,2024-06-04 09:42:00,4576.9,4578.5,4570.1,4573.0
30438,2024-06-04 09:43:00,4572.05,4588.0,4572.05,4582.6
30439,2024-06-04 09:44:00,4581.15,4583.9,4575.0,4580.8
30440,2024-06-04 09:45:00,4581.45,4598.55,4576.25,4592.45
30441,2024-06-04 09:46:00,4594.5,4599.9,4592.3,4597.0
30442,2024-06-04 09:47:00,4597.75,4609.95,4595.4,4601.75
30443,2024-06-04 09:48:00,4603.45,4610.0,4600.35,4604.7
30444,2024-06-04 09:49:00,4604.35,4606.7,4592.8,4597.0
30445,2024-06-04 09:50:00,4596.3,4598.5,4587.6,4598.3
30446,2024-06-04 09:51:00,4599.0,4601.0,4594.85,4601.0
30447,2024-06-04 09:52:00,4601.85,4605.0,4597.55,4601.5
30448,2024-06-04 09:53:00,4601.45,4605.0,4600.0,4600.0
30449,2024-06-04 09:54:00,4601.55,4607.1,4600.8,4601.35
30450,2024-06-04 09:55:00,4601.1,4607.0,4601.1,4604.05
30451,2024-06-04 09:56:00,4604.9,4617.7,4602.55,4607.4
30452,2024-06-04 09:57:00,4606.3,4608.45,4596.0,4596.0
30453,2024-06-04 09:58:00,4595.6,4601.95,4592.05,4600.65
30454,2024-06-04 09:59:00,4598.0,4602.55,4592.6,4594.65
30455,2024-06-04 10:00:00,4594.0,4596.0,4586.0,4587.15
30456,2024-06-04 10:01:00,4586.3,4589.5,4581.05,4581.15
30457,2024-06-04 10:02:00,4583.85,4599.4,4581.0,4597.85
30458,2024-06-04 10:03:00,4599.45,4599.45,4590.35,4592.25
30459,2024-06-04 10:04:00,4591.95,4595.05,4581.45,4585.3
30460,2024-06-04 10:05:00,4583.65,4589.85,4582.0,4588.7
30461,2024-06-04 10:06:00,4587.95,4602.4,4587.2,4602.25
30462,2024-06-04 10:07:00,4602.4,4605.0,4599.85,4603.1
30463,2024-06-04 10:08:00,4599.95,4603.55,4592.05,4602.8
30464,2024-06-04 10:09:00,4603.5,4604.75,4596.15,4596.15
30465,2024-06-04 10:10:00,4597.3,4603.45,4596.0,4603.35
30466,2024-06-04 10:11:00,4600.95,4601.9,4595.0,4597.85
30467,2024-06-04 10:12:00,4600.2,4600.2,4592.0,4594.3
30468,2024-06-04 10:13:00,4596.65,4604.0,4596.65,4603.95
30469,2024-06-04 10:14:00,4604.0,4609.85,4601.85,4607.15
30470,2024-06-04 10:15:00,4606.0,4609.75,4605.15,4606.85
30471,2024-06-04 10:16:00,4606.2,4613.95,4605.15,4607.9
30472,2024-06-04 10:17:00,4608.0,4614.0,4605.85,4614.0
30473,2024-06-04 10:18:00,4612.55,4612.55,4606.05,4606.05
30474,2024-06-04 10:19:00,4607.35,4607.35,4600.35,4603.15
30475,2024-06-04 10:20:00,4602.4,4608.45,4600.2,4600.2
30476,2024-06-04 10:21:00,4600.0,4604.6,4598.1,4601.35
30477,2024-06-04 10:22:00,4603.05,4611.85,4601.35,4610.15
30478,2024-06-04 10:23:00,4608.15,4617.95,4606.85,4617.95
30479,2024-06-04 10:24:00,4616.1,4622.0,4615.7,4622.0
30480,2024-06-04 10:25:00,4625.0,4633.0,4624.95,4630.2
30481,2024-06-04 10:26:00,4629.9,4633.7,4620.65,4620.65
30482,2024-06-04 10:27:00,4621.05,4622.55,4616.05,4621.0
30483,2024-06-04 10:28:00,4621.6,4627.6,4620.85,4622.35
30484,2024-06-04 10:29:00,4621.1,4628.0,4620.45,4622.05
30485,2024-06-04 10:30:00,4623.15,4625.95,4611.1,4613.05
30486,2024-06-04 10:31:00,4615.45,4617.95,4611.25,4613.5
30487,2024-06-04 10:32:00,4613.55,4622.7,4613.25,4617.25
30488,2024-06-04 10:33:00,4618.3,4618.3,4612.45,4612.45
30489,2024-06-04 10:34:00,4613.15,4613.15,4605.0,4605.0
30490,2024-06-04 10:35:00,4605.7,4613.35,4605.7,4613.35
30491,2024-06-04 10:36:00,4609.95,4617.9,4609.95,4615.45
30492,2024-06-04 10:37:00,4614.75,4619.7,4614.6,4619.65
30493,2024-06-04 10:38:00,4617.4,4622.0,4616.0,4619.6
30494,2024-06-04 10:39:00,4619.45,4619.7,4615.0,4617.3
30495,2024-06-04 10:40:00,4617.35,4620.75,4614.55,4617.85
30496,2024-06-04 10:41:00,4619.25,4619.25,4610.3,4610.3
30497,2024-06-04 10:42:00,4610.7,4615.0,4610.7,4614.0
30498,2024-06-04 10:43:00,4614.25,4619.9,4613.1,4617.0
30499,2024-06-04 10:44:00,4615.0,4616.45,4605.45,4612.05
30500,2024-06-04 10:45:00,4610.85,4612.85,4608.85,4610.6
30501,2024-06-04 10:46:00,4611.75,4613.0,4603.3,4605.05
30502,2024-06-04 10:47:00,4607.85,4609.5,4605.0,4606.15
30503,2024-06-04 10:48:00,4609.55,4619.95,4609.4,4619.95
30504,2024-06-04 10:49:00,4618.2,4620.0,4615.65,4616.3
30505,2024-06-04 10:50:00,4615.0,4616.7,4614.05,4615.0
30506,2024-06-04 10:51:00,4615.4,4616.4,4609.7,4609.7
30507,2024-06-04 10:52:00,4609.0,4609.0,4605.0,4605.05
30508,2024-06-04 10:53:00,4605.0,4605.15,4605.0,4605.0
30509,2024-06-04 10:54:00,4605.05,4605.1,4605.0,4605.0
30510,2024-06-04 10:55:00,4603.0,4603.0,4563.15,4565.85
30511,2024-06-04 10:56:00,4567.35,4578.25,4555.85,4575.0
30512,2024-06-04 10:57:00,4575.05,4602.95,4575.0,4597.8
30513,2024-06-04 10:58:00,4597.75,4602.8,4591.6,4591.75
30514,2024-06-04 10:59:00,4590.55,4594.9,4587.75,4588.1
30515,2024-06-04 11:00:00,4588.6,4592.95,4587.8,4588.45
30516,2024-06-04 11:01:00,4588.0,4595.9,4585.0,4591.05
30517,2024-06-04 11:02:00,4590.65,4599.9,4590.4,4597.7
30518,2024-06-04 11:03:00,4598.6,4607.85,4596.1,4596.1
30519,2024-06-04 11:04:00,4595.65,4598.55,4595.0,4595.6
30520,2024-06-04 11:05:00,4595.3,4597.85,4595.0,4595.0
30521,2024-06-04 11:06:00,4595.05,4595.45,4595.0,4595.05
30522,2024-06-04 11:07:00,4595.0,4595.05,4585.0,4585.0
30523,2024-06-04 11:08:00,4585.1,4585.3,4585.0,4585.0
30524,2024-06-04 11:09:00,4585.3,4593.4,4585.0,4592.0
30525,2024-06-04 11:10:00,4591.4,4606.75,4590.05,4595.85
30526,2024-06-04 11:11:00,4596.2,4598.0,4595.0,4596.6
30527,2024-06-04 11:12:00,4596.25,4596.6,4595.0,4595.0
30528,2024-06-04 11:13:00,4595.05,4601.0,4595.0,4600.0
30529,2024-06-04 11:14:00,4601.1,4601.1,4589.9,4600.0
30530,2024-06-04 11:15:00,4600.05,4601.5,4591.9,4595.25
30531,2024-06-04 11:16:00,4591.65,4601.9,4591.65,4600.0
30532,2024-06-04 11:17:00,4600.05,4606.9,4600.05,4606.9
30533,2024-06-04 11:18:00,4605.4,4612.35,4605.4,4605.45
30534,2024-06-04 11:19:00,4605.4,4607.7,4600.0,4602.0
30535,2024-06-04 11:20:00,4602.6,4618.0,4602.6,4617.1
30536,2024-06-04 11:21:00,4618.0,4618.0,4600.9,4601.4
30537,2024-06-04 11:22:00,4601.0,4609.7,4600.9,4607.2
30538,2024-06-04 11:23:00,4608.35,4617.8,4607.65,4613.8
30539,2024-06-04 11:24:00,4614.3,4624.15,4613.6,4624.15
30540,2024-06-04 11:25:00,4621.85,4621.85,4613.55,4615.55
30541,2024-06-04 11:26:00,4614.35,4622.0,4612.55,4617.05
30542,2024-06-04 11:27:00,4615.95,4620.7,4607.55,4613.45
30543,2024-06-04 11:28:00,4609.15,4620.95,4607.75,4617.0
30544,2024-06-04 11:29:00,4615.3,4621.0,4614.55,4617.9
30545,2024-06-04 11:30:00,4616.1,4619.25,4609.9,4614.05
30546,2024-06-04 11:31:00,4614.25,4621.0,4606.2,4608.25
30547,2024-06-04 11:32:00,4605.75,4612.45,4605.1,4610.9
30548,2024-06-04 11:33:00,4612.0,4631.9,4608.8,4626.5
30549,2024-06-04 11:34:00,4626.6,4633.45,4617.35,4623.0
30550,2024-06-04 11:35:00,4619.7,4626.25,4606.0,4610.15
30551,2024-06-04 11:36:00,4609.9,4617.9,4605.4,4617.9
30552,2024-06-04 11:37:00,4617.05,4620.8,4614.15,4620.0
30553,2024-06-04 11:38:00,4618.8,4627.4,4617.85,4619.05
30554,2024-06-04 11:39:00,4618.85,4625.8,4617.35,4621.75
30555,2024-06-04 11:40:00,4620.9,4623.95,4601.85,4605.3
30556,2024-06-04 11:41:00,4605.1,4610.1,4601.6,4606.25
30557,2024-06-04 11:42:00,4605.15,4606.65,4600.0,4602.5
30558,2024-06-04 11:43:00,4603.7,4616.25,4603.35,4613.6
30559,2024-06-04 11:44:00,4613.2,4616.85,4606.05,4610.05
30560,2024-06-04 11:45:00,4609.7,4615.95,4609.7,4611.4
30561,2024-06-04 11:46:00,4611.15,4615.0,4607.55,4612.0
30562,2024-06-04 11:47:00,4613.25,4624.35,4613.25,4624.35
30563,2024-06-04 11:48:00,4620.85,4625.0,4618.4,4618.8
30564,2024-06-04 11:49:00,4618.3,4623.75,4617.95,4622.85
30565,2024-06-04 11:50:00,4622.0,4629.7,4622.0,4623.35
30566,2024-06-04 11:51:00,4622.3,4623.6,4618.0,4623.35
30567,2024-06-04 11:52:00,4622.35,4627.65,4621.75,4622.25
30568,2024-06-04 11:53:00,4624.6,4624.7,4614.05,4620.45
30569,2024-06-04 11:54:00,4618.0,4620.45,4612.45,4614.85
30570,2024-06-04 11:55:00,4613.95,4615.55,4610.0,4611.8
30571,2024-06-04 11:56:00,4611.1,4611.65,4601.2,4601.2
30572,2024-06-04 11:57:00,4599.1,4606.0,4597.0,4598.65
30573,2024-06-04 11:58:00,4598.2,4601.85,4595.0,4600.0
30574,2024-06-04 11:59:00,4602.35,4602.35,4597.0,4599.75
30575,2024-06-04 12:00:00,4597.0,4605.0,4596.0,4597.1
30576,2024-06-04 12:01:00,4597.0,4597.1,4594.0,4594.0
30577,2024-06-04 12:02:00,4594.05,4594.05,4590.0,4590.0
30578,2024-06-04 12:03:00,4585.75,4597.4,4585.0,4590.9
30579,2024-06-04 12:04:00,4590.0,4606.25,4588.45,4595.0
30580,2024-06-04 12:05:00,4595.05,4597.45,4590.0,4590.0
30581,2024-06-04 12:06:00,4591.6,4591.65,4585.0,4585.0
30582,2024-06-04 12:07:00,4584.8,4591.8,4584.8,4590.0
30583,2024-06-04 12:08:00,4590.05,4591.1,4590.0,4590.0
30584,2024-06-04 12:09:00,4590.05,4590.05,4578.0,4584.3
30585,2024-06-04 12:10:00,4584.2,4589.4,4580.7,4585.0
30586,2024-06-04 12:11:00,4585.05,4585.05,4575.0,4575.0
30587,2024-06-04 12:12:00,4575.05,4584.8,4575.0,4582.0
30588,2024-06-04 12:13:00,4582.2,4593.65,4581.85,4590.0
30589,2024-06-04 12:14:00,4584.55,4584.55,4570.1,4572.45
30590,2024-06-04 12:15:00,4572.05,4586.95,4571.9,4586.95
30591,2024-06-04 12:16:00,4581.8,4583.5,4580.0,4580.1
30592,2024-06-04 12:17:00,4580.2,4595.0,4580.1,4594.05
30593,2024-06-04 12:18:00,4590.0,4599.95,4590.0,4594.9
30594,2024-06-04 12:19:00,4591.25,4594.9,4590.0,4590.0
30595,2024-06-04 12:20:00,4590.95,4593.55,4590.0,4592.65
30596,2024-06-04 12:21:00,4590.0,4591.3,4580.0,4580.0
30597,2024-06-04 12:22:00,4582.55,4582.55,4570.2,4574.55
30598,2024-06-04 12:23:00,4574.45,4574.45,4556.55,4562.75
30599,2024-06-04 12:24:00,4561.95,4562.95,4551.7,4560.0
30600,2024-06-04 12:25:00,4560.15,4563.55,4556.9,4560.35
30601,2024-06-04 12:26:00,4560.3,4571.95,4560.0,4570.05
30602,2024-06-04 12:27:00,4570.0,4575.0,4565.0,4570.1
30603,2024-06-04 12:28:00,4570.0,4572.3,4560.05,4566.1
30604,2024-06-04 12:29:00,4562.6,4580.8,4562.6,4577.55
30605,2024-06-04 12:30:00,4577.5,4592.0,4577.5,4588.0
30606,2024-06-04 12:31:00,4587.9,4591.85,4578.45,4582.55
30607,2024-06-04 12:32:00,4582.25,4589.7,4578.45,4586.9
30608,2024-06-04 12:33:00,4586.2,4587.75,4578.45,4579.0
30609,2024-06-04 12:34:00,4581.9,4589.45,4578.45,4578.5
30610,2024-06-04 12:35:00,4582.0,4591.0,4575.0,4590.95
30611,2024-06-04 12:36:00,4586.4,4591.85,4580.65,4585.0
30612,2024-06-04 12:37:00,4586.2,4592.0,4584.3,4589.95
30613,2024-06-04 12:38:00,4586.15,4592.0,4586.15,4588.55
30614,2024-06-04 12:39:00,4590.65,4591.9,4586.55,4588.7
30615,2024-06-04 12:40:00,4591.0,4593.55,4586.15,4587.05
30616,2024-06-04 12:41:00,4588.45,4598.1,4587.05,4598.1
30617,2024-06-04 12:42:00,4599.0,4605.0,4596.35,4601.1
30618,2024-06-04 12:43:00,4604.45,4613.85,4600.05,4608.85
30619,2024-06-04 12:44:00,4609.05,4617.55,4606.45,4606.45
30620,2024-06-04 12:45:00,4608.65,4614.8,4586.75,4594.35
30621,2024-06-04 12:46:00,4598.15,4613.6,4594.3,4611.2
30622,2024-06-04 12:47:00,4613.6,4622.5,4604.6,4622.5
30623,2024-06-04 12:48:00,4621.3,4630.55,4621.3,4630.0
30624,2024-06-04 12:49:00,4630.55,4636.0,4621.05,4622.2
30625,2024-06-04 12:50:00,4627.75,4631.85,4611.6,4620.65
30626,2024-06-04 12:51:00,4625.65,4625.65,4610.85,4618.25
30627,2024-06-04 12:52:00,4619.85,4628.75,4614.9,4628.75
30628,2024-06-04 12:53:00,4624.1,4637.45,4623.0,4636.5
30629,2024-06-04 12:54:00,4631.55,4649.35,4631.55,4641.0
30630,2024-06-04 12:55:00,4642.2,4649.35,4636.9,4645.2
30631,2024-06-04 12:56:00,4648.0,4648.65,4633.4,4633.4
30632,2024-06-04 12:57:00,4636.15,4643.95,4629.8,4634.05
30633,2024-06-04 12:58:00,4632.1,4638.95,4628.1,4637.4
30634,2024-06-04 12:59:00,4640.0,4645.0,4637.6,4638.25
30635,2024-06-04 13:00:00,4643.65,4643.65,4629.85,4634.6
30636,2024-06-04 13:01:00,4634.95,4641.2,4628.0,4641.2
30637,2024-06-04 13:02:00,4641.15,4675.15,4640.25,4675.15
30638,2024-06-04 13:03:00,4675.95,4675.95,4659.25,4662.6
30639,2024-06-04 13:04:00,4664.05,4664.05,4640.0,4641.0
30640,2024-06-04 13:05:00,4643.65,4645.0,4631.25,4640.05
30641,2024-06-04 13:06:00,4642.95,4645.0,4630.5,4641.2
30642,2024-06-04 13:07:00,4643.95,4650.75,4639.3,4644.55
30643,2024-06-04 13:08:00,4644.95,4651.45,4640.7,4649.2
30644,2024-06-04 13:09:00,4648.0,4648.0,4635.05,4635.05
30645,2024-06-04 13:10:00,4638.7,4640.95,4635.7,4636.5
30646,2024-06-04 13:11:00,4636.3,4640.0,4630.0,4634.0
30647,2024-06-04 13:12:00,4630.15,4641.3,4630.15,4640.95
30648,2024-06-04 13:13:00,4640.5,4647.95,4634.6,4647.75
30649,2024-06-04 13:14:00,4647.95,4655.4,4643.4,4655.4
30650,2024-06-04 13:15:00,4658.8,4659.7,4640.05,4640.05
30651,2024-06-04 13:16:00,4645.15,4656.65,4645.0,4651.6
30652,2024-06-04 13:17:00,4656.2,4656.4,4646.65,4646.65
30653,2024-06-04 13:18:00,4646.8,4650.95,4630.55,4638.7
30654,2024-06-04 13:19:00,4633.65,4648.9,4633.65,4644.0
30655,2024-06-04 13:20:00,4648.0,4655.0,4642.6,4651.6
30656,2024-06-04 13:21:00,4656.0,4668.85,4651.7,4656.65
30657,2024-06-04 13:22:00,4654.75,4663.0,4653.55,4659.8
30658,2024-06-04 13:23:00,4661.8,4663.4,4652.45,4657.45
30659,2024-06-04 13:24:00,4655.15,4659.8,4646.0,4653.5
30660,2024-06-04 13:25:00,4647.6,4660.0,4647.55,4660.0
30661,2024-06-04 13:26:00,4657.0,4660.0,4647.05,4657.4
30662,2024-06-04 13:27:00,4652.05,4655.2,4641.55,4651.75
30663,2024-06-04 13:28:00,4650.7,4650.8,4635.05,4639.55
30664,2024-06-04 13:29:00,4643.95,4654.3,4641.9,4652.2
30665,2024-06-04 13:30:00,4651.8,4653.55,4638.05,4645.55
30666,2024-06-04 13:31:00,4643.85,4643.85,4631.3,4632.15
30667,2024-06-04 13:32:00,4637.95,4645.8,4633.95,4643.1
30668,2024-06-04 13:33:00,4645.05,4650.0,4641.45,4650.0
30669,2024-06-04 13:34:00,4649.1,4655.0,4649.1,4652.95
30670,2024-06-04 13:35:00,4655.0,4656.75,4646.05,4649.85
30671,2024-06-04 13:36:00,4650.5,4650.5,4640.0,4640.05
30672,2024-06-04 13:37:00,4642.3,4643.9,4618.4,4618.95
30673,2024-06-04 13:38:00,4618.4,4629.85,4614.05,4617.0
30674,2024-06-04 13:39:00,4620.4,4621.7,4614.0,4616.0
30675,2024-06-04 13:40:00,4615.0,4620.45,4606.05,4609.5
30676,2024-06-04 13:41:00,4612.3,4612.3,4605.25,4608.7
30677,2024-06-04 13:42:00,4606.9,4614.45,4602.1,4610.95
30678,2024-06-04 13:43:00,4612.2,4623.1,4608.1,4621.2
30679,2024-06-04 13:44:00,4628.3,4642.4,4628.3,4638.9
30680,2024-06-04 13:45:00,4642.75,4645.0,4633.05,4638.0
30681,2024-06-04 13:46:00,4633.05,4633.05,4623.95,4630.3
30682,2024-06-04 13:47:00,4630.0,4631.05,4621.5,4629.05
30683,2024-06-04 13:48:00,4629.95,4629.95,4610.0,4614.85
30684,2024-06-04 13:49:00,4614.6,4633.9,4614.6,4633.9
30685,2024-06-04 13:50:00,4633.8,4645.25,4629.15,4643.15
30686,2024-06-04 13:51:00,4645.25,4651.05,4644.7,4649.9
30687,2024-06-04 13:52:00,4645.1,4649.9,4638.0,4640.0
30688,2024-06-04 13:53:00,4641.3,4643.7,4636.6,4637.0
30689,2024-06-04 13:54:00,4642.5,4645.7,4633.95,4638.45
30690,2024-06-04 13:55:00,4640.55,4640.8,4633.05,4635.1
30691,2024-06-04 13:56:00,4634.45,4643.65,4634.45,4638.45
30692,2024-06-04 13:57:00,4638.1,4640.95,4633.0,4639.55
30693,2024-06-04 13:58:00,4641.05,4648.2,4639.15,4644.3
30694,2024-06-04 13:59:00,4643.65,4646.65,4637.35,4640.0
30695,2024-06-04 14:00:00,4642.5,4643.45,4638.0,4642.0
30696,2024-06-04 14:01:00,4642.05,4643.45,4636.35,4642.4
30697,2024-06-04 14:02:00,4642.25,4642.25,4633.0,4633.85
30698,2024-06-04 14:03:00,4638.15,4638.65,4625.05,4637.25
30699,2024-06-04 14:04:00,4637.7,4641.75,4626.85,4628.7
30700,2024-06-04 14:05:00,4630.1,4630.1,4610.2,4615.65
30701,2024-06-04 14:06:00,4616.05,4620.45,4610.0,4612.35
30702,2024-06-04 14:07:00,4611.65,4620.0,4602.0,4608.85
30703,2024-06-04 14:08:00,4609.95,4625.05,4600.05,4608.0
30704,2024-06-04 14:09:00,4608.9,4619.6,4606.25,4613.0
30705,2024-06-04 14:10:00,4611.0,4613.9,4601.5,4609.15
30706,2024-06-04 14:11:00,4608.8,4608.8,4602.0,4606.65
30707,2024-06-04 14:12:00,4606.55,4609.6,4601.2,4605.0
30708,2024-06-04 14:13:00,4608.55,4622.15,4605.3,4620.25
30709,2024-06-04 14:14:00,4621.5,4621.5,4610.45,4612.9
30710,2024-06-04 14:15:00,4610.7,4613.8,4605.9,4608.15
30711,2024-06-04 14:16:00,4609.8,4612.0,4606.7,4607.7
30712,2024-06-04 14:17:00,4611.1,4612.15,4606.2,4610.05
30713,2024-06-04 14:18:01,4613.7,4623.1,4611.8,4617.0
30714,2024-06-04 14:19:00,4621.6,4624.8,4613.15,4617.85
30715,2024-06-04 14:20:00,4614.85,4619.95,4613.7,4613.7
30716,2024-06-04 14:21:00,4613.55,4619.8,4613.35,4618.8
30717,2024-06-04 14:22:00,4619.65,4619.65,4610.2,4618.9
30718,2024-06-04 14:23:00,4615.2,4618.45,4605.4,4608.5
30719,2024-06-04 14:24:00,4608.95,4615.7,4602.15,4612.25
30720,2024-06-04 14:25:00,4611.8,4619.0,4605.0,4608.55
30721,2024-06-04 14:26:00,4605.1,4612.45,4605.1,4610.9
30722,2024-06-04 14:27:00,4611.85,4615.0,4606.0,4608.35
30723,2024-06-04 14:28:00,4612.35,4612.4,4605.2,4610.7
30724,2024-06-04 14:29:00,4613.3,4617.9,4609.9,4613.8
30725,2024-06-04 14:30:00,4613.75,4620.4,4610.95,4617.0
30726,2024-06-04 14:31:00,4619.75,4636.5,4617.0,4630.3
30727,2024-06-04 14:32:00,4625.9,4638.1,4625.75,4637.0
30728,2024-06-04 14:33:00,4641.25,4641.25,4628.65,4629.95
30729,2024-06-04 14:34:00,4635.0,4635.0,4621.95,4622.3
30730,2024-06-04 14:35:00,4620.5,4627.4,4619.8,4622.5
30731,2024-06-04 14:36:00,4622.85,4622.85,4608.65,4613.5
30732,2024-06-04 14:37:00,4610.2,4627.1,4610.2,4626.05
30733,2024-06-04 14:38:00,4625.6,4630.0,4623.1,4628.95
30734,2024-06-04 14:39:00,4628.85,4629.95,4618.55,4626.7
30735,2024-06-04 14:40:00,4629.75,4629.85,4616.25,4617.15
30736,2024-06-04 14:41:00,4619.3,4623.25,4615.15,4615.15
30737,2024-06-04 14:42:00,4619.7,4619.7,4614.7,4618.35
30738,2024-06-04 14:43:00,4618.3,4620.95,4613.6,4614.65
30739,2024-06-04 14:44:00,4616.15,4618.6,4610.15,4614.6
30740,2024-06-04 14:45:00,4614.55,4633.95,4611.75,4633.1
30741,2024-06-04 14:46:00,4633.35,4633.35,4618.05,4618.75
30742,2024-06-04 14:47:00,4618.4,4626.0,4615.05,4615.05
30743,2024-06-04 14:48:00,4618.4,4622.5,4614.15,4618.85
30744,2024-06-04 14:49:00,4615.0,4617.75,4611.15,4612.35
30745,2024-06-04 14:50:00,4615.0,4618.9,4612.25,4616.85
30746,2024-06-04 14:51:00,4620.0,4622.0,4608.5,4613.8
30747,2024-06-04 14:52:00,4610.0,4612.6,4605.0,4611.95
30748,2024-06-04 14:53:00,4608.1,4615.35,4605.05,4613.95
30749,2024-06-04 14:54:00,4614.3,4627.25,4610.6,4617.35
30750,2024-06-04 14:55:00,4617.2,4621.2,4609.55,4616.05
30751,2024-06-04 14:56:00,4618.05,4618.4,4611.0,4614.4
30752,2024-06-04 14:57:00,4615.9,4615.9,4605.0,4606.9
30753,2024-06-04 14:58:00,4605.0,4608.1,4605.0,4605.0
30754,2024-06-04 14:59:00,4605.2,4611.0,4602.0,4602.0
30755,2024-06-04 15:00:00,4603.15,4609.6,4602.05,4606.25
30756,2024-06-04 15:01:00,4606.3,4611.0,4603.35,4607.0
30757,2024-06-04 15:02:00,4604.75,4614.45,4602.55,4613.0
30758,2024-06-04 15:03:00,4614.35,4615.0,4605.0,4606.15
30759,2024-06-04 15:04:00,4607.95,4610.65,4605.0,4607.95
30760,2024-06-04 15:05:00,4606.1,4610.0,4605.0,4605.0
30761,2024-06-04 15:06:00,4608.25,4609.95,4605.15,4607.5
30762,2024-06-04 15:07:00,4609.95,4619.65,4609.95,4619.5
30763,2024-06-04 15:08:00,4616.25,4642.3,4616.25,4642.3
30764,2024-06-04 15:09:00,4643.0,4643.0,4625.85,4634.45
30765,2024-06-04 15:10:00,4637.95,4649.0,4634.6,4648.3
30766,2024-06-04 15:11:00,4647.75,4648.3,4641.75,4646.9
30767,2024-06-04 15:12:00,4646.1,4646.7,4641.75,4643.3
30768,2024-06-04 15:13:00,4643.55,4646.95,4640.6,4643.75
30769,2024-06-04 15:14:00,4646.4,4649.8,4644.75,4647.0
30770,2024-06-04 15:15:00,4647.65,4649.85,4641.85,4647.9
30771,2024-06-04 15:16:00,4647.85,4649.5,4644.75,4648.05
30772,2024-06-04 15:17:00,4647.0,4647.0,4641.2,4641.2
30773,2024-06-04 15:18:00,4645.15,4645.5,4631.95,4631.95
30774,2024-06-04 15:19:00,4634.45,4638.85,4628.95,4633.45
30775,2024-06-04 15:20:00,4633.35,4638.95,4633.35,4633.55
30776,2024-06-04 15:21:00,4636.5,4636.5,4633.0,4636.45
30777,2024-06-04 15:22:00,4638.65,4638.7,4636.05,4636.95
30778,2024-06-04 15:23:00,4637.0,4639.0,4636.9,4639.0
30779,2024-06-04 15:24:00,4638.95,4646.0,4638.95,4646.0
30780,2024-06-04 15:25:00,4645.95,4646.0,4640.4,4640.4
30781,2024-06-04 15:26:00,4640.45,4645.0,4640.45,4645.0
30782,2024-06-04 15:27:00,4644.0,4645.0,4642.05,4644.45
30783,2024-06-04 15:28:00,4644.35,4645.0,4633.7,4640.85
30784,2024-06-04 15:29:00,4640.0,4640.0,4625.0,4630.0
30785,2024-06-05 09:14:00,4634.95,4634.95,4634.95,4634.95
30786,2024-06-05 09:15:00,4640.1,4664.9,4640.0,4657.25
30787,2024-06-05 09:16:00,4658.75,4665.2,4650.0,4655.95
30788,2024-06-05 09:17:00,4659.7,4672.0,4659.7,4664.8
30789,2024-06-05 09:18:00,4667.75,4672.05,4665.75,4665.85
30790,2024-06-05 09:19:00,4661.35,4665.85,4650.45,4654.25
30791,2024-06-05 09:20:00,4654.15,4662.95,4652.1,4657.55
30792,2024-06-05 09:21:00,4655.75,4657.05,4651.6,4656.9
30793,2024-06-05 09:22:00,4656.85,4664.8,4656.0,4660.0
30794,2024-06-05 09:23:00,4661.95,4665.8,4645.0,4645.0
30795,2024-06-05 09:24:00,4642.95,4647.65,4633.6,4633.75
30796,2024-06-05 09:25:00,4632.4,4637.6,4630.85,4636.05
30797,2024-06-05 09:26:00,4633.2,4643.7,4633.2,4643.7
30798,2024-06-05 09:27:00,4641.4,4660.0,4641.1,4660.0
30799,2024-06-05 09:28:00,4659.95,4666.05,4657.55,4661.4
30800,2024-06-05 09:29:00,4661.0,4671.9,4658.8,4666.8
30801,2024-06-05 09:30:00,4668.1,4671.7,4662.55,4662.55
30802,2024-06-05 09:31:00,4665.2,4670.0,4665.0,4666.65
30803,2024-06-05 09:32:00,4670.0,4676.65,4665.75,4672.5
30804,2024-06-05 09:33:00,4673.5,4673.5,4668.2,4670.0
30805,2024-06-05 09:34:00,4670.95,4673.45,4661.35,4667.7
30806,2024-06-05 09:35:00,4665.1,4667.75,4660.05,4664.65
30807,2024-06-05 09:36:00,4664.3,4667.4,4663.9,4664.55
30808,2024-06-05 09:37:00,4665.0,4672.5,4664.55,4669.0
30809,2024-06-05 09:38:00,4668.9,4670.05,4663.8,4665.55
30810,2024-06-05 09:39:00,4665.0,4665.35,4657.55,4660.5
30811,2024-06-05 09:40:00,4661.9,4666.15,4659.55,4661.05
30812,2024-06-05 09:41:00,4660.85,4671.85,4660.4,4666.1
30813,2024-06-05 09:42:00,4666.5,4685.05,4666.5,4685.0
30814,2024-06-05 09:43:00,4683.2,4690.95,4683.2,4687.4
30815,2024-06-05 09:44:00,4687.35,4688.5,4671.9,4672.65
30816,2024-06-05 09:45:00,4675.45,4675.45,4670.0,4670.05
30817,2024-06-05 09:46:00,4668.85,4675.25,4668.0,4671.05
30818,2024-06-05 09:47:00,4674.75,4674.75,4657.85,4659.9
30819,2024-06-05 09:48:00,4656.0,4658.4,4644.0,4647.85
30820,2024-06-05 09:49:00,4647.05,4653.1,4643.3,4652.1
30821,2024-06-05 09:50:00,4652.9,4652.9,4646.0,4649.95
30822,2024-06-05 09:51:00,4646.25,4650.0,4640.95,4643.65
30823,2024-06-05 09:52:00,4640.95,4643.65,4640.05,4643.6
30824,2024-06-05 09:53:00,4640.75,4643.55,4637.0,4637.0
30825,2024-06-05 09:54:00,4633.85,4643.55,4633.2,4640.65
30826,2024-06-05 09:55:00,4643.45,4652.9,4640.45,4649.65
30827,2024-06-05 09:56:00,4655.95,4655.95,4649.0,4653.45
30828,2024-06-05 09:57:00,4652.9,4654.45,4647.7,4652.45
30829,2024-06-05 09:58:00,4653.5,4666.45,4653.5,4661.5
30830,2024-06-05 09:59:00,4659.3,4666.05,4658.35,4666.05
30831,2024-06-05 10:00:00,4665.7,4671.85,4665.0,4669.95
30832,2024-06-05 10:01:00,4667.75,4675.0,4667.75,4675.0
30833,2024-06-05 10:02:00,4674.9,4686.3,4674.9,4684.55
30834,2024-06-05 10:03:00,4686.35,4690.95,4684.6,4690.0
30835,2024-06-05 10:04:00,4690.95,4692.0,4687.65,4688.85
30836,2024-06-05 10:05:00,4688.8,4690.9,4687.45,4689.5
30837,2024-06-05 10:06:00,4691.85,4695.0,4686.8,4689.15
30838,2024-06-05 10:07:00,4687.4,4693.95,4687.35,4691.2
30839,2024-06-05 10:08:00,4693.0,4693.9,4690.35,4692.05
30840,2024-06-05 10:09:00,4692.0,4692.0,4685.0,4686.55
30841,2024-06-05 10:10:00,4686.9,4695.0,4686.6,4690.95
30842,2024-06-05 10:11:00,4694.05,4698.0,4694.0,4698.0
30843,2024-06-05 10:12:00,4697.65,4708.75,4697.65,4706.0
30844,2024-06-05 10:13:00,4705.05,4707.0,4697.65,4705.0
30845,2024-06-05 10:14:00,4700.0,4706.7,4700.0,4705.95
30846,2024-06-05 10:15:00,4707.25,4707.7,4698.6,4699.85
30847,2024-06-05 10:16:00,4702.0,4712.05,4699.85,4703.45
30848,2024-06-05 10:17:00,4705.35,4711.95,4703.45,4708.55
30849,2024-06-05 10:18:00,4710.85,4718.85,4709.5,4718.7
30850,2024-06-05 10:19:00,4717.0,4717.95,4710.75,4715.45
30851,2024-06-05 10:20:00,4713.75,4713.75,4707.05,4711.9
30852,2024-06-05 10:21:00,4712.0,4716.85,4710.2,4715.85
30853,2024-06-05 10:22:00,4716.0,4720.0,4714.1,4716.6
30854,2024-06-05 10:23:00,4718.75,4725.0,4718.75,4723.25
30855,2024-06-05 10:24:00,4724.1,4724.1,4717.3,4721.8
30856,2024-06-05 10:25:00,4721.5,4726.0,4720.5,4725.05
30857,2024-06-05 10:26:00,4726.0,4728.95,4723.2,4728.75
30858,2024-06-05 10:27:00,4726.4,4735.0,4725.65,4732.45
30859,2024-06-05 10:28:00,4731.05,4738.25,4727.85,4738.1
30860,2024-06-05 10:29:00,4734.25,4738.1,4732.2,4732.5
30861,2024-06-05 10:30:00,4731.55,4735.0,4730.05,4733.65
30862,2024-06-05 10:31:00,4732.3,4740.0,4732.3,4737.2
30863,2024-06-05 10:32:00,4738.45,4739.0,4734.05,4737.6
30864,2024-06-05 10:33:00,4736.7,4738.5,4732.85,4732.85
30865,2024-06-05 10:34:00,4733.4,4734.0,4726.3,4728.75
30866,2024-06-05 10:35:00,4728.7,4732.0,4722.35,4730.3
30867,2024-06-05 10:36:00,4730.0,4735.95,4727.15,4735.0
30868,2024-06-05 10:37:00,4731.7,4746.0,4731.7,4746.0
30869,2024-06-05 10:38:00,4747.0,4747.05,4735.7,4735.7
30870,2024-06-05 10:39:00,4736.25,4741.65,4735.7,4740.9
30871,2024-06-05 10:40:00,4740.25,4740.55,4731.7,4737.65
30872,2024-06-05 10:41:00,4735.25,4743.95,4734.05,4738.1
30873,2024-06-05 10:42:00,4737.15,4738.0,4724.5,4726.8
30874,2024-06-05 10:43:00,4724.55,4728.75,4720.9,4728.75
30875,2024-06-05 10:44:00,4727.35,4730.0,4723.5,4726.95
30876,2024-06-05 10:45:00,4724.3,4733.9,4724.3,4729.1
30877,2024-06-05 10:46:00,4729.4,4733.0,4724.0,4726.1
30878,2024-06-05 10:47:00,4723.05,4729.85,4723.05,4724.9
30879,2024-06-05 10:48:00,4722.6,4727.1,4722.0,4722.0
30880,2024-06-05 10:49:00,4723.0,4727.95,4721.55,4724.8
30881,2024-06-05 10:50:00,4725.9,4730.0,4717.0,4728.7
30882,2024-06-05 10:51:00,4727.55,4740.0,4727.55,4740.0
30883,2024-06-05 10:52:00,4740.05,4745.7,4740.05,4743.85
30884,2024-06-05 10:53:00,4745.0,4745.0,4738.55,4743.9
30885,2024-06-05 10:54:00,4744.05,4747.0,4737.35,4745.0
30886,2024-06-05 10:55:00,4745.85,4748.1,4743.9,4747.55
30887,2024-06-05 10:56:00,4748.2,4751.0,4748.2,4749.9
30888,2024-06-05 10:57:00,4749.8,4751.0,4747.8,4751.0
30889,2024-06-05 10:58:00,4750.95,4753.9,4747.1,4753.3
30890,2024-06-05 10:59:00,4753.9,4754.85,4752.1,4753.3
30891,2024-06-05 11:00:00,4753.65,4753.65,4745.15,4749.3
30892,2024-06-05 11:01:00,4749.95,4749.95,4744.9,4744.9
30893,2024-06-05 11:02:00,4744.85,4750.0,4743.8,4748.15
30894,2024-06-05 11:03:00,4748.7,4749.55,4747.35,4748.8
30895,2024-06-05 11:04:00,4749.0,4749.6,4744.15,4746.3
30896,2024-06-05 11:05:00,4747.7,4747.7,4741.6,4745.5
30897,2024-06-05 11:06:00,4746.4,4747.0,4744.1,4746.0
30898,2024-06-05 11:07:00,4741.15,4748.5,4741.15,4747.6
30899,2024-06-05 11:08:00,4746.5,4748.0,4743.5,4747.4
30900,2024-06-05 11:09:00,4745.65,4747.95,4743.1,4747.7
30901,2024-06-05 11:10:00,4744.6,4746.95,4742.05,4742.05
30902,2024-06-05 11:11:00,4743.9,4746.0,4742.0,4744.0
30903,2024-06-05 11:12:00,4742.6,4745.95,4741.15,4745.95
30904,2024-06-05 11:13:00,4744.75,4747.2,4741.9,4742.7
30905,2024-06-05 11:14:00,4743.05,4760.0,4741.95,4759.8
30906,2024-06-05 11:15:00,4759.9,4760.0,4750.7,4751.55
30907,2024-06-05 11:16:00,4748.05,4750.85,4745.15,4746.1
30908,2024-06-05 11:17:00,4743.95,4750.85,4743.95,4746.7
30909,2024-06-05 11:18:00,4749.15,4749.15,4741.15,4743.9
30910,2024-06-05 11:19:00,4745.85,4745.9,4736.35,4739.2
30911,2024-06-05 11:20:00,4741.0,4742.45,4734.15,4734.15
30912,2024-06-05 11:21:00,4736.9,4738.7,4730.3,4730.3
30913,2024-06-05 11:22:00,4734.55,4737.25,4725.2,4737.25
30914,2024-06-05 11:23:00,4738.0,4743.0,4735.8,4742.45
30915,2024-06-05 11:24:00,4742.75,4746.35,4739.3,4742.6
30916,2024-06-05 11:25:00,4739.95,4745.15,4739.95,4742.05
30917,2024-06-05 11:26:00,4743.5,4744.0,4734.85,4738.25
30918,2024-06-05 11:27:00,4739.65,4740.7,4737.05,4740.7
30919,2024-06-05 11:28:00,4737.05,4747.75,4737.05,4746.65
30920,2024-06-05 11:29:00,4747.75,4748.25,4744.05,4748.25
30921,2024-06-05 11:30:00,4748.55,4755.0,4748.55,4755.0
30922,2024-06-05 11:31:00,4754.65,4759.0,4753.5,4759.0
30923,2024-06-05 11:32:00,4759.5,4763.75,4759.5,4762.7
30924,2024-06-05 11:33:00,4763.25,4763.25,4754.15,4756.5
30925,2024-06-05 11:34:00,4758.25,4763.0,4758.25,4762.0
30926,2024-06-05 11:35:00,4762.25,4773.85,4758.7,4773.05
30927,2024-06-05 11:36:00,4772.35,4773.0,4763.3,4765.65
30928,2024-06-05 11:37:00,4766.95,4768.0,4762.2,4764.0
30929,2024-06-05 11:38:00,4763.35,4763.35,4759.45,4761.0
30930,2024-06-05 11:39:00,4760.3,4761.3,4751.0,4755.35
30931,2024-06-05 11:40:00,4753.9,4756.15,4751.75,4755.9
30932,2024-06-05 11:41:00,4756.15,4759.25,4751.1,4754.95
30933,2024-06-05 11:42:00,4754.65,4755.3,4751.75,4754.15
30934,2024-06-05 11:43:00,4755.0,4755.0,4752.65,4753.7
30935,2024-06-05 11:44:00,4753.1,4754.2,4751.25,4753.0
30936,2024-06-05 11:45:00,4752.55,4752.55,4748.75,4749.95
30937,2024-06-05 11:46:00,4749.8,4751.0,4747.65,4750.8
30938,2024-06-05 11:47:00,4747.95,4749.95,4743.05,4743.05
30939,2024-06-05 11:48:00,4743.15,4751.7,4743.05,4750.05
30940,2024-06-05 11:49:00,4750.9,4751.6,4741.7,4745.15
30941,2024-06-05 11:50:00,4744.7,4747.9,4742.25,4747.0
30942,2024-06-05 11:51:00,4746.95,4750.7,4743.7,4749.2
30943,2024-06-05 11:52:00,4749.7,4749.7,4741.1,4742.55
30944,2024-06-05 11:53:00,4742.95,4749.4,4740.15,4745.8
30945,2024-06-05 11:54:00,4746.35,4746.95,4740.0,4742.1
30946,2024-06-05 11:55:00,4740.05,4747.25,4740.05,4747.05
30947,2024-06-05 11:56:00,4747.35,4750.0,4743.2,4747.45
30948,2024-06-05 11:57:00,4749.2,4756.85,4747.9,4749.9
30949,2024-06-05 11:58:00,4749.45,4749.45,4740.0,4743.95
30950,2024-06-05 11:59:00,4745.0,4745.0,4728.8,4730.0
30951,2024-06-05 12:00:00,4727.15,4731.25,4722.1,4722.1
30952,2024-06-05 12:01:00,4724.8,4724.8,4718.05,4721.75
30953,2024-06-05 12:02:00,4721.8,4723.45,4717.3,4723.35
30954,2024-06-05 12:03:00,4723.1,4723.5,4718.05,4718.05
30955,2024-06-05 12:04:00,4720.0,4720.9,4715.0,4719.45
30956,2024-06-05 12:05:00,4719.4,4721.0,4715.45,4721.0
30957,2024-06-05 12:06:00,4722.85,4722.85,4716.0,4718.95
30958,2024-06-05 12:07:00,4719.35,4735.8,4718.75,4735.8
30959,2024-06-05 12:08:00,4736.6,4736.6,4725.65,4725.65
30960,2024-06-05 12:09:00,4729.05,4733.0,4725.7,4733.0
30961,2024-06-05 12:10:00,4734.35,4734.35,4727.35,4728.6
30962,2024-06-05 12:11:00,4731.7,4733.8,4730.2,4733.8
30963,2024-06-05 12:12:00,4730.6,4734.35,4730.45,4733.5
30964,2024-06-05 12:13:00,4732.25,4734.65,4732.25,4734.65
30965,2024-06-05 12:14:00,4733.45,4737.85,4733.1,4737.85
30966,2024-06-05 12:15:00,4738.0,4739.65,4736.4,4739.65
30967,2024-06-05 12:16:00,4739.95,4739.95,4734.3,4737.0
30968,2024-06-05 12:17:00,4738.1,4738.8,4735.05,4738.25
30969,2024-06-05 12:18:00,4736.1,4738.55,4728.1,4729.75
30970,2024-06-05 12:19:00,4727.0,4730.75,4727.0,4730.75
30971,2024-06-05 12:20:00,4731.55,4732.75,4728.8,4731.5
30972,2024-06-05 12:21:00,4731.65,4733.35,4729.15,4730.4
30973,2024-06-05 12:22:00,4733.3,4733.45,4729.6,4730.55
30974,2024-06-05 12:23:00,4733.45,4733.6,4727.0,4729.95
30975,2024-06-05 12:24:00,4729.9,4729.9,4727.0,4727.0
30976,2024-06-05 12:25:00,4729.35,4730.8,4727.05,4728.15
30977,2024-06-05 12:26:00,4728.0,4730.35,4728.0,4729.8
30978,2024-06-05 12:27:00,4729.4,4729.8,4722.1,4724.65
30979,2024-06-05 12:28:00,4726.0,4726.4,4723.15,4726.4
30980,2024-06-05 12:29:00,4723.45,4726.6,4723.45,4725.0
30981,2024-06-05 12:30:00,4724.65,4727.25,4723.55,4723.55
30982,2024-06-05 12:31:00,4725.9,4726.0,4720.0,4720.0
30983,2024-06-05 12:32:00,4718.05,4721.2,4715.0,4715.6
30984,2024-06-05 12:33:00,4715.95,4718.75,4715.6,4717.85
30985,2024-06-05 12:34:00,4718.0,4718.0,4716.0,4716.15
30986,2024-06-05 12:35:00,4717.95,4718.0,4715.0,4715.15
30987,2024-06-05 12:36:00,4717.0,4717.0,4712.05,4712.05
30988,2024-06-05 12:37:00,4715.15,4715.15,4710.0,4711.95
30989,2024-06-05 12:38:00,4711.85,4711.9,4705.6,4706.25
30990,2024-06-05 12:39:00,4705.1,4706.3,4700.05,4704.1
30991,2024-06-05 12:40:00,4704.35,4704.35,4695.55,4695.55
30992,2024-06-05 12:41:00,4695.8,4699.0,4695.0,4695.0
30993,2024-06-05 12:42:00,4695.45,4695.45,4692.05,4693.0
30994,2024-06-05 12:43:00,4695.3,4698.35,4691.75,4698.35
30995,2024-06-05 12:44:00,4696.5,4697.95,4694.4,4696.95
30996,2024-06-05 12:45:00,4695.05,4699.55,4695.05,4695.55
30997,2024-06-05 12:46:00,4699.1,4699.1,4695.55,4697.0
30998,2024-06-05 12:47:00,4697.8,4705.15,4697.8,4702.1
30999,2024-06-05 12:48:00,4698.05,4701.5,4695.95,4698.15
31000,2024-06-05 12:49:00,4698.4,4698.4,4692.3,4692.35
31001,2024-06-05 12:50:00,4694.7,4697.3,4692.3,4696.95
31002,2024-06-05 12:51:00,4697.15,4697.8,4693.65,4697.0
31003,2024-06-05 12:52:00,4694.8,4697.95,4694.8,4697.15
31004,2024-06-05 12:53:00,4699.0,4703.4,4696.1,4703.4
31005,2024-06-05 12:54:00,4703.0,4703.7,4700.15,4700.15
31006,2024-06-05 12:55:00,4700.2,4705.55,4699.7,4704.75
31007,2024-06-05 12:56:00,4705.35,4705.6,4698.05,4701.05
31008,2024-06-05 12:57:00,4700.0,4700.9,4696.55,4697.85
31009,2024-06-05 12:58:00,4696.55,4699.9,4695.1,4695.85
31010,2024-06-05 12:59:00,4699.3,4699.35,4695.05,4698.65
31011,2024-06-05 13:00:00,4695.05,4698.55,4694.25,4697.45
31012,2024-06-05 13:01:00,4694.35,4697.85,4694.05,4696.3
31013,2024-06-05 13:02:00,4695.0,4700.4,4694.6,4699.55
31014,2024-06-05 13:03:00,4697.25,4700.0,4695.05,4699.95
31015,2024-06-05 13:04:00,4699.85,4701.05,4697.45,4700.85
31016,2024-06-05 13:05:00,4699.4,4701.7,4698.15,4698.3
31017,2024-06-05 13:06:00,4701.05,4702.45,4698.4,4701.0
31018,2024-06-05 13:07:00,4699.1,4705.75,4699.1,4703.35
31019,2024-06-05 13:08:00,4704.0,4705.15,4702.4,4705.0
31020,2024-06-05 13:09:00,4704.95,4705.0,4702.4,4704.9
31021,2024-06-05 13:10:00,4702.4,4706.35,4702.4,4705.8
31022,2024-06-05 13:11:00,4710.0,4710.0,4702.8,4702.8
31023,2024-06-05 13:12:00,4702.85,4711.4,4700.2,4711.4
31024,2024-06-05 13:13:00,4711.45,4712.45,4709.25,4712.4
31025,2024-06-05 13:14:00,4710.7,4713.7,4709.0,4709.0
31026,2024-06-05 13:15:00,4710.8,4712.0,4709.0,4709.85
31027,2024-06-05 13:16:00,4709.9,4712.35,4709.0,4709.05
31028,2024-06-05 13:17:00,4710.0,4714.9,4710.0,4713.15
31029,2024-06-05 13:18:00,4714.85,4714.95,4711.2,4713.65
31030,2024-06-05 13:19:00,4712.95,4716.9,4711.75,4716.9
31031,2024-06-05 13:20:00,4717.0,4718.85,4715.6,4718.4
31032,2024-06-05 13:21:00,4715.7,4718.5,4715.7,4718.0
31033,2024-06-05 13:22:00,4716.15,4721.95,4715.0,4715.0
31034,2024-06-05 13:23:00,4716.75,4717.0,4715.0,4716.0
31035,2024-06-05 13:24:00,4716.2,4716.2,4715.0,4715.15
31036,2024-06-05 13:25:00,4717.45,4722.0,4715.8,4718.5
31037,2024-06-05 13:26:00,4718.6,4721.7,4718.0,4718.0
31038,2024-06-05 13:27:00,4720.85,4722.1,4718.75,4719.15
31039,2024-06-05 13:28:00,4721.8,4722.1,4715.0,4715.0
31040,2024-06-05 13:29:00,4716.15,4720.45,4715.0,4720.15
31041,2024-06-05 13:30:00,4720.75,4721.15,4717.5,4720.95
31042,2024-06-05 13:31:00,4720.85,4720.85,4715.0,4715.05
31043,2024-06-05 13:32:00,4717.25,4719.95,4715.25,4716.85
31044,2024-06-05 13:33:00,4719.35,4720.95,4716.85,4718.35
31045,2024-06-05 13:34:00,4717.55,4722.0,4717.55,4718.2
31046,2024-06-05 13:35:00,4722.0,4722.45,4718.7,4720.15
31047,2024-06-05 13:36:00,4722.7,4722.7,4718.75,4718.9
31048,2024-06-05 13:37:00,4721.8,4721.8,4719.2,4720.5
31049,2024-06-05 13:38:00,4721.8,4722.45,4720.0,4721.55
31050,2024-06-05 13:39:00,4723.65,4725.0,4721.55,4722.75
31051,2024-06-05 13:40:00,4720.0,4723.05,4720.0,4720.3
31052,2024-06-05 13:41:00,4722.45,4722.45,4715.0,4715.0
31053,2024-06-05 13:42:00,4716.1,4716.85,4713.2,4715.0
31054,2024-06-05 13:43:00,4716.15,4716.15,4711.9,4715.0
31055,2024-06-05 13:44:00,4715.4,4716.95,4713.6,4715.0
31056,2024-06-05 13:45:00,4716.0,4716.0,4713.75,4715.8
31057,2024-06-05 13:46:00,4715.0,4715.8,4714.05,4715.7
31058,2024-06-05 13:47:00,4715.0,4716.85,4715.0,4715.0
31059,2024-06-05 13:48:00,4712.15,4716.0,4712.15,4715.9
31060,2024-06-05 13:49:00,4716.5,4717.95,4715.0,4715.0
31061,2024-06-05 13:50:00,4715.85,4716.2,4707.55,4715.0
31062,2024-06-05 13:51:00,4714.65,4714.65,4703.0,4703.0
31063,2024-06-05 13:52:00,4701.65,4703.65,4695.05,4697.85
31064,2024-06-05 13:53:00,4698.05,4698.05,4692.3,4692.35
31065,2024-06-05 13:54:00,4693.6,4705.0,4692.3,4705.0
31066,2024-06-05 13:55:00,4706.45,4707.3,4704.1,4706.55
31067,2024-06-05 13:56:00,4706.3,4706.3,4703.3,4703.45
31068,2024-06-05 13:57:00,4705.6,4705.9,4703.4,4705.3
31069,2024-06-05 13:58:00,4706.25,4709.55,4703.85,4705.1
31070,2024-06-05 13:59:00,4707.85,4709.7,4705.35,4709.6
31071,2024-06-05 14:00:00,4709.95,4711.2,4707.4,4710.35
31072,2024-06-05 14:01:00,4711.2,4717.45,4711.0,4715.7
31073,2024-06-05 14:02:00,4715.9,4719.55,4715.9,4719.55
31074,2024-06-05 14:03:00,4719.3,4723.7,4719.3,4723.65
31075,2024-06-05 14:04:00,4723.7,4726.0,4720.15,4722.0
31076,2024-06-05 14:05:00,4720.0,4722.15,4720.0,4722.0
31077,2024-06-05 14:06:00,4722.15,4723.4,4720.45,4721.8
31078,2024-06-05 14:07:00,4720.4,4721.8,4716.5,4719.95
31079,2024-06-05 14:08:00,4719.8,4721.7,4719.3,4720.85
31080,2024-06-05 14:09:00,4719.3,4720.8,4718.9,4720.5
31081,2024-06-05 14:10:00,4720.55,4721.8,4718.75,4721.7
31082,2024-06-05 14:11:00,4719.85,4722.8,4717.1,4717.6
31083,2024-06-05 14:12:00,4717.4,4720.0,4710.0,4718.0
31084,2024-06-05 14:13:00,4716.55,4719.75,4716.55,4719.75
31085,2024-06-05 14:14:00,4718.05,4719.45,4711.0,4711.65
31086,2024-06-05 14:15:00,4711.45,4717.35,4711.45,4715.05
31087,2024-06-05 14:16:00,4716.5,4717.0,4704.6,4707.8
31088,2024-06-05 14:17:00,4705.65,4714.15,4705.4,4711.4
31089,2024-06-05 14:18:00,4708.75,4713.4,4708.75,4709.95
31090,2024-06-05 14:19:00,4710.7,4711.95,4707.1,4707.1
31091,2024-06-05 14:20:00,4708.7,4708.7,4700.0,4701.75
31092,2024-06-05 14:21:00,4699.75,4709.2,4699.25,4707.95
31093,2024-06-05 14:22:00,4710.0,4714.9,4705.0,4705.0
31094,2024-06-05 14:23:00,4707.1,4707.1,4705.0,4706.8
31095,2024-06-05 14:24:00,4706.95,4710.0,4705.25,4706.2
31096,2024-06-05 14:25:00,4708.65,4710.0,4707.4,4708.25
31097,2024-06-05 14:26:00,4710.0,4710.0,4709.0,4709.55
31098,2024-06-05 14:27:00,4710.0,4710.0,4707.85,4709.9
31099,2024-06-05 14:28:00,4710.0,4710.0,4705.0,4705.0
31100,2024-06-05 14:29:00,4706.0,4710.0,4705.05,4708.25
31101,2024-06-05 14:30:00,4708.5,4710.0,4708.0,4708.95
31102,2024-06-05 14:31:00,4710.0,4710.0,4706.3,4708.5
31103,2024-06-05 14:32:00,4707.9,4710.0,4707.9,4710.0
31104,2024-06-05 14:33:00,4709.75,4709.75,4706.3,4708.4
31105,2024-06-05 14:34:00,4707.9,4710.0,4706.55,4710.0
31106,2024-06-05 14:35:00,4707.8,4710.0,4707.8,4709.8
31107,2024-06-05 14:36:00,4707.1,4710.0,4707.05,4708.8
31108,2024-06-05 14:37:00,4709.35,4710.0,4708.4,4710.0
31109,2024-06-05 14:38:00,4708.95,4709.9,4707.0,4707.35
31110,2024-06-05 14:39:00,4707.5,4710.0,4707.1,4709.45
31111,2024-06-05 14:40:00,4709.1,4709.7,4708.0,4709.55
31112,2024-06-05 14:41:00,4709.7,4709.75,4707.65,4708.75
31113,2024-06-05 14:42:00,4707.05,4708.75,4705.9,4708.5
31114,2024-06-05 14:43:00,4707.7,4708.5,4706.45,4707.65
31115,2024-06-05 14:44:00,4708.1,4708.1,4705.5,4706.6
31116,2024-06-05 14:45:00,4705.0,4706.6,4703.95,4705.8
31117,2024-06-05 14:46:00,4703.55,4707.0,4703.55,4707.0
31118,2024-06-05 14:47:00,4706.55,4710.0,4705.65,4710.0
31119,2024-06-05 14:48:00,4709.55,4710.0,4709.2,4710.0
31120,2024-06-05 14:49:00,4707.6,4709.95,4707.05,4708.0
31121,2024-06-05 14:50:00,4705.65,4707.85,4705.65,4706.8
31122,2024-06-05 14:51:00,4707.2,4707.2,4700.0,4701.9
31123,2024-06-05 14:52:00,4702.0,4707.25,4700.0,4705.85
31124,2024-06-05 14:53:00,4705.15,4707.2,4698.0,4698.0
31125,2024-06-05 14:54:00,4699.9,4702.2,4698.25,4701.45
31126,2024-06-05 14:55:00,4699.9,4710.9,4699.9,4701.6
31127,2024-06-05 14:56:00,4701.9,4703.9,4700.55,4701.3
31128,2024-06-05 14:57:00,4702.8,4702.8,4699.9,4701.85
31129,2024-06-05 14:58:00,4702.0,4705.45,4701.75,4701.75
31130,2024-06-05 14:59:00,4701.3,4702.2,4696.3,4700.0
31131,2024-06-05 15:00:00,4699.65,4702.35,4699.0,4701.1
31132,2024-06-05 15:01:00,4699.45,4700.85,4699.45,4700.65
31133,2024-06-05 15:02:00,4700.55,4700.8,4697.75,4699.0
31134,2024-06-05 15:03:00,4699.05,4699.05,4695.0,4696.2
31135,2024-06-05 15:04:00,4697.95,4700.0,4697.0,4699.25
31136,2024-06-05 15:05:00,4698.75,4700.65,4696.2,4699.1
31137,2024-06-05 15:06:00,4696.65,4700.25,4693.05,4697.8
31138,2024-06-05 15:07:00,4699.6,4700.0,4693.55,4697.5
31139,2024-06-05 15:08:00,4697.85,4699.95,4695.75,4697.6
31140,2024-06-05 15:09:00,4698.55,4700.0,4695.2,4699.75
31141,2024-06-05 15:10:00,4699.6,4700.65,4697.1,4698.95
31142,2024-06-05 15:11:00,4698.0,4698.8,4695.4,4698.4
31143,2024-06-05 15:12:00,4698.3,4700.0,4697.0,4697.9
31144,2024-06-05 15:13:00,4697.55,4699.5,4697.0,4699.3
31145,2024-06-05 15:14:00,4699.2,4700.0,4698.55,4700.0
31146,2024-06-05 15:15:00,4699.85,4700.0,4697.35,4699.7
31147,2024-06-05 15:16:00,4700.0,4700.0,4697.0,4698.55
31148,2024-06-05 15:17:00,4697.0,4699.8,4697.0,4699.75
31149,2024-06-05 15:18:00,4699.8,4699.95,4698.7,4698.95
31150,2024-06-05 15:19:00,4699.95,4699.95,4699.15,4699.95
31151,2024-06-05 15:20:00,4699.9,4699.95,4698.0,4698.85
31152,2024-06-05 15:21:00,4698.9,4698.9,4686.4,4689.95
31153,2024-06-05 15:22:00,4689.9,4690.0,4687.5,4689.95
31154,2024-06-05 15:23:00,4690.0,4690.0,4689.95,4689.95
31155,2024-06-05 15:24:00,4690.0,4690.0,4689.9,4690.0
31156,2024-06-05 15:25:00,4689.9,4690.0,4686.0,4686.0
31157,2024-06-05 15:26:00,4685.95,4686.0,4685.0,4685.95
31158,2024-06-05 15:27:00,4685.85,4686.0,4682.65,4684.8
31159,2024-06-05 15:28:00,4684.95,4691.2,4682.8,4684.95
31160,2024-06-05 15:29:00,4684.6,4686.1,4680.8,4680.8
31161,2024-06-06 09:14:00,4740.0,4740.0,4740.0,4740.0
31162,2024-06-06 09:15:00,4728.1,4735.35,4703.05,4720.05
31163,2024-06-06 09:16:00,4725.45,4729.8,4720.0,4726.7
31164,2024-06-06 09:17:00,4726.65,4743.65,4725.0,4740.0
31165,2024-06-06 09:18:00,4735.9,4759.75,4735.9,4740.1
31166,2024-06-06 09:19:00,4736.65,4753.15,4736.45,4740.0
31167,2024-06-06 09:20:00,4742.6,4743.8,4733.0,4735.35
31168,2024-06-06 09:21:00,4733.05,4746.9,4725.35,4740.3
31169,2024-06-06 09:22:00,4740.85,4749.4,4735.5,4748.35
31170,2024-06-06 09:23:00,4748.9,4748.9,4734.0,4746.05
31171,2024-06-06 09:24:00,4748.45,4754.7,4743.45,4746.45
31172,2024-06-06 09:25:00,4750.4,4752.7,4742.0,4746.7
31173,2024-06-06 09:26:00,4744.95,4749.95,4740.0,4744.4
31174,2024-06-06 09:27:00,4745.0,4749.8,4735.0,4749.8
31175,2024-06-06 09:28:00,4751.2,4755.65,4750.0,4753.85
31176,2024-06-06 09:29:00,4755.0,4762.0,4753.85,4759.0
31177,2024-06-06 09:30:00,4758.4,4761.5,4750.0,4750.0
31178,2024-06-06 09:31:00,4750.75,4761.0,4750.0,4760.0
31179,2024-06-06 09:32:00,4760.5,4762.0,4756.9,4756.9
31180,2024-06-06 09:33:00,4759.8,4759.8,4750.0,4756.05
31181,2024-06-06 09:34:00,4757.3,4759.8,4753.55,4758.45
31182,2024-06-06 09:35:00,4759.8,4762.0,4743.0,4745.0
31183,2024-06-06 09:36:00,4746.4,4750.0,4740.0,4749.95
31184,2024-06-06 09:37:00,4750.95,4750.95,4746.05,4746.05
31185,2024-06-06 09:38:00,4748.95,4748.95,4737.7,4742.55
31186,2024-06-06 09:39:00,4744.9,4753.9,4743.1,4750.0
31187,2024-06-06 09:40:00,4752.3,4752.3,4750.0,4751.65
31188,2024-06-06 09:41:00,4752.2,4755.0,4740.05,4740.1
31189,2024-06-06 09:42:00,4740.0,4741.7,4737.0,4738.75
31190,2024-06-06 09:43:00,4740.0,4748.25,4740.0,4740.0
31191,2024-06-06 09:44:00,4740.95,4744.45,4738.0,4740.0
31192,2024-06-06 09:45:00,4739.0,4743.75,4738.05,4740.95
31193,2024-06-06 09:46:00,4741.0,4746.9,4740.4,4746.0
31194,2024-06-06 09:47:00,4744.15,4747.6,4743.05,4744.55
31195,2024-06-06 09:48:00,4743.5,4744.6,4741.3,4744.2
31196,2024-06-06 09:49:00,4745.3,4747.5,4742.0,4746.15
31197,2024-06-06 09:50:00,4746.2,4746.2,4733.7,4734.5
31198,2024-06-06 09:51:00,4734.3,4736.6,4733.5,4736.2
31199,2024-06-06 09:52:00,4736.0,4739.85,4734.5,4739.85
31200,2024-06-06 09:53:00,4740.1,4741.45,4735.35,4741.4
31201,2024-06-06 09:54:00,4739.4,4741.25,4731.0,4731.0
31202,2024-06-06 09:55:00,4732.9,4732.9,4728.0,4729.9
31203,2024-06-06 09:56:00,4729.45,4739.9,4729.45,4737.25
31204,2024-06-06 09:57:00,4737.0,4737.0,4731.15,4733.55
31205,2024-06-06 09:58:00,4733.35,4733.75,4730.0,4730.1
31206,2024-06-06 09:59:00,4730.35,4733.55,4730.35,4732.25
31207,2024-06-06 10:00:00,4732.9,4736.9,4730.0,4732.4
31208,2024-06-06 10:01:00,4735.0,4735.35,4730.0,4730.15
31209,2024-06-06 10:02:00,4730.05,4734.2,4730.0,4732.7
31210,2024-06-06 10:03:00,4732.65,4742.7,4732.65,4738.7
31211,2024-06-06 10:04:00,4738.75,4744.8,4738.55,4740.0
31212,2024-06-06 10:05:00,4745.7,4746.05,4738.1,4741.5
31213,2024-06-06 10:06:00,4744.1,4744.1,4738.0,4740.55
31214,2024-06-06 10:07:00,4742.3,4746.85,4740.0,4740.65
31215,2024-06-06 10:08:00,4740.55,4744.4,4738.0,4738.0
31216,2024-06-06 10:09:00,4739.4,4739.45,4737.15,4737.15
31217,2024-06-06 10:10:00,4739.1,4743.6,4735.0,4738.65
31218,2024-06-06 10:11:00,4736.55,4739.2,4732.6,4732.6
31219,2024-06-06 10:12:00,4733.6,4735.3,4731.6,4732.0
31220,2024-06-06 10:13:00,4731.15,4734.4,4731.0,4733.45
31221,2024-06-06 10:14:00,4734.95,4739.7,4731.7,4733.0
31222,2024-06-06 10:15:00,4731.8,4737.65,4731.0,4735.35
31223,2024-06-06 10:16:00,4735.0,4737.1,4731.05,4734.05
31224,2024-06-06 10:17:00,4734.55,4734.55,4728.1,4731.35
31225,2024-06-06 10:18:00,4732.85,4733.0,4728.05,4729.9
31226,2024-06-06 10:19:00,4730.1,4733.7,4730.0,4732.45
31227,2024-06-06 10:20:00,4731.0,4732.9,4727.3,4730.0
31228,2024-06-06 10:21:00,4729.0,4732.45,4729.0,4731.25
31229,2024-06-06 10:22:00,4731.3,4737.45,4731.3,4735.05
31230,2024-06-06 10:23:00,4736.9,4738.45,4735.15,4738.45
31231,2024-06-06 10:24:00,4738.95,4740.0,4735.5,4736.45
31232,2024-06-06 10:25:00,4735.55,4738.35,4730.0,4730.85
31233,2024-06-06 10:26:00,4730.0,4733.25,4725.0,4725.0
31234,2024-06-06 10:27:00,4727.9,4731.75,4725.1,4728.5
31235,2024-06-06 10:28:00,4728.05,4732.7,4728.0,4728.3
31236,2024-06-06 10:29:00,4729.3,4731.5,4728.3,4730.05
31237,2024-06-06 10:30:00,4731.25,4731.65,4728.55,4728.55
31238,2024-06-06 10:31:00,4728.6,4728.6,4725.2,4725.35
31239,2024-06-06 10:32:00,4725.65,4728.0,4722.0,4722.9
31240,2024-06-06 10:33:00,4722.0,4729.1,4721.05,4723.7
31241,2024-06-06 10:34:00,4723.8,4726.7,4723.15,4723.3
31242,2024-06-06 10:35:00,4723.45,4725.35,4720.0,4720.0
31243,2024-06-06 10:36:00,4720.85,4731.6,4720.85,4727.35
31244,2024-06-06 10:37:00,4726.5,4733.05,4726.5,4730.1
31245,2024-06-06 10:38:00,4728.05,4729.8,4727.5,4727.55
31246,2024-06-06 10:39:00,4727.5,4729.3,4725.05,4726.9
31247,2024-06-06 10:40:00,4726.85,4726.85,4725.05,4725.05
31248,2024-06-06 10:41:00,4726.45,4726.45,4720.1,4723.6
31249,2024-06-06 10:42:00,4721.45,4726.7,4721.3,4723.75
31250,2024-06-06 10:43:00,4723.15,4723.8,4721.0,4721.0
31251,2024-06-06 10:44:00,4720.85,4721.9,4720.0,4721.9
31252,2024-06-06 10:45:00,4722.0,4725.9,4722.0,4724.5
31253,2024-06-06 10:46:00,4725.0,4729.6,4725.0,4726.55
31254,2024-06-06 10:47:00,4725.25,4727.7,4725.25,4727.7
31255,2024-06-06 10:48:00,4726.9,4736.2,4726.9,4728.65
31256,2024-06-06 10:49:00,4730.75,4738.75,4730.75,4734.95
31257,2024-06-06 10:50:00,4733.35,4733.35,4731.1,4731.4
31258,2024-06-06 10:51:00,4733.25,4734.95,4731.1,4731.75
31259,2024-06-06 10:52:00,4733.55,4734.95,4731.65,4732.8
31260,2024-06-06 10:53:00,4734.95,4734.95,4732.15,4732.15
31261,2024-06-06 10:54:00,4731.15,4732.0,4724.1,4724.9
31262,2024-06-06 10:55:00,4724.95,4729.9,4722.9,4724.05
31263,2024-06-06 10:56:00,4724.0,4727.95,4722.15,4724.05
31264,2024-06-06 10:57:00,4724.15,4725.0,4721.2,4721.8
31265,2024-06-06 10:58:00,4721.95,4723.15,4721.5,4721.6
31266,2024-06-06 10:59:00,4723.0,4728.45,4721.2,4728.45
31267,2024-06-06 11:00:00,4728.15,4728.8,4721.7,4722.5
31268,2024-06-06 11:01:00,4722.45,4724.75,4721.2,4723.75
31269,2024-06-06 11:02:00,4723.8,4728.8,4722.25,4724.1
31270,2024-06-06 11:03:00,4722.7,4728.3,4722.7,4725.15
31271,2024-06-06 11:04:00,4729.4,4729.4,4725.05,4727.1
31272,2024-06-06 11:05:00,4725.4,4727.1,4725.15,4725.4
31273,2024-06-06 11:06:00,4727.0,4732.5,4727.0,4730.1
31274,2024-06-06 11:07:00,4732.45,4732.45,4730.0,4730.0
31275,2024-06-06 11:08:00,4730.8,4730.8,4725.4,4725.4
31276,2024-06-06 11:09:00,4725.0,4727.9,4723.7,4725.35
31277,2024-06-06 11:10:00,4725.15,4725.8,4724.15,4724.55
31278,2024-06-06 11:11:00,4724.4,4725.8,4724.05,4724.15
31279,2024-06-06 11:12:00,4724.2,4726.15,4724.2,4725.0
31280,2024-06-06 11:13:00,4725.8,4725.8,4723.75,4723.75
31281,2024-06-06 11:14:00,4724.45,4724.45,4722.25,4722.3
31282,2024-06-06 11:15:00,4722.25,4724.0,4722.2,4722.4
31283,2024-06-06 11:16:00,4722.2,4725.0,4721.05,4721.05
31284,2024-06-06 11:17:00,4722.95,4738.0,4722.95,4736.5
31285,2024-06-06 11:18:00,4735.4,4744.35,4732.55,4740.9
31286,2024-06-06 11:19:00,4741.25,4742.45,4740.0,4742.45
31287,2024-06-06 11:20:00,4742.5,4742.5,4739.05,4739.4
31288,2024-06-06 11:21:00,4741.1,4741.1,4735.05,4735.05
31289,2024-06-06 11:22:00,4735.0,4738.95,4732.9,4736.65
31290,2024-06-06 11:23:00,4736.55,4739.35,4736.55,4739.35
31291,2024-06-06 11:24:00,4738.05,4739.5,4736.3,4736.4
31292,2024-06-06 11:25:00,4736.45,4738.7,4734.5,4734.95
31293,2024-06-06 11:26:00,4734.3,4736.0,4728.55,4732.75
31294,2024-06-06 11:27:00,4734.0,4735.45,4728.55,4728.55
31295,2024-06-06 11:28:00,4729.95,4732.25,4728.55,4731.85
31296,2024-06-06 11:29:00,4730.05,4732.1,4730.05,4730.5
31297,2024-06-06 11:30:00,4732.1,4732.1,4725.0,4726.0
31298,2024-06-06 11:31:00,4726.4,4731.6,4726.1,4728.8
31299,2024-06-06 11:32:00,4728.25,4732.55,4726.55,4732.55
31300,2024-06-06 11:33:00,4730.85,4732.45,4728.1,4728.9
31301,2024-06-06 11:34:00,4728.85,4730.6,4725.0,4725.5
31302,2024-06-06 11:35:00,4725.25,4731.35,4725.0,4727.85
31303,2024-06-06 11:36:00,4727.2,4728.6,4725.0,4725.0
31304,2024-06-06 11:37:00,4723.5,4728.95,4723.0,4723.1
31305,2024-06-06 11:38:00,4723.5,4727.4,4723.5,4724.5
31306,2024-06-06 11:39:00,4724.4,4724.5,4724.0,4724.2
31307,2024-06-06 11:40:00,4724.0,4726.2,4724.0,4724.05
31308,2024-06-06 11:41:00,4724.1,4726.7,4724.05,4724.7
31309,2024-06-06 11:42:00,4724.8,4724.8,4724.0,4724.0
31310,2024-06-06 11:43:00,4724.05,4725.9,4722.0,4725.9
31311,2024-06-06 11:44:00,4723.9,4725.3,4723.0,4723.85
31312,2024-06-06 11:45:00,4723.95,4725.6,4723.5,4724.3
31313,2024-06-06 11:46:00,4723.95,4724.3,4723.0,4723.0
31314,2024-06-06 11:47:00,4722.0,4722.05,4712.35,4712.35
31315,2024-06-06 11:48:00,4712.2,4712.2,4705.05,4707.0
31316,2024-06-06 11:49:00,4705.05,4709.05,4705.0,4705.55
31317,2024-06-06 11:50:00,4705.9,4709.95,4705.2,4706.45
31318,2024-06-06 11:51:00,4706.5,4711.0,4706.0,4708.3
31319,2024-06-06 11:52:00,4708.25,4718.4,4707.85,4716.55
31320,2024-06-06 11:53:00,4716.7,4721.85,4714.0,4718.8
31321,2024-06-06 11:54:00,4716.55,4724.85,4716.3,4722.6
31322,2024-06-06 11:55:00,4725.0,4727.0,4720.3,4726.3
31323,2024-06-06 11:56:00,4725.4,4732.9,4725.4,4730.0
31324,2024-06-06 11:57:00,4729.0,4731.0,4722.8,4722.8
31325,2024-06-06 11:58:00,4723.5,4728.75,4721.45,4726.5
31326,2024-06-06 11:59:00,4726.55,4727.95,4721.35,4721.65
31327,2024-06-06 12:00:00,4721.25,4723.4,4716.0,4719.1
31328,2024-06-06 12:01:00,4719.45,4720.4,4713.3,4716.2
31329,2024-06-06 12:02:00,4716.3,4717.55,4710.0,4710.3
31330,2024-06-06 12:03:00,4710.95,4716.3,4710.0,4715.0
31331,2024-06-06 12:04:00,4718.95,4718.95,4713.65,4713.65
31332,2024-06-06 12:05:00,4713.7,4718.95,4713.65,4715.75
31333,2024-06-06 12:06:00,4718.9,4721.95,4715.0,4715.9
31334,2024-06-06 12:07:00,4717.0,4720.45,4713.65,4718.05
31335,2024-06-06 12:08:00,4718.0,4726.05,4718.0,4726.05
31336,2024-06-06 12:09:00,4725.65,4727.45,4720.75,4720.75
31337,2024-06-06 12:10:00,4722.25,4727.45,4720.75,4726.5
31338,2024-06-06 12:11:00,4726.2,4729.7,4725.05,4725.05
31339,2024-06-06 12:12:00,4725.0,4726.3,4725.0,4725.8
31340,2024-06-06 12:13:00,4726.0,4726.9,4725.0,4725.0
31341,2024-06-06 12:14:00,4725.25,4725.25,4716.65,4718.85
31342,2024-06-06 12:15:00,4718.3,4725.0,4718.1,4719.3
31343,2024-06-06 12:16:00,4720.0,4721.55,4717.25,4717.25
31344,2024-06-06 12:17:00,4719.3,4725.0,4716.0,4722.75
31345,2024-06-06 12:18:00,4725.0,4725.0,4717.6,4720.0
31346,2024-06-06 12:19:00,4722.0,4725.0,4722.0,4725.0
31347,2024-06-06 12:20:00,4722.7,4732.0,4722.7,4729.65
31348,2024-06-06 12:21:00,4731.95,4735.95,4729.9,4735.2
31349,2024-06-06 12:22:00,4735.35,4739.95,4733.0,4733.0
31350,2024-06-06 12:23:00,4732.55,4739.0,4732.55,4738.75
31351,2024-06-06 12:24:00,4736.75,4740.0,4734.0,4734.65
31352,2024-06-06 12:25:00,4736.6,4736.6,4732.1,4735.3
31353,2024-06-06 12:26:00,4735.45,4743.6,4734.2,4739.2
31354,2024-06-06 12:27:00,4740.8,4742.3,4738.15,4741.05
31355,2024-06-06 12:28:00,4743.0,4743.0,4739.6,4739.6
31356,2024-06-06 12:29:00,4739.45,4744.75,4739.45,4742.8
31357,2024-06-06 12:30:00,4742.95,4746.45,4741.8,4744.05
31358,2024-06-06 12:31:00,4743.8,4749.0,4742.65,4749.0
31359,2024-06-06 12:32:00,4748.15,4753.75,4745.35,4753.7
31360,2024-06-06 12:33:00,4751.35,4756.6,4751.3,4754.55
31361,2024-06-06 12:34:00,4755.2,4759.9,4755.2,4758.95
31362,2024-06-06 12:35:00,4759.2,4767.65,4758.75,4767.65
31363,2024-06-06 12:36:00,4768.4,4773.3,4764.55,4771.55
31364,2024-06-06 12:37:00,4776.2,4776.2,4770.05,4771.4
31365,2024-06-06 12:38:00,4771.45,4773.4,4765.05,4767.95
31366,2024-06-06 12:39:00,4768.0,4773.05,4767.55,4768.1
31367,2024-06-06 12:40:00,4770.8,4771.95,4763.65,4765.65
31368,2024-06-06 12:41:00,4768.65,4780.0,4768.65,4779.3
31369,2024-06-06 12:42:00,4777.45,4777.45,4766.7,4766.7
31370,2024-06-06 12:43:00,4769.7,4776.0,4768.6,4771.4
31371,2024-06-06 12:44:00,4771.05,4780.0,4766.15,4766.35
31372,2024-06-06 12:45:00,4765.05,4774.35,4765.0,4766.15
31373,2024-06-06 12:46:00,4767.9,4770.0,4766.85,4767.6
31374,2024-06-06 12:47:00,4768.4,4770.0,4758.35,4760.85
31375,2024-06-06 12:48:00,4760.1,4770.0,4760.1,4768.4
31376,2024-06-06 12:49:00,4766.45,4775.0,4764.45,4774.65
31377,2024-06-06 12:50:00,4773.3,4775.0,4767.7,4774.75
31378,2024-06-06 12:51:00,4772.1,4779.0,4771.55,4775.65
31379,2024-06-06 12:52:00,4775.7,4778.9,4773.8,4778.05
31380,2024-06-06 12:53:00,4779.0,4780.0,4776.1,4776.9
31381,2024-06-06 12:54:00,4776.3,4779.75,4771.45,4772.35
31382,2024-06-06 12:55:00,4773.3,4777.0,4772.15,4776.0
31383,2024-06-06 12:56:00,4776.05,4788.0,4775.25,4786.0
31384,2024-06-06 12:57:00,4788.0,4793.95,4785.35,4792.85
31385,2024-06-06 12:58:00,4789.9,4800.0,4789.8,4792.55
31386,2024-06-06 12:59:00,4794.45,4797.3,4792.6,4794.0
31387,2024-06-06 13:00:00,4795.35,4797.0,4792.15,4794.35
31388,2024-06-06 13:01:00,4795.85,4807.45,4795.05,4795.05
31389,2024-06-06 13:02:00,4797.6,4797.6,4780.1,4780.1
31390,2024-06-06 13:03:00,4783.9,4787.15,4777.25,4777.25
31391,2024-06-06 13:04:00,4776.9,4786.4,4773.25,4777.55
31392,2024-06-06 13:05:00,4777.25,4788.65,4773.0,4788.65
31393,2024-06-06 13:06:00,4781.6,4789.5,4781.1,4786.35
31394,2024-06-06 13:07:00,4784.3,4789.7,4779.2,4789.7
31395,2024-06-06 13:08:00,4787.35,4790.6,4770.0,4771.2
31396,2024-06-06 13:09:00,4772.8,4775.9,4762.65,4765.85
31397,2024-06-06 13:10:00,4765.8,4775.45,4765.3,4766.95
31398,2024-06-06 13:11:00,4772.9,4784.95,4767.05,4778.85
31399,2024-06-06 13:12:00,4782.3,4782.3,4770.0,4776.0
31400,2024-06-06 13:13:00,4776.3,4782.95,4775.65,4778.25
31401,2024-06-06 13:14:00,4778.3,4783.55,4776.3,4780.25
31402,2024-06-06 13:15:00,4780.8,4782.0,4775.5,4778.25
31403,2024-06-06 13:16:00,4778.95,4782.0,4775.5,4777.4
31404,2024-06-06 13:17:00,4778.0,4783.45,4777.15,4783.45
31405,2024-06-06 13:18:00,4779.45,4782.95,4776.15,4777.0
31406,2024-06-06 13:19:00,4777.05,4777.05,4773.45,4773.45
31407,2024-06-06 13:20:00,4773.2,4780.4,4771.9,4775.55
31408,2024-06-06 13:21:00,4775.35,4780.0,4775.3,4779.15
31409,2024-06-06 13:22:00,4775.7,4776.5,4771.3,4773.35
31410,2024-06-06 13:23:00,4773.7,4778.9,4773.4,4773.4
31411,2024-06-06 13:24:00,4772.5,4772.5,4767.0,4769.0
31412,2024-06-06 13:25:00,4766.0,4771.35,4765.0,4770.35
31413,2024-06-06 13:26:00,4770.1,4779.0,4768.75,4779.0
31414,2024-06-06 13:27:00,4780.0,4784.75,4779.0,4780.05
31415,2024-06-06 13:28:00,4781.75,4782.85,4776.75,4776.75
31416,2024-06-06 13:29:00,4779.3,4780.15,4776.75,4778.05
31417,2024-06-06 13:30:00,4778.2,4780.25,4776.0,4777.15
31418,2024-06-06 13:31:00,4776.85,4778.45,4768.95,4768.95
31419,2024-06-06 13:32:00,4767.95,4771.8,4767.0,4767.5
31420,2024-06-06 13:33:00,4769.45,4772.75,4765.0,4770.15
31421,2024-06-06 13:34:00,4767.6,4770.0,4760.1,4761.15
31422,2024-06-06 13:35:00,4762.45,4766.55,4760.45,4765.8
31423,2024-06-06 13:36:00,4764.25,4769.25,4763.15,4769.25
31424,2024-06-06 13:37:00,4768.0,4768.45,4764.0,4765.85
31425,2024-06-06 13:38:00,4766.6,4777.45,4766.6,4773.55
31426,2024-06-06 13:39:00,4773.0,4776.8,4770.2,4773.15
31427,2024-06-06 13:40:00,4775.7,4777.45,4771.6,4772.1
31428,2024-06-06 13:41:00,4772.85,4783.0,4772.1,4779.85
31429,2024-06-06 13:42:00,4780.0,4782.45,4775.05,4778.15
31430,2024-06-06 13:43:00,4779.95,4779.95,4774.1,4777.6
31431,2024-06-06 13:44:00,4779.4,4780.0,4772.8,4772.85
31432,2024-06-06 13:45:00,4773.05,4776.75,4772.0,4772.0
31433,2024-06-06 13:46:00,4773.35,4773.35,4768.3,4769.5
31434,2024-06-06 13:47:00,4768.3,4769.0,4761.15,4766.5
31435,2024-06-06 13:48:00,4765.05,4767.35,4756.0,4757.05
31436,2024-06-06 13:49:00,4756.6,4758.7,4754.3,4755.65
31437,2024-06-06 13:50:00,4755.45,4766.95,4755.05,4761.55
31438,2024-06-06 13:51:00,4761.5,4771.8,4756.6,4771.8
31439,2024-06-06 13:52:00,4768.8,4773.8,4763.85,4770.35
31440,2024-06-06 13:53:00,4769.7,4783.9,4768.7,4781.0
31441,2024-06-06 13:54:00,4783.6,4790.0,4780.0,4788.1
31442,2024-06-06 13:55:00,4788.05,4790.0,4782.75,4782.75
31443,2024-06-06 13:56:00,4783.75,4786.05,4773.45,4777.85
31444,2024-06-06 13:57:00,4777.1,4777.1,4771.0,4775.45
31445,2024-06-06 13:58:00,4777.0,4777.8,4773.2,4776.35
31446,2024-06-06 13:59:00,4776.3,4785.0,4772.9,4778.6
31447,2024-06-06 14:00:00,4776.7,4785.95,4776.7,4784.35
31448,2024-06-06 14:01:00,4784.45,4785.95,4780.25,4780.25
31449,2024-06-06 14:02:00,4781.0,4786.95,4779.15,4779.15
31450,2024-06-06 14:03:00,4779.3,4784.5,4776.2,4780.7
31451,2024-06-06 14:04:00,4780.95,4782.95,4775.0,4775.0
31452,2024-06-06 14:05:00,4776.25,4778.2,4770.0,4777.2
31453,2024-06-06 14:06:00,4777.7,4780.4,4774.7,4777.85
31454,2024-06-06 14:07:00,4777.3,4782.0,4776.15,4782.0
31455,2024-06-06 14:08:00,4785.0,4786.6,4781.25,4783.8
31456,2024-06-06 14:09:00,4785.75,4790.0,4785.1,4785.6
31457,2024-06-06 14:10:00,4785.75,4788.8,4784.1,4787.15
31458,2024-06-06 14:11:00,4786.95,4790.5,4785.15,4790.45
31459,2024-06-06 14:12:00,4789.9,4791.35,4787.5,4788.75
31460,2024-06-06 14:13:00,4789.2,4795.35,4789.05,4795.0
31461,2024-06-06 14:14:00,4795.6,4799.0,4794.35,4798.7
31462,2024-06-06 14:15:00,4797.0,4803.05,4797.0,4801.8
31463,2024-06-06 14:16:00,4805.0,4805.0,4800.55,4802.35
31464,2024-06-06 14:17:00,4802.6,4805.0,4802.6,4803.0
31465,2024-06-06 14:18:00,4804.75,4804.75,4795.15,4796.5
31466,2024-06-06 14:19:00,4792.75,4795.15,4786.65,4790.4
31467,2024-06-06 14:20:00,4790.7,4792.95,4785.15,4789.3
31468,2024-06-06 14:21:00,4787.95,4789.25,4779.15,4783.35
31469,2024-06-06 14:22:00,4783.9,4789.95,4779.2,4786.7
31470,2024-06-06 14:23:00,4788.0,4789.0,4783.95,4787.95
31471,2024-06-06 14:24:00,4788.45,4788.45,4782.3,4786.45
31472,2024-06-06 14:25:00,4785.55,4788.7,4784.15,4785.0
31473,2024-06-06 14:26:00,4786.0,4788.0,4780.4,4780.95
31474,2024-06-06 14:27:00,4783.55,4790.65,4780.1,4786.75
31475,2024-06-06 14:28:00,4786.35,4793.7,4785.85,4787.9
31476,2024-06-06 14:29:00,4788.05,4788.05,4780.1,4785.65
31477,2024-06-06 14:30:00,4784.15,4785.75,4781.55,4781.9
31478,2024-06-06 14:31:00,4781.55,4784.45,4777.0,4777.0
31479,2024-06-06 14:32:00,4776.0,4779.6,4773.1,4773.55
31480,2024-06-06 14:33:00,4773.15,4783.5,4772.05,4781.3
31481,2024-06-06 14:34:00,4783.4,4783.4,4779.55,4780.95
31482,2024-06-06 14:35:00,4780.85,4781.9,4777.5,4780.45
31483,2024-06-06 14:36:00,4779.6,4780.45,4772.8,4773.5
31484,2024-06-06 14:37:00,4774.85,4777.05,4772.0,4773.4
31485,2024-06-06 14:38:00,4773.9,4780.0,4770.2,4776.25
31486,2024-06-06 14:39:00,4776.35,4779.05,4774.0,4777.65
31487,2024-06-06 14:40:00,4776.1,4777.65,4773.2,4774.1
31488,2024-06-06 14:41:00,4774.3,4776.05,4770.45,4776.0
31489,2024-06-06 14:42:00,4776.05,4786.0,4776.0,4786.0
31490,2024-06-06 14:43:00,4785.95,4788.25,4784.0,4784.0
31491,2024-06-06 14:44:00,4785.3,4785.3,4779.55,4782.45
31492,2024-06-06 14:45:00,4784.4,4792.8,4780.75,4787.4
31493,2024-06-06 14:46:00,4787.3,4789.95,4781.5,4789.25
31494,2024-06-06 14:47:00,4789.05,4789.95,4782.8,4786.5
31495,2024-06-06 14:48:00,4786.45,4789.7,4782.0,4784.7
31496,2024-06-06 14:49:00,4783.95,4788.1,4782.2,4784.95
31497,2024-06-06 14:50:00,4784.65,4791.95,4782.1,4791.95
31498,2024-06-06 14:51:00,4789.95,4791.95,4786.65,4786.65
31499,2024-06-06 14:52:00,4785.95,4788.7,4782.4,4784.6
31500,2024-06-06 14:53:00,4786.15,4788.7,4776.5,4781.15
31501,2024-06-06 14:54:00,4781.05,4783.6,4774.75,4774.75
31502,2024-06-06 14:55:00,4774.6,4782.85,4774.6,4777.15
31503,2024-06-06 14:56:00,4778.95,4782.3,4775.7,4780.6
31504,2024-06-06 14:57:00,4782.55,4786.4,4779.55,4780.1
31505,2024-06-06 14:58:00,4784.05,4788.75,4779.75,4781.65
31506,2024-06-06 14:59:00,4780.6,4795.15,4780.6,4790.55
31507,2024-06-06 15:00:00,4793.4,4794.6,4785.05,4792.35
31508,2024-06-06 15:01:00,4794.0,4794.0,4786.2,4786.2
31509,2024-06-06 15:02:00,4788.5,4791.0,4785.7,4791.0
31510,2024-06-06 15:03:00,4789.25,4791.5,4782.55,4786.6
31511,2024-06-06 15:04:00,4787.8,4793.95,4785.45,4791.35
31512,2024-06-06 15:05:00,4788.8,4793.95,4786.45,4786.45
31513,2024-06-06 15:06:00,4787.65,4793.65,4783.1,4785.5
31514,2024-06-06 15:07:00,4783.4,4788.9,4781.5,4783.65
31515,2024-06-06 15:08:00,4783.4,4789.85,4783.3,4787.95
31516,2024-06-06 15:09:00,4788.75,4794.35,4787.0,4788.25
31517,2024-06-06 15:10:00,4791.45,4794.0,4787.05,4794.0
31518,2024-06-06 15:11:00,4793.95,4810.0,4792.55,4809.6
31519,2024-06-06 15:12:00,4808.0,4815.6,4803.1,4814.95
31520,2024-06-06 15:13:00,4815.95,4817.75,4804.1,4810.1
31521,2024-06-06 15:14:00,4811.65,4815.2,4803.2,4806.35
31522,2024-06-06 15:15:00,4804.0,4810.7,4802.1,4802.15
31523,2024-06-06 15:16:00,4804.6,4805.75,4793.4,4795.0
31524,2024-06-06 15:17:00,4795.2,4796.7,4789.05,4790.65
31525,2024-06-06 15:18:00,4790.9,4798.6,4787.4,4790.9
31526,2024-06-06 15:19:00,4790.0,4797.0,4790.0,4794.95
31527,2024-06-06 15:20:00,4792.65,4800.95,4790.75,4796.0
31528,2024-06-06 15:21:00,4795.45,4801.0,4794.9,4799.65
31529,2024-06-06 15:22:00,4799.8,4804.95,4797.1,4799.85
31530,2024-06-06 15:23:00,4800.05,4803.75,4796.35,4800.0
31531,2024-06-06 15:24:00,4798.8,4809.95,4798.65,4809.95
31532,2024-06-06 15:25:00,4809.35,4810.4,4805.25,4808.8
31533,2024-06-06 15:26:00,4808.85,4812.65,4805.05,4812.0
31534,2024-06-06 15:27:00,4810.4,4814.9,4800.0,4805.6
31535,2024-06-06 15:28:00,4813.1,4818.0,4810.05,4817.95
31536,2024-06-06 15:29:00,4815.05,4819.0,4813.0,4818.0
31537,2024-06-07 09:14:00,4825.0,4825.0,4825.0,4825.0
31538,2024-06-07 09:15:00,4825.15,4864.0,4825.15,4860.75
31539,2024-06-07 09:16:00,4865.75,4884.0,4862.1,4884.0
31540,2024-06-07 09:17:00,4880.9,4911.0,4876.8,4908.0
31541,2024-06-07 09:18:00,4908.25,4909.0,4880.05,4885.35
31542,2024-06-07 09:19:00,4891.4,4918.8,4888.95,4912.45
31543,2024-06-07 09:20:00,4910.0,4936.45,4903.25,4932.35
31544,2024-06-07 09:21:00,4937.3,4938.9,4925.45,4934.15
31545,2024-06-07 09:22:00,4934.3,4938.0,4925.0,4933.75
31546,2024-06-07 09:23:00,4936.9,4940.0,4910.5,4926.45
31547,2024-06-07 09:24:00,4929.2,4929.9,4915.0,4928.3
31548,2024-06-07 09:25:00,4924.55,4934.8,4919.05,4919.2
31549,2024-06-07 09:26:00,4919.15,4919.6,4907.2,4916.85
31550,2024-06-07 09:27:00,4914.2,4930.0,4908.4,4925.7
31551,2024-06-07 09:28:00,4925.5,4947.05,4924.0,4939.05
31552,2024-06-07 09:29:00,4944.0,4944.0,4917.6,4920.85
31553,2024-06-07 09:30:00,4920.5,4921.7,4910.0,4913.8
31554,2024-06-07 09:31:00,4914.0,4929.0,4903.9,4929.0
31555,2024-06-07 09:32:00,4925.75,4934.95,4925.0,4933.0
31556,2024-06-07 09:33:00,4935.0,4936.3,4925.0,4926.55
31557,2024-06-07 09:34:00,4927.45,4927.45,4910.15,4913.0
31558,2024-06-07 09:35:00,4911.95,4927.85,4910.6,4923.7
31559,2024-06-07 09:36:00,4922.85,4937.0,4920.05,4928.9
31560,2024-06-07 09:37:00,4928.6,4937.95,4928.6,4936.45
31561,2024-06-07 09:38:00,4935.0,4938.25,4930.5,4932.5
31562,2024-06-07 09:39:00,4934.0,4934.0,4924.85,4929.5
31563,2024-06-07 09:40:00,4932.0,4937.0,4928.1,4932.8
31564,2024-06-07 09:41:00,4933.0,4945.1,4933.0,4942.85
31565,2024-06-07 09:42:00,4942.1,4949.9,4942.1,4948.0
31566,2024-06-07 09:43:00,4949.0,4969.95,4941.95,4969.95
31567,2024-06-07 09:44:00,4970.0,4985.0,4965.95,4978.05
31568,2024-06-07 09:45:00,4978.0,4981.15,4962.65,4965.55
31569,2024-06-07 09:46:00,4962.55,4974.8,4962.55,4972.0
31570,2024-06-07 09:47:00,4970.9,4981.0,4970.5,4974.1
31571,2024-06-07 09:48:00,4975.0,4987.4,4972.45,4979.9
31572,2024-06-07 09:49:00,4976.55,4987.0,4975.0,4986.0
31573,2024-06-07 09:50:00,4984.0,4989.9,4977.0,4982.15
31574,2024-06-07 09:51:00,4980.0,4983.9,4977.55,4981.0
31575,2024-06-07 09:52:00,4981.1,4994.8,4980.7,4991.0
31576,2024-06-07 09:53:00,4990.0,4997.85,4982.05,4983.0
31577,2024-06-07 09:54:00,4986.55,4990.85,4982.0,4985.8
31578,2024-06-07 09:55:00,4985.0,4989.4,4980.0,4989.2
31579,2024-06-07 09:56:00,4989.25,4998.45,4987.7,4992.05
31580,2024-06-07 09:57:00,4992.15,4997.95,4992.15,4994.0
31581,2024-06-07 09:58:00,4995.0,5006.85,4993.35,4998.15
31582,2024-06-07 09:59:00,5000.0,5003.8,4992.5,4994.35
31583,2024-06-07 10:00:00,4993.65,4995.0,4985.0,4990.0
31584,2024-06-07 10:01:00,4988.0,4990.0,4982.55,4983.0
31585,2024-06-07 10:02:00,4981.75,4991.65,4980.0,4985.0
31586,2024-06-07 10:03:00,4984.25,4987.0,4970.3,4975.75
31587,2024-06-07 10:04:00,4972.85,4983.8,4972.85,4974.55
31588,2024-06-07 10:05:00,4977.35,4980.0,4974.0,4977.05
31589,2024-06-07 10:06:00,4973.05,4983.25,4973.05,4982.0
31590,2024-06-07 10:07:00,4982.6,4984.95,4977.0,4983.95
31591,2024-06-07 10:08:00,4984.0,4992.0,4984.0,4990.85
31592,2024-06-07 10:09:00,4988.15,4991.2,4982.95,4988.0
31593,2024-06-07 10:10:00,4989.1,4991.1,4985.45,4989.2
31594,2024-06-07 10:11:00,4989.15,4990.95,4985.3,4989.0
31595,2024-06-07 10:12:00,4990.9,4994.45,4988.0,4991.55
31596,2024-06-07 10:13:00,4991.5,4998.5,4991.5,4995.15
31597,2024-06-07 10:14:00,4997.95,5003.65,4995.2,5003.25
31598,2024-06-07 10:15:00,5001.3,5003.55,4991.0,4991.0
31599,2024-06-07 10:16:00,4993.55,4994.1,4988.05,4988.55
31600,2024-06-07 10:17:00,4990.0,4992.65,4985.0,4987.6
31601,2024-06-07 10:18:00,4987.45,4987.45,4978.2,4984.7
31602,2024-06-07 10:19:00,4982.0,4984.35,4981.0,4983.85
31603,2024-06-07 10:20:00,4981.5,4983.95,4977.0,4978.9
31604,2024-06-07 10:21:00,4976.05,4979.65,4966.0,4974.75
31605,2024-06-07 10:22:00,4978.0,4979.5,4972.05,4974.6
31606,2024-06-07 10:23:00,4975.0,4976.95,4972.2,4972.9
31607,2024-06-07 10:24:00,4974.95,4985.0,4972.8,4984.95
31608,2024-06-07 10:25:00,4985.0,4989.8,4983.65,4987.4
31609,2024-06-07 10:26:00,4987.8,4992.0,4986.1,4988.4
31610,2024-06-07 10:27:00,4990.9,4991.15,4982.45,4988.0
31611,2024-06-07 10:28:00,4987.45,4990.0,4980.0,4983.0
31612,2024-06-07 10:29:00,4983.7,4983.7,4971.15,4972.45
31613,2024-06-07 10:30:00,4969.65,4973.0,4967.75,4973.0
31614,2024-06-07 10:31:00,4974.8,4977.8,4969.05,4973.0
31615,2024-06-07 10:32:00,4972.0,4974.9,4968.35,4970.0
31616,2024-06-07 10:33:00,4974.05,4974.05,4969.0,4972.0
31617,2024-06-07 10:34:00,4971.85,4971.85,4967.0,4969.3
31618,2024-06-07 10:35:00,4967.0,4969.35,4960.4,4966.9
31619,2024-06-07 10:36:00,4964.15,4967.95,4961.25,4963.7
31620,2024-06-07 10:37:00,4962.9,4968.0,4962.0,4967.85
31621,2024-06-07 10:38:00,4966.4,4968.95,4960.05,4968.85
31622,2024-06-07 10:39:00,4965.75,4971.15,4965.7,4970.6
31623,2024-06-07 10:40:00,4970.65,4978.0,4970.6,4977.15
31624,2024-06-07 10:41:00,4977.3,4977.3,4970.3,4972.3
31625,2024-06-07 10:42:00,4974.15,4974.15,4963.4,4965.8
31626,2024-06-07 10:43:00,4963.0,4964.25,4955.0,4958.1
31627,2024-06-07 10:44:00,4955.35,4964.9,4955.35,4964.45
31628,2024-06-07 10:45:00,4960.1,4964.95,4959.1,4962.7
31629,2024-06-07 10:46:00,4962.8,4970.45,4961.45,4967.95
31630,2024-06-07 10:47:00,4969.65,4970.0,4967.0,4969.95
31631,2024-06-07 10:48:00,4968.25,4973.35,4968.25,4972.9
31632,2024-06-07 10:49:00,4970.6,4972.4,4967.0,4970.7
31633,2024-06-07 10:50:00,4970.55,4971.45,4965.1,4969.85
31634,2024-06-07 10:51:00,4967.25,4969.6,4966.35,4968.95
31635,2024-06-07 10:52:00,4967.05,4969.0,4966.35,4966.35
31636,2024-06-07 10:53:00,4966.5,4972.15,4966.5,4971.05
31637,2024-06-07 10:54:00,4971.8,4972.15,4969.25,4969.5
31638,2024-06-07 10:55:00,4969.6,4974.8,4969.05,4973.0
31639,2024-06-07 10:56:00,4973.4,4981.45,4972.15,4980.55
31640,2024-06-07 10:57:00,4982.2,4987.9,4978.3,4987.9
31641,2024-06-07 10:58:00,4985.9,4989.0,4985.35,4987.8
31642,2024-06-07 10:59:00,4989.0,4989.0,4982.3,4985.0
31643,2024-06-07 11:00:00,4987.0,4994.75,4985.35,4994.3
31644,2024-06-07 11:01:00,4993.6,4995.0,4990.1,4991.7
31645,2024-06-07 11:02:00,4991.6,4991.95,4985.05,4987.15
31646,2024-06-07 11:03:00,4987.1,4987.1,4977.15,4979.7
31647,2024-06-07 11:04:00,4979.9,4980.0,4977.15,4979.85
31648,2024-06-07 11:05:00,4978.0,4979.0,4972.2,4978.65
31649,2024-06-07 11:06:00,4977.8,4978.5,4972.95,4977.0
31650,2024-06-07 11:07:00,4975.1,4978.0,4973.7,4973.7
31651,2024-06-07 11:08:00,4972.05,4975.0,4970.1,4971.35
31652,2024-06-07 11:09:00,4970.1,4972.35,4970.0,4970.25
31653,2024-06-07 11:10:00,4970.0,4972.5,4967.45,4970.0
31654,2024-06-07 11:11:00,4968.35,4970.0,4967.0,4970.0
31655,2024-06-07 11:12:00,4968.4,4972.0,4966.15,4971.55
31656,2024-06-07 11:13:00,4970.0,4977.95,4969.2,4976.5
31657,2024-06-07 11:14:00,4974.9,4983.35,4974.9,4983.35
31658,2024-06-07 11:15:00,4981.05,4983.0,4977.45,4979.95
31659,2024-06-07 11:16:00,4977.4,4986.75,4977.4,4983.5
31660,2024-06-07 11:17:00,4984.7,4987.2,4982.3,4982.3
31661,2024-06-07 11:18:00,4982.15,4984.95,4981.0,4983.2
31662,2024-06-07 11:19:00,4985.0,4992.0,4982.75,4989.5
31663,2024-06-07 11:20:00,4989.55,4993.0,4988.45,4991.0
31664,2024-06-07 11:21:00,4990.0,4992.4,4985.0,4987.0
31665,2024-06-07 11:22:00,4989.9,4993.0,4987.15,4991.9
31666,2024-06-07 11:23:00,4990.0,4994.95,4989.75,4993.6
31667,2024-06-07 11:24:00,4991.45,4994.75,4990.3,4992.0
31668,2024-06-07 11:25:00,4990.3,4992.0,4981.0,4984.3
31669,2024-06-07 11:26:00,4984.2,4984.55,4981.0,4982.95
31670,2024-06-07 11:27:00,4982.65,4986.65,4980.0,4986.65
31671,2024-06-07 11:28:00,4985.0,4986.45,4983.7,4985.95
31672,2024-06-07 11:29:00,4983.9,4985.1,4981.1,4981.75
31673,2024-06-07 11:30:00,4981.7,4987.75,4981.1,4984.4
31674,2024-06-07 11:31:00,4983.05,4985.85,4981.55,4982.85
31675,2024-06-07 11:32:00,4981.5,4984.15,4981.5,4983.8
31676,2024-06-07 11:33:00,4981.65,4984.45,4981.05,4983.65
31677,2024-06-07 11:34:00,4983.7,4984.95,4981.0,4983.15
31678,2024-06-07 11:35:00,4981.0,4984.0,4981.0,4983.9
31679,2024-06-07 11:36:00,4983.8,4986.2,4981.05,4981.75
31680,2024-06-07 11:37:00,4983.3,4984.95,4981.35,4984.1
31681,2024-06-07 11:38:00,4981.6,4984.05,4978.0,4979.35
31682,2024-06-07 11:39:00,4979.9,4988.45,4978.0,4984.4
31683,2024-06-07 11:40:00,4987.35,4987.45,4981.6,4982.9
31684,2024-06-07 11:41:00,4981.8,4982.9,4976.55,4978.65
31685,2024-06-07 11:42:00,4977.6,4978.85,4973.05,4978.0
31686,2024-06-07 11:43:00,4978.8,4983.7,4977.05,4981.0
31687,2024-06-07 11:44:00,4981.05,4985.1,4981.0,4985.05
31688,2024-06-07 11:45:00,4983.05,4985.95,4982.35,4982.35
31689,2024-06-07 11:46:00,4982.55,4984.0,4981.0,4982.45
31690,2024-06-07 11:47:00,4981.0,4984.95,4981.0,4981.0
31691,2024-06-07 11:48:00,4981.05,4982.9,4977.0,4977.7
31692,2024-06-07 11:49:00,4977.0,4980.8,4975.05,4977.45
31693,2024-06-07 11:50:00,4975.35,4979.0,4975.0,4975.9
31694,2024-06-07 11:51:00,4976.4,4979.0,4975.15,4978.05
31695,2024-06-07 11:52:00,4977.05,4985.0,4976.3,4984.75
31696,2024-06-07 11:53:00,4985.0,4986.5,4979.95,4979.95
31697,2024-06-07 11:54:00,4979.1,4983.4,4978.1,4983.4
31698,2024-06-07 11:55:00,4983.15,4984.45,4979.5,4980.05
31699,2024-06-07 11:56:00,4981.6,4982.35,4977.95,4977.95
31700,2024-06-07 11:57:00,4978.0,4980.55,4976.0,4976.3
31701,2024-06-07 11:58:00,4976.55,4980.0,4976.1,4978.1
31702,2024-06-07 11:59:00,4978.9,4978.9,4977.0,4978.0
31703,2024-06-07 12:00:00,4978.5,4978.5,4974.2,4975.65
31704,2024-06-07 12:01:00,4975.7,4977.05,4970.05,4975.3
31705,2024-06-07 12:02:00,4977.35,4982.0,4975.0,4978.0
31706,2024-06-07 12:03:00,4978.05,4979.15,4978.0,4979.15
31707,2024-06-07 12:04:00,4979.0,4983.2,4979.0,4980.05
31708,2024-06-07 12:05:00,4980.25,4982.0,4980.0,4980.0
31709,2024-06-07 12:06:00,4981.0,4983.7,4980.0,4981.6
31710,2024-06-07 12:07:00,4981.65,4983.0,4980.0,4981.0
31711,2024-06-07 12:08:00,4982.1,4982.95,4981.0,4982.8
31712,2024-06-07 12:09:00,4982.5,4984.0,4981.0,4982.9
31713,2024-06-07 12:10:00,4982.5,4985.1,4981.05,4985.1
31714,2024-06-07 12:11:00,4984.05,4989.05,4982.05,4982.05
31715,2024-06-07 12:12:00,4985.3,4989.45,4983.1,4988.15
31716,2024-06-07 12:13:00,4990.0,4990.0,4985.7,4987.55
31717,2024-06-07 12:14:00,4985.95,4987.4,4981.75,4981.85
31718,2024-06-07 12:15:00,4984.55,4984.55,4981.0,4982.0
31719,2024-06-07 12:16:00,4981.5,4983.0,4980.0,4980.0
31720,2024-06-07 12:17:00,4980.55,4981.0,4978.0,4978.0
31721,2024-06-07 12:18:00,4977.0,4978.2,4975.0,4976.2
31722,2024-06-07 12:19:00,4975.75,4978.9,4975.1,4978.0
31723,2024-06-07 12:20:00,4978.85,4982.15,4978.0,4981.65
31724,2024-06-07 12:21:00,4979.85,4987.3,4979.85,4986.2
31725,2024-06-07 12:22:00,4986.7,4989.0,4985.55,4986.2
31726,2024-06-07 12:23:00,4986.75,4987.7,4985.0,4985.6
31727,2024-06-07 12:24:00,4983.7,4985.4,4981.0,4985.4
31728,2024-06-07 12:25:00,4985.0,4985.4,4981.45,4982.8
31729,2024-06-07 12:26:00,4982.85,4983.6,4981.0,4981.0
31730,2024-06-07 12:27:00,4983.0,4983.0,4979.0,4979.0
31731,2024-06-07 12:28:00,4979.05,4979.55,4978.0,4978.0
31732,2024-06-07 12:29:00,4978.05,4979.6,4972.3,4973.35
31733,2024-06-07 12:30:00,4973.5,4976.4,4970.05,4973.4
31734,2024-06-07 12:31:00,4970.2,4972.45,4967.0,4967.0
31735,2024-06-07 12:32:00,4968.2,4969.0,4964.15,4966.1
31736,2024-06-07 12:33:00,4968.95,4968.95,4965.0,4966.05
31737,2024-06-07 12:34:00,4965.05,4969.2,4963.2,4969.2
31738,2024-06-07 12:35:00,4970.0,4972.95,4968.0,4969.75
31739,2024-06-07 12:36:00,4972.55,4973.75,4969.95,4972.45
31740,2024-06-07 12:37:00,4970.0,4972.4,4970.0,4970.0
31741,2024-06-07 12:38:00,4971.7,4971.7,4963.4,4968.0
31742,2024-06-07 12:39:00,4970.4,4973.0,4968.6,4970.5
31743,2024-06-07 12:40:00,4971.6,4974.0,4971.6,4973.7
31744,2024-06-07 12:41:00,4973.05,4973.05,4972.0,4972.0
31745,2024-06-07 12:42:00,4972.15,4972.15,4970.0,4970.0
31746,2024-06-07 12:43:00,4970.05,4971.1,4969.0,4969.0
31747,2024-06-07 12:44:00,4970.0,4970.0,4965.0,4965.0
31748,2024-06-07 12:45:00,4965.05,4965.05,4959.05,4962.0
31749,2024-06-07 12:46:00,4961.8,4962.0,4958.1,4960.65
31750,2024-06-07 12:47:00,4960.45,4960.5,4952.1,4952.1
31751,2024-06-07 12:48:00,4952.0,4954.8,4951.7,4954.45
31752,2024-06-07 12:49:00,4953.0,4954.5,4951.1,4954.1
31753,2024-06-07 12:50:00,4952.35,4953.7,4951.1,4952.95
31754,2024-06-07 12:51:00,4951.35,4955.0,4951.0,4954.95
31755,2024-06-07 12:52:00,4952.45,4954.95,4952.0,4954.35
31756,2024-06-07 12:53:00,4954.95,4955.0,4950.6,4952.0
31757,2024-06-07 12:54:00,4954.35,4955.25,4950.6,4953.35
31758,2024-06-07 12:55:00,4953.9,4953.9,4949.8,4950.25
31759,2024-06-07 12:56:00,4950.0,4953.4,4950.0,4950.0
31760,2024-06-07 12:57:00,4951.75,4954.85,4950.0,4954.75
31761,2024-06-07 12:58:00,4956.2,4964.5,4956.2,4964.0
31762,2024-06-07 12:59:00,4963.95,4966.5,4962.9,4964.0
31763,2024-06-07 13:00:00,4963.85,4966.5,4960.65,4965.3
31764,2024-06-07 13:01:00,4966.0,4966.0,4963.15,4964.0
31765,2024-06-07 13:02:00,4965.9,4965.9,4963.65,4963.95
31766,2024-06-07 13:03:00,4965.0,4965.95,4961.0,4963.95
31767,2024-06-07 13:04:00,4964.0,4966.45,4963.9,4966.4
31768,2024-06-07 13:05:00,4966.45,4971.7,4966.0,4971.7
31769,2024-06-07 13:06:00,4971.95,4975.0,4971.0,4973.0
31770,2024-06-07 13:07:00,4973.8,4975.0,4973.0,4975.0
31771,2024-06-07 13:08:00,4975.05,4975.4,4971.0,4971.0
31772,2024-06-07 13:09:00,4971.05,4972.3,4961.55,4966.1
31773,2024-06-07 13:10:00,4965.0,4967.1,4961.35,4961.35
31774,2024-06-07 13:11:00,4963.8,4963.8,4957.7,4958.3
31775,2024-06-07 13:12:00,4958.4,4960.05,4953.8,4953.8
31776,2024-06-07 13:13:00,4952.0,4957.35,4952.0,4954.2
31777,2024-06-07 13:14:00,4955.35,4958.1,4952.5,4952.5
31778,2024-06-07 13:15:00,4954.3,4954.3,4949.8,4950.1
31779,2024-06-07 13:16:00,4950.0,4950.0,4943.6,4945.15
31780,2024-06-07 13:17:00,4948.2,4960.0,4945.05,4960.0
31781,2024-06-07 13:18:00,4960.75,4963.55,4958.25,4962.95
31782,2024-06-07 13:19:00,4960.65,4975.05,4960.65,4965.35
31783,2024-06-07 13:20:00,4964.0,4965.3,4962.6,4963.6
31784,2024-06-07 13:21:00,4966.4,4966.4,4963.0,4963.0
31785,2024-06-07 13:22:00,4963.75,4963.75,4960.0,4961.5
31786,2024-06-07 13:23:00,4960.05,4960.8,4951.7,4951.7
31787,2024-06-07 13:24:00,4952.35,4964.05,4948.7,4962.05
31788,2024-06-07 13:25:00,4959.8,4964.15,4954.0,4954.65
31789,2024-06-07 13:26:00,4954.0,4956.95,4950.0,4950.35
31790,2024-06-07 13:27:00,4950.25,4952.05,4950.0,4950.85
31791,2024-06-07 13:28:00,4950.4,4952.0,4945.5,4949.05
31792,2024-06-07 13:29:00,4945.8,4949.15,4945.0,4945.0
31793,2024-06-07 13:30:00,4945.05,4949.0,4945.05,4948.05
31794,2024-06-07 13:31:00,4949.0,4953.9,4947.15,4951.05
31795,2024-06-07 13:32:00,4952.7,4953.9,4948.2,4948.2
31796,2024-06-07 13:33:00,4946.95,4950.4,4946.0,4950.35
31797,2024-06-07 13:34:00,4948.25,4950.35,4948.25,4948.45
31798,2024-06-07 13:35:00,4952.75,4952.75,4949.8,4951.0
31799,2024-06-07 13:36:00,4953.15,4953.15,4949.8,4949.8
31800,2024-06-07 13:37:00,4950.0,4953.05,4948.25,4948.25
31801,2024-06-07 13:38:00,4948.3,4953.45,4948.3,4948.7
31802,2024-06-07 13:39:00,4950.15,4950.3,4948.0,4948.5
31803,2024-06-07 13:40:00,4948.15,4950.25,4947.9,4947.9
31804,2024-06-07 13:41:00,4949.5,4949.5,4947.9,4948.0
31805,2024-06-07 13:42:00,4949.0,4950.0,4947.2,4948.35
31806,2024-06-07 13:43:00,4947.0,4949.5,4945.95,4946.8
31807,2024-06-07 13:44:00,4947.95,4949.0,4946.1,4948.5
31808,2024-06-07 13:45:00,4948.55,4960.0,4946.5,4960.0
31809,2024-06-07 13:46:00,4960.4,4967.35,4957.1,4967.35
31810,2024-06-07 13:47:00,4968.0,4970.0,4967.7,4968.65
31811,2024-06-07 13:48:00,4966.3,4972.0,4966.0,4971.05
31812,2024-06-07 13:49:00,4970.0,4972.95,4970.0,4972.0
31813,2024-06-07 13:50:00,4972.2,4972.55,4967.5,4967.55
31814,2024-06-07 13:51:00,4966.1,4970.0,4964.45,4964.45
31815,2024-06-07 13:52:00,4966.15,4966.4,4960.65,4961.5
31816,2024-06-07 13:53:00,4962.15,4962.15,4953.45,4953.9
31817,2024-06-07 13:54:00,4955.95,4956.2,4953.35,4955.75
31818,2024-06-07 13:55:00,4956.2,4959.8,4954.55,4958.1
31819,2024-06-07 13:56:00,4959.85,4961.65,4958.1,4961.05
31820,2024-06-07 13:57:00,4959.55,4959.55,4956.2,4956.85
31821,2024-06-07 13:58:00,4959.0,4959.0,4954.55,4955.6
31822,2024-06-07 13:59:00,4955.9,4958.0,4953.35,4953.35
31823,2024-06-07 14:00:00,4953.6,4955.05,4951.25,4953.0
31824,2024-06-07 14:01:00,4953.35,4958.0,4953.0,4956.55
31825,2024-06-07 14:02:00,4954.95,4958.7,4954.0,4954.95
31826,2024-06-07 14:03:00,4955.0,4958.0,4954.0,4956.5
31827,2024-06-07 14:04:00,4956.15,4962.8,4955.0,4961.05
31828,2024-06-07 14:05:00,4959.65,4972.0,4958.25,4970.0
31829,2024-06-07 14:06:00,4970.05,4970.1,4965.95,4970.0
31830,2024-06-07 14:07:00,4971.85,4971.9,4969.0,4970.05
31831,2024-06-07 14:08:00,4971.5,4971.9,4970.0,4970.2
31832,2024-06-07 14:09:00,4970.45,4974.0,4969.05,4971.55
31833,2024-06-07 14:10:00,4970.55,4972.4,4969.5,4969.8
31834,2024-06-07 14:11:00,4969.5,4971.7,4969.0,4969.0
31835,2024-06-07 14:12:00,4971.3,4971.3,4968.5,4969.65
31836,2024-06-07 14:13:00,4969.5,4970.0,4958.0,4960.2
31837,2024-06-07 14:14:00,4959.5,4960.15,4958.0,4958.1
31838,2024-06-07 14:15:00,4959.65,4959.65,4951.0,4952.55
31839,2024-06-07 14:16:00,4953.65,4957.8,4952.55,4955.15
31840,2024-06-07 14:17:00,4957.3,4957.3,4948.8,4949.6
31841,2024-06-07 14:18:00,4948.55,4953.75,4945.2,4946.5
31842,2024-06-07 14:19:00,4946.15,4948.0,4945.05,4947.95
31843,2024-06-07 14:20:00,4947.9,4960.85,4946.0,4954.05
31844,2024-06-07 14:21:00,4956.5,4956.5,4951.7,4953.8
31845,2024-06-07 14:22:00,4954.35,4955.0,4950.05,4955.0
31846,2024-06-07 14:23:00,4954.95,4954.95,4949.5,4950.9
31847,2024-06-07 14:24:00,4950.0,4954.65,4949.05,4950.5
31848,2024-06-07 14:25:00,4953.0,4953.0,4948.5,4950.0
31849,2024-06-07 14:26:00,4948.5,4952.0,4948.05,4950.0
31850,2024-06-07 14:27:00,4948.45,4952.5,4948.0,4950.55
31851,2024-06-07 14:28:00,4950.0,4951.2,4949.95,4950.05
31852,2024-06-07 14:29:00,4953.0,4954.45,4950.8,4954.0
31853,2024-06-07 14:30:00,4952.9,4958.85,4952.85,4955.4
31854,2024-06-07 14:31:00,4956.45,4959.0,4955.25,4956.3
31855,2024-06-07 14:32:00,4957.0,4961.95,4956.25,4961.45
31856,2024-06-07 14:33:00,4960.6,4960.6,4956.05,4956.15
31857,2024-06-07 14:34:00,4959.0,4960.0,4956.05,4958.55
31858,2024-06-07 14:35:00,4957.5,4960.95,4956.1,4960.0
31859,2024-06-07 14:36:00,4960.15,4962.0,4957.6,4960.05
31860,2024-06-07 14:37:00,4958.25,4961.6,4957.7,4958.45
31861,2024-06-07 14:38:00,4958.35,4960.0,4956.25,4957.95
31862,2024-06-07 14:39:00,4958.25,4959.65,4956.0,4958.7
31863,2024-06-07 14:40:00,4957.2,4966.5,4956.0,4956.0
31864,2024-06-07 14:41:00,4956.05,4960.0,4956.0,4958.05
31865,2024-06-07 14:42:00,4959.35,4960.0,4957.6,4959.95
31866,2024-06-07 14:43:00,4959.6,4960.0,4957.0,4957.05
31867,2024-06-07 14:44:00,4959.95,4975.95,4959.95,4975.95
31868,2024-06-07 14:45:00,4973.8,4977.9,4969.15,4969.15
31869,2024-06-07 14:46:00,4969.2,4971.2,4966.55,4969.75
31870,2024-06-07 14:47:00,4969.95,4971.7,4967.25,4967.25
31871,2024-06-07 14:48:00,4970.0,4973.95,4967.85,4972.4
31872,2024-06-07 14:49:00,4973.95,4975.5,4971.55,4973.05
31873,2024-06-07 14:50:00,4973.0,4977.0,4973.0,4976.0
31874,2024-06-07 14:51:00,4975.0,4976.95,4974.0,4974.0
31875,2024-06-07 14:52:00,4973.0,4975.0,4971.3,4972.9
31876,2024-06-07 14:53:00,4972.4,4977.4,4971.0,4974.35
31877,2024-06-07 14:54:00,4974.55,4977.0,4974.4,4974.95
31878,2024-06-07 14:55:00,4975.25,4975.3,4971.0,4974.7
31879,2024-06-07 14:56:00,4971.3,4974.5,4970.65,4971.5
31880,2024-06-07 14:57:00,4972.65,4976.7,4971.15,4975.9
31881,2024-06-07 14:58:00,4974.8,4985.0,4974.0,4983.25
31882,2024-06-07 14:59:00,4983.4,4983.5,4975.05,4977.0
31883,2024-06-07 15:00:00,4978.0,4978.0,4975.0,4975.0
31884,2024-06-07 15:01:00,4976.65,4977.05,4975.0,4976.7
31885,2024-06-07 15:02:00,4976.0,4981.0,4975.0,4981.0
31886,2024-06-07 15:03:00,4980.25,4981.0,4975.35,4976.0
31887,2024-06-07 15:04:00,4975.55,4979.45,4975.0,4975.9
31888,2024-06-07 15:05:00,4978.0,4980.0,4976.0,4977.95
31889,2024-06-07 15:06:00,4977.0,4984.0,4977.0,4984.0
31890,2024-06-07 15:07:00,4981.75,4983.9,4976.0,4976.0
31891,2024-06-07 15:08:00,4976.55,4978.0,4975.7,4977.0
31892,2024-06-07 15:09:00,4977.65,4978.0,4975.0,4978.0
31893,2024-06-07 15:10:00,4977.45,4978.0,4975.0,4976.0
31894,2024-06-07 15:11:00,4975.0,4977.0,4975.0,4977.0
31895,2024-06-07 15:12:00,4976.0,4979.15,4975.0,4979.15
31896,2024-06-07 15:13:00,4978.0,4979.5,4977.0,4978.1
31897,2024-06-07 15:14:00,4979.0,4979.05,4975.0,4975.4
31898,2024-06-07 15:15:00,4975.0,4976.8,4970.55,4973.7
31899,2024-06-07 15:16:00,4973.05,4975.0,4970.0,4972.0
31900,2024-06-07 15:17:00,4970.3,4975.0,4969.75,4970.1
31901,2024-06-07 15:18:00,4971.15,4983.0,4970.05,4979.65
31902,2024-06-07 15:19:00,4981.5,4986.0,4977.85,4979.95
31903,2024-06-07 15:20:00,4983.0,4984.05,4977.75,4977.9
31904,2024-06-07 15:21:00,4977.95,4980.9,4976.35,4980.9
31905,2024-06-07 15:22:00,4980.35,4980.85,4977.0,4978.9
31906,2024-06-07 15:23:00,4979.45,4980.0,4977.25,4978.85
31907,2024-06-07 15:24:00,4979.1,4980.0,4976.1,4979.0
31908,2024-06-07 15:25:00,4978.5,4981.95,4976.15,4977.25
31909,2024-06-07 15:26:00,4977.3,4980.4,4975.05,4979.0
31910,2024-06-07 15:27:00,4978.95,4979.15,4974.2,4978.0
31911,2024-06-07 15:28:00,4979.0,4979.0,4970.0,4970.5
31912,2024-06-07 15:29:00,4970.1,4975.0,4951.05,4970.0
31913,2024-06-10 09:14:00,4977.25,4977.25,4977.25,4977.25
31914,2024-06-10 09:15:00,4978.8,4978.8,4954.95,4959.5
31915,2024-06-10 09:16:00,4967.9,4967.9,4932.2,4947.95
31916,2024-06-10 09:17:00,4947.25,4957.45,4940.05,4944.3
31917,2024-06-10 09:18:00,4944.55,4958.0,4940.0,4943.75
31918,2024-06-10 09:19:00,4943.65,4956.35,4942.15,4942.15
31919,2024-06-10 09:20:00,4946.75,4946.75,4935.05,4945.4
31920,2024-06-10 09:21:00,4941.15,4946.75,4938.2,4938.2
31921,2024-06-10 09:22:00,4940.1,4940.6,4931.2,4931.65
31922,2024-06-10 09:23:00,4930.0,4936.45,4928.25,4928.3
31923,2024-06-10 09:24:00,4932.7,4941.5,4928.85,4932.1
31924,2024-06-10 09:25:00,4935.25,4937.95,4923.0,4927.6
31925,2024-06-10 09:26:00,4926.0,4935.25,4926.0,4930.55
31926,2024-06-10 09:27:00,4933.85,4938.35,4930.0,4930.6
31927,2024-06-10 09:28:00,4930.55,4936.85,4928.0,4928.0
31928,2024-06-10 09:29:00,4931.2,4931.2,4914.1,4923.55
31929,2024-06-10 09:30:00,4924.4,4924.4,4911.1,4918.25
31930,2024-06-10 09:31:00,4915.5,4922.95,4915.5,4919.5
31931,2024-06-10 09:32:00,4922.55,4923.85,4916.1,4916.1
31932,2024-06-10 09:33:00,4917.75,4921.85,4915.0,4918.0
31933,2024-06-10 09:34:00,4916.0,4923.0,4911.0,4922.0
31934,2024-06-10 09:35:00,4920.6,4920.6,4909.0,4911.6
31935,2024-06-10 09:36:00,4910.0,4910.25,4903.75,4906.8
31936,2024-06-10 09:37:00,4906.6,4910.0,4895.65,4904.9
31937,2024-06-10 09:38:00,4902.25,4909.45,4902.25,4905.25
31938,2024-06-10 09:39:00,4908.0,4909.25,4905.0,4908.8
31939,2024-06-10 09:40:00,4909.15,4912.15,4906.15,4908.0
31940,2024-06-10 09:41:00,4907.4,4917.55,4905.05,4917.45
31941,2024-06-10 09:42:00,4917.7,4918.0,4906.15,4913.0
31942,2024-06-10 09:43:00,4910.55,4915.85,4909.0,4913.25
31943,2024-06-10 09:44:00,4912.3,4918.4,4910.0,4915.7
31944,2024-06-10 09:45:00,4915.5,4918.75,4906.0,4909.45
31945,2024-06-10 09:46:00,4906.0,4908.9,4901.05,4903.55
31946,2024-06-10 09:47:00,4905.0,4908.7,4904.25,4907.55
31947,2024-06-10 09:48:00,4907.7,4908.8,4905.25,4905.25
31948,2024-06-10 09:49:00,4908.45,4908.8,4898.65,4898.65
31949,2024-06-10 09:50:00,4898.7,4904.0,4890.15,4893.95
31950,2024-06-10 09:51:00,4891.1,4898.8,4891.1,4897.7
31951,2024-06-10 09:52:00,4895.05,4897.65,4890.0,4893.0
31952,2024-06-10 09:53:00,4895.0,4900.0,4895.0,4897.0
31953,2024-06-10 09:54:00,4897.05,4901.8,4890.95,4901.65
31954,2024-06-10 09:55:00,4900.9,4900.9,4890.5,4891.0
31955,2024-06-10 09:56:00,4890.6,4890.8,4885.75,4890.0
31956,2024-06-10 09:57:00,4888.0,4896.8,4888.0,4892.55
31957,2024-06-10 09:58:00,4895.4,4895.4,4882.05,4882.05
31958,2024-06-10 09:59:00,4885.0,4887.95,4880.25,4880.25
31959,2024-06-10 10:00:00,4880.1,4882.0,4875.0,4877.35
31960,2024-06-10 10:01:00,4875.0,4878.65,4870.0,4876.9
31961,2024-06-10 10:02:00,4878.0,4878.0,4871.0,4875.0
31962,2024-06-10 10:03:00,4872.0,4877.35,4870.1,4873.75
31963,2024-06-10 10:04:00,4866.45,4871.0,4865.0,4871.0
31964,2024-06-10 10:05:00,4872.1,4874.15,4868.0,4873.4
31965,2024-06-10 10:06:00,4871.05,4875.9,4868.9,4873.0
31966,2024-06-10 10:07:00,4875.3,4880.0,4873.15,4880.0
31967,2024-06-10 10:08:00,4879.1,4879.1,4869.05,4871.55
31968,2024-06-10 10:09:00,4871.8,4880.0,4871.8,4880.0
31969,2024-06-10 10:10:00,4877.9,4886.0,4876.0,4886.0
31970,2024-06-10 10:11:00,4885.55,4888.65,4884.0,4886.0
31971,2024-06-10 10:12:00,4885.0,4888.0,4884.0,4885.0
31972,2024-06-10 10:13:00,4884.0,4885.0,4881.05,4882.0
31973,2024-06-10 10:14:00,4881.05,4881.05,4876.45,4876.45
31974,2024-06-10 10:15:00,4878.5,4879.0,4872.0,4872.0
31975,2024-06-10 10:16:00,4872.9,4873.0,4870.0,4873.0
31976,2024-06-10 10:17:00,4872.15,4875.0,4871.4,4874.95
31977,2024-06-10 10:18:00,4874.05,4874.7,4870.55,4871.05
31978,2024-06-10 10:19:00,4871.0,4875.0,4871.0,4875.0
31979,2024-06-10 10:20:00,4872.6,4875.0,4870.45,4873.85
31980,2024-06-10 10:21:00,4872.5,4873.2,4870.05,4872.0
31981,2024-06-10 10:22:00,4871.05,4877.85,4870.05,4877.85
31982,2024-06-10 10:23:00,4878.3,4879.95,4873.75,4879.75
31983,2024-06-10 10:24:00,4879.45,4883.0,4877.05,4881.3
31984,2024-06-10 10:25:00,4883.0,4884.05,4880.3,4882.0
31985,2024-06-10 10:26:00,4882.5,4882.9,4877.0,4879.0
31986,2024-06-10 10:27:00,4878.0,4878.0,4873.25,4877.15
31987,2024-06-10 10:28:00,4877.3,4878.0,4872.3,4875.05
31988,2024-06-10 10:29:00,4875.5,4881.9,4875.0,4881.9
31989,2024-06-10 10:30:00,4880.45,4880.45,4872.0,4873.3
31990,2024-06-10 10:31:00,4873.25,4873.25,4868.5,4868.5
31991,2024-06-10 10:32:00,4868.95,4869.65,4867.2,4867.5
31992,2024-06-10 10:33:00,4867.45,4869.95,4867.0,4867.95
31993,2024-06-10 10:34:00,4867.9,4874.75,4867.0,4871.2
31994,2024-06-10 10:35:00,4872.3,4876.4,4872.0,4876.3
31995,2024-06-10 10:36:00,4875.85,4875.85,4872.5,4874.35
31996,2024-06-10 10:37:00,4875.0,4876.35,4873.5,4873.95
31997,2024-06-10 10:38:00,4873.4,4875.2,4871.25,4871.25
31998,2024-06-10 10:39:00,4871.95,4873.45,4867.75,4868.2
31999,2024-06-10 10:40:00,4868.55,4875.0,4868.0,4873.95
32000,2024-06-10 10:41:00,4873.25,4874.0,4871.55,4874.0
32001,2024-06-10 10:42:00,4873.95,4874.0,4872.05,4873.55
32002,2024-06-10 10:43:00,4873.0,4874.0,4872.0,4874.0
32003,2024-06-10 10:44:00,4873.4,4874.0,4872.25,4873.0
32004,2024-06-10 10:45:00,4874.0,4874.0,4871.0,4873.1
32005,2024-06-10 10:46:00,4870.4,4875.0,4870.3,4875.0
32006,2024-06-10 10:47:00,4875.35,4886.0,4875.35,4879.8
32007,2024-06-10 10:48:00,4882.05,4885.75,4878.05,4885.0
32008,2024-06-10 10:49:00,4884.0,4884.0,4876.15,4878.65
32009,2024-06-10 10:50:00,4878.55,4878.55,4873.85,4874.0
32010,2024-06-10 10:51:00,4873.6,4874.0,4870.15,4871.8
32011,2024-06-10 10:52:00,4872.0,4873.9,4867.05,4870.0
32012,2024-06-10 10:53:00,4868.55,4870.2,4868.55,4870.1
32013,2024-06-10 10:54:00,4872.0,4872.0,4870.25,4871.35
32014,2024-06-10 10:55:00,4871.55,4873.95,4871.5,4873.7
32015,2024-06-10 10:56:00,4873.65,4880.0,4873.0,4876.65
32016,2024-06-10 10:57:00,4879.6,4879.6,4876.2,4879.0
32017,2024-06-10 10:58:00,4878.35,4882.35,4877.0,4882.35
32018,2024-06-10 10:59:00,4881.05,4884.0,4881.0,4881.0
32019,2024-06-10 11:00:00,4883.8,4885.85,4880.0,4885.85
32020,2024-06-10 11:01:00,4885.8,4887.65,4884.0,4887.15
32021,2024-06-10 11:02:00,4887.85,4887.85,4884.0,4887.25
32022,2024-06-10 11:03:00,4886.8,4891.0,4885.55,4891.0
32023,2024-06-10 11:04:00,4890.0,4892.0,4889.65,4891.0
32024,2024-06-10 11:05:00,4891.3,4891.5,4890.05,4891.0
32025,2024-06-10 11:06:00,4890.05,4892.0,4888.6,4888.6
32026,2024-06-10 11:07:00,4891.15,4891.3,4883.55,4883.95
32027,2024-06-10 11:08:00,4885.0,4896.95,4883.6,4896.95
32028,2024-06-10 11:09:00,4897.95,4900.45,4897.65,4900.0
32029,2024-06-10 11:10:00,4901.45,4904.95,4900.0,4904.95
32030,2024-06-10 11:11:00,4903.75,4905.8,4903.1,4904.0
32031,2024-06-10 11:12:00,4905.0,4906.0,4900.75,4903.85
32032,2024-06-10 11:13:00,4903.95,4905.7,4901.2,4904.4
32033,2024-06-10 11:14:00,4904.95,4910.0,4904.6,4910.0
32034,2024-06-10 11:15:00,4908.05,4912.9,4907.15,4912.0
32035,2024-06-10 11:16:00,4910.65,4913.0,4908.7,4912.0
32036,2024-06-10 11:17:00,4911.15,4912.0,4909.0,4909.05
32037,2024-06-10 11:18:00,4909.0,4910.95,4905.65,4905.65
32038,2024-06-10 11:19:00,4908.25,4911.95,4905.65,4911.9
32039,2024-06-10 11:20:00,4909.5,4913.05,4909.15,4911.05
32040,2024-06-10 11:21:00,4911.5,4920.0,4911.5,4919.5
32041,2024-06-10 11:22:00,4919.65,4920.0,4917.15,4917.5
32042,2024-06-10 11:23:00,4919.95,4920.0,4917.5,4920.0
32043,2024-06-10 11:24:00,4919.0,4920.0,4916.9,4916.95
32044,2024-06-10 11:25:00,4917.5,4919.0,4915.0,4919.0
32045,2024-06-10 11:26:00,4918.15,4920.0,4915.8,4917.05
32046,2024-06-10 11:27:00,4917.0,4917.05,4916.6,4917.0
32047,2024-06-10 11:28:00,4916.8,4917.0,4913.2,4913.2
32048,2024-06-10 11:29:00,4914.1,4916.8,4911.55,4911.55
32049,2024-06-10 11:30:00,4911.6,4914.55,4910.0,4911.6
32050,2024-06-10 11:31:00,4910.1,4915.4,4910.0,4912.35
32051,2024-06-10 11:32:00,4913.15,4913.15,4910.0,4912.0
32052,2024-06-10 11:33:00,4911.0,4915.9,4910.95,4913.75
32053,2024-06-10 11:34:00,4913.2,4915.9,4913.0,4913.0
32054,2024-06-10 11:35:00,4914.55,4914.95,4910.7,4910.7
32055,2024-06-10 11:36:00,4913.45,4913.65,4910.35,4913.0
32056,2024-06-10 11:37:00,4913.6,4913.6,4910.1,4912.0
32057,2024-06-10 11:38:00,4913.15,4913.6,4911.0,4913.0
32058,2024-06-10 11:39:00,4912.95,4913.0,4912.0,4912.9
32059,2024-06-10 11:40:00,4911.25,4913.0,4906.0,4907.3
32060,2024-06-10 11:41:00,4907.7,4908.9,4904.05,4905.75
32061,2024-06-10 11:42:00,4905.5,4905.75,4900.0,4902.55
32062,2024-06-10 11:43:00,4901.95,4904.0,4900.0,4900.0
32063,2024-06-10 11:44:00,4900.95,4901.0,4899.75,4900.0
32064,2024-06-10 11:45:00,4900.6,4903.95,4900.0,4903.85
32065,2024-06-10 11:46:00,4903.9,4904.0,4900.05,4904.0
32066,2024-06-10 11:47:00,4902.35,4907.6,4902.05,4905.65
32067,2024-06-10 11:48:00,4909.35,4909.5,4903.55,4906.75
32068,2024-06-10 11:49:00,4907.5,4909.85,4905.05,4909.8
32069,2024-06-10 11:50:00,4909.45,4909.5,4906.05,4908.1
32070,2024-06-10 11:51:00,4906.05,4910.0,4906.0,4907.4
32071,2024-06-10 11:52:00,4910.0,4913.0,4907.3,4909.7
32072,2024-06-10 11:53:00,4913.0,4913.9,4910.0,4910.0
32073,2024-06-10 11:54:00,4911.95,4913.35,4910.0,4913.35
32074,2024-06-10 11:55:00,4912.0,4914.85,4912.0,4913.2
32075,2024-06-10 11:56:00,4913.75,4914.0,4910.0,4910.15
32076,2024-06-10 11:57:00,4911.15,4913.0,4910.15,4912.25
32077,2024-06-10 11:58:00,4911.25,4911.25,4909.05,4911.25
32078,2024-06-10 11:59:00,4911.35,4912.85,4907.4,4910.0
32079,2024-06-10 12:00:00,4909.75,4910.0,4906.85,4907.25
32080,2024-06-10 12:01:00,4907.15,4909.6,4906.1,4907.15
32081,2024-06-10 12:02:00,4906.9,4908.85,4905.0,4906.1
32082,2024-06-10 12:03:00,4906.65,4907.05,4903.6,4903.6
32083,2024-06-10 12:04:00,4906.3,4910.95,4903.1,4908.45
32084,2024-06-10 12:05:00,4910.8,4910.8,4903.3,4903.45
32085,2024-06-10 12:06:00,4903.0,4904.0,4901.05,4903.3
32086,2024-06-10 12:07:00,4902.05,4905.4,4902.05,4905.25
32087,2024-06-10 12:08:00,4903.3,4905.95,4903.0,4903.05
32088,2024-06-10 12:09:00,4905.0,4905.3,4902.0,4904.9
32089,2024-06-10 12:10:00,4905.0,4905.0,4903.35,4904.9
32090,2024-06-10 12:11:00,4904.2,4904.9,4903.3,4903.3
32091,2024-06-10 12:12:00,4904.1,4904.45,4902.05,4902.05
32092,2024-06-10 12:13:00,4902.9,4903.75,4902.0,4903.75
32093,2024-06-10 12:14:00,4902.1,4904.0,4900.95,4903.95
32094,2024-06-10 12:15:00,4904.0,4904.0,4901.35,4902.0
32095,2024-06-10 12:16:00,4903.0,4904.2,4902.0,4903.9
32096,2024-06-10 12:17:00,4904.0,4904.35,4900.95,4900.95
32097,2024-06-10 12:18:00,4901.15,4904.8,4901.0,4903.45
32098,2024-06-10 12:19:00,4901.2,4904.0,4900.05,4902.0
32099,2024-06-10 12:20:00,4902.2,4904.7,4900.25,4901.95
32100,2024-06-10 12:21:00,4902.0,4902.0,4900.15,4902.0
32101,2024-06-10 12:22:00,4900.25,4902.0,4900.05,4901.95
32102,2024-06-10 12:23:00,4902.0,4902.0,4900.1,4900.9
32103,2024-06-10 12:24:00,4902.0,4902.0,4899.05,4901.3
32104,2024-06-10 12:25:00,4901.75,4902.0,4899.95,4902.0
32105,2024-06-10 12:26:00,4901.0,4902.0,4895.0,4898.0
32106,2024-06-10 12:27:00,4900.15,4900.15,4898.55,4900.0
32107,2024-06-10 12:28:00,4900.15,4901.2,4899.55,4899.95
32108,2024-06-10 12:29:00,4900.0,4902.0,4898.55,4901.95
32109,2024-06-10 12:30:00,4902.0,4902.0,4899.95,4900.0
32110,2024-06-10 12:31:00,4899.95,4901.4,4896.55,4899.05
32111,2024-06-10 12:32:00,4899.95,4902.0,4898.15,4900.05
32112,2024-06-10 12:33:00,4900.5,4902.25,4900.05,4902.25
32113,2024-06-10 12:34:00,4902.45,4902.45,4900.15,4901.85
32114,2024-06-10 12:35:00,4900.25,4902.0,4900.05,4901.0
32115,2024-06-10 12:36:00,4901.55,4902.25,4901.0,4901.05
32116,2024-06-10 12:37:00,4901.0,4902.0,4900.1,4901.7
32117,2024-06-10 12:38:00,4900.1,4902.0,4900.05,4902.0
32118,2024-06-10 12:39:00,4901.2,4902.0,4900.35,4900.35
32119,2024-06-10 12:40:00,4902.0,4902.0,4900.3,4900.3
32120,2024-06-10 12:41:00,4901.95,4902.0,4899.95,4899.95
32121,2024-06-10 12:42:00,4900.0,4901.45,4899.95,4900.05
32122,2024-06-10 12:43:00,4901.45,4902.0,4900.05,4900.05
32123,2024-06-10 12:44:00,4901.95,4902.0,4900.05,4900.1
32124,2024-06-10 12:45:00,4902.0,4902.0,4896.8,4896.8
32125,2024-06-10 12:46:00,4900.0,4901.8,4900.0,4901.55
32126,2024-06-10 12:47:00,4901.0,4901.55,4899.95,4899.95
32127,2024-06-10 12:48:00,4900.0,4901.5,4899.95,4901.3
32128,2024-06-10 12:49:00,4901.35,4901.4,4899.75,4901.4
32129,2024-06-10 12:50:00,4901.5,4901.5,4900.05,4900.05
32130,2024-06-10 12:51:00,4901.4,4901.75,4900.0,4901.5
32131,2024-06-10 12:52:00,4900.8,4901.5,4900.0,4900.0
32132,2024-06-10 12:53:00,4901.5,4901.5,4900.0,4901.5
32133,2024-06-10 12:54:00,4900.05,4902.0,4900.05,4902.0
32134,2024-06-10 12:55:00,4901.3,4902.0,4900.9,4900.9
32135,2024-06-10 12:56:00,4902.0,4904.9,4902.0,4902.0
32136,2024-06-10 12:57:00,4901.0,4903.0,4901.0,4901.25
32137,2024-06-10 12:58:00,4903.0,4904.7,4901.0,4902.45
32138,2024-06-10 12:59:00,4901.9,4902.85,4900.0,4900.0
32139,2024-06-10 13:00:00,4902.15,4904.15,4901.0,4901.0
32140,2024-06-10 13:01:00,4902.0,4902.0,4901.0,4902.0
32141,2024-06-10 13:02:00,4900.05,4902.0,4900.0,4900.0
32142,2024-06-10 13:03:00,4901.7,4902.0,4900.05,4900.15
32143,2024-06-10 13:04:00,4902.0,4902.0,4900.0,4901.8
32144,2024-06-10 13:05:00,4900.0,4902.0,4900.0,4900.1
32145,2024-06-10 13:06:00,4902.0,4902.0,4900.15,4902.0
32146,2024-06-10 13:07:00,4901.15,4902.0,4900.3,4901.35
32147,2024-06-10 13:08:00,4901.75,4902.0,4900.5,4900.6
32148,2024-06-10 13:09:00,4902.0,4902.0,4900.65,4902.0
32149,2024-06-10 13:10:00,4900.65,4902.0,4900.65,4901.95
32150,2024-06-10 13:11:00,4900.65,4902.0,4900.65,4900.65
32151,2024-06-10 13:12:00,4902.0,4902.0,4900.65,4900.65
32152,2024-06-10 13:13:00,4902.0,4902.0,4900.65,4902.0
32153,2024-06-10 13:14:00,4900.65,4902.0,4900.0,4900.0
32154,2024-06-10 13:15:00,4901.9,4902.0,4900.0,4901.95
32155,2024-06-10 13:16:00,4902.0,4902.0,4900.05,4901.95
32156,2024-06-10 13:17:00,4902.0,4902.0,4900.2,4900.35
32157,2024-06-10 13:18:00,4902.0,4903.0,4901.2,4903.0
32158,2024-06-10 13:19:00,4900.55,4903.0,4900.2,4902.35
32159,2024-06-10 13:20:00,4902.2,4904.85,4900.2,4903.5
32160,2024-06-10 13:21:00,4903.0,4904.0,4902.2,4903.0
32161,2024-06-10 13:22:00,4904.0,4905.4,4903.0,4905.25
32162,2024-06-10 13:23:00,4905.85,4905.85,4900.7,4903.15
32163,2024-06-10 13:24:00,4903.2,4903.2,4901.0,4903.1
32164,2024-06-10 13:25:00,4903.0,4903.0,4900.55,4903.0
32165,2024-06-10 13:26:00,4902.9,4903.0,4901.0,4903.0
32166,2024-06-10 13:27:00,4901.0,4903.0,4901.0,4903.0
32167,2024-06-10 13:28:00,4903.1,4903.1,4901.2,4902.95
32168,2024-06-10 13:29:00,4902.9,4907.05,4901.2,4907.05
32169,2024-06-10 13:30:00,4908.8,4908.8,4903.55,4903.55
32170,2024-06-10 13:31:00,4903.25,4903.25,4901.2,4902.0
32171,2024-06-10 13:32:00,4901.25,4903.0,4901.2,4903.0
32172,2024-06-10 13:33:00,4901.45,4903.0,4901.45,4902.85
32173,2024-06-10 13:34:00,4903.0,4903.0,4902.7,4902.75
32174,2024-06-10 13:35:00,4902.0,4903.0,4902.0,4902.0
32175,2024-06-10 13:36:00,4903.0,4903.0,4901.2,4902.0
32176,2024-06-10 13:37:00,4902.45,4903.0,4902.0,4902.55
32177,2024-06-10 13:38:00,4902.0,4903.0,4902.0,4903.0
32178,2024-06-10 13:39:00,4904.25,4904.25,4903.0,4903.0
32179,2024-06-10 13:40:00,4903.3,4904.75,4902.55,4904.75
32180,2024-06-10 13:41:00,4905.85,4905.85,4903.15,4904.55
32181,2024-06-10 13:42:00,4905.85,4906.4,4904.55,4906.0
32182,2024-06-10 13:43:00,4906.35,4906.85,4904.6,4904.7
32183,2024-06-10 13:44:00,4906.0,4907.0,4904.75,4904.95
32184,2024-06-10 13:45:00,4904.65,4907.0,4904.6,4907.0
32185,2024-06-10 13:46:00,4906.0,4909.0,4905.05,4907.25
32186,2024-06-10 13:47:00,4907.2,4910.55,4907.1,4909.35
32187,2024-06-10 13:48:00,4908.2,4914.45,4908.0,4911.65
32188,2024-06-10 13:49:00,4911.5,4911.65,4908.0,4908.7
32189,2024-06-10 13:50:00,4908.0,4909.0,4907.0,4909.0
32190,2024-06-10 13:51:00,4908.3,4909.5,4907.6,4908.8
32191,2024-06-10 13:52:00,4909.5,4909.5,4904.55,4905.05
32192,2024-06-10 13:53:00,4905.0,4905.05,4901.45,4902.5
32193,2024-06-10 13:54:00,4903.0,4905.35,4902.1,4902.9
32194,2024-06-10 13:55:00,4905.35,4907.65,4903.3,4903.85
32195,2024-06-10 13:56:00,4906.3,4906.3,4903.25,4903.65
32196,2024-06-10 13:57:00,4904.95,4904.95,4903.65,4903.9
32197,2024-06-10 13:58:00,4903.0,4906.9,4902.1,4904.9
32198,2024-06-10 13:59:00,4903.65,4907.55,4903.2,4905.7
32199,2024-06-10 14:00:00,4907.95,4909.55,4905.05,4908.4
32200,2024-06-10 14:01:00,4905.6,4909.35,4904.5,4905.75
32201,2024-06-10 14:02:00,4909.35,4909.35,4906.3,4906.45
32202,2024-06-10 14:03:00,4908.0,4909.5,4907.5,4909.45
32203,2024-06-10 14:04:00,4909.5,4910.0,4907.45,4909.55
32204,2024-06-10 14:05:00,4910.0,4911.0,4908.45,4911.0
32205,2024-06-10 14:06:00,4909.45,4911.0,4908.0,4909.75
32206,2024-06-10 14:07:00,4908.95,4916.0,4908.0,4916.0
32207,2024-06-10 14:08:00,4917.0,4920.3,4916.05,4918.45
32208,2024-06-10 14:09:00,4917.1,4919.35,4917.0,4918.0
32209,2024-06-10 14:10:00,4917.0,4918.0,4915.8,4915.8
32210,2024-06-10 14:11:00,4915.9,4915.9,4912.15,4915.15
32211,2024-06-10 14:12:00,4915.9,4918.0,4912.65,4915.05
32212,2024-06-10 14:13:00,4916.0,4916.1,4914.95,4916.1
32213,2024-06-10 14:14:00,4914.95,4916.1,4912.5,4914.0
32214,2024-06-10 14:15:00,4912.1,4918.0,4912.1,4918.0
32215,2024-06-10 14:16:00,4915.45,4918.4,4914.9,4918.3
32216,2024-06-10 14:17:00,4917.95,4918.4,4917.95,4917.95
32217,2024-06-10 14:18:00,4918.4,4918.4,4917.95,4918.25
32218,2024-06-10 14:19:00,4918.4,4918.4,4917.95,4918.0
32219,2024-06-10 14:20:00,4917.95,4920.9,4917.95,4919.0
32220,2024-06-10 14:21:00,4919.2,4920.8,4917.95,4920.0
32221,2024-06-10 14:22:00,4919.9,4921.55,4918.3,4919.1
32222,2024-06-10 14:23:00,4918.35,4919.4,4917.95,4918.0
32223,2024-06-10 14:24:00,4920.0,4920.0,4917.95,4918.05
32224,2024-06-10 14:25:00,4918.0,4919.85,4917.95,4918.0
32225,2024-06-10 14:26:00,4917.95,4919.0,4917.95,4918.0
32226,2024-06-10 14:27:00,4918.95,4919.0,4912.55,4913.0
32227,2024-06-10 14:28:00,4912.95,4912.95,4905.0,4905.95
32228,2024-06-10 14:29:00,4906.8,4909.45,4903.0,4903.0
32229,2024-06-10 14:30:00,4901.2,4905.4,4900.05,4905.4
32230,2024-06-10 14:31:00,4903.65,4903.65,4900.2,4903.0
32231,2024-06-10 14:32:00,4900.5,4904.0,4900.5,4902.0
32232,2024-06-10 14:33:00,4903.45,4905.0,4902.0,4904.3
32233,2024-06-10 14:34:00,4905.0,4905.85,4901.65,4904.6
32234,2024-06-10 14:35:00,4901.1,4904.55,4900.0,4900.8
32235,2024-06-10 14:36:00,4901.05,4908.3,4900.25,4905.15
32236,2024-06-10 14:37:00,4908.3,4908.3,4903.05,4907.05
32237,2024-06-10 14:38:00,4907.6,4908.0,4904.95,4905.0
32238,2024-06-10 14:39:00,4905.65,4907.95,4905.25,4905.45
32239,2024-06-10 14:40:00,4908.0,4909.85,4906.3,4908.0
32240,2024-06-10 14:41:00,4908.65,4910.15,4907.2,4908.0
32241,2024-06-10 14:42:00,4908.5,4910.6,4908.0,4908.0
32242,2024-06-10 14:43:00,4910.0,4912.2,4908.1,4912.0
32243,2024-06-10 14:44:00,4911.95,4912.0,4908.9,4909.05
32244,2024-06-10 14:45:00,4909.15,4909.15,4905.0,4905.4
32245,2024-06-10 14:46:00,4905.1,4910.25,4905.05,4907.95
32246,2024-06-10 14:47:00,4907.45,4907.45,4905.2,4905.4
32247,2024-06-10 14:48:00,4906.2,4909.4,4905.4,4909.4
32248,2024-06-10 14:49:00,4908.35,4910.0,4906.0,4907.65
32249,2024-06-10 14:50:00,4909.95,4910.0,4906.6,4907.0
32250,2024-06-10 14:51:00,4909.95,4910.7,4906.6,4906.6
32251,2024-06-10 14:52:00,4906.65,4909.45,4905.95,4906.15
32252,2024-06-10 14:53:00,4906.0,4909.45,4905.25,4908.15
32253,2024-06-10 14:54:00,4906.0,4908.5,4905.5,4907.9
32254,2024-06-10 14:55:00,4907.1,4908.75,4906.0,4906.0
32255,2024-06-10 14:56:00,4906.45,4906.45,4905.0,4905.2
32256,2024-06-10 14:57:00,4905.65,4905.65,4904.0,4905.0
32257,2024-06-10 14:58:00,4904.55,4906.0,4904.0,4906.0
32258,2024-06-10 14:59:00,4904.1,4909.1,4904.0,4906.05
32259,2024-06-10 15:00:00,4905.7,4908.0,4905.0,4908.0
32260,2024-06-10 15:01:00,4907.0,4911.2,4907.0,4911.1
32261,2024-06-10 15:02:00,4911.0,4913.1,4906.55,4912.6
32262,2024-06-10 15:03:00,4913.4,4913.6,4911.1,4913.6
32263,2024-06-10 15:04:00,4914.0,4919.0,4912.25,4918.1
32264,2024-06-10 15:05:00,4915.05,4917.2,4906.05,4910.9
32265,2024-06-10 15:06:00,4909.25,4912.0,4902.95,4903.95
32266,2024-06-10 15:07:00,4905.0,4905.0,4902.45,4904.85
32267,2024-06-10 15:08:00,4904.6,4904.95,4902.0,4904.35
32268,2024-06-10 15:09:00,4904.45,4905.0,4900.6,4905.0
32269,2024-06-10 15:10:00,4904.05,4905.0,4902.05,4903.5
32270,2024-06-10 15:11:00,4903.0,4905.0,4902.15,4904.15
32271,2024-06-10 15:12:00,4905.0,4905.0,4901.3,4904.0
32272,2024-06-10 15:13:00,4903.05,4905.0,4900.55,4903.0
32273,2024-06-10 15:14:00,4901.55,4905.0,4900.45,4905.0
32274,2024-06-10 15:15:00,4902.0,4905.85,4900.35,4904.95
32275,2024-06-10 15:16:00,4904.9,4904.95,4900.05,4903.15
32276,2024-06-10 15:17:00,4904.0,4904.0,4900.0,4902.0
32277,2024-06-10 15:18:00,4901.65,4902.0,4895.55,4897.6
32278,2024-06-10 15:19:00,4899.0,4900.5,4895.0,4897.2
32279,2024-06-10 15:20:00,4898.65,4900.0,4895.05,4896.4
32280,2024-06-10 15:21:00,4896.35,4899.45,4895.0,4897.55
32281,2024-06-10 15:22:00,4895.2,4899.55,4895.0,4896.55
32282,2024-06-10 15:23:00,4897.0,4899.95,4895.0,4899.95
32283,2024-06-10 15:24:00,4900.0,4902.0,4898.05,4900.85
32284,2024-06-10 15:25:00,4900.65,4901.75,4897.35,4901.0
32285,2024-06-10 15:26:00,4901.55,4901.8,4898.85,4900.0
32286,2024-06-10 15:27:00,4899.95,4900.0,4898.0,4898.0
32287,2024-06-10 15:28:00,4898.05,4900.0,4898.0,4899.95
32288,2024-06-10 15:29:00,4898.0,4898.75,4896.0,4898.0
32289,2024-06-11 09:15:00,4915.25,4918.1,4903.75,4914.6
32290,2024-06-11 09:16:00,4914.8,4916.9,4907.85,4909.6
32291,2024-06-11 09:17:00,4907.1,4912.55,4901.6,4906.2
32292,2024-06-11 09:18:00,4904.6,4909.45,4901.6,4901.6
32293,2024-06-11 09:19:00,4904.95,4927.85,4901.55,4925.75
32294,2024-06-11 09:20:00,4926.75,4938.0,4923.3,4938.0
32295,2024-06-11 09:21:00,4937.65,4940.8,4931.0,4939.55
32296,2024-06-11 09:22:00,4936.1,4939.6,4936.0,4938.05
32297,2024-06-11 09:23:00,4933.05,4933.95,4927.2,4927.25
32298,2024-06-11 09:24:00,4928.15,4933.95,4927.45,4931.25
32299,2024-06-11 09:25:00,4931.8,4931.8,4925.9,4929.45
32300,2024-06-11 09:26:00,4928.0,4929.65,4920.0,4920.0
32301,2024-06-11 09:27:00,4922.0,4924.9,4919.0,4921.0
32302,2024-06-11 09:28:00,4920.0,4920.0,4915.6,4918.0
32303,2024-06-11 09:29:00,4925.3,4928.25,4921.45,4924.9
32304,2024-06-11 09:30:00,4924.85,4924.85,4921.0,4921.0
32305,2024-06-11 09:31:00,4920.0,4920.0,4916.1,4919.2
32306,2024-06-11 09:32:00,4916.85,4919.95,4914.75,4919.95
32307,2024-06-11 09:33:00,4920.0,4920.0,4916.0,4918.9
32308,2024-06-11 09:34:00,4917.2,4919.0,4916.05,4916.05
32309,2024-06-11 09:35:00,4919.0,4920.0,4916.0,4919.6
32310,2024-06-11 09:36:00,4919.95,4920.0,4916.25,4920.0
32311,2024-06-11 09:37:00,4916.9,4920.0,4913.55,4913.55
32312,2024-06-11 09:38:00,4915.3,4915.3,4904.15,4906.4
32313,2024-06-11 09:39:00,4906.6,4912.45,4906.25,4909.25
32314,2024-06-11 09:40:00,4907.65,4912.25,4907.55,4909.75
32315,2024-06-11 09:41:00,4912.05,4914.35,4911.95,4913.9
32316,2024-06-11 09:42:00,4912.05,4915.0,4912.05,4912.55
32317,2024-06-11 09:43:00,4912.6,4915.0,4912.5,4914.1
32318,2024-06-11 09:44:00,4913.5,4915.0,4912.0,4913.75
32319,2024-06-11 09:45:00,4912.0,4913.95,4909.55,4913.0
32320,2024-06-11 09:46:00,4911.0,4914.35,4911.0,4914.35
32321,2024-06-11 09:47:00,4911.4,4914.05,4911.0,4911.8
32322,2024-06-11 09:48:00,4911.0,4913.65,4910.0,4913.6
32323,2024-06-11 09:49:00,4911.95,4914.7,4911.95,4914.7
32324,2024-06-11 09:50:00,4913.5,4915.0,4913.5,4915.0
32325,2024-06-11 09:51:00,4914.05,4915.0,4914.05,4915.0
32326,2024-06-11 09:52:00,4914.5,4915.0,4914.15,4914.15
32327,2024-06-11 09:53:00,4915.0,4915.0,4910.25,4911.0
32328,2024-06-11 09:54:00,4910.25,4913.95,4910.15,4913.95
32329,2024-06-11 09:55:00,4913.2,4914.95,4911.0,4914.95
32330,2024-06-11 09:56:00,4913.0,4913.55,4908.05,4911.35
32331,2024-06-11 09:57:00,4909.5,4911.4,4903.5,4904.0
32332,2024-06-11 09:58:00,4904.15,4909.45,4904.0,4905.6
32333,2024-06-11 09:59:00,4907.55,4909.45,4906.55,4907.05
32334,2024-06-11 10:00:00,4909.4,4909.45,4907.2,4907.55
32335,2024-06-11 10:01:00,4905.15,4907.6,4904.0,4906.05
32336,2024-06-11 10:02:00,4904.0,4906.05,4902.0,4902.95
32337,2024-06-11 10:03:00,4902.55,4908.0,4902.55,4908.0
32338,2024-06-11 10:04:00,4909.0,4909.0,4908.0,4909.0
32339,2024-06-11 10:05:00,4909.5,4910.85,4908.0,4909.45
32340,2024-06-11 10:06:00,4908.0,4910.2,4907.5,4909.1
32341,2024-06-11 10:07:00,4907.5,4912.35,4907.5,4912.1
32342,2024-06-11 10:08:00,4910.25,4912.1,4910.25,4912.0
32343,2024-06-11 10:09:00,4912.05,4913.0,4911.25,4913.0
32344,2024-06-11 10:10:00,4914.95,4914.95,4911.3,4913.25
32345,2024-06-11 10:11:00,4911.4,4913.1,4910.05,4911.0
32346,2024-06-11 10:12:00,4912.0,4912.0,4911.0,4912.0
32347,2024-06-11 10:13:00,4911.25,4913.95,4911.0,4913.0
32348,2024-06-11 10:14:00,4913.05,4914.95,4911.05,4911.1
32349,2024-06-11 10:15:00,4911.6,4914.2,4911.6,4914.2
32350,2024-06-11 10:16:00,4913.0,4914.25,4911.9,4912.0
32351,2024-06-11 10:17:00,4913.5,4915.0,4912.3,4915.0
32352,2024-06-11 10:18:00,4914.0,4915.0,4912.55,4913.45
32353,2024-06-11 10:19:00,4915.0,4915.0,4912.55,4912.55
32354,2024-06-11 10:20:00,4912.5,4914.05,4912.0,4914.05
32355,2024-06-11 10:21:00,4912.0,4915.0,4912.0,4914.2
32356,2024-06-11 10:22:00,4912.15,4913.9,4912.15,4912.15
32357,2024-06-11 10:23:00,4912.0,4912.65,4911.9,4912.0
32358,2024-06-11 10:24:00,4911.15,4912.5,4911.0,4912.5
32359,2024-06-11 10:25:00,4911.1,4912.3,4911.1,4912.3
32360,2024-06-11 10:26:00,4911.85,4911.85,4911.0,4911.05
32361,2024-06-11 10:27:00,4911.85,4912.2,4911.0,4911.0
32362,2024-06-11 10:28:00,4912.0,4912.0,4907.05,4909.0
32363,2024-06-11 10:29:00,4909.05,4909.05,4908.0,4908.0
32364,2024-06-11 10:30:00,4906.05,4908.0,4905.1,4906.0
32365,2024-06-11 10:31:00,4905.55,4908.0,4905.55,4907.95
32366,2024-06-11 10:32:00,4908.0,4908.0,4905.55,4905.7
32367,2024-06-11 10:33:00,4905.65,4907.75,4905.65,4906.0
32368,2024-06-11 10:34:00,4907.85,4907.95,4903.95,4905.0
32369,2024-06-11 10:35:00,4903.5,4905.1,4903.0,4905.0
32370,2024-06-11 10:36:00,4903.35,4908.0,4902.4,4908.0
32371,2024-06-11 10:37:00,4907.95,4908.0,4905.6,4906.7
32372,2024-06-11 10:38:00,4907.4,4907.4,4905.45,4907.4
32373,2024-06-11 10:39:00,4907.0,4910.15,4907.0,4909.9
32374,2024-06-11 10:40:00,4912.0,4915.95,4912.0,4914.55
32375,2024-06-11 10:41:00,4914.4,4914.5,4911.6,4912.45
32376,2024-06-11 10:42:00,4914.95,4920.45,4912.85,4913.0
32377,2024-06-11 10:43:00,4912.2,4912.2,4907.55,4910.15
32378,2024-06-11 10:44:00,4910.05,4910.05,4907.45,4907.45
32379,2024-06-11 10:45:00,4907.0,4911.0,4907.0,4908.05
32380,2024-06-11 10:46:00,4909.55,4910.85,4906.8,4909.5
32381,2024-06-11 10:47:00,4909.45,4909.45,4908.2,4908.2
32382,2024-06-11 10:48:00,4907.25,4909.55,4907.05,4909.0
32383,2024-06-11 10:49:00,4909.1,4909.1,4907.25,4909.0
32384,2024-06-11 10:50:00,4906.55,4906.55,4905.75,4905.75
32385,2024-06-11 10:51:00,4906.0,4907.3,4905.0,4907.15
32386,2024-06-11 10:52:00,4907.05,4907.9,4905.7,4905.85
32387,2024-06-11 10:53:00,4907.9,4908.95,4906.2,4907.55
32388,2024-06-11 10:54:00,4906.75,4918.25,4906.75,4918.25
32389,2024-06-11 10:55:00,4915.2,4919.0,4915.2,4918.2
32390,2024-06-11 10:56:00,4916.35,4918.9,4907.0,4915.0
32391,2024-06-11 10:57:00,4917.3,4917.35,4912.4,4912.55
32392,2024-06-11 10:58:00,4912.65,4912.65,4911.65,4912.55
32393,2024-06-11 10:59:00,4911.05,4917.15,4910.55,4915.1
32394,2024-06-11 11:00:00,4915.35,4917.3,4913.0,4913.0
32395,2024-06-11 11:01:00,4914.25,4915.0,4911.4,4911.7
32396,2024-06-11 11:02:00,4914.1,4914.55,4911.6,4914.05
32397,2024-06-11 11:03:00,4910.0,4913.5,4908.65,4911.25
32398,2024-06-11 11:04:00,4911.5,4911.8,4909.35,4911.05
32399,2024-06-11 11:05:00,4913.9,4915.0,4912.0,4914.75
32400,2024-06-11 11:06:00,4912.05,4914.35,4910.25,4910.25
32401,2024-06-11 11:07:00,4910.3,4912.6,4910.25,4910.25
32402,2024-06-11 11:08:00,4912.45,4913.4,4910.3,4913.4
32403,2024-06-11 11:09:00,4912.8,4913.2,4911.4,4913.15
32404,2024-06-11 11:10:00,4913.0,4913.0,4911.4,4913.0
32405,2024-06-11 11:11:00,4911.5,4913.0,4911.0,4913.0
32406,2024-06-11 11:12:00,4911.0,4912.35,4911.0,4912.35
32407,2024-06-11 11:13:00,4911.0,4912.25,4911.0,4912.25
32408,2024-06-11 11:14:00,4911.05,4912.0,4911.0,4912.0
32409,2024-06-11 11:15:00,4911.0,4912.0,4910.0,4911.8
32410,2024-06-11 11:16:00,4910.0,4911.65,4910.0,4910.0
32411,2024-06-11 11:17:00,4911.05,4914.95,4910.0,4914.95
32412,2024-06-11 11:18:00,4915.0,4915.15,4910.65,4910.65
32413,2024-06-11 11:19:00,4911.1,4913.4,4911.1,4913.4
32414,2024-06-11 11:20:00,4912.25,4916.9,4911.7,4916.9
32415,2024-06-11 11:21:00,4914.95,4914.95,4913.0,4913.0
32416,2024-06-11 11:22:00,4911.5,4914.35,4911.05,4911.05
32417,2024-06-11 11:23:00,4910.3,4913.0,4910.15,4913.0
32418,2024-06-11 11:24:00,4911.2,4913.9,4911.2,4911.25
32419,2024-06-11 11:25:00,4910.65,4911.25,4908.0,4909.9
32420,2024-06-11 11:26:00,4907.0,4909.35,4907.0,4909.25
32421,2024-06-11 11:27:00,4907.0,4908.75,4907.0,4907.0
32422,2024-06-11 11:28:00,4905.5,4906.65,4905.0,4906.0
32423,2024-06-11 11:29:00,4905.0,4906.0,4903.45,4905.05
32424,2024-06-11 11:30:00,4905.0,4905.0,4902.8,4903.8
32425,2024-06-11 11:31:00,4902.1,4904.85,4902.0,4903.0
32426,2024-06-11 11:32:00,4905.5,4908.35,4905.0,4907.95
32427,2024-06-11 11:33:00,4907.0,4908.5,4907.0,4907.6
32428,2024-06-11 11:34:00,4908.95,4909.9,4907.25,4909.2
32429,2024-06-11 11:35:00,4907.05,4909.2,4906.65,4906.65
32430,2024-06-11 11:36:00,4907.0,4909.95,4907.0,4909.95
32431,2024-06-11 11:37:00,4907.15,4909.95,4906.7,4906.85
32432,2024-06-11 11:38:00,4906.9,4909.0,4906.85,4907.5
32433,2024-06-11 11:39:00,4909.8,4911.75,4908.2,4911.65
32434,2024-06-11 11:40:00,4911.45,4911.6,4909.45,4909.45
32435,2024-06-11 11:41:00,4913.95,4915.05,4913.05,4915.0
32436,2024-06-11 11:42:00,4913.35,4916.35,4913.35,4915.0
32437,2024-06-11 11:43:00,4913.0,4914.9,4910.6,4910.6
32438,2024-06-11 11:44:00,4912.15,4912.15,4909.4,4911.35
32439,2024-06-11 11:45:00,4910.5,4910.5,4907.55,4909.85
32440,2024-06-11 11:46:00,4908.8,4911.4,4908.8,4911.4
32441,2024-06-11 11:47:00,4909.55,4911.45,4909.0,4910.0
32442,2024-06-11 11:48:00,4908.9,4917.95,4908.9,4915.0
32443,2024-06-11 11:49:00,4913.55,4916.75,4913.55,4915.25
32444,2024-06-11 11:50:00,4915.45,4916.0,4915.05,4915.45
32445,2024-06-11 11:51:00,4915.05,4915.4,4912.65,4912.65
32446,2024-06-11 11:52:00,4913.55,4915.0,4911.7,4911.7
32447,2024-06-11 11:53:00,4911.65,4912.0,4910.0,4910.0
32448,2024-06-11 11:54:00,4909.5,4915.0,4909.5,4912.75
32449,2024-06-11 11:55:00,4912.0,4913.0,4912.0,4913.0
32450,2024-06-11 11:56:00,4912.0,4913.0,4912.0,4913.0
32451,2024-06-11 11:57:00,4912.05,4913.0,4912.05,4912.05
32452,2024-06-11 11:58:00,4913.0,4913.0,4912.05,4912.05
32453,2024-06-11 11:59:00,4912.5,4912.5,4912.05,4912.1
32454,2024-06-11 12:00:00,4912.5,4912.5,4912.05,4912.05
32455,2024-06-11 12:01:00,4913.2,4917.05,4913.2,4915.45
32456,2024-06-11 12:02:00,4915.5,4918.7,4915.4,4918.7
32457,2024-06-11 12:03:00,4917.0,4918.7,4915.0,4915.5
32458,2024-06-11 12:04:00,4916.6,4917.95,4915.6,4916.2
32459,2024-06-11 12:05:00,4915.0,4917.95,4915.0,4917.9
32460,2024-06-11 12:06:00,4915.0,4918.7,4914.35,4916.75
32461,2024-06-11 12:07:00,4917.75,4917.75,4915.25,4917.35
32462,2024-06-11 12:08:00,4915.7,4918.9,4915.7,4918.8
32463,2024-06-11 12:09:00,4916.5,4922.0,4916.5,4922.0
32464,2024-06-11 12:10:00,4920.55,4922.0,4918.6,4922.0
32465,2024-06-11 12:11:00,4920.0,4921.95,4918.65,4919.0
32466,2024-06-11 12:12:00,4920.0,4922.0,4918.55,4921.85
32467,2024-06-11 12:13:00,4919.2,4921.45,4918.35,4920.9
32468,2024-06-11 12:14:00,4919.25,4920.9,4919.25,4920.9
32469,2024-06-11 12:15:00,4919.3,4919.85,4915.55,4918.05
32470,2024-06-11 12:16:00,4915.65,4917.0,4914.0,4917.0
32471,2024-06-11 12:17:00,4916.0,4921.35,4916.0,4918.85
32472,2024-06-11 12:18:00,4918.9,4920.75,4917.3,4920.0
32473,2024-06-11 12:19:00,4917.35,4919.6,4917.3,4917.55
32474,2024-06-11 12:20:00,4917.6,4920.7,4917.0,4917.0
32475,2024-06-11 12:21:00,4916.0,4918.0,4916.0,4918.0
32476,2024-06-11 12:22:00,4916.35,4918.15,4916.0,4918.15
32477,2024-06-11 12:23:00,4916.0,4918.1,4916.0,4916.0
32478,2024-06-11 12:24:00,4917.7,4920.3,4915.85,4920.25
32479,2024-06-11 12:25:00,4920.3,4920.95,4917.15,4918.1
32480,2024-06-11 12:26:00,4917.45,4920.95,4917.45,4917.9
32481,2024-06-11 12:27:00,4917.95,4920.0,4917.95,4918.15
32482,2024-06-11 12:28:00,4918.2,4920.05,4917.2,4920.05
32483,2024-06-11 12:29:00,4917.9,4920.05,4917.9,4919.4
32484,2024-06-11 12:30:00,4919.0,4919.0,4917.95,4918.8
32485,2024-06-11 12:31:00,4917.95,4918.3,4916.0,4918.25
32486,2024-06-11 12:32:00,4916.15,4918.6,4916.0,4918.15
32487,2024-06-11 12:33:00,4917.6,4918.8,4916.05,4916.05
32488,2024-06-11 12:34:00,4916.1,4917.9,4916.0,4916.0
32489,2024-06-11 12:35:00,4917.4,4918.05,4916.0,4916.15
32490,2024-06-11 12:36:00,4918.05,4919.7,4916.0,4919.7
32491,2024-06-11 12:37:00,4919.55,4921.0,4918.15,4920.7
32492,2024-06-11 12:38:00,4918.35,4920.15,4916.2,4917.1
32493,2024-06-11 12:39:00,4919.55,4919.55,4916.3,4918.1
32494,2024-06-11 12:40:00,4916.5,4921.4,4916.5,4919.0
32495,2024-06-11 12:41:00,4918.0,4919.0,4917.0,4917.95
32496,2024-06-11 12:42:00,4918.95,4918.95,4917.95,4918.95
32497,2024-06-11 12:43:00,4917.95,4919.0,4917.95,4917.95
32498,2024-06-11 12:44:00,4918.5,4919.0,4917.95,4919.0
32499,2024-06-11 12:45:00,4917.95,4919.0,4917.95,4919.0
32500,2024-06-11 12:46:00,4917.95,4919.8,4917.95,4919.55
32501,2024-06-11 12:47:00,4917.95,4919.8,4917.95,4919.8
32502,2024-06-11 12:48:00,4918.25,4919.95,4918.0,4919.95
32503,2024-06-11 12:49:00,4918.0,4919.8,4917.95,4917.95
32504,2024-06-11 12:50:00,4919.8,4927.95,4918.05,4925.4
32505,2024-06-11 12:51:00,4925.45,4929.4,4924.5,4924.9
32506,2024-06-11 12:52:00,4924.95,4925.0,4922.35,4922.35
32507,2024-06-11 12:53:00,4922.7,4929.8,4922.7,4925.25
32508,2024-06-11 12:54:00,4927.4,4930.0,4925.65,4930.0
32509,2024-06-11 12:55:00,4928.0,4933.95,4928.0,4930.65
32510,2024-06-11 12:56:00,4932.95,4932.95,4928.45,4930.0
32511,2024-06-11 12:57:00,4929.0,4929.5,4925.2,4925.2
32512,2024-06-11 12:58:00,4922.55,4925.75,4921.95,4925.5
32513,2024-06-11 12:59:00,4923.0,4928.2,4921.65,4926.9
32514,2024-06-11 13:00:00,4923.5,4926.4,4923.0,4923.0
32515,2024-06-11 13:01:00,4923.05,4925.4,4922.8,4925.4
32516,2024-06-11 13:02:00,4921.65,4925.4,4921.65,4922.6
32517,2024-06-11 13:03:00,4922.9,4928.15,4922.9,4926.25
32518,2024-06-11 13:04:00,4926.15,4928.0,4926.15,4926.7
32519,2024-06-11 13:05:00,4927.35,4932.1,4927.35,4930.3
32520,2024-06-11 13:06:00,4932.0,4932.0,4928.65,4928.65
32521,2024-06-11 13:07:00,4929.3,4933.0,4927.7,4933.0
32522,2024-06-11 13:08:00,4931.15,4933.95,4929.0,4931.5
32523,2024-06-11 13:09:00,4931.05,4933.05,4931.05,4932.6
32524,2024-06-11 13:10:00,4933.95,4939.0,4931.35,4934.35
32525,2024-06-11 13:11:00,4935.0,4937.15,4934.4,4934.7
32526,2024-06-11 13:12:00,4935.7,4936.0,4932.05,4932.1
32527,2024-06-11 13:13:00,4934.8,4935.6,4932.1,4935.0
32528,2024-06-11 13:14:00,4933.5,4934.25,4928.15,4928.15
32529,2024-06-11 13:15:00,4930.0,4931.6,4928.4,4928.4
32530,2024-06-11 13:16:00,4928.45,4930.35,4926.55,4927.55
32531,2024-06-11 13:17:00,4927.6,4931.2,4927.6,4930.55
32532,2024-06-11 13:18:00,4929.35,4931.4,4928.75,4930.05
32533,2024-06-11 13:19:00,4928.9,4933.5,4928.75,4932.8
32534,2024-06-11 13:20:00,4932.5,4936.0,4931.9,4933.1
32535,2024-06-11 13:21:00,4933.65,4936.0,4933.4,4934.65
32536,2024-06-11 13:22:00,4934.9,4934.9,4931.2,4932.5
32537,2024-06-11 13:23:00,4931.4,4932.8,4931.2,4932.1
32538,2024-06-11 13:24:00,4931.2,4932.0,4931.2,4932.0
32539,2024-06-11 13:25:00,4931.35,4934.9,4931.35,4934.9
32540,2024-06-11 13:26:00,4934.0,4936.65,4930.0,4935.0
32541,2024-06-11 13:27:00,4933.9,4935.9,4932.7,4934.8
32542,2024-06-11 13:28:00,4933.4,4936.65,4933.4,4936.65
32543,2024-06-11 13:29:00,4935.7,4936.55,4934.7,4936.0
32544,2024-06-11 13:30:00,4938.0,4940.0,4936.15,4937.25
32545,2024-06-11 13:31:00,4939.55,4939.55,4934.0,4936.55
32546,2024-06-11 13:32:00,4934.05,4936.85,4934.05,4936.85
32547,2024-06-11 13:33:00,4935.2,4938.0,4934.6,4937.6
32548,2024-06-11 13:34:00,4935.35,4940.0,4935.3,4940.0
32549,2024-06-11 13:35:00,4939.7,4946.35,4938.6,4941.5
32550,2024-06-11 13:36:00,4943.9,4944.7,4941.1,4942.45
32551,2024-06-11 13:37:00,4941.4,4943.0,4937.4,4939.95
32552,2024-06-11 13:38:00,4937.85,4940.0,4937.65,4939.85
32553,2024-06-11 13:39:00,4938.15,4943.0,4938.15,4941.8
32554,2024-06-11 13:40:00,4940.1,4941.45,4938.2,4940.0
32555,2024-06-11 13:41:00,4939.25,4940.0,4938.5,4938.95
32556,2024-06-11 13:42:00,4938.6,4940.0,4937.5,4940.0
32557,2024-06-11 13:43:00,4937.8,4940.0,4937.5,4940.0
32558,2024-06-11 13:44:00,4938.5,4940.0,4938.5,4939.85
32559,2024-06-11 13:45:00,4939.0,4940.0,4938.5,4938.75
32560,2024-06-11 13:46:00,4938.5,4938.55,4937.5,4938.5
32561,2024-06-11 13:47:00,4937.2,4937.2,4931.7,4933.1
32562,2024-06-11 13:48:00,4934.85,4936.25,4932.05,4935.0
32563,2024-06-11 13:49:00,4933.2,4935.0,4932.15,4934.4
32564,2024-06-11 13:50:00,4932.55,4934.45,4932.15,4933.85
32565,2024-06-11 13:51:00,4932.1,4934.0,4930.0,4934.0
32566,2024-06-11 13:52:00,4933.6,4933.9,4930.95,4933.0
32567,2024-06-11 13:53:00,4931.05,4933.0,4930.9,4932.8
32568,2024-06-11 13:54:00,4931.15,4936.0,4931.15,4935.65
32569,2024-06-11 13:55:00,4932.95,4936.0,4932.95,4935.1
32570,2024-06-11 13:56:00,4934.9,4934.9,4932.55,4934.0
32571,2024-06-11 13:57:00,4933.8,4938.0,4933.8,4938.0
32572,2024-06-11 13:58:00,4936.85,4938.0,4936.85,4938.0
32573,2024-06-11 13:59:00,4938.95,4938.95,4935.45,4937.65
32574,2024-06-11 14:00:00,4936.0,4938.0,4935.0,4936.4
32575,2024-06-11 14:01:00,4937.15,4938.0,4935.3,4935.7
32576,2024-06-11 14:02:00,4937.5,4938.0,4933.35,4934.75
32577,2024-06-11 14:03:00,4933.05,4934.85,4932.1,4932.15
32578,2024-06-11 14:04:00,4932.1,4934.65,4932.0,4934.65
32579,2024-06-11 14:05:00,4932.15,4934.7,4931.05,4934.1
32580,2024-06-11 14:06:00,4932.4,4933.9,4932.4,4933.8
32581,2024-06-11 14:07:00,4931.55,4933.9,4930.0,4933.8
32582,2024-06-11 14:08:00,4931.65,4933.45,4930.0,4933.45
32583,2024-06-11 14:09:00,4931.4,4933.2,4930.0,4932.65
32584,2024-06-11 14:10:00,4930.05,4932.35,4930.0,4931.0
32585,2024-06-11 14:11:00,4930.0,4931.95,4928.0,4931.95
32586,2024-06-11 14:12:00,4929.65,4932.0,4926.1,4928.3
32587,2024-06-11 14:13:00,4926.55,4928.3,4924.0,4927.25
32588,2024-06-11 14:14:00,4925.0,4926.75,4924.55,4925.4
32589,2024-06-11 14:15:00,4924.55,4928.0,4923.65,4928.0
32590,2024-06-11 14:16:00,4925.45,4928.0,4924.0,4926.3
32591,2024-06-11 14:17:00,4924.65,4932.2,4924.65,4926.9
32592,2024-06-11 14:18:00,4926.55,4927.35,4924.1,4927.35
32593,2024-06-11 14:19:00,4926.15,4927.1,4924.1,4926.35
32594,2024-06-11 14:20:00,4924.55,4927.15,4922.25,4925.8
32595,2024-06-11 14:21:00,4922.9,4924.25,4922.05,4923.05
32596,2024-06-11 14:22:00,4922.0,4925.95,4922.0,4925.95
32597,2024-06-11 14:23:00,4924.0,4928.0,4924.0,4925.8
32598,2024-06-11 14:24:00,4925.75,4928.0,4925.75,4927.25
32599,2024-06-11 14:25:00,4926.05,4928.0,4926.05,4928.0
32600,2024-06-11 14:26:00,4927.2,4930.0,4927.15,4930.0
32601,2024-06-11 14:27:00,4929.65,4930.0,4927.35,4927.35
32602,2024-06-11 14:28:00,4928.0,4929.0,4927.35,4928.9
32603,2024-06-11 14:29:00,4928.0,4934.0,4927.35,4934.0
32604,2024-06-11 14:30:00,4933.3,4935.0,4932.05,4932.1
32605,2024-06-11 14:31:00,4933.35,4933.35,4929.0,4929.0
32606,2024-06-11 14:32:00,4929.5,4930.0,4929.0,4929.0
32607,2024-06-11 14:33:00,4929.7,4932.0,4929.0,4929.4
32608,2024-06-11 14:34:00,4931.95,4931.95,4929.1,4930.7
32609,2024-06-11 14:35:00,4931.9,4931.95,4929.15,4929.4
32610,2024-06-11 14:36:00,4929.85,4931.7,4929.15,4931.7
32611,2024-06-11 14:37:00,4929.85,4930.75,4929.0,4929.0
32612,2024-06-11 14:38:00,4930.3,4931.35,4927.9,4930.0
32613,2024-06-11 14:39:00,4929.55,4929.55,4927.6,4927.8
32614,2024-06-11 14:40:00,4929.2,4929.2,4927.95,4928.65
32615,2024-06-11 14:41:00,4929.2,4934.95,4928.0,4933.7
32616,2024-06-11 14:42:00,4934.1,4934.1,4932.3,4933.75
32617,2024-06-11 14:43:00,4931.5,4933.45,4929.9,4932.2
32618,2024-06-11 14:44:00,4929.7,4931.95,4929.55,4931.7
32619,2024-06-11 14:45:00,4930.8,4931.7,4929.55,4929.55
32620,2024-06-11 14:46:00,4927.0,4927.0,4922.45,4922.45
32621,2024-06-11 14:47:00,4922.5,4925.3,4922.25,4922.25
32622,2024-06-11 14:48:00,4924.25,4925.55,4922.25,4922.3
32623,2024-06-11 14:49:00,4923.7,4924.6,4922.25,4922.35
32624,2024-06-11 14:50:00,4924.6,4926.2,4922.35,4924.45
32625,2024-06-11 14:51:00,4925.35,4928.0,4924.7,4926.1
32626,2024-06-11 14:52:00,4926.2,4928.0,4926.2,4928.0
32627,2024-06-11 14:53:00,4926.75,4928.0,4925.15,4926.3
32628,2024-06-11 14:54:00,4925.15,4925.6,4922.3,4922.3
32629,2024-06-11 14:55:00,4922.35,4925.0,4922.25,4924.8
32630,2024-06-11 14:56:00,4922.5,4925.65,4922.5,4925.0
32631,2024-06-11 14:57:00,4922.5,4925.0,4922.5,4923.45
32632,2024-06-11 14:58:00,4925.2,4925.2,4923.6,4925.2
32633,2024-06-11 14:59:00,4924.2,4926.0,4924.2,4924.2
32634,2024-06-11 15:00:00,4924.5,4924.9,4915.15,4917.3
32635,2024-06-11 15:01:00,4915.0,4917.3,4912.05,4914.25
32636,2024-06-11 15:02:00,4913.7,4919.7,4912.55,4918.55
32637,2024-06-11 15:03:00,4916.55,4917.3,4911.65,4912.35
32638,2024-06-11 15:04:00,4912.75,4913.15,4910.95,4912.25
32639,2024-06-11 15:05:00,4910.45,4913.6,4910.0,4913.0
32640,2024-06-11 15:06:00,4911.2,4915.0,4910.8,4910.8
32641,2024-06-11 15:07:00,4910.95,4914.8,4910.2,4914.25
32642,2024-06-11 15:08:00,4914.4,4914.4,4910.0,4910.0
32643,2024-06-11 15:09:00,4910.05,4910.05,4908.0,4908.0
32644,2024-06-11 15:10:00,4908.45,4909.0,4908.0,4908.9
32645,2024-06-11 15:11:00,4908.6,4910.05,4908.5,4910.05
32646,2024-06-11 15:12:00,4909.2,4909.65,4906.2,4906.2
32647,2024-06-11 15:13:00,4905.7,4908.3,4901.65,4901.65
32648,2024-06-11 15:14:00,4901.5,4903.45,4901.05,4902.85
32649,2024-06-11 15:15:00,4902.8,4903.3,4902.5,4902.75
32650,2024-06-11 15:16:00,4903.3,4903.3,4902.55,4902.55
32651,2024-06-11 15:17:00,4902.75,4902.9,4902.5,4902.5
32652,2024-06-11 15:18:00,4902.85,4902.85,4900.05,4900.05
32653,2024-06-11 15:19:00,4900.0,4900.45,4896.8,4898.8
32654,2024-06-11 15:20:00,4897.9,4899.75,4897.0,4897.05
32655,2024-06-11 15:21:00,4897.0,4898.55,4896.6,4898.0
32656,2024-06-11 15:22:00,4897.95,4897.95,4895.35,4895.35
32657,2024-06-11 15:23:00,4896.3,4896.45,4895.25,4895.55
32658,2024-06-11 15:24:00,4895.0,4899.65,4890.3,4899.65
32659,2024-06-11 15:25:00,4895.5,4898.45,4893.8,4894.4
32660,2024-06-11 15:26:00,4896.4,4899.95,4894.0,4895.25
32661,2024-06-11 15:27:00,4894.9,4899.55,4894.9,4899.55
32662,2024-06-11 15:28:00,4898.95,4900.0,4898.95,4900.0
32663,2024-06-11 15:29:00,4899.6,4905.0,4899.0,4901.0
32664,2024-06-12 09:15:00,4958.65,4963.4,4937.7,4962.45
32665,2024-06-12 09:16:00,4962.75,4973.45,4952.35,4967.0
32666,2024-06-12 09:17:00,4965.75,4986.55,4965.45,4985.0
32667,2024-06-12 09:18:00,4984.1,4989.85,4983.15,4986.65
32668,2024-06-12 09:19:00,4986.8,4998.0,4985.15,4995.0
32669,2024-06-12 09:20:00,4992.05,5019.55,4992.05,5018.25
32670,2024-06-12 09:21:00,5018.95,5022.9,5002.1,5011.55
32671,2024-06-12 09:22:00,5011.25,5012.75,4991.05,4995.7
32672,2024-06-12 09:23:00,4996.85,4996.85,4976.4,4979.8
32673,2024-06-12 09:24:00,4979.4,4993.45,4977.0,4982.1
32674,2024-06-12 09:25:00,4980.0,4980.0,4965.0,4973.4
32675,2024-06-12 09:26:00,4975.0,4982.9,4969.35,4980.05
32676,2024-06-12 09:27:00,4982.9,4984.3,4975.05,4983.95
32677,2024-06-12 09:28:00,4981.0,4983.85,4977.15,4980.45
32678,2024-06-12 09:29:00,4980.9,4981.45,4968.5,4968.5
32679,2024-06-12 09:30:00,4969.45,4977.0,4969.45,4975.8
32680,2024-06-12 09:31:00,4974.05,4980.55,4972.0,4975.0
32681,2024-06-12 09:32:00,4979.2,4979.95,4970.0,4973.95
32682,2024-06-12 09:33:00,4970.1,4973.0,4960.0,4963.9
32683,2024-06-12 09:34:00,4963.8,4965.6,4960.0,4962.0
32684,2024-06-12 09:35:00,4961.0,4965.75,4955.0,4962.55
32685,2024-06-12 09:36:00,4965.75,4966.95,4962.5,4966.95
32686,2024-06-12 09:37:00,4965.6,4972.4,4965.0,4970.05
32687,2024-06-12 09:38:00,4969.0,4970.45,4965.0,4967.35
32688,2024-06-12 09:39:00,4965.05,4972.0,4965.05,4971.8
32689,2024-06-12 09:40:00,4971.0,4979.0,4971.0,4975.75
32690,2024-06-12 09:41:00,4974.7,4977.0,4972.7,4976.8
32691,2024-06-12 09:42:00,4977.0,4977.0,4970.85,4971.25
32692,2024-06-12 09:43:00,4972.0,4973.35,4962.95,4965.0
32693,2024-06-12 09:44:00,4962.9,4966.75,4962.9,4964.95
32694,2024-06-12 09:45:00,4964.9,4966.85,4963.3,4966.7
32695,2024-06-12 09:46:00,4964.2,4970.35,4964.2,4968.9
32696,2024-06-12 09:47:00,4969.95,4970.0,4964.15,4968.0
32697,2024-06-12 09:48:00,4967.0,4973.75,4967.0,4973.0
32698,2024-06-12 09:49:00,4971.35,4978.0,4970.35,4978.0
32699,2024-06-12 09:50:00,4976.0,4979.95,4975.1,4977.65
32700,2024-06-12 09:51:00,4978.75,4982.0,4975.0,4981.4
32701,2024-06-12 09:52:00,4981.0,4987.0,4979.45,4985.55
32702,2024-06-12 09:53:00,4985.0,4994.0,4985.0,4990.0
32703,2024-06-12 09:54:00,4989.9,4990.2,4982.5,4985.5
32704,2024-06-12 09:55:00,4985.8,4986.05,4980.0,4980.0
32705,2024-06-12 09:56:00,4982.0,4985.9,4981.0,4982.0
32706,2024-06-12 09:57:00,4984.4,4984.4,4980.0,4980.0
32707,2024-06-12 09:58:00,4980.05,4980.05,4968.0,4969.8
32708,2024-06-12 09:59:00,4969.95,4972.7,4966.6,4970.1
32709,2024-06-12 10:00:00,4970.05,4972.0,4968.0,4971.8
32710,2024-06-12 10:01:00,4969.45,4972.95,4966.65,4970.5
32711,2024-06-12 10:02:00,4969.0,4972.0,4967.9,4971.95
32712,2024-06-12 10:03:00,4970.0,4971.55,4969.0,4970.0
32713,2024-06-12 10:04:00,4969.05,4970.0,4965.1,4965.1
32714,2024-06-12 10:05:00,4968.1,4968.1,4961.0,4964.55
32715,2024-06-12 10:06:00,4964.35,4965.45,4961.15,4962.0
32716,2024-06-12 10:07:00,4964.45,4965.0,4960.0,4961.1
32717,2024-06-12 10:08:00,4962.7,4962.7,4955.0,4958.95
32718,2024-06-12 10:09:00,4959.0,4959.0,4955.9,4959.0
32719,2024-06-12 10:10:00,4957.2,4960.0,4955.4,4960.0
32720,2024-06-12 10:11:00,4959.25,4964.95,4957.35,4964.95
32721,2024-06-12 10:12:00,4962.45,4964.95,4961.25,4963.0
32722,2024-06-12 10:13:00,4964.9,4964.9,4961.45,4964.0
32723,2024-06-12 10:14:00,4964.25,4965.0,4961.7,4962.55
32724,2024-06-12 10:15:00,4964.95,4965.5,4962.55,4965.0
32725,2024-06-12 10:16:00,4964.85,4964.85,4960.0,4960.7
32726,2024-06-12 10:17:00,4960.55,4964.15,4960.55,4964.0
32727,2024-06-12 10:18:00,4963.0,4963.8,4960.0,4960.0
32728,2024-06-12 10:19:00,4960.1,4960.15,4956.0,4956.95
32729,2024-06-12 10:20:00,4958.0,4960.45,4956.0,4960.45
32730,2024-06-12 10:21:00,4957.4,4960.35,4957.05,4958.0
32731,2024-06-12 10:22:00,4960.0,4960.0,4958.0,4958.1
32732,2024-06-12 10:23:00,4958.15,4960.0,4958.15,4959.95
32733,2024-06-12 10:24:00,4959.0,4959.5,4956.0,4958.15
32734,2024-06-12 10:25:00,4956.0,4956.0,4952.0,4952.05
32735,2024-06-12 10:26:00,4954.45,4959.9,4952.0,4954.9
32736,2024-06-12 10:27:00,4959.9,4960.0,4954.8,4959.8
32737,2024-06-12 10:28:00,4955.45,4958.95,4954.6,4957.0
32738,2024-06-12 10:29:00,4955.55,4958.4,4954.6,4955.7
32739,2024-06-12 10:30:00,4957.35,4959.7,4953.3,4959.7
32740,2024-06-12 10:31:00,4958.0,4967.0,4958.0,4965.0
32741,2024-06-12 10:32:00,4964.95,4965.0,4962.05,4964.95
32742,2024-06-12 10:33:00,4963.0,4964.95,4961.95,4964.9
32743,2024-06-12 10:34:00,4962.6,4965.0,4961.95,4964.15
32744,2024-06-12 10:35:00,4961.25,4963.4,4960.0,4962.9
32745,2024-06-12 10:36:00,4961.45,4965.0,4961.2,4962.1
32746,2024-06-12 10:37:00,4964.6,4964.8,4962.05,4962.45
32747,2024-06-12 10:38:00,4964.0,4964.0,4961.05,4964.0
32748,2024-06-12 10:39:00,4961.05,4964.0,4961.05,4961.6
32749,2024-06-12 10:40:00,4961.45,4964.0,4961.1,4961.1
32750,2024-06-12 10:41:00,4961.4,4964.0,4959.0,4960.95
32751,2024-06-12 10:42:00,4960.1,4962.4,4959.55,4960.45
32752,2024-06-12 10:43:00,4959.55,4964.0,4959.05,4960.05
32753,2024-06-12 10:44:00,4963.3,4963.3,4959.05,4960.05
32754,2024-06-12 10:45:00,4959.55,4962.0,4959.55,4961.0
32755,2024-06-12 10:46:00,4962.0,4962.0,4960.3,4961.7
32756,2024-06-12 10:47:00,4960.45,4961.85,4959.5,4959.5
32757,2024-06-12 10:48:00,4959.7,4959.7,4953.05,4954.0
32758,2024-06-12 10:49:00,4954.7,4955.7,4952.0,4952.0
32759,2024-06-12 10:50:00,4952.9,4958.55,4952.9,4958.4
32760,2024-06-12 10:51:00,4955.55,4958.5,4953.3,4957.2
32761,2024-06-12 10:52:00,4958.1,4960.9,4957.15,4960.9
32762,2024-06-12 10:53:00,4960.1,4961.35,4958.05,4960.75
32763,2024-06-12 10:54:00,4961.0,4961.0,4960.7,4960.9
32764,2024-06-12 10:55:00,4960.95,4967.7,4960.95,4965.0
32765,2024-06-12 10:56:00,4964.95,4967.0,4964.0,4965.45
32766,2024-06-12 10:57:00,4965.05,4965.65,4963.35,4965.0
32767,2024-06-12 10:58:00,4963.7,4969.4,4962.15,4967.1
32768,2024-06-12 10:59:00,4965.8,4965.8,4962.15,4964.45
32769,2024-06-12 11:00:00,4964.95,4964.95,4960.5,4960.5
32770,2024-06-12 11:01:00,4961.05,4963.1,4958.0,4959.95
32771,2024-06-12 11:02:00,4958.7,4959.55,4955.6,4959.0
32772,2024-06-12 11:03:00,4956.15,4964.3,4956.15,4964.3
32773,2024-06-12 11:04:00,4962.4,4968.4,4962.4,4967.55
32774,2024-06-12 11:05:00,4965.05,4967.5,4964.85,4965.0
32775,2024-06-12 11:06:00,4964.05,4965.0,4961.45,4963.2
32776,2024-06-12 11:07:00,4964.05,4965.0,4963.05,4964.05
32777,2024-06-12 11:08:00,4964.35,4969.0,4962.2,4965.9
32778,2024-06-12 11:09:00,4965.0,4970.0,4962.55,4964.8
32779,2024-06-12 11:10:00,4964.75,4965.0,4961.55,4964.15
32780,2024-06-12 11:11:00,4963.6,4970.0,4963.6,4969.55
32781,2024-06-12 11:12:00,4969.4,4978.65,4965.2,4978.65
32782,2024-06-12 11:13:00,4979.3,4979.95,4975.05,4977.9
32783,2024-06-12 11:14:00,4977.05,4977.9,4965.75,4969.1
32784,2024-06-12 11:15:00,4967.05,4971.8,4967.05,4970.0
32785,2024-06-12 11:16:00,4969.6,4970.0,4969.25,4970.0
32786,2024-06-12 11:17:00,4969.05,4973.15,4969.0,4969.85
32787,2024-06-12 11:18:00,4969.6,4970.0,4965.65,4969.95
32788,2024-06-12 11:19:00,4970.0,4970.0,4968.0,4970.0
32789,2024-06-12 11:20:00,4969.6,4970.0,4968.55,4970.0
32790,2024-06-12 11:21:00,4969.4,4970.0,4969.4,4970.0
32791,2024-06-12 11:22:00,4968.0,4970.0,4968.0,4970.0
32792,2024-06-12 11:23:00,4969.95,4970.0,4969.65,4970.0
32793,2024-06-12 11:24:00,4969.95,4973.35,4969.95,4973.35
32794,2024-06-12 11:25:00,4974.45,4976.9,4974.0,4975.0
32795,2024-06-12 11:26:00,4975.95,4975.95,4972.0,4973.95
32796,2024-06-12 11:27:00,4974.5,4975.0,4971.6,4974.45
32797,2024-06-12 11:28:00,4975.0,4975.0,4970.0,4970.05
32798,2024-06-12 11:29:00,4970.0,4970.0,4965.85,4968.65
32799,2024-06-12 11:30:00,4968.95,4970.0,4965.4,4968.35
32800,2024-06-12 11:31:00,4968.5,4970.0,4967.6,4970.0
32801,2024-06-12 11:32:00,4968.3,4970.0,4964.75,4970.0
32802,2024-06-12 11:33:00,4968.4,4970.0,4967.65,4969.0
32803,2024-06-12 11:34:00,4968.2,4974.8,4968.2,4969.55
32804,2024-06-12 11:35:00,4969.95,4971.2,4967.65,4970.0
32805,2024-06-12 11:36:00,4964.5,4970.0,4964.5,4968.4
32806,2024-06-12 11:37:00,4968.45,4970.15,4967.05,4969.7
32807,2024-06-12 11:38:00,4970.0,4970.35,4968.55,4970.0
32808,2024-06-12 11:39:00,4970.35,4970.95,4968.55,4969.35
32809,2024-06-12 11:40:00,4969.4,4975.0,4968.55,4975.0
32810,2024-06-12 11:41:00,4974.45,4975.0,4974.0,4975.0
32811,2024-06-12 11:42:00,4975.45,4978.45,4975.45,4978.45
32812,2024-06-12 11:43:00,4977.8,4978.45,4976.0,4976.0
32813,2024-06-12 11:44:00,4978.2,4978.4,4975.55,4978.4
32814,2024-06-12 11:45:00,4978.35,4989.0,4977.05,4987.55
32815,2024-06-12 11:46:00,4988.95,4990.0,4984.8,4985.5
32816,2024-06-12 11:47:00,4988.1,4989.8,4986.15,4987.8
32817,2024-06-12 11:48:00,4988.9,4990.0,4987.8,4989.0
32818,2024-06-12 11:49:00,4988.15,4994.3,4988.15,4994.3
32819,2024-06-12 11:50:00,4992.35,4995.0,4990.65,4992.1
32820,2024-06-12 11:51:00,4991.95,4994.0,4990.4,4990.95
32821,2024-06-12 11:52:00,4993.0,4993.0,4988.55,4988.95
32822,2024-06-12 11:53:00,4988.9,4991.5,4988.75,4991.25
32823,2024-06-12 11:54:00,4991.0,4992.15,4988.0,4989.2
32824,2024-06-12 11:55:00,4989.4,4993.0,4989.4,4992.5
32825,2024-06-12 11:56:00,4993.0,4993.0,4991.05,4992.85
32826,2024-06-12 11:57:00,4992.95,4994.65,4990.0,4994.0
32827,2024-06-12 11:58:00,4994.3,4995.0,4990.65,4993.5
32828,2024-06-12 11:59:00,4994.0,4994.0,4992.1,4993.6
32829,2024-06-12 12:00:00,4993.65,4994.0,4992.35,4994.0
32830,2024-06-12 12:01:00,4993.0,4993.0,4988.0,4989.1
32831,2024-06-12 12:02:00,4990.0,4991.9,4987.0,4988.25
32832,2024-06-12 12:03:00,4989.95,4990.0,4987.65,4990.0
32833,2024-06-12 12:04:00,4988.3,4991.25,4988.3,4990.0
32834,2024-06-12 12:05:00,4988.7,4990.0,4986.5,4989.65
32835,2024-06-12 12:06:00,4989.95,4989.95,4987.75,4989.0
32836,2024-06-12 12:07:00,4989.5,4989.5,4988.0,4988.75
32837,2024-06-12 12:08:00,4989.5,4989.5,4986.75,4988.95
32838,2024-06-12 12:09:00,4989.15,4990.0,4986.15,4986.15
32839,2024-06-12 12:10:00,4987.05,4988.0,4977.3,4984.5
32840,2024-06-12 12:11:00,4985.0,4987.85,4978.0,4982.45
32841,2024-06-12 12:12:00,4983.05,4986.5,4980.85,4983.0
32842,2024-06-12 12:13:00,4980.1,4983.0,4980.0,4983.0
32843,2024-06-12 12:14:00,4982.8,4985.0,4981.0,4981.6
32844,2024-06-12 12:15:00,4983.2,4985.6,4981.05,4985.0
32845,2024-06-12 12:16:00,4983.8,4986.0,4981.75,4985.9
32846,2024-06-12 12:17:00,4986.35,4990.95,4983.15,4983.15
32847,2024-06-12 12:18:00,4984.6,4987.95,4982.55,4984.9
32848,2024-06-12 12:19:00,4985.25,4985.25,4982.0,4983.0
32849,2024-06-12 12:20:00,4983.6,4984.7,4978.0,4979.6
32850,2024-06-12 12:21:00,4979.8,4980.0,4978.0,4980.0
32851,2024-06-12 12:22:00,4978.5,4980.0,4978.25,4979.85
32852,2024-06-12 12:23:00,4980.0,4980.0,4978.0,4979.15
32853,2024-06-12 12:24:00,4979.0,4982.7,4978.45,4978.55
32854,2024-06-12 12:25:00,4979.85,4984.4,4979.0,4980.0
32855,2024-06-12 12:26:00,4979.55,4985.1,4979.0,4982.65
32856,2024-06-12 12:27:00,4980.45,4986.95,4979.6,4981.8
32857,2024-06-12 12:28:00,4986.55,4998.65,4982.1,4998.0
32858,2024-06-12 12:29:00,4996.85,5005.0,4996.85,5002.9
32859,2024-06-12 12:30:00,5005.0,5005.85,5000.0,5000.0
32860,2024-06-12 12:31:00,5001.0,5001.0,4996.05,4999.0
32861,2024-06-12 12:32:00,4997.8,5001.9,4995.85,4999.3
32862,2024-06-12 12:33:00,4998.65,5000.9,4995.35,4999.4
32863,2024-06-12 12:34:00,5000.0,5000.95,4999.0,4999.0
32864,2024-06-12 12:35:00,4999.5,5000.5,4992.25,4996.4
32865,2024-06-12 12:36:00,4998.45,5000.0,4995.6,4997.1
32866,2024-06-12 12:37:00,4997.65,5000.0,4997.1,4999.85
32867,2024-06-12 12:38:00,4997.6,4999.6,4996.7,4997.9
32868,2024-06-12 12:39:00,4998.35,4999.8,4996.1,4999.4
32869,2024-06-12 12:40:00,4999.45,5002.0,4997.15,5000.55
32870,2024-06-12 12:41:00,5002.75,5002.75,5000.0,5002.0
32871,2024-06-12 12:42:00,5000.0,5003.0,5000.0,5000.8
32872,2024-06-12 12:43:00,5000.0,5001.95,5000.0,5000.0
32873,2024-06-12 12:44:00,5000.5,5002.85,5000.05,5000.2
32874,2024-06-12 12:45:00,5000.85,5002.8,5000.0,5000.0
32875,2024-06-12 12:46:00,4999.0,5002.9,4996.25,4998.6
32876,2024-06-12 12:47:00,4999.25,5001.0,4997.0,5000.45
32877,2024-06-12 12:48:00,5000.0,5001.4,4988.3,4990.6
32878,2024-06-12 12:49:00,4993.3,4995.5,4991.0,4993.25
32879,2024-06-12 12:50:00,4990.3,4996.45,4988.95,4996.45
32880,2024-06-12 12:51:00,4996.5,4997.6,4992.2,4994.1
32881,2024-06-12 12:52:00,4995.0,5000.0,4995.0,4998.75
32882,2024-06-12 12:53:00,4999.3,5000.0,4997.0,4997.6
32883,2024-06-12 12:54:00,4998.15,4999.95,4995.0,4995.2
32884,2024-06-12 12:55:00,4996.35,4998.05,4993.0,4996.25
32885,2024-06-12 12:56:00,4996.35,4999.15,4995.8,4997.95
32886,2024-06-12 12:57:00,4995.0,4998.75,4995.0,4998.0
32887,2024-06-12 12:58:00,4997.35,4997.9,4988.15,4988.15
32888,2024-06-12 12:59:00,4989.95,4990.0,4986.55,4989.95
32889,2024-06-12 13:00:00,4989.5,4990.0,4985.15,4987.2
32890,2024-06-12 13:01:00,4987.05,4987.55,4985.6,4987.05
32891,2024-06-12 13:02:00,4986.75,4989.75,4985.8,4985.9
32892,2024-06-12 13:03:00,4986.0,4991.8,4985.85,4991.05
32893,2024-06-12 13:04:00,4990.0,4997.15,4990.0,4995.95
32894,2024-06-12 13:05:00,4994.7,4998.0,4993.1,4996.1
32895,2024-06-12 13:06:00,4996.25,4999.0,4994.8,4999.0
32896,2024-06-12 13:07:00,4998.25,5000.0,4995.85,4998.0
32897,2024-06-12 13:08:00,4997.4,5001.0,4997.4,5000.0
32898,2024-06-12 13:09:00,5000.5,5005.05,5000.0,5001.85
32899,2024-06-12 13:10:00,5000.0,5003.0,5000.0,5000.9
32900,2024-06-12 13:11:00,5000.75,5001.0,4998.0,5000.0
32901,2024-06-12 13:12:00,4999.85,5001.0,4999.7,5000.05
32902,2024-06-12 13:13:00,5000.1,5001.0,5000.0,5000.2
32903,2024-06-12 13:14:00,5000.0,5001.0,5000.0,5000.9
32904,2024-06-12 13:15:00,5001.45,5001.95,5000.0,5000.95
32905,2024-06-12 13:16:00,5000.55,5001.45,4997.8,4997.8
32906,2024-06-12 13:17:00,4999.1,5000.15,4997.8,4999.15
32907,2024-06-12 13:18:00,4998.7,5004.4,4998.05,5003.4
32908,2024-06-12 13:19:00,5003.6,5005.0,5002.1,5002.5
32909,2024-06-12 13:20:00,5003.65,5005.0,5002.5,5005.0
32910,2024-06-12 13:21:00,5003.0,5005.0,5000.0,5000.05
32911,2024-06-12 13:22:00,5000.0,5000.4,4998.25,4999.0
32912,2024-06-12 13:23:00,4999.6,5000.0,4999.0,4999.0
32913,2024-06-12 13:24:00,4999.15,4999.95,4994.0,4997.1
32914,2024-06-12 13:25:00,4997.0,4999.0,4997.0,4997.65
32915,2024-06-12 13:26:00,4997.5,4999.0,4997.0,4997.0
32916,2024-06-12 13:27:00,4997.95,4997.95,4994.05,4994.55
32917,2024-06-12 13:28:00,4994.8,4997.05,4993.0,4996.45
32918,2024-06-12 13:29:00,4995.4,4999.5,4995.4,4997.45
32919,2024-06-12 13:30:00,4998.45,5000.0,4998.4,4999.35
32920,2024-06-12 13:31:00,4999.4,5000.0,4998.75,4999.2
32921,2024-06-12 13:32:00,5000.0,5003.0,4999.2,5002.05
32922,2024-06-12 13:33:00,5003.0,5003.2,5000.0,5000.85
32923,2024-06-12 13:34:00,5000.9,5002.95,5000.0,5000.9
32924,2024-06-12 13:35:00,5001.9,5002.95,5000.7,5001.85
32925,2024-06-12 13:36:00,5001.45,5002.95,5000.45,5000.9
32926,2024-06-12 13:37:00,5000.2,5001.0,4999.2,5000.95
32927,2024-06-12 13:38:00,5000.1,5000.5,5000.0,5000.05
32928,2024-06-12 13:39:00,5000.55,5001.0,5000.0,5000.05
32929,2024-06-12 13:40:00,5000.15,5002.0,5000.0,5000.0
32930,2024-06-12 13:41:00,5000.05,5001.6,5000.0,5000.05
32931,2024-06-12 13:42:00,5000.5,5010.0,5000.4,5009.05
32932,2024-06-12 13:43:00,5008.3,5010.0,5006.05,5008.2
32933,2024-06-12 13:44:00,5006.1,5008.95,5004.65,5006.0
32934,2024-06-12 13:45:00,5006.05,5006.5,5003.95,5004.75
32935,2024-06-12 13:46:00,5004.65,5004.65,5000.0,5000.0
32936,2024-06-12 13:47:00,5000.05,5001.85,5000.0,5000.0
32937,2024-06-12 13:48:00,5000.15,5010.0,4996.05,5001.5
32938,2024-06-12 13:49:00,5001.95,5002.35,4999.65,5000.95
32939,2024-06-12 13:50:00,5000.3,5000.9,4995.0,4997.3
32940,2024-06-12 13:51:00,4996.0,4999.95,4992.8,4997.0
32941,2024-06-12 13:52:00,4997.45,5000.0,4997.45,4999.6
32942,2024-06-12 13:53:00,4998.9,5002.0,4998.15,5000.0
32943,2024-06-12 13:54:00,5000.3,5004.9,5000.3,5002.15
32944,2024-06-12 13:55:00,5003.5,5003.95,5000.85,5003.85
32945,2024-06-12 13:56:00,5003.6,5006.45,5001.05,5006.25
32946,2024-06-12 13:57:00,5006.45,5009.65,5005.6,5008.0
32947,2024-06-12 13:58:00,5008.1,5008.1,5006.0,5006.1
32948,2024-06-12 13:59:00,5007.0,5007.0,5002.9,5003.85
32949,2024-06-12 14:00:00,5002.0,5003.95,5000.0,5001.45
32950,2024-06-12 14:01:00,5000.8,5002.25,5000.0,5000.0
32951,2024-06-12 14:02:00,5000.05,5000.15,4999.65,5000.0
32952,2024-06-12 14:03:00,5000.05,5000.1,4999.65,4999.95
32953,2024-06-12 14:04:00,5000.7,5001.8,4999.9,5000.15
32954,2024-06-12 14:05:00,5000.0,5000.95,5000.0,5000.0
32955,2024-06-12 14:06:00,5000.2,5000.25,4995.4,4995.4
32956,2024-06-12 14:07:00,4995.1,5000.75,4995.1,5000.3
32957,2024-06-12 14:08:00,5000.35,5000.45,4999.0,4999.0
32958,2024-06-12 14:09:00,4998.1,5000.0,4995.4,4998.3
32959,2024-06-12 14:10:00,4998.1,4999.0,4997.3,4998.45
32960,2024-06-12 14:11:00,4998.6,4999.7,4995.3,4999.7
32961,2024-06-12 14:12:00,4999.5,5000.0,4997.0,4999.8
32962,2024-06-12 14:13:00,5000.0,5002.0,4997.3,5002.0
32963,2024-06-12 14:14:00,5001.5,5001.85,4997.65,4999.35
32964,2024-06-12 14:15:00,4998.7,5000.45,4995.95,4999.4
32965,2024-06-12 14:16:00,4999.0,5000.0,4993.0,4993.0
32966,2024-06-12 14:17:00,4993.95,4995.0,4993.95,4994.8
32967,2024-06-12 14:18:00,4994.9,4994.95,4991.75,4991.85
32968,2024-06-12 14:19:00,4992.3,4994.9,4991.3,4994.65
32969,2024-06-12 14:20:00,4994.6,4994.95,4992.7,4994.15
32970,2024-06-12 14:21:00,4994.0,4995.0,4993.0,4994.5
32971,2024-06-12 14:22:00,4994.1,4995.0,4992.65,4993.0
32972,2024-06-12 14:23:00,4993.5,4995.0,4989.45,4991.95
32973,2024-06-12 14:24:00,4991.7,4994.6,4989.45,4993.5
32974,2024-06-12 14:25:00,4992.7,4994.75,4989.9,4994.75
32975,2024-06-12 14:26:00,4994.85,4995.45,4990.9,4993.95
32976,2024-06-12 14:27:00,4993.8,4995.0,4990.05,4991.45
32977,2024-06-12 14:28:00,4993.05,4993.25,4985.85,4985.85
32978,2024-06-12 14:29:00,4986.8,4989.1,4982.1,4982.8
32979,2024-06-12 14:30:00,4984.4,4987.95,4982.4,4982.4
32980,2024-06-12 14:31:00,4983.0,4984.2,4980.9,4981.1
32981,2024-06-12 14:32:00,4981.8,4983.35,4972.8,4972.8
32982,2024-06-12 14:33:00,4972.0,4977.45,4970.15,4973.15
32983,2024-06-12 14:34:00,4973.0,4974.3,4970.0,4970.0
32984,2024-06-12 14:35:00,4969.0,4971.0,4965.0,4967.0
32985,2024-06-12 14:36:00,4969.65,4971.25,4967.05,4970.95
32986,2024-06-12 14:37:00,4971.15,4973.15,4969.45,4970.0
32987,2024-06-12 14:38:00,4969.5,4970.0,4965.55,4967.0
32988,2024-06-12 14:39:00,4968.0,4972.4,4966.5,4970.0
32989,2024-06-12 14:40:00,4971.9,4972.0,4969.1,4970.55
32990,2024-06-12 14:41:00,4970.3,4976.85,4969.75,4974.7
32991,2024-06-12 14:42:00,4976.5,4977.85,4973.5,4976.5
32992,2024-06-12 14:43:00,4977.1,4980.0,4976.2,4978.8
32993,2024-06-12 14:44:00,4979.4,4981.35,4976.2,4976.4
32994,2024-06-12 14:45:00,4976.3,4980.0,4976.0,4979.45
32995,2024-06-12 14:46:00,4979.05,4980.0,4975.6,4977.1
32996,2024-06-12 14:47:00,4978.15,4980.0,4975.95,4979.4
32997,2024-06-12 14:48:00,4979.25,4979.55,4974.9,4977.6
32998,2024-06-12 14:49:00,4978.4,4980.0,4976.75,4979.8
32999,2024-06-12 14:50:00,4979.9,4980.0,4976.4,4979.9
33000,2024-06-12 14:51:00,4979.95,4980.0,4977.0,4979.95
33001,2024-06-12 14:52:00,4980.0,4980.85,4977.0,4980.85
33002,2024-06-12 14:53:00,4979.95,4981.0,4977.0,4979.0
33003,2024-06-12 14:54:00,4979.85,4980.55,4976.55,4978.1
33004,2024-06-12 14:55:00,4978.15,4980.4,4977.0,4977.0
33005,2024-06-12 14:56:00,4978.3,4981.35,4976.95,4981.35
33006,2024-06-12 14:57:00,4983.0,4983.0,4977.3,4980.6
33007,2024-06-12 14:58:00,4979.0,4980.8,4976.55,4977.55
33008,2024-06-12 14:59:00,4977.95,4980.0,4976.75,4979.9
33009,2024-06-12 15:00:00,4980.0,4980.0,4971.9,4975.8
33010,2024-06-12 15:01:00,4974.15,4975.4,4969.0,4971.95
33011,2024-06-12 15:02:00,4972.05,4972.05,4962.3,4966.45
33012,2024-06-12 15:03:00,4963.2,4968.0,4961.0,4961.0
33013,2024-06-12 15:04:00,4961.1,4966.4,4956.05,4966.4
33014,2024-06-12 15:05:00,4965.2,4970.0,4963.1,4968.0
33015,2024-06-12 15:06:00,4968.95,4969.55,4962.0,4965.35
33016,2024-06-12 15:07:00,4965.25,4968.7,4962.0,4966.65
33017,2024-06-12 15:08:00,4968.35,4968.35,4957.9,4958.4
33018,2024-06-12 15:09:00,4958.0,4966.65,4957.0,4961.1
33019,2024-06-12 15:10:00,4960.7,4966.45,4960.6,4961.2
33020,2024-06-12 15:11:00,4961.0,4961.4,4956.0,4960.0
33021,2024-06-12 15:12:00,4959.75,4960.85,4955.9,4957.05
33022,2024-06-12 15:13:00,4957.1,4960.8,4956.7,4960.7
33023,2024-06-12 15:14:00,4961.6,4961.6,4952.05,4952.05
33024,2024-06-12 15:15:00,4954.0,4954.45,4950.0,4952.75
33025,2024-06-12 15:16:00,4950.1,4954.1,4946.45,4948.0
33026,2024-06-12 15:17:00,4947.65,4949.95,4942.0,4945.65
33027,2024-06-12 15:18:00,4948.45,4950.85,4944.0,4946.0
33028,2024-06-12 15:19:00,4947.5,4947.5,4942.0,4943.95
33029,2024-06-12 15:20:00,4942.35,4943.9,4938.35,4941.0
33030,2024-06-12 15:21:00,4940.3,4943.85,4937.85,4939.7
33031,2024-06-12 15:22:00,4938.75,4944.9,4938.75,4939.25
33032,2024-06-12 15:23:00,4940.35,4945.0,4938.0,4943.05
33033,2024-06-12 15:24:00,4943.25,4947.1,4940.0,4942.3
33034,2024-06-12 15:25:00,4944.95,4946.0,4939.35,4941.8
33035,2024-06-12 15:26:00,4941.75,4941.95,4937.0,4939.95
33036,2024-06-12 15:27:00,4939.8,4945.4,4939.4,4944.4
33037,2024-06-12 15:28:00,4945.4,4945.55,4936.05,4942.45
33038,2024-06-12 15:29:00,4942.3,4950.15,4942.2,4945.0
33039,2024-06-13 09:14:00,4996.05,4996.05,4996.05,4996.05
33040,2024-06-13 09:15:00,4974.35,5021.95,4974.35,5014.2
33041,2024-06-13 09:16:00,5015.9,5027.35,5012.7,5020.0
33042,2024-06-13 09:17:00,5016.95,5026.65,5010.05,5020.0
33043,2024-06-13 09:18:00,5018.05,5019.5,5004.95,5008.2
33044,2024-06-13 09:19:00,5004.8,5009.95,5004.1,5008.3
33045,2024-06-13 09:20:00,5008.95,5018.95,5008.3,5010.2
33046,2024-06-13 09:21:00,5005.75,5010.2,5005.55,5008.0
33047,2024-06-13 09:22:00,5006.0,5020.0,5005.2,5020.0
33048,2024-06-13 09:23:00,5019.95,5021.9,5017.0,5018.55
33049,2024-06-13 09:24:00,5018.0,5027.0,5017.65,5024.95
33050,2024-06-13 09:25:00,5025.0,5034.0,5020.8,5033.95
33051,2024-06-13 09:26:00,5032.15,5054.4,5032.15,5047.15
33052,2024-06-13 09:27:00,5050.45,5057.15,5047.0,5053.05
33053,2024-06-13 09:28:00,5056.9,5068.9,5052.45,5068.9
33054,2024-06-13 09:29:00,5067.85,5072.45,5060.8,5063.15
33055,2024-06-13 09:30:00,5062.25,5068.35,5055.3,5060.6
33056,2024-06-13 09:31:00,5063.05,5077.3,5061.0,5076.95
33057,2024-06-13 09:32:00,5075.55,5085.0,5073.45,5085.0
33058,2024-06-13 09:33:00,5082.7,5088.95,5080.0,5081.5
33059,2024-06-13 09:34:00,5082.45,5087.0,5080.1,5083.1
33060,2024-06-13 09:35:00,5084.0,5092.15,5083.0,5090.0
33061,2024-06-13 09:36:00,5086.75,5089.7,5075.0,5079.55
33062,2024-06-13 09:37:00,5078.0,5084.0,5078.0,5080.55
33063,2024-06-13 09:38:00,5081.0,5083.0,5075.0,5078.3
33064,2024-06-13 09:39:00,5078.5,5079.1,5066.85,5070.8
33065,2024-06-13 09:40:00,5068.3,5070.8,5061.15,5069.65
33066,2024-06-13 09:41:00,5069.9,5075.95,5068.85,5072.75
33067,2024-06-13 09:42:00,5073.0,5076.85,5071.0,5076.85
33068,2024-06-13 09:43:00,5074.05,5083.0,5073.55,5080.0
33069,2024-06-13 09:44:00,5081.05,5082.75,5077.0,5079.85
33070,2024-06-13 09:45:00,5077.0,5079.8,5070.8,5071.2
33071,2024-06-13 09:46:00,5073.95,5073.95,5051.05,5053.35
33072,2024-06-13 09:47:00,5054.0,5056.25,5050.0,5053.5
33073,2024-06-13 09:48:00,5051.45,5056.0,5049.05,5050.8
33074,2024-06-13 09:49:00,5050.0,5052.0,5041.3,5044.65
33075,2024-06-13 09:50:00,5046.5,5055.0,5044.1,5053.05
33076,2024-06-13 09:51:00,5052.0,5052.25,5042.65,5049.85
33077,2024-06-13 09:52:00,5049.95,5052.35,5045.1,5045.1
33078,2024-06-13 09:53:00,5045.0,5048.3,5042.5,5042.5
33079,2024-06-13 09:54:00,5042.15,5046.35,5038.0,5039.95
33080,2024-06-13 09:55:00,5037.2,5043.8,5037.2,5040.75
33081,2024-06-13 09:56:00,5040.8,5050.8,5040.8,5049.6
33082,2024-06-13 09:57:00,5046.85,5048.6,5036.8,5038.65
33083,2024-06-13 09:58:00,5040.2,5040.85,5036.2,5038.05
33084,2024-06-13 09:59:00,5038.0,5042.55,5037.4,5040.9
33085,2024-06-13 10:00:00,5039.0,5044.7,5039.0,5041.0
33086,2024-06-13 10:01:00,5040.95,5043.0,5040.35,5041.05
33087,2024-06-13 10:02:00,5043.0,5044.0,5040.0,5040.65
33088,2024-06-13 10:03:00,5043.65,5043.65,5024.7,5026.9
33089,2024-06-13 10:04:00,5024.65,5035.0,5024.65,5035.0
33090,2024-06-13 10:05:00,5034.95,5035.0,5028.0,5031.15
33091,2024-06-13 10:06:00,5032.75,5034.4,5027.3,5027.3
33092,2024-06-13 10:07:00,5027.95,5029.65,5025.0,5025.25
33093,2024-06-13 10:08:00,5025.2,5034.2,5025.2,5031.6
33094,2024-06-13 10:09:00,5032.1,5042.0,5032.1,5041.1
33095,2024-06-13 10:10:00,5042.0,5044.55,5037.1,5040.05
33096,2024-06-13 10:11:00,5045.95,5048.0,5043.15,5044.7
33097,2024-06-13 10:12:00,5047.2,5047.2,5038.0,5038.0
33098,2024-06-13 10:13:00,5040.0,5042.75,5038.0,5042.75
33099,2024-06-13 10:14:00,5043.65,5047.95,5040.0,5046.35
33100,2024-06-13 10:15:00,5046.9,5046.9,5041.4,5045.05
33101,2024-06-13 10:16:00,5042.15,5045.95,5042.0,5045.75
33102,2024-06-13 10:17:00,5043.85,5053.75,5043.85,5050.95
33103,2024-06-13 10:18:00,5053.0,5053.0,5046.05,5049.95
33104,2024-06-13 10:19:00,5049.8,5049.8,5046.0,5047.0
33105,2024-06-13 10:20:00,5047.05,5049.55,5045.0,5045.0
33106,2024-06-13 10:21:00,5045.1,5049.9,5044.0,5046.1
33107,2024-06-13 10:22:00,5046.2,5049.0,5042.05,5044.0
33108,2024-06-13 10:23:00,5043.5,5046.05,5040.0,5040.25
33109,2024-06-13 10:24:00,5041.55,5044.25,5040.15,5041.25
33110,2024-06-13 10:25:00,5041.1,5044.95,5041.0,5044.0
33111,2024-06-13 10:26:00,5044.8,5046.5,5044.0,5044.85
33112,2024-06-13 10:27:00,5046.5,5047.9,5044.0,5044.0
33113,2024-06-13 10:28:00,5045.2,5045.2,5041.25,5041.3
33114,2024-06-13 10:29:00,5042.0,5045.15,5040.0,5041.3
33115,2024-06-13 10:30:00,5043.65,5046.55,5040.1,5040.5
33116,2024-06-13 10:31:00,5041.5,5048.95,5040.1,5045.25
33117,2024-06-13 10:32:00,5047.6,5052.0,5043.0,5045.5
33118,2024-06-13 10:33:00,5043.05,5051.85,5043.05,5048.45
33119,2024-06-13 10:34:00,5048.95,5055.3,5048.8,5055.3
33120,2024-06-13 10:35:00,5055.25,5060.0,5055.0,5059.9
33121,2024-06-13 10:36:00,5063.0,5065.0,5061.1,5064.95
33122,2024-06-13 10:37:00,5062.8,5070.0,5062.8,5067.15
33123,2024-06-13 10:38:00,5069.85,5075.0,5067.15,5072.25
33124,2024-06-13 10:39:00,5074.9,5075.0,5071.5,5074.0
33125,2024-06-13 10:40:00,5073.05,5078.0,5070.0,5070.75
33126,2024-06-13 10:41:00,5070.0,5072.35,5069.8,5071.1
33127,2024-06-13 10:42:00,5071.05,5072.25,5067.7,5071.85
33128,2024-06-13 10:43:00,5070.0,5071.25,5065.0,5066.0
33129,2024-06-13 10:44:00,5065.2,5065.65,5061.15,5062.7
33130,2024-06-13 10:45:00,5062.75,5070.0,5062.75,5070.0
33131,2024-06-13 10:46:00,5069.95,5070.0,5065.05,5066.25
33132,2024-06-13 10:47:00,5066.05,5067.55,5063.5,5066.5
33133,2024-06-13 10:48:00,5066.0,5069.95,5064.35,5064.35
33134,2024-06-13 10:49:00,5064.05,5066.55,5063.5,5065.0
33135,2024-06-13 10:50:00,5064.0,5064.95,5061.05,5061.1
33136,2024-06-13 10:51:00,5061.05,5063.95,5060.0,5063.0
33137,2024-06-13 10:52:00,5062.0,5074.35,5062.0,5072.55
33138,2024-06-13 10:53:00,5071.6,5074.1,5071.55,5073.7
33139,2024-06-13 10:54:00,5073.65,5074.9,5070.75,5074.7
33140,2024-06-13 10:55:00,5073.5,5074.95,5072.9,5073.0
33141,2024-06-13 10:56:00,5072.7,5074.75,5072.7,5074.0
33142,2024-06-13 10:57:00,5072.6,5074.0,5072.15,5072.95
33143,2024-06-13 10:58:00,5074.0,5074.0,5068.8,5070.0
33144,2024-06-13 10:59:00,5070.95,5071.0,5070.0,5070.0
33145,2024-06-13 11:00:00,5070.05,5073.0,5068.5,5070.7
33146,2024-06-13 11:01:00,5070.75,5072.85,5070.75,5072.0
33147,2024-06-13 11:02:00,5070.85,5075.0,5070.85,5073.0
33148,2024-06-13 11:03:00,5073.5,5074.15,5070.8,5073.95
33149,2024-06-13 11:04:00,5071.15,5074.15,5071.15,5072.15
33150,2024-06-13 11:05:00,5072.45,5074.5,5071.35,5071.35
33151,2024-06-13 11:06:00,5074.65,5074.65,5064.25,5068.0
33152,2024-06-13 11:07:00,5067.95,5068.3,5065.35,5066.4
33153,2024-06-13 11:08:00,5066.2,5066.45,5060.15,5064.0
33154,2024-06-13 11:09:00,5064.9,5064.9,5058.85,5060.0
33155,2024-06-13 11:10:00,5058.9,5064.2,5058.8,5060.5
33156,2024-06-13 11:11:00,5061.75,5063.35,5060.5,5062.5
33157,2024-06-13 11:12:00,5061.8,5063.8,5061.0,5061.3
33158,2024-06-13 11:13:00,5061.45,5063.55,5060.5,5060.5
33159,2024-06-13 11:14:00,5061.1,5063.2,5059.0,5060.0
33160,2024-06-13 11:15:00,5059.05,5062.95,5055.5,5061.75
33161,2024-06-13 11:16:00,5063.3,5065.0,5060.05,5060.05
33162,2024-06-13 11:17:00,5060.15,5062.75,5058.55,5060.65
33163,2024-06-13 11:18:00,5060.6,5062.75,5055.35,5059.25
33164,2024-06-13 11:19:00,5057.9,5060.0,5053.25,5053.25
33165,2024-06-13 11:20:00,5053.9,5055.65,5050.85,5051.25
33166,2024-06-13 11:21:00,5053.9,5060.55,5051.2,5058.05
33167,2024-06-13 11:22:00,5058.0,5059.95,5052.15,5053.55
33168,2024-06-13 11:23:00,5055.45,5055.95,5051.8,5052.5
33169,2024-06-13 11:24:00,5052.4,5053.9,5050.0,5050.0
33170,2024-06-13 11:25:00,5049.75,5052.65,5046.6,5046.95
33171,2024-06-13 11:26:00,5048.15,5055.65,5048.05,5051.8
33172,2024-06-13 11:27:00,5051.65,5054.85,5047.0,5048.3
33173,2024-06-13 11:28:00,5049.95,5049.95,5048.05,5048.3
33174,2024-06-13 11:29:00,5047.9,5049.15,5044.0,5044.3
33175,2024-06-13 11:30:00,5044.0,5046.0,5043.9,5045.95
33176,2024-06-13 11:31:00,5045.9,5045.9,5042.0,5042.0
33177,2024-06-13 11:32:00,5041.0,5044.75,5041.0,5042.15
33178,2024-06-13 11:33:00,5041.25,5043.95,5041.0,5042.65
33179,2024-06-13 11:34:00,5043.9,5044.6,5041.35,5041.35
33180,2024-06-13 11:35:00,5041.8,5044.35,5037.0,5037.05
33181,2024-06-13 11:36:00,5038.65,5040.0,5036.4,5039.75
33182,2024-06-13 11:37:00,5039.85,5040.0,5038.2,5040.0
33183,2024-06-13 11:38:00,5039.9,5040.0,5038.4,5039.0
33184,2024-06-13 11:39:00,5038.4,5045.0,5038.25,5042.65
33185,2024-06-13 11:40:00,5042.7,5043.9,5040.35,5043.9
33186,2024-06-13 11:41:00,5042.05,5044.8,5042.05,5042.6
33187,2024-06-13 11:42:00,5043.0,5045.0,5042.25,5043.7
33188,2024-06-13 11:43:00,5044.0,5047.45,5043.0,5043.0
33189,2024-06-13 11:44:00,5043.95,5044.9,5042.5,5044.5
33190,2024-06-13 11:45:00,5044.45,5045.0,5042.05,5044.25
33191,2024-06-13 11:46:00,5046.1,5046.85,5043.0,5044.7
33192,2024-06-13 11:47:00,5045.0,5046.75,5044.0,5044.65
33193,2024-06-13 11:48:00,5044.05,5044.95,5041.55,5041.55
33194,2024-06-13 11:49:00,5041.6,5048.0,5040.75,5048.0
33195,2024-06-13 11:50:00,5047.95,5049.95,5044.4,5049.15
33196,2024-06-13 11:51:00,5046.8,5047.45,5045.0,5045.2
33197,2024-06-13 11:52:00,5047.4,5047.4,5042.1,5042.1
33198,2024-06-13 11:53:00,5044.65,5048.1,5042.1,5048.1
33199,2024-06-13 11:54:00,5048.6,5048.95,5044.55,5045.0
33200,2024-06-13 11:55:00,5045.4,5045.4,5041.6,5042.1
33201,2024-06-13 11:56:00,5042.15,5044.15,5040.15,5040.5
33202,2024-06-13 11:57:00,5042.25,5044.0,5039.6,5039.6
33203,2024-06-13 11:58:00,5039.95,5043.55,5039.6,5041.5
33204,2024-06-13 11:59:00,5041.6,5042.95,5033.0,5035.95
33205,2024-06-13 12:00:00,5036.5,5040.0,5033.7,5040.0
33206,2024-06-13 12:01:00,5039.45,5043.85,5038.75,5042.85
33207,2024-06-13 12:02:00,5041.45,5044.4,5036.65,5036.65
33208,2024-06-13 12:03:00,5037.5,5043.95,5037.5,5042.9
33209,2024-06-13 12:04:00,5040.5,5043.5,5040.05,5043.35
33210,2024-06-13 12:05:00,5041.5,5044.9,5041.5,5042.6
33211,2024-06-13 12:06:00,5042.0,5044.8,5040.55,5043.55
33212,2024-06-13 12:07:00,5042.3,5044.15,5041.2,5043.8
33213,2024-06-13 12:08:00,5042.95,5043.6,5040.0,5041.8
33214,2024-06-13 12:09:00,5041.0,5044.1,5040.4,5043.65
33215,2024-06-13 12:10:00,5043.6,5047.0,5043.6,5047.0
33216,2024-06-13 12:11:00,5046.05,5046.9,5045.0,5045.45
33217,2024-06-13 12:12:00,5045.15,5047.9,5045.1,5046.7
33218,2024-06-13 12:13:00,5046.5,5048.4,5046.0,5046.0
33219,2024-06-13 12:14:00,5048.1,5048.1,5041.55,5044.1
33220,2024-06-13 12:15:00,5046.0,5046.7,5040.0,5041.45
33221,2024-06-13 12:16:00,5040.0,5044.45,5040.0,5042.1
33222,2024-06-13 12:17:00,5042.05,5047.7,5042.0,5046.6
33223,2024-06-13 12:18:00,5044.9,5046.9,5044.0,5044.0
33224,2024-06-13 12:19:00,5044.95,5045.0,5044.0,5044.95
33225,2024-06-13 12:20:00,5045.0,5046.05,5043.45,5045.0
33226,2024-06-13 12:21:00,5044.7,5046.6,5040.5,5043.5
33227,2024-06-13 12:22:00,5043.65,5043.75,5040.65,5041.3
33228,2024-06-13 12:23:00,5043.0,5043.5,5041.0,5043.3
33229,2024-06-13 12:24:00,5043.15,5043.65,5040.9,5042.75
33230,2024-06-13 12:25:00,5042.4,5045.0,5042.4,5043.85
33231,2024-06-13 12:26:00,5043.75,5044.9,5043.0,5043.0
33232,2024-06-13 12:27:00,5043.7,5044.6,5040.85,5041.5
33233,2024-06-13 12:28:00,5044.1,5044.85,5041.55,5044.75
33234,2024-06-13 12:29:00,5044.7,5044.9,5041.4,5042.4
33235,2024-06-13 12:30:00,5041.4,5044.9,5041.4,5044.05
33236,2024-06-13 12:31:00,5044.65,5044.65,5040.35,5040.4
33237,2024-06-13 12:32:00,5041.35,5046.95,5040.55,5043.45
33238,2024-06-13 12:33:00,5044.5,5044.8,5040.55,5044.8
33239,2024-06-13 12:34:00,5044.65,5044.65,5040.2,5040.2
33240,2024-06-13 12:35:00,5040.05,5041.45,5035.65,5035.65
33241,2024-06-13 12:36:00,5034.0,5036.0,5032.0,5032.9
33242,2024-06-13 12:37:00,5033.0,5036.05,5033.0,5034.75
33243,2024-06-13 12:38:00,5034.05,5037.85,5032.0,5037.6
33244,2024-06-13 12:39:00,5036.05,5040.9,5035.15,5037.0
33245,2024-06-13 12:40:00,5038.0,5038.0,5033.15,5033.5
33246,2024-06-13 12:41:00,5033.4,5036.75,5033.0,5035.0
33247,2024-06-13 12:42:00,5036.75,5036.95,5034.0,5035.0
33248,2024-06-13 12:43:00,5036.7,5036.7,5033.5,5035.75
33249,2024-06-13 12:44:00,5033.05,5035.45,5032.6,5032.6
33250,2024-06-13 12:45:00,5033.0,5035.0,5032.35,5032.35
33251,2024-06-13 12:46:00,5033.5,5033.5,5031.0,5032.95
33252,2024-06-13 12:47:00,5031.0,5033.85,5030.0,5031.05
33253,2024-06-13 12:48:00,5030.45,5034.9,5030.45,5034.9
33254,2024-06-13 12:49:00,5032.4,5036.0,5032.4,5036.0
33255,2024-06-13 12:50:00,5037.95,5038.35,5035.65,5035.8
33256,2024-06-13 12:51:00,5036.15,5039.0,5035.0,5039.0
33257,2024-06-13 12:52:00,5036.2,5041.4,5036.2,5039.85
33258,2024-06-13 12:53:00,5040.75,5041.5,5038.85,5040.6
33259,2024-06-13 12:54:00,5040.65,5041.3,5038.05,5038.1
33260,2024-06-13 12:55:00,5038.25,5041.0,5038.0,5039.3
33261,2024-06-13 12:56:00,5038.55,5041.1,5038.05,5038.5
33262,2024-06-13 12:57:00,5038.0,5040.9,5037.0,5037.1
33263,2024-06-13 12:58:00,5037.05,5038.4,5035.65,5036.75
33264,2024-06-13 12:59:00,5038.8,5038.95,5035.65,5038.75
33265,2024-06-13 13:00:00,5038.7,5038.7,5035.05,5035.55
33266,2024-06-13 13:01:00,5035.05,5038.05,5035.0,5035.55
33267,2024-06-13 13:02:00,5035.7,5039.5,5035.7,5037.45
33268,2024-06-13 13:03:00,5037.3,5038.75,5035.1,5036.95
33269,2024-06-13 13:04:00,5036.8,5039.0,5036.0,5039.0
33270,2024-06-13 13:05:00,5037.1,5039.95,5036.05,5036.05
33271,2024-06-13 13:06:00,5036.0,5036.05,5033.8,5035.1
33272,2024-06-13 13:07:00,5035.95,5036.05,5035.2,5036.05
33273,2024-06-13 13:08:00,5036.0,5038.05,5035.0,5037.1
33274,2024-06-13 13:09:00,5038.95,5038.95,5033.0,5033.4
33275,2024-06-13 13:10:00,5033.75,5037.5,5033.5,5035.1
33276,2024-06-13 13:11:00,5037.85,5037.85,5033.0,5033.0
33277,2024-06-13 13:12:00,5033.2,5035.15,5031.95,5033.6
33278,2024-06-13 13:13:00,5033.95,5035.05,5031.55,5031.95
33279,2024-06-13 13:14:00,5031.9,5032.65,5031.0,5031.5
33280,2024-06-13 13:15:00,5032.45,5034.75,5031.0,5033.9
33281,2024-06-13 13:16:00,5033.0,5033.9,5031.05,5031.7
33282,2024-06-13 13:17:00,5032.05,5033.85,5027.65,5028.85
33283,2024-06-13 13:18:00,5028.0,5030.0,5027.0,5029.0
33284,2024-06-13 13:19:00,5028.05,5030.2,5027.5,5028.75
33285,2024-06-13 13:20:00,5028.95,5030.55,5028.0,5028.0
33286,2024-06-13 13:21:00,5027.5,5030.9,5027.5,5028.0
33287,2024-06-13 13:22:00,5028.55,5029.7,5028.0,5028.0
33288,2024-06-13 13:23:00,5028.5,5030.15,5026.0,5026.65
33289,2024-06-13 13:24:00,5026.2,5026.65,5025.3,5026.0
33290,2024-06-13 13:25:00,5025.3,5027.0,5025.0,5025.5
33291,2024-06-13 13:26:00,5026.05,5026.7,5025.1,5026.25
33292,2024-06-13 13:27:00,5025.5,5029.85,5025.1,5029.85
33293,2024-06-13 13:28:00,5030.9,5033.85,5028.6,5033.85
33294,2024-06-13 13:29:00,5030.7,5032.45,5030.05,5030.45
33295,2024-06-13 13:30:00,5032.25,5033.4,5030.45,5032.0
33296,2024-06-13 13:31:00,5031.7,5033.35,5031.0,5031.9
33297,2024-06-13 13:32:00,5031.85,5032.3,5030.0,5030.0
33298,2024-06-13 13:33:00,5030.8,5031.7,5028.1,5030.45
33299,2024-06-13 13:34:00,5030.5,5030.5,5027.25,5027.25
33300,2024-06-13 13:35:00,5029.5,5032.45,5027.05,5032.45
33301,2024-06-13 13:36:00,5032.95,5033.35,5030.0,5031.05
33302,2024-06-13 13:37:00,5031.0,5033.4,5031.0,5031.0
33303,2024-06-13 13:38:00,5032.0,5034.0,5031.05,5032.1
33304,2024-06-13 13:39:00,5032.85,5034.1,5032.0,5033.5
33305,2024-06-13 13:40:00,5033.45,5036.5,5033.05,5036.5
33306,2024-06-13 13:41:00,5035.1,5037.0,5034.3,5037.0
33307,2024-06-13 13:42:00,5035.9,5037.0,5034.1,5034.1
33308,2024-06-13 13:43:00,5031.7,5035.9,5031.6,5031.8
33309,2024-06-13 13:44:00,5034.6,5034.6,5031.0,5032.0
33310,2024-06-13 13:45:00,5031.0,5032.35,5031.0,5031.0
33311,2024-06-13 13:46:00,5031.25,5032.0,5030.0,5030.0
33312,2024-06-13 13:47:00,5031.9,5031.9,5030.0,5030.1
33313,2024-06-13 13:48:00,5031.25,5032.0,5030.0,5030.0
33314,2024-06-13 13:49:00,5027.15,5029.75,5026.0,5028.95
33315,2024-06-13 13:50:00,5026.1,5028.95,5026.1,5028.7
33316,2024-06-13 13:51:00,5027.0,5031.0,5021.0,5022.85
33317,2024-06-13 13:52:00,5021.0,5023.0,5021.0,5021.35
33318,2024-06-13 13:53:00,5023.8,5024.0,5021.3,5022.95
33319,2024-06-13 13:54:00,5023.95,5025.95,5021.4,5023.55
33320,2024-06-13 13:55:00,5023.25,5025.85,5021.1,5021.1
33321,2024-06-13 13:56:00,5022.25,5022.25,5020.25,5022.0
33322,2024-06-13 13:57:00,5021.7,5022.0,5020.4,5020.95
33323,2024-06-13 13:58:00,5021.95,5022.0,5019.0,5019.05
33324,2024-06-13 13:59:00,5019.0,5020.8,5018.0,5018.95
33325,2024-06-13 14:00:00,5019.3,5022.0,5019.3,5020.0
33326,2024-06-13 14:01:00,5021.5,5024.35,5020.0,5020.9
33327,2024-06-13 14:02:00,5022.9,5027.05,5022.5,5024.0
33328,2024-06-13 14:03:00,5023.95,5027.8,5022.65,5024.95
33329,2024-06-13 14:04:00,5024.0,5024.4,5020.1,5020.1
33330,2024-06-13 14:05:00,5021.0,5021.9,5020.1,5021.8
33331,2024-06-13 14:06:00,5021.75,5023.0,5021.0,5021.0
33332,2024-06-13 14:07:00,5021.2,5023.2,5021.0,5022.25
33333,2024-06-13 14:08:00,5022.2,5022.2,5021.0,5021.0
33334,2024-06-13 14:09:00,5023.45,5023.45,5021.0,5021.0
33335,2024-06-13 14:10:00,5023.4,5023.4,5017.6,5018.15
33336,2024-06-13 14:11:00,5020.0,5020.35,5017.65,5020.0
33337,2024-06-13 14:12:00,5019.75,5019.75,5013.6,5015.85
33338,2024-06-13 14:13:00,5015.95,5018.45,5014.0,5016.35
33339,2024-06-13 14:14:00,5016.2,5017.0,5014.0,5014.1
33340,2024-06-13 14:15:00,5014.0,5015.0,5014.0,5014.8
33341,2024-06-13 14:16:00,5015.0,5015.0,5011.75,5012.45
33342,2024-06-13 14:17:00,5012.4,5018.95,5011.0,5011.85
33343,2024-06-13 14:18:00,5011.0,5017.45,5011.0,5014.5
33344,2024-06-13 14:19:00,5015.65,5018.15,5013.7,5015.1
33345,2024-06-13 14:20:00,5016.6,5018.95,5013.75,5013.95
33346,2024-06-13 14:21:00,5018.95,5018.95,5013.05,5015.0
33347,2024-06-13 14:22:00,5014.1,5016.2,5013.0,5016.0
33348,2024-06-13 14:23:00,5012.8,5020.0,5012.0,5014.2
33349,2024-06-13 14:24:00,5016.25,5017.0,5013.7,5014.0
33350,2024-06-13 14:25:00,5016.3,5019.6,5013.15,5015.9
33351,2024-06-13 14:26:00,5014.9,5022.2,5014.55,5020.45
33352,2024-06-13 14:27:00,5019.15,5019.85,5015.7,5019.85
33353,2024-06-13 14:28:00,5018.45,5024.95,5018.45,5022.35
33354,2024-06-13 14:29:00,5024.5,5024.5,5021.85,5021.9
33355,2024-06-13 14:30:00,5024.0,5024.0,5020.0,5020.05
33356,2024-06-13 14:31:00,5021.9,5024.85,5020.0,5024.85
33357,2024-06-13 14:32:00,5024.8,5029.0,5022.6,5027.75
33358,2024-06-13 14:33:00,5027.7,5028.0,5025.0,5027.95
33359,2024-06-13 14:34:00,5027.9,5030.0,5025.0,5030.0
33360,2024-06-13 14:35:00,5029.95,5042.95,5027.85,5042.95
33361,2024-06-13 14:36:00,5043.0,5043.0,5039.0,5042.95
33362,2024-06-13 14:37:00,5042.4,5047.9,5042.0,5043.0
33363,2024-06-13 14:38:00,5043.85,5045.0,5041.1,5043.0
33364,2024-06-13 14:39:00,5041.4,5045.9,5041.0,5045.3
33365,2024-06-13 14:40:00,5045.4,5048.05,5042.4,5045.15
33366,2024-06-13 14:41:00,5047.9,5047.9,5040.3,5045.9
33367,2024-06-13 14:42:00,5043.2,5048.0,5043.2,5047.7
33368,2024-06-13 14:43:00,5045.95,5047.0,5043.15,5045.0
33369,2024-06-13 14:44:00,5044.95,5045.95,5039.75,5042.0
33370,2024-06-13 14:45:00,5040.05,5043.8,5039.05,5042.45
33371,2024-06-13 14:46:00,5042.95,5042.95,5035.95,5038.9
33372,2024-06-13 14:47:00,5039.0,5041.4,5035.05,5039.95
33373,2024-06-13 14:48:00,5040.0,5041.9,5037.4,5040.0
33374,2024-06-13 14:49:00,5038.95,5043.9,5038.75,5043.0
33375,2024-06-13 14:50:00,5040.45,5044.25,5040.05,5044.0
33376,2024-06-13 14:51:00,5040.8,5043.95,5040.0,5042.65
33377,2024-06-13 14:52:00,5040.1,5042.65,5036.85,5038.9
33378,2024-06-13 14:53:00,5037.1,5041.95,5035.0,5041.15
33379,2024-06-13 14:54:00,5041.05,5041.25,5037.25,5041.15
33380,2024-06-13 14:55:00,5038.0,5041.8,5037.05,5041.1
33381,2024-06-13 14:56:00,5041.45,5044.5,5039.55,5040.15
33382,2024-06-13 14:57:00,5040.0,5043.45,5037.25,5042.95
33383,2024-06-13 14:58:00,5043.25,5044.0,5038.9,5044.0
33384,2024-06-13 14:59:00,5044.45,5047.15,5040.9,5045.5
33385,2024-06-13 15:00:00,5043.3,5046.35,5037.55,5038.8
33386,2024-06-13 15:01:00,5041.95,5043.0,5038.6,5040.0
33387,2024-06-13 15:02:00,5039.2,5041.85,5038.05,5041.65
33388,2024-06-13 15:03:00,5041.25,5044.95,5038.45,5042.2
33389,2024-06-13 15:04:00,5043.65,5048.45,5040.0,5048.0
33390,2024-06-13 15:05:00,5049.75,5051.4,5045.35,5050.0
33391,2024-06-13 15:06:00,5048.65,5052.15,5046.35,5051.1
33392,2024-06-13 15:07:00,5050.05,5052.25,5048.25,5052.25
33393,2024-06-13 15:08:00,5050.4,5052.0,5048.2,5051.6
33394,2024-06-13 15:09:00,5051.65,5051.9,5045.75,5049.45
33395,2024-06-13 15:10:00,5050.15,5051.0,5047.8,5047.85
33396,2024-06-13 15:11:00,5048.7,5048.95,5045.75,5048.95
33397,2024-06-13 15:12:00,5049.0,5049.0,5045.8,5048.0
33398,2024-06-13 15:13:00,5047.95,5049.0,5041.25,5047.15
33399,2024-06-13 15:14:00,5047.7,5048.25,5041.25,5045.6
33400,2024-06-13 15:15:00,5045.65,5048.1,5043.45,5045.1
33401,2024-06-13 15:16:00,5048.0,5049.0,5043.3,5049.0
33402,2024-06-13 15:17:00,5048.95,5048.95,5044.1,5048.2
33403,2024-06-13 15:18:00,5044.65,5049.0,5044.2,5047.75
33404,2024-06-13 15:19:00,5045.3,5050.25,5045.3,5050.0
33405,2024-06-13 15:20:00,5049.95,5050.55,5046.6,5046.6
33406,2024-06-13 15:21:00,5046.65,5049.3,5045.0,5045.9
33407,2024-06-13 15:22:00,5046.05,5050.0,5046.0,5047.25
33408,2024-06-13 15:23:00,5047.15,5047.95,5044.1,5045.45
33409,2024-06-13 15:24:00,5044.15,5047.6,5044.05,5045.0
33410,2024-06-13 15:25:00,5044.95,5047.55,5044.85,5046.25
33411,2024-06-13 15:26:00,5046.5,5050.0,5046.1,5050.0
33412,2024-06-13 15:27:00,5048.5,5051.0,5048.5,5050.1
33413,2024-06-13 15:28:00,5050.0,5050.1,5047.15,5050.0
33414,2024-06-13 15:29:00,5048.05,5050.0,5030.05,5040.0
33415,2024-06-14 09:15:00,5046.0,5060.0,5040.0,5047.15
33416,2024-06-14 09:16:00,5045.6,5049.6,5030.65,5049.6
33417,2024-06-14 09:17:00,5047.1,5047.1,5021.7,5029.0
33418,2024-06-14 09:18:00,5025.5,5030.0,5021.4,5027.85
33419,2024-06-14 09:19:00,5028.2,5029.15,5015.25,5016.8
33420,2024-06-14 09:20:00,5021.1,5025.45,5015.0,5018.6
33421,2024-06-14 09:21:00,5015.7,5019.65,5009.15,5013.65
33422,2024-06-14 09:22:00,5014.6,5019.0,5010.0,5018.7
33423,2024-06-14 09:23:00,5015.0,5018.0,5010.5,5017.5
33424,2024-06-14 09:24:00,5015.55,5017.15,5002.55,5003.0
33425,2024-06-14 09:25:00,5004.85,5007.3,4996.3,5006.7
33426,2024-06-14 09:26:00,5005.55,5013.65,5000.2,5012.0
33427,2024-06-14 09:27:00,5009.9,5013.8,5007.05,5010.5
33428,2024-06-14 09:28:00,5011.0,5016.0,5008.0,5009.0
33429,2024-06-14 09:29:00,5009.75,5013.25,5008.0,5013.25
33430,2024-06-14 09:30:00,5011.45,5019.55,5011.45,5018.95
33431,2024-06-14 09:31:00,5016.3,5020.0,5015.3,5017.0
33432,2024-06-14 09:32:00,5016.0,5017.45,5007.05,5009.0
33433,2024-06-14 09:33:00,5008.0,5015.0,5004.05,5011.45
33434,2024-06-14 09:34:00,5013.95,5015.8,5011.45,5015.8
33435,2024-06-14 09:35:00,5012.45,5019.95,5011.05,5019.95
33436,2024-06-14 09:36:00,5019.45,5019.45,5013.9,5013.9
33437,2024-06-14 09:37:00,5016.0,5031.0,5016.0,5028.65
33438,2024-06-14 09:38:00,5037.95,5037.95,5030.0,5031.7
33439,2024-06-14 09:39:00,5033.0,5058.15,5033.0,5058.15
33440,2024-06-14 09:40:00,5056.0,5058.1,5043.0,5043.2
33441,2024-06-14 09:41:00,5041.7,5046.55,5037.9,5040.95
33442,2024-06-14 09:42:00,5038.1,5041.0,5034.75,5038.1
33443,2024-06-14 09:43:00,5037.25,5041.0,5034.85,5035.0
33444,2024-06-14 09:44:00,5035.25,5037.95,5032.8,5035.25
33445,2024-06-14 09:45:00,5033.65,5033.9,5031.0,5031.0
33446,2024-06-14 09:46:00,5032.6,5032.85,5029.9,5032.15
33447,2024-06-14 09:47:00,5029.15,5033.95,5029.15,5033.95
33448,2024-06-14 09:48:00,5031.45,5035.05,5030.25,5033.3
33449,2024-06-14 09:49:00,5032.5,5040.0,5032.35,5040.0
33450,2024-06-14 09:50:00,5039.95,5040.0,5033.0,5035.0
33451,2024-06-14 09:51:00,5033.45,5038.45,5033.45,5035.0
33452,2024-06-14 09:52:00,5036.95,5037.05,5033.85,5033.85
33453,2024-06-14 09:53:00,5033.95,5036.35,5027.0,5027.0
33454,2024-06-14 09:54:00,5028.6,5031.65,5028.6,5031.65
33455,2024-06-14 09:55:00,5031.5,5032.0,5029.45,5029.45
33456,2024-06-14 09:56:00,5028.0,5036.95,5028.0,5033.15
33457,2024-06-14 09:57:00,5032.0,5034.8,5027.6,5031.25
33458,2024-06-14 09:58:00,5034.0,5050.0,5032.55,5045.4
33459,2024-06-14 09:59:00,5045.0,5049.65,5044.75,5044.95
33460,2024-06-14 10:00:00,5044.35,5044.95,5040.05,5043.0
33461,2024-06-14 10:01:00,5040.45,5044.45,5037.1,5041.1
33462,2024-06-14 10:02:00,5041.2,5041.45,5038.4,5041.45
33463,2024-06-14 10:03:00,5040.2,5044.0,5040.2,5044.0
33464,2024-06-14 10:04:00,5045.0,5047.95,5040.2,5040.2
33465,2024-06-14 10:05:00,5042.6,5047.3,5039.0,5042.85
33466,2024-06-14 10:06:00,5039.95,5044.05,5039.95,5040.45
33467,2024-06-14 10:07:00,5040.0,5042.05,5038.3,5040.0
33468,2024-06-14 10:08:00,5042.0,5042.55,5040.0,5041.7
33469,2024-06-14 10:09:00,5040.1,5045.0,5040.1,5041.9
33470,2024-06-14 10:10:00,5042.9,5044.3,5040.65,5041.85
33471,2024-06-14 10:11:00,5042.25,5047.1,5040.8,5045.9
33472,2024-06-14 10:12:00,5043.75,5045.9,5042.0,5044.25
33473,2024-06-14 10:13:00,5042.0,5045.65,5042.0,5043.0
33474,2024-06-14 10:14:00,5042.1,5053.3,5042.1,5052.6
33475,2024-06-14 10:15:00,5053.4,5053.45,5047.75,5048.2
33476,2024-06-14 10:16:00,5050.65,5050.65,5043.95,5043.95
33477,2024-06-14 10:17:00,5052.7,5057.85,5051.25,5057.85
33478,2024-06-14 10:18:00,5057.1,5058.65,5054.8,5055.5
33479,2024-06-14 10:19:00,5057.95,5064.85,5055.85,5064.85
33480,2024-06-14 10:20:00,5065.0,5067.8,5062.25,5064.3
33481,2024-06-14 10:21:00,5064.75,5070.0,5063.5,5070.0
33482,2024-06-14 10:22:00,5067.75,5070.0,5064.05,5064.05
33483,2024-06-14 10:23:00,5068.75,5068.75,5064.1,5068.0
33484,2024-06-14 10:24:00,5065.55,5068.5,5065.3,5068.25
33485,2024-06-14 10:25:00,5068.3,5068.5,5065.0,5066.0
33486,2024-06-14 10:26:00,5065.0,5066.4,5062.5,5062.5
33487,2024-06-14 10:27:00,5062.75,5067.0,5058.05,5061.25
33488,2024-06-14 10:28:00,5062.85,5064.95,5061.05,5061.25
33489,2024-06-14 10:29:00,5060.45,5063.95,5060.0,5063.95
33490,2024-06-14 10:30:00,5060.8,5063.95,5058.0,5058.0
33491,2024-06-14 10:31:00,5056.6,5059.75,5056.1,5059.7
33492,2024-06-14 10:32:00,5056.65,5059.65,5052.55,5053.35
33493,2024-06-14 10:33:00,5053.75,5056.0,5051.05,5052.4
33494,2024-06-14 10:34:00,5052.45,5054.0,5050.0,5050.0
33495,2024-06-14 10:35:00,5050.1,5052.5,5050.1,5052.5
33496,2024-06-14 10:36:00,5050.9,5054.2,5050.85,5052.45
33497,2024-06-14 10:37:00,5052.5,5054.45,5050.45,5054.25
33498,2024-06-14 10:38:00,5052.0,5057.45,5052.0,5057.35
33499,2024-06-14 10:39:00,5056.0,5058.6,5055.15,5056.7
33500,2024-06-14 10:40:00,5058.0,5059.65,5055.55,5059.65
33501,2024-06-14 10:41:00,5057.3,5060.0,5054.6,5056.95
33502,2024-06-14 10:42:00,5054.25,5058.0,5054.05,5055.0
33503,2024-06-14 10:43:00,5054.25,5057.35,5054.25,5056.0
33504,2024-06-14 10:44:00,5054.0,5057.7,5053.9,5055.0
33505,2024-06-14 10:45:00,5054.6,5055.3,5053.9,5055.0
33506,2024-06-14 10:46:00,5053.9,5065.55,5053.9,5065.55
33507,2024-06-14 10:47:00,5069.95,5070.0,5065.35,5066.0
33508,2024-06-14 10:48:00,5065.0,5067.85,5064.6,5066.05
33509,2024-06-14 10:49:00,5064.5,5066.05,5062.5,5063.5
33510,2024-06-14 10:50:00,5062.15,5063.5,5057.85,5057.85
33511,2024-06-14 10:51:00,5060.9,5060.9,5054.0,5056.75
33512,2024-06-14 10:52:00,5057.25,5058.6,5055.0,5056.9
33513,2024-06-14 10:53:00,5055.6,5061.75,5055.55,5058.25
33514,2024-06-14 10:54:00,5056.55,5058.65,5055.3,5055.7
33515,2024-06-14 10:55:00,5055.5,5058.2,5055.2,5057.95
33516,2024-06-14 10:56:00,5056.0,5057.95,5055.05,5055.55
33517,2024-06-14 10:57:00,5055.15,5055.15,5051.55,5052.7
33518,2024-06-14 10:58:00,5052.75,5054.4,5050.7,5051.65
33519,2024-06-14 10:59:00,5051.2,5052.65,5049.45,5052.05
33520,2024-06-14 11:00:00,5050.3,5054.15,5050.3,5054.15
33521,2024-06-14 11:01:00,5052.1,5055.15,5052.1,5055.1
33522,2024-06-14 11:02:00,5053.15,5057.0,5053.0,5053.85
33523,2024-06-14 11:03:00,5053.3,5055.5,5052.3,5055.05
33524,2024-06-14 11:04:00,5054.0,5055.0,5052.0,5053.4
33525,2024-06-14 11:05:00,5052.0,5053.5,5051.1,5053.5
33526,2024-06-14 11:06:00,5051.2,5051.75,5048.45,5051.65
33527,2024-06-14 11:07:00,5048.55,5051.7,5048.2,5048.2
33528,2024-06-14 11:08:00,5048.5,5050.85,5048.3,5049.95
33529,2024-06-14 11:09:00,5048.8,5050.9,5048.65,5050.65
33530,2024-06-14 11:10:00,5049.0,5051.5,5049.0,5051.0
33531,2024-06-14 11:11:00,5049.2,5057.2,5046.65,5057.2
33532,2024-06-14 11:12:00,5055.05,5057.2,5054.3,5056.0
33533,2024-06-14 11:13:00,5055.0,5058.0,5054.5,5056.3
33534,2024-06-14 11:14:00,5056.6,5064.4,5055.05,5063.55
33535,2024-06-14 11:15:00,5061.3,5063.3,5056.65,5060.2
33536,2024-06-14 11:16:00,5057.3,5061.85,5057.3,5061.5
33537,2024-06-14 11:17:00,5059.2,5061.3,5059.15,5060.45
33538,2024-06-14 11:18:00,5059.3,5062.3,5056.25,5058.25
33539,2024-06-14 11:19:00,5055.65,5060.6,5055.05,5057.5
33540,2024-06-14 11:20:00,5056.55,5059.65,5056.55,5059.15
33541,2024-06-14 11:21:00,5055.85,5059.3,5054.5,5057.15
33542,2024-06-14 11:22:00,5055.15,5059.0,5055.1,5059.0
33543,2024-06-14 11:23:00,5058.4,5059.95,5054.55,5056.15
33544,2024-06-14 11:24:00,5056.05,5063.0,5055.8,5062.85
33545,2024-06-14 11:25:00,5059.2,5062.0,5058.45,5061.25
33546,2024-06-14 11:26:00,5058.5,5061.25,5056.35,5060.55
33547,2024-06-14 11:27:00,5057.8,5061.0,5056.6,5060.3
33548,2024-06-14 11:28:00,5059.05,5062.25,5057.0,5060.55
33549,2024-06-14 11:29:00,5057.4,5064.0,5057.4,5063.1
33550,2024-06-14 11:30:00,5062.75,5064.0,5060.75,5063.0
33551,2024-06-14 11:31:00,5061.3,5063.85,5059.4,5063.0
33552,2024-06-14 11:32:00,5061.05,5064.0,5061.05,5063.55
33553,2024-06-14 11:33:00,5061.5,5065.0,5061.5,5063.3
33554,2024-06-14 11:34:00,5063.45,5065.0,5062.6,5064.9
33555,2024-06-14 11:35:00,5063.0,5064.9,5062.95,5064.2
33556,2024-06-14 11:36:00,5063.1,5064.8,5061.0,5062.9
33557,2024-06-14 11:37:00,5063.1,5068.45,5062.9,5068.4
33558,2024-06-14 11:38:00,5065.55,5068.2,5064.65,5065.2
33559,2024-06-14 11:39:00,5065.3,5068.05,5063.1,5064.95
33560,2024-06-14 11:40:00,5063.75,5065.0,5062.9,5065.0
33561,2024-06-14 11:41:00,5065.05,5066.75,5061.0,5064.3
33562,2024-06-14 11:42:00,5062.0,5064.6,5061.0,5064.6
33563,2024-06-14 11:43:00,5064.5,5067.5,5061.3,5064.65
33564,2024-06-14 11:44:00,5066.5,5070.0,5063.75,5069.75
33565,2024-06-14 11:45:00,5066.15,5069.65,5065.0,5066.0
33566,2024-06-14 11:46:00,5065.05,5065.4,5061.3,5063.4
33567,2024-06-14 11:47:00,5061.85,5064.65,5061.15,5061.15
33568,2024-06-14 11:48:00,5061.1,5066.65,5061.1,5066.4
33569,2024-06-14 11:49:00,5066.7,5066.7,5061.65,5066.55
33570,2024-06-14 11:50:00,5063.55,5065.0,5061.25,5064.85
33571,2024-06-14 11:51:00,5064.75,5064.95,5061.25,5062.1
33572,2024-06-14 11:52:00,5062.15,5065.0,5061.7,5064.75
33573,2024-06-14 11:53:00,5062.25,5064.95,5062.2,5064.8
33574,2024-06-14 11:54:00,5062.55,5064.9,5061.45,5064.6
33575,2024-06-14 11:55:00,5062.0,5064.6,5061.1,5064.6
33576,2024-06-14 11:56:00,5062.05,5064.95,5061.3,5064.95
33577,2024-06-14 11:57:00,5064.5,5064.85,5062.05,5064.5
33578,2024-06-14 11:58:00,5062.55,5064.2,5061.1,5061.95
33579,2024-06-14 11:59:00,5061.2,5062.3,5060.0,5060.0
33580,2024-06-14 12:00:00,5061.0,5061.45,5054.55,5055.0
33581,2024-06-14 12:01:00,5055.1,5064.15,5051.0,5062.1
33582,2024-06-14 12:02:00,5062.15,5062.15,5057.05,5057.05
33583,2024-06-14 12:03:00,5057.6,5062.15,5055.5,5062.15
33584,2024-06-14 12:04:00,5059.4,5063.75,5056.3,5059.25
33585,2024-06-14 12:05:00,5059.0,5063.0,5056.7,5056.7
33586,2024-06-14 12:06:00,5057.25,5063.0,5057.05,5060.65
33587,2024-06-14 12:07:00,5059.95,5065.7,5059.95,5065.4
33588,2024-06-14 12:08:00,5063.35,5064.35,5062.6,5064.3
33589,2024-06-14 12:09:00,5061.45,5062.75,5061.4,5062.75
33590,2024-06-14 12:10:00,5061.45,5063.95,5061.45,5061.45
33591,2024-06-14 12:11:00,5061.4,5061.85,5058.85,5061.85
33592,2024-06-14 12:12:00,5060.05,5065.2,5060.05,5065.2
33593,2024-06-14 12:13:00,5064.05,5065.8,5063.05,5064.85
33594,2024-06-14 12:14:00,5064.1,5065.0,5061.4,5063.0
33595,2024-06-14 12:15:00,5062.0,5065.2,5060.1,5064.7
33596,2024-06-14 12:16:00,5062.2,5062.2,5060.05,5060.1
33597,2024-06-14 12:17:00,5063.5,5065.45,5060.1,5060.85
33598,2024-06-14 12:18:00,5060.1,5062.65,5055.0,5061.65
33599,2024-06-14 12:19:00,5063.9,5064.85,5057.05,5064.8
33600,2024-06-14 12:20:00,5063.65,5067.0,5060.0,5067.0
33601,2024-06-14 12:21:00,5062.45,5062.45,5061.0,5061.0
33602,2024-06-14 12:22:00,5061.35,5065.35,5058.0,5062.85
33603,2024-06-14 12:23:00,5061.45,5064.65,5061.1,5064.65
33604,2024-06-14 12:24:00,5062.5,5065.0,5062.45,5062.45
33605,2024-06-14 12:25:00,5062.25,5062.8,5060.95,5060.95
33606,2024-06-14 12:26:00,5060.55,5065.15,5060.55,5063.2
33607,2024-06-14 12:27:00,5060.55,5065.0,5060.55,5063.15
33608,2024-06-14 12:28:00,5062.15,5063.95,5062.0,5063.75
33609,2024-06-14 12:29:00,5063.8,5063.95,5062.5,5063.65
33610,2024-06-14 12:30:00,5062.5,5069.0,5062.5,5066.55
33611,2024-06-14 12:31:00,5065.4,5067.0,5063.6,5067.0
33612,2024-06-14 12:32:00,5066.3,5070.2,5066.25,5068.95
33613,2024-06-14 12:33:00,5068.0,5068.0,5066.0,5066.0
33614,2024-06-14 12:34:00,5067.9,5067.9,5064.3,5066.0
33615,2024-06-14 12:35:00,5064.65,5068.85,5064.15,5065.0
33616,2024-06-14 12:36:00,5065.3,5068.0,5065.0,5066.5
33617,2024-06-14 12:37:00,5065.45,5068.0,5062.6,5066.6
33618,2024-06-14 12:38:00,5063.25,5066.0,5063.25,5063.6
33619,2024-06-14 12:39:00,5065.9,5065.9,5064.0,5065.0
33620,2024-06-14 12:40:00,5064.05,5065.7,5064.05,5064.05
33621,2024-06-14 12:41:00,5064.1,5065.05,5064.05,5065.05
33622,2024-06-14 12:42:00,5065.2,5066.0,5064.0,5064.0
33623,2024-06-14 12:43:00,5064.05,5064.6,5062.8,5064.0
33624,2024-06-14 12:44:00,5062.8,5064.0,5058.05,5058.05
33625,2024-06-14 12:45:00,5058.0,5062.45,5058.0,5062.45
33626,2024-06-14 12:46:00,5058.1,5060.45,5056.0,5056.2
33627,2024-06-14 12:47:00,5056.25,5058.95,5052.3,5057.0
33628,2024-06-14 12:48:00,5053.55,5063.95,5052.4,5063.95
33629,2024-06-14 12:49:00,5061.1,5063.6,5061.1,5061.1
33630,2024-06-14 12:50:00,5062.9,5067.0,5061.2,5066.5
33631,2024-06-14 12:51:00,5065.05,5065.95,5060.65,5065.5
33632,2024-06-14 12:52:00,5064.05,5064.05,5058.0,5058.0
33633,2024-06-14 12:53:00,5058.1,5060.5,5057.0,5057.85
33634,2024-06-14 12:54:00,5059.95,5063.25,5057.65,5060.45
33635,2024-06-14 12:55:00,5058.7,5060.6,5055.15,5057.0
33636,2024-06-14 12:56:00,5055.25,5057.0,5053.1,5054.1
33637,2024-06-14 12:57:00,5054.75,5056.5,5052.55,5056.5
33638,2024-06-14 12:58:00,5055.05,5058.65,5053.25,5056.45
33639,2024-06-14 12:59:00,5055.0,5057.95,5054.0,5057.95
33640,2024-06-14 13:00:00,5057.85,5057.85,5054.55,5057.7
33641,2024-06-14 13:01:00,5054.5,5057.7,5054.5,5057.7
33642,2024-06-14 13:02:00,5058.0,5058.6,5055.5,5056.8
33643,2024-06-14 13:03:00,5055.95,5056.8,5053.1,5053.1
33644,2024-06-14 13:04:00,5053.15,5056.95,5053.15,5056.3
33645,2024-06-14 13:05:00,5054.05,5056.25,5053.2,5053.85
33646,2024-06-14 13:06:00,5053.7,5054.95,5053.0,5053.7
33647,2024-06-14 13:07:00,5055.0,5055.0,5053.7,5053.7
33648,2024-06-14 13:08:00,5053.8,5055.0,5053.7,5054.75
33649,2024-06-14 13:09:00,5054.5,5055.9,5054.5,5055.85
33650,2024-06-14 13:10:00,5055.9,5055.9,5053.6,5054.0
33651,2024-06-14 13:11:00,5055.0,5055.0,5054.0,5054.25
33652,2024-06-14 13:12:00,5054.0,5054.4,5053.15,5053.15
33653,2024-06-14 13:13:00,5053.1,5055.0,5053.1,5053.15
33654,2024-06-14 13:14:00,5054.95,5055.9,5053.0,5053.0
33655,2024-06-14 13:15:00,5053.05,5054.9,5053.0,5053.75
33656,2024-06-14 13:16:00,5053.2,5054.95,5051.0,5051.0
33657,2024-06-14 13:17:00,5054.6,5054.85,5051.7,5052.45
33658,2024-06-14 13:18:00,5052.5,5052.5,5050.15,5052.05
33659,2024-06-14 13:19:00,5050.25,5052.0,5050.2,5051.05
33660,2024-06-14 13:20:00,5050.3,5052.5,5047.7,5048.5
33661,2024-06-14 13:21:00,5048.0,5050.0,5047.1,5047.95
33662,2024-06-14 13:22:00,5047.4,5053.4,5047.4,5050.95
33663,2024-06-14 13:23:00,5048.4,5050.95,5047.1,5048.95
33664,2024-06-14 13:24:00,5047.1,5050.0,5047.1,5049.25
33665,2024-06-14 13:25:00,5049.35,5052.65,5048.6,5050.0
33666,2024-06-14 13:26:00,5050.05,5050.05,5048.0,5048.0
33667,2024-06-14 13:27:00,5047.1,5049.35,5046.0,5046.65
33668,2024-06-14 13:28:00,5048.6,5048.6,5045.0,5046.35
33669,2024-06-14 13:29:00,5045.0,5046.3,5040.05,5040.4
33670,2024-06-14 13:30:00,5040.9,5043.9,5040.2,5040.3
33671,2024-06-14 13:31:00,5040.5,5048.1,5040.05,5046.05
33672,2024-06-14 13:32:00,5046.1,5048.75,5042.2,5043.9
33673,2024-06-14 13:33:00,5045.8,5045.8,5040.4,5040.4
33674,2024-06-14 13:34:00,5042.0,5042.05,5040.4,5040.55
33675,2024-06-14 13:35:00,5042.05,5042.05,5033.35,5036.0
33676,2024-06-14 13:36:00,5036.15,5042.2,5036.15,5039.9
33677,2024-06-14 13:37:00,5038.1,5038.1,5031.35,5031.45
33678,2024-06-14 13:38:00,5032.0,5035.15,5032.0,5033.65
33679,2024-06-14 13:39:00,5033.75,5038.25,5033.75,5036.35
33680,2024-06-14 13:40:00,5035.15,5038.2,5035.15,5037.7
33681,2024-06-14 13:41:00,5038.0,5042.7,5037.7,5040.05
33682,2024-06-14 13:42:00,5042.2,5042.9,5040.0,5042.65
33683,2024-06-14 13:43:00,5040.15,5040.15,5036.4,5036.5
33684,2024-06-14 13:44:00,5037.0,5038.55,5036.5,5036.5
33685,2024-06-14 13:45:00,5036.55,5038.9,5034.05,5038.2
33686,2024-06-14 13:46:00,5035.7,5035.9,5034.0,5034.0
33687,2024-06-14 13:47:00,5033.45,5035.0,5033.0,5034.6
33688,2024-06-14 13:48:00,5035.0,5039.5,5034.6,5035.0
33689,2024-06-14 13:49:00,5035.25,5036.35,5033.5,5033.5
33690,2024-06-14 13:50:00,5033.05,5038.25,5033.0,5037.75
33691,2024-06-14 13:51:00,5037.05,5037.45,5033.5,5034.2
33692,2024-06-14 13:52:00,5034.25,5037.35,5033.65,5034.0
33693,2024-06-14 13:53:00,5035.0,5038.4,5033.6,5034.25
33694,2024-06-14 13:54:00,5033.85,5039.3,5033.7,5036.8
33695,2024-06-14 13:55:00,5038.55,5038.55,5033.2,5033.75
33696,2024-06-14 13:56:00,5035.05,5036.85,5033.75,5033.85
33697,2024-06-14 13:57:00,5033.75,5034.55,5033.2,5033.2
33698,2024-06-14 13:58:00,5035.65,5036.9,5033.2,5034.25
33699,2024-06-14 13:59:00,5034.35,5034.35,5033.2,5033.2
33700,2024-06-14 14:00:00,5034.25,5036.1,5033.2,5034.15
33701,2024-06-14 14:01:00,5033.6,5035.9,5033.6,5034.1
33702,2024-06-14 14:02:00,5034.0,5037.55,5033.1,5034.95
33703,2024-06-14 14:03:00,5037.3,5037.3,5033.05,5033.1
33704,2024-06-14 14:04:00,5033.3,5036.1,5033.05,5036.0
33705,2024-06-14 14:05:00,5033.85,5036.05,5033.0,5033.05
33706,2024-06-14 14:06:00,5033.0,5038.05,5033.0,5033.4
33707,2024-06-14 14:07:00,5033.35,5034.9,5033.0,5033.0
33708,2024-06-14 14:08:00,5033.4,5033.4,5030.0,5030.25
33709,2024-06-14 14:09:00,5032.5,5032.5,5023.0,5023.25
33710,2024-06-14 14:10:00,5022.9,5029.9,5022.9,5025.6
33711,2024-06-14 14:11:00,5025.65,5027.95,5025.1,5025.7
33712,2024-06-14 14:12:00,5025.1,5028.4,5025.1,5025.65
33713,2024-06-14 14:13:00,5025.85,5030.0,5025.8,5027.8
33714,2024-06-14 14:14:00,5027.85,5030.2,5027.0,5027.05
33715,2024-06-14 14:15:00,5027.85,5036.95,5027.8,5036.95
33716,2024-06-14 14:16:00,5036.85,5036.85,5030.8,5033.75
33717,2024-06-14 14:17:00,5033.3,5034.35,5030.85,5034.35
33718,2024-06-14 14:18:00,5033.0,5042.15,5033.0,5040.0
33719,2024-06-14 14:19:00,5041.85,5042.45,5040.0,5041.8
33720,2024-06-14 14:20:00,5041.05,5041.05,5036.0,5037.1
33721,2024-06-14 14:21:00,5037.0,5037.0,5032.5,5033.45
33722,2024-06-14 14:22:00,5033.5,5035.95,5032.5,5033.0
33723,2024-06-14 14:23:00,5032.5,5033.9,5031.1,5032.95
33724,2024-06-14 14:24:00,5031.05,5036.3,5030.15,5033.85
33725,2024-06-14 14:25:00,5032.15,5035.0,5032.0,5033.75
33726,2024-06-14 14:26:00,5033.6,5034.95,5032.0,5032.25
33727,2024-06-14 14:27:00,5032.05,5032.25,5030.0,5030.0
33728,2024-06-14 14:28:00,5030.05,5032.85,5028.05,5028.05
33729,2024-06-14 14:29:00,5030.95,5031.4,5028.05,5028.15
33730,2024-06-14 14:30:00,5029.0,5030.85,5027.3,5027.6
33731,2024-06-14 14:31:00,5027.1,5030.0,5027.1,5027.25
33732,2024-06-14 14:32:00,5027.7,5031.75,5027.15,5029.5
33733,2024-06-14 14:33:00,5031.25,5032.1,5027.85,5029.25
33734,2024-06-14 14:34:00,5029.15,5031.85,5028.2,5029.4
33735,2024-06-14 14:35:00,5029.35,5033.8,5029.0,5031.5
33736,2024-06-14 14:36:00,5031.7,5033.5,5028.85,5029.1
33737,2024-06-14 14:37:00,5029.15,5031.45,5027.0,5027.1
33738,2024-06-14 14:38:00,5028.9,5028.9,5027.0,5028.25
33739,2024-06-14 14:39:00,5028.2,5032.25,5028.15,5030.25
33740,2024-06-14 14:40:00,5030.2,5031.5,5028.15,5031.5
33741,2024-06-14 14:41:00,5029.5,5032.2,5029.05,5031.8
33742,2024-06-14 14:42:00,5029.9,5032.0,5029.9,5030.15
33743,2024-06-14 14:43:00,5030.7,5031.9,5030.6,5031.6
33744,2024-06-14 14:44:00,5030.55,5035.5,5029.05,5035.4
33745,2024-06-14 14:45:00,5032.55,5033.8,5029.2,5033.65
33746,2024-06-14 14:46:00,5031.15,5034.65,5031.05,5031.95
33747,2024-06-14 14:47:00,5031.8,5034.0,5031.05,5031.65
33748,2024-06-14 14:48:00,5031.6,5042.05,5031.4,5040.45
33749,2024-06-14 14:49:00,5040.5,5043.5,5038.95,5039.25
33750,2024-06-14 14:50:00,5040.45,5041.3,5038.25,5039.0
33751,2024-06-14 14:51:00,5038.0,5039.8,5034.25,5039.7
33752,2024-06-14 14:52:00,5039.65,5042.0,5036.7,5039.4
33753,2024-06-14 14:53:00,5039.7,5040.9,5035.45,5037.0
33754,2024-06-14 14:54:00,5036.5,5040.0,5035.35,5038.85
33755,2024-06-14 14:55:00,5038.65,5039.9,5037.75,5039.3
33756,2024-06-14 14:56:00,5038.2,5039.5,5035.8,5039.35
33757,2024-06-14 14:57:00,5039.15,5039.45,5035.8,5035.95
33758,2024-06-14 14:58:00,5036.15,5040.6,5034.4,5040.05
33759,2024-06-14 14:59:00,5037.65,5039.9,5033.85,5035.4
33760,2024-06-14 15:00:00,5034.8,5040.4,5034.8,5036.45
33761,2024-06-14 15:01:00,5036.1,5038.5,5033.4,5037.65
33762,2024-06-14 15:02:00,5038.75,5040.0,5036.7,5038.9
33763,2024-06-14 15:03:00,5038.75,5039.1,5035.55,5038.0
33764,2024-06-14 15:04:00,5036.1,5039.95,5033.45,5035.1
33765,2024-06-14 15:05:00,5032.45,5037.5,5032.35,5036.15
33766,2024-06-14 15:06:00,5037.45,5039.0,5033.4,5035.1
33767,2024-06-14 15:07:00,5034.1,5035.05,5033.45,5034.0
33768,2024-06-14 15:08:00,5033.95,5034.0,5031.5,5033.95
33769,2024-06-14 15:09:00,5032.5,5035.0,5031.95,5033.15
33770,2024-06-14 15:10:00,5033.05,5035.0,5031.25,5031.25
33771,2024-06-14 15:11:00,5032.35,5035.0,5031.05,5034.95
33772,2024-06-14 15:12:00,5034.0,5034.95,5032.8,5033.9
33773,2024-06-14 15:13:00,5033.85,5037.0,5033.05,5036.65
33774,2024-06-14 15:14:00,5035.95,5037.9,5035.25,5037.55
33775,2024-06-14 15:15:00,5037.65,5037.65,5032.5,5034.8
33776,2024-06-14 15:16:00,5034.25,5036.35,5032.15,5033.95
33777,2024-06-14 15:17:00,5034.05,5035.45,5032.3,5033.8
33778,2024-06-14 15:18:00,5033.35,5033.95,5032.45,5033.9
33779,2024-06-14 15:19:00,5033.65,5035.0,5032.15,5033.1
33780,2024-06-14 15:20:00,5032.55,5033.1,5031.15,5031.4
33781,2024-06-14 15:21:00,5031.35,5034.85,5031.35,5031.7
33782,2024-06-14 15:22:00,5031.65,5031.65,5030.0,5030.2
33783,2024-06-14 15:23:00,5030.15,5030.85,5030.0,5030.15
33784,2024-06-14 15:24:00,5030.3,5031.0,5029.5,5030.1
33785,2024-06-14 15:25:00,5030.0,5031.0,5026.75,5026.75
33786,2024-06-14 15:26:00,5026.9,5029.95,5024.1,5026.6
33787,2024-06-14 15:27:00,5025.4,5029.65,5025.4,5029.5
33788,2024-06-14 15:28:00,5029.45,5029.55,5029.0,5029.45
33789,2024-06-14 15:29:00,5029.4,5029.5,5025.6,5025.6
33790,2024-06-18 09:14:00,5056.0,5056.0,5056.0,5056.0
33791,2024-06-18 09:15:00,5065.0,5070.8,5048.75,5051.0
33792,2024-06-18 09:16:00,5056.6,5069.7,5052.85,5058.05
33793,2024-06-18 09:17:00,5063.0,5067.7,5053.75,5055.4
33794,2024-06-18 09:18:00,5055.45,5058.65,5051.0,5055.0
33795,2024-06-18 09:19:00,5055.05,5067.9,5055.05,5065.0
33796,2024-06-18 09:20:00,5062.35,5081.95,5062.35,5080.2
33797,2024-06-18 09:21:00,5077.6,5087.65,5073.85,5086.0
33798,2024-06-18 09:22:00,5085.3,5089.0,5075.05,5075.05
33799,2024-06-18 09:23:00,5076.25,5087.2,5073.65,5079.3
33800,2024-06-18 09:24:00,5080.45,5081.65,5076.25,5079.15
33801,2024-06-18 09:25:00,5080.0,5088.8,5080.0,5082.85
33802,2024-06-18 09:26:00,5086.2,5092.95,5083.55,5083.9
33803,2024-06-18 09:27:00,5083.6,5087.45,5080.8,5080.8
33804,2024-06-18 09:28:00,5080.55,5084.9,5076.45,5084.0
33805,2024-06-18 09:29:00,5081.3,5085.95,5078.4,5080.05
33806,2024-06-18 09:30:00,5082.0,5098.4,5080.55,5097.4
33807,2024-06-18 09:31:00,5097.95,5103.7,5096.0,5101.0
33808,2024-06-18 09:32:00,5101.1,5105.9,5100.0,5105.0
33809,2024-06-18 09:33:00,5104.95,5107.45,5102.0,5106.45
33810,2024-06-18 09:34:00,5107.7,5117.95,5105.75,5107.95
33811,2024-06-18 09:35:00,5111.65,5118.05,5108.45,5112.2
33812,2024-06-18 09:36:00,5112.9,5115.4,5108.65,5114.8
33813,2024-06-18 09:37:00,5115.0,5115.0,5106.55,5108.9
33814,2024-06-18 09:38:00,5106.5,5110.0,5104.0,5107.0
33815,2024-06-18 09:39:00,5104.0,5110.0,5103.0,5106.3
33816,2024-06-18 09:40:00,5109.15,5109.65,5103.0,5106.25
33817,2024-06-18 09:41:00,5104.9,5109.2,5104.75,5107.95
33818,2024-06-18 09:42:00,5108.5,5113.8,5105.0,5111.2
33819,2024-06-18 09:43:00,5112.75,5112.8,5096.15,5102.15
33820,2024-06-18 09:44:00,5101.9,5108.95,5100.0,5106.5
33821,2024-06-18 09:45:00,5105.9,5106.4,5103.0,5104.45
33822,2024-06-18 09:46:00,5104.15,5107.45,5100.0,5100.0
33823,2024-06-18 09:47:00,5100.1,5102.95,5098.0,5100.05
33824,2024-06-18 09:48:00,5100.0,5105.0,5090.0,5090.0
33825,2024-06-18 09:49:00,5091.4,5104.4,5090.0,5101.65
33826,2024-06-18 09:50:00,5101.35,5108.0,5101.35,5105.2
33827,2024-06-18 09:51:00,5103.65,5107.6,5103.1,5105.1
33828,2024-06-18 09:52:00,5105.2,5105.2,5092.15,5095.65
33829,2024-06-18 09:53:00,5095.75,5095.75,5092.0,5092.1
33830,2024-06-18 09:54:00,5092.45,5092.45,5083.5,5084.0
33831,2024-06-18 09:55:00,5084.1,5089.95,5080.05,5089.85
33832,2024-06-18 09:56:00,5088.3,5093.1,5087.1,5090.05
33833,2024-06-18 09:57:00,5090.45,5093.35,5086.15,5088.05
33834,2024-06-18 09:58:00,5087.55,5091.95,5086.3,5088.95
33835,2024-06-18 09:59:00,5089.0,5090.95,5087.65,5088.9
33836,2024-06-18 10:00:00,5089.0,5090.95,5086.9,5086.9
33837,2024-06-18 10:01:00,5088.45,5088.7,5086.0,5087.0
33838,2024-06-18 10:02:00,5088.6,5091.0,5087.0,5091.0
33839,2024-06-18 10:03:00,5090.4,5093.85,5089.95,5092.25
33840,2024-06-18 10:04:00,5092.15,5092.75,5085.0,5087.15
33841,2024-06-18 10:05:00,5087.1,5090.0,5086.6,5090.0
33842,2024-06-18 10:06:00,5091.95,5100.0,5090.0,5097.55
33843,2024-06-18 10:07:00,5098.15,5098.15,5093.25,5094.15
33844,2024-06-18 10:08:00,5093.75,5097.25,5093.15,5096.85
33845,2024-06-18 10:09:00,5095.95,5098.0,5093.0,5095.5
33846,2024-06-18 10:10:00,5094.25,5094.75,5090.0,5090.95
33847,2024-06-18 10:11:00,5090.4,5090.4,5084.25,5088.45
33848,2024-06-18 10:12:00,5090.9,5092.9,5089.2,5090.25
33849,2024-06-18 10:13:00,5090.35,5092.4,5087.25,5088.3
33850,2024-06-18 10:14:00,5087.0,5087.6,5082.85,5082.85
33851,2024-06-18 10:15:00,5083.55,5083.6,5080.0,5080.6
33852,2024-06-18 10:16:00,5080.35,5084.95,5080.2,5081.35
33853,2024-06-18 10:17:00,5084.25,5085.9,5081.8,5083.9
33854,2024-06-18 10:18:00,5086.1,5087.2,5081.0,5081.0
33855,2024-06-18 10:19:00,5080.55,5080.85,5075.0,5075.0
33856,2024-06-18 10:20:00,5076.0,5076.9,5072.0,5073.75
33857,2024-06-18 10:21:00,5072.85,5085.35,5072.0,5078.6
33858,2024-06-18 10:22:00,5079.35,5081.95,5079.0,5080.9
33859,2024-06-18 10:23:00,5081.35,5086.0,5081.35,5084.3
33860,2024-06-18 10:24:00,5084.35,5088.3,5084.25,5086.45
33861,2024-06-18 10:25:00,5087.3,5093.8,5085.4,5091.1
33862,2024-06-18 10:26:00,5090.6,5096.85,5090.6,5092.55
33863,2024-06-18 10:27:00,5092.05,5099.9,5092.05,5099.2
33864,2024-06-18 10:28:00,5097.5,5099.0,5095.05,5096.2
33865,2024-06-18 10:29:00,5098.2,5100.0,5096.6,5099.7
33866,2024-06-18 10:30:00,5100.0,5100.0,5098.0,5099.15
33867,2024-06-18 10:31:00,5095.25,5098.5,5093.15,5095.25
33868,2024-06-18 10:32:00,5096.5,5098.0,5094.45,5097.25
33869,2024-06-18 10:33:00,5097.8,5098.5,5097.3,5098.35
33870,2024-06-18 10:34:00,5098.5,5099.0,5098.35,5098.7
33871,2024-06-18 10:35:00,5098.75,5098.75,5093.15,5095.0
33872,2024-06-18 10:36:00,5094.45,5099.0,5094.45,5096.1
33873,2024-06-18 10:37:00,5096.5,5098.45,5096.5,5098.45
33874,2024-06-18 10:38:00,5097.4,5099.0,5097.1,5097.6
33875,2024-06-18 10:39:00,5098.2,5098.95,5097.1,5098.95
33876,2024-06-18 10:40:00,5097.8,5098.45,5094.75,5095.05
33877,2024-06-18 10:41:00,5094.35,5098.3,5091.4,5093.55
33878,2024-06-18 10:42:00,5093.95,5095.2,5092.6,5093.35
33879,2024-06-18 10:43:00,5094.0,5096.3,5094.0,5095.65
33880,2024-06-18 10:44:00,5095.4,5097.0,5093.6,5096.75
33881,2024-06-18 10:45:00,5096.0,5096.7,5095.75,5096.7
33882,2024-06-18 10:46:00,5096.3,5099.15,5095.9,5099.15
33883,2024-06-18 10:47:00,5097.5,5100.0,5096.95,5099.85
33884,2024-06-18 10:48:00,5098.8,5113.45,5098.8,5110.6
33885,2024-06-18 10:49:00,5112.7,5114.1,5110.05,5111.3
33886,2024-06-18 10:50:00,5110.4,5111.0,5103.85,5109.9
33887,2024-06-18 10:51:00,5108.4,5114.7,5108.4,5111.2
33888,2024-06-18 10:52:00,5109.0,5110.0,5107.6,5110.0
33889,2024-06-18 10:53:00,5108.1,5108.5,5102.7,5105.1
33890,2024-06-18 10:54:00,5105.95,5105.95,5098.0,5098.45
33891,2024-06-18 10:55:00,5098.0,5098.0,5090.3,5093.1
33892,2024-06-18 10:56:00,5093.25,5100.0,5093.2,5097.65
33893,2024-06-18 10:57:00,5097.2,5099.6,5096.25,5096.25
33894,2024-06-18 10:58:00,5098.05,5102.2,5095.5,5096.2
33895,2024-06-18 10:59:00,5095.15,5095.15,5091.45,5091.45
33896,2024-06-18 11:00:00,5092.45,5095.7,5092.2,5094.85
33897,2024-06-18 11:01:00,5096.8,5096.9,5094.3,5094.3
33898,2024-06-18 11:02:00,5094.5,5096.95,5091.85,5094.4
33899,2024-06-18 11:03:00,5094.25,5099.55,5092.7,5092.7
33900,2024-06-18 11:04:00,5093.05,5095.5,5091.2,5091.2
33901,2024-06-18 11:05:00,5091.0,5092.4,5090.55,5090.55
33902,2024-06-18 11:06:00,5091.0,5094.95,5090.5,5094.2
33903,2024-06-18 11:07:00,5092.05,5093.95,5091.05,5091.45
33904,2024-06-18 11:08:00,5091.35,5095.0,5090.65,5092.75
33905,2024-06-18 11:09:00,5095.0,5101.6,5095.0,5101.05
33906,2024-06-18 11:10:00,5101.5,5104.45,5097.85,5098.55
33907,2024-06-18 11:11:00,5096.8,5100.0,5093.2,5093.2
33908,2024-06-18 11:12:00,5094.55,5094.55,5088.0,5088.95
33909,2024-06-18 11:13:00,5088.0,5091.45,5088.0,5088.65
33910,2024-06-18 11:14:00,5089.0,5094.95,5088.0,5088.2
33911,2024-06-18 11:15:00,5088.05,5091.9,5086.0,5088.05
33912,2024-06-18 11:16:00,5088.2,5094.1,5087.6,5091.85
33913,2024-06-18 11:17:00,5091.9,5095.55,5091.05,5095.0
33914,2024-06-18 11:18:00,5094.95,5094.95,5092.55,5093.0
33915,2024-06-18 11:19:00,5092.5,5097.0,5092.5,5095.8
33916,2024-06-18 11:20:00,5095.75,5098.35,5095.7,5095.9
33917,2024-06-18 11:21:00,5095.85,5100.0,5095.85,5100.0
33918,2024-06-18 11:22:00,5105.0,5105.0,5100.65,5100.95
33919,2024-06-18 11:23:00,5100.5,5107.5,5100.5,5105.0
33920,2024-06-18 11:24:00,5104.05,5105.75,5101.4,5102.85
33921,2024-06-18 11:25:00,5102.9,5106.3,5102.35,5104.7
33922,2024-06-18 11:26:00,5104.4,5106.6,5100.4,5100.4
33923,2024-06-18 11:27:00,5100.0,5100.0,5098.15,5099.25
33924,2024-06-18 11:28:00,5099.2,5107.45,5099.05,5104.55
33925,2024-06-18 11:29:00,5105.15,5105.4,5100.1,5102.9
33926,2024-06-18 11:30:00,5105.0,5107.0,5100.55,5103.2
33927,2024-06-18 11:31:00,5102.6,5107.0,5102.25,5106.1
33928,2024-06-18 11:32:00,5107.0,5107.0,5101.25,5105.1
33929,2024-06-18 11:33:00,5105.05,5110.0,5105.05,5110.0
33930,2024-06-18 11:34:00,5109.05,5114.0,5108.05,5111.0
33931,2024-06-18 11:35:00,5112.35,5113.45,5106.1,5110.95
33932,2024-06-18 11:36:00,5111.6,5113.05,5106.2,5108.4
33933,2024-06-18 11:37:00,5106.4,5107.3,5104.0,5104.0
33934,2024-06-18 11:38:00,5103.05,5104.15,5101.05,5104.15
33935,2024-06-18 11:39:00,5103.65,5108.3,5102.5,5107.0
33936,2024-06-18 11:40:00,5106.9,5111.0,5106.25,5108.65
33937,2024-06-18 11:41:00,5108.6,5108.6,5106.1,5107.2
33938,2024-06-18 11:42:00,5107.55,5110.55,5105.75,5110.0
33939,2024-06-18 11:43:00,5109.1,5114.0,5108.15,5114.0
33940,2024-06-18 11:44:00,5112.55,5122.0,5112.55,5121.25
33941,2024-06-18 11:45:00,5122.0,5132.0,5122.0,5126.85
33942,2024-06-18 11:46:00,5124.05,5125.8,5111.95,5115.65
33943,2024-06-18 11:47:00,5115.1,5118.25,5113.9,5115.15
33944,2024-06-18 11:48:00,5115.1,5115.5,5113.0,5113.3
33945,2024-06-18 11:49:00,5113.0,5115.0,5107.5,5114.0
33946,2024-06-18 11:50:00,5115.1,5118.95,5105.0,5106.0
33947,2024-06-18 11:51:00,5105.0,5105.95,5102.65,5104.8
33948,2024-06-18 11:52:00,5103.9,5105.95,5102.6,5104.8
33949,2024-06-18 11:53:00,5105.0,5105.75,5103.3,5103.5
33950,2024-06-18 11:54:00,5104.2,5106.0,5103.15,5103.2
33951,2024-06-18 11:55:00,5103.15,5108.0,5103.15,5106.55
33952,2024-06-18 11:56:00,5106.1,5108.45,5105.05,5105.1
33953,2024-06-18 11:57:00,5105.05,5108.6,5105.05,5106.15
33954,2024-06-18 11:58:00,5106.2,5108.7,5103.2,5104.3
33955,2024-06-18 11:59:00,5106.95,5106.95,5103.0,5103.65
33956,2024-06-18 12:00:00,5104.5,5110.0,5104.25,5108.3
33957,2024-06-18 12:01:00,5108.95,5109.0,5107.1,5109.0
33958,2024-06-18 12:02:00,5108.0,5110.0,5108.0,5108.05
33959,2024-06-18 12:03:00,5108.55,5110.0,5104.0,5106.95
33960,2024-06-18 12:04:00,5106.1,5109.15,5105.0,5108.05
33961,2024-06-18 12:05:00,5108.1,5111.25,5107.75,5109.2
33962,2024-06-18 12:06:00,5109.0,5109.95,5106.65,5107.0
33963,2024-06-18 12:07:00,5107.75,5108.95,5106.05,5107.25
33964,2024-06-18 12:08:00,5108.0,5111.95,5107.15,5110.05
33965,2024-06-18 12:09:00,5108.65,5113.05,5108.15,5110.0
33966,2024-06-18 12:10:00,5109.0,5114.25,5109.0,5109.0
33967,2024-06-18 12:11:00,5110.0,5110.35,5106.05,5106.05
33968,2024-06-18 12:12:00,5106.45,5106.45,5101.0,5102.55
33969,2024-06-18 12:13:00,5102.95,5104.35,5101.5,5102.0
33970,2024-06-18 12:14:00,5102.35,5102.7,5101.05,5102.6
33971,2024-06-18 12:15:00,5102.7,5109.0,5102.65,5107.5
33972,2024-06-18 12:16:00,5107.85,5109.0,5107.05,5107.8
33973,2024-06-18 12:17:00,5108.05,5110.0,5107.75,5108.05
33974,2024-06-18 12:18:00,5107.9,5109.95,5105.05,5109.0
33975,2024-06-18 12:19:00,5106.1,5106.6,5101.5,5101.95
33976,2024-06-18 12:20:00,5101.65,5102.85,5101.5,5102.65
33977,2024-06-18 12:21:00,5102.45,5110.0,5101.1,5110.0
33978,2024-06-18 12:22:00,5109.35,5110.0,5108.0,5108.0
33979,2024-06-18 12:23:00,5108.25,5109.0,5106.25,5106.45
33980,2024-06-18 12:24:00,5106.25,5106.4,5105.25,5105.35
33981,2024-06-18 12:25:00,5105.25,5107.05,5103.7,5103.75
33982,2024-06-18 12:26:00,5105.8,5106.45,5103.25,5103.25
33983,2024-06-18 12:27:00,5103.95,5103.95,5101.55,5101.6
33984,2024-06-18 12:28:00,5102.0,5110.0,5102.0,5102.55
33985,2024-06-18 12:29:00,5104.0,5104.05,5094.1,5094.65
33986,2024-06-18 12:30:00,5094.1,5100.0,5093.3,5097.25
33987,2024-06-18 12:31:00,5097.4,5097.4,5096.1,5097.4
33988,2024-06-18 12:32:00,5096.1,5100.0,5096.1,5097.75
33989,2024-06-18 12:33:00,5097.95,5100.0,5097.65,5098.2
33990,2024-06-18 12:34:00,5098.15,5098.15,5096.55,5096.65
33991,2024-06-18 12:35:00,5096.0,5099.5,5095.25,5096.0
33992,2024-06-18 12:36:00,5097.9,5100.0,5096.5,5100.0
33993,2024-06-18 12:37:00,5098.95,5100.0,5098.1,5100.0
33994,2024-06-18 12:38:00,5099.6,5100.0,5096.9,5097.2
33995,2024-06-18 12:39:00,5097.0,5097.0,5096.0,5096.0
33996,2024-06-18 12:40:00,5096.05,5096.15,5095.25,5095.25
33997,2024-06-18 12:41:00,5095.4,5098.45,5095.3,5098.45
33998,2024-06-18 12:42:00,5097.4,5099.95,5096.5,5097.65
33999,2024-06-18 12:43:00,5097.7,5100.0,5096.0,5096.0
34000,2024-06-18 12:44:00,5096.05,5096.05,5095.0,5095.0
34001,2024-06-18 12:45:00,5095.1,5096.95,5095.0,5096.95
34002,2024-06-18 12:46:00,5096.4,5096.95,5095.1,5096.1
34003,2024-06-18 12:47:00,5095.6,5096.95,5095.15,5096.0
34004,2024-06-18 12:48:00,5096.1,5096.1,5092.15,5093.0
34005,2024-06-18 12:49:00,5093.2,5097.0,5092.7,5093.2
34006,2024-06-18 12:50:00,5093.5,5099.8,5093.25,5097.4
34007,2024-06-18 12:51:00,5098.35,5101.45,5097.0,5099.3
34008,2024-06-18 12:52:00,5099.25,5103.9,5099.25,5100.75
34009,2024-06-18 12:53:00,5101.15,5102.1,5100.0,5100.0
34010,2024-06-18 12:54:00,5100.5,5103.0,5099.95,5102.3
34011,2024-06-18 12:55:00,5106.95,5106.95,5101.7,5102.05
34012,2024-06-18 12:56:00,5102.0,5104.0,5102.0,5102.0
34013,2024-06-18 12:57:00,5101.0,5107.45,5100.5,5107.45
34014,2024-06-18 12:58:00,5106.7,5109.0,5106.05,5106.8
34015,2024-06-18 12:59:00,5106.05,5106.9,5102.7,5102.7
34016,2024-06-18 13:00:00,5104.0,5107.0,5104.0,5106.45
34017,2024-06-18 13:01:00,5105.0,5106.9,5105.0,5106.9
34018,2024-06-18 13:02:00,5105.2,5105.35,5105.0,5105.0
34019,2024-06-18 13:03:00,5105.15,5105.25,5104.0,5104.2
34020,2024-06-18 13:04:00,5104.0,5105.0,5104.0,5104.05
34021,2024-06-18 13:05:00,5104.0,5104.45,5102.3,5102.75
34022,2024-06-18 13:06:00,5103.2,5103.2,5099.15,5099.25
34023,2024-06-18 13:07:00,5099.35,5102.35,5097.0,5098.65
34024,2024-06-18 13:08:00,5098.75,5100.3,5097.0,5097.05
34025,2024-06-18 13:09:00,5097.1,5100.3,5096.85,5096.85
34026,2024-06-18 13:10:00,5096.0,5098.7,5095.0,5095.0
34027,2024-06-18 13:11:00,5094.0,5097.3,5093.1,5093.25
34028,2024-06-18 13:12:00,5093.2,5096.95,5093.1,5095.95
34029,2024-06-18 13:13:00,5096.05,5096.05,5093.55,5094.05
34030,2024-06-18 13:14:00,5093.75,5094.25,5093.0,5093.0
34031,2024-06-18 13:15:00,5092.55,5093.0,5090.9,5090.9
34032,2024-06-18 13:16:00,5091.1,5092.15,5090.05,5090.15
34033,2024-06-18 13:17:00,5090.05,5093.4,5089.0,5092.65
34034,2024-06-18 13:18:00,5092.2,5093.4,5090.0,5090.0
34035,2024-06-18 13:19:00,5090.3,5096.95,5090.0,5093.3
34036,2024-06-18 13:20:00,5093.35,5095.45,5091.7,5091.7
34037,2024-06-18 13:21:00,5091.75,5091.95,5089.0,5089.0
34038,2024-06-18 13:22:00,5089.55,5093.4,5086.75,5090.0
34039,2024-06-18 13:23:00,5090.05,5090.15,5089.95,5090.15
34040,2024-06-18 13:24:00,5090.0,5092.45,5088.6,5090.0
34041,2024-06-18 13:25:00,5090.1,5090.15,5089.0,5089.5
34042,2024-06-18 13:26:00,5089.0,5093.65,5088.75,5090.0
34043,2024-06-18 13:27:00,5089.2,5093.6,5089.2,5090.45
34044,2024-06-18 13:28:00,5091.5,5092.75,5090.45,5091.45
34045,2024-06-18 13:29:00,5091.5,5091.75,5090.45,5090.45
34046,2024-06-18 13:30:00,5090.55,5090.7,5090.45,5090.6
34047,2024-06-18 13:31:00,5090.45,5090.65,5090.4,5090.5
34048,2024-06-18 13:32:00,5090.65,5096.0,5090.65,5095.95
34049,2024-06-18 13:33:00,5094.8,5094.8,5091.7,5091.7
34050,2024-06-18 13:34:00,5091.0,5094.4,5088.35,5088.35
34051,2024-06-18 13:35:00,5089.6,5092.55,5088.5,5089.35
34052,2024-06-18 13:36:00,5089.25,5091.0,5088.4,5090.0
34053,2024-06-18 13:37:00,5090.05,5090.05,5088.0,5088.0
34054,2024-06-18 13:38:00,5088.65,5090.0,5087.2,5087.95
34055,2024-06-18 13:39:00,5086.6,5089.9,5086.6,5086.6
34056,2024-06-18 13:40:00,5086.85,5088.6,5086.15,5086.25
34057,2024-06-18 13:41:00,5086.3,5087.0,5081.6,5081.6
34058,2024-06-18 13:42:00,5083.45,5083.45,5080.0,5081.0
34059,2024-06-18 13:43:00,5081.1,5082.8,5078.55,5078.55
34060,2024-06-18 13:44:00,5078.5,5078.5,5074.65,5074.65
34061,2024-06-18 13:45:00,5074.9,5077.05,5065.0,5067.25
34062,2024-06-18 13:46:00,5067.45,5074.35,5067.45,5068.1
34063,2024-06-18 13:47:00,5068.65,5073.7,5068.1,5071.35
34064,2024-06-18 13:48:00,5070.25,5075.7,5068.05,5068.45
34065,2024-06-18 13:49:00,5068.2,5069.5,5067.45,5067.45
34066,2024-06-18 13:50:00,5067.15,5069.95,5067.15,5068.35
34067,2024-06-18 13:51:00,5069.1,5072.3,5068.45,5070.8
34068,2024-06-18 13:52:00,5071.25,5071.25,5068.8,5070.25
34069,2024-06-18 13:53:00,5070.3,5071.45,5069.25,5071.45
34070,2024-06-18 13:54:00,5074.95,5074.95,5069.75,5069.9
34071,2024-06-18 13:55:00,5070.05,5072.45,5069.9,5069.9
34072,2024-06-18 13:56:00,5070.0,5070.0,5068.55,5068.8
34073,2024-06-18 13:57:00,5068.95,5071.5,5068.85,5069.5
34074,2024-06-18 13:58:00,5069.55,5071.4,5069.45,5070.8
34075,2024-06-18 13:59:00,5071.25,5072.0,5070.0,5070.2
34076,2024-06-18 14:00:00,5070.0,5074.75,5069.5,5071.95
34077,2024-06-18 14:01:00,5072.05,5080.05,5071.95,5077.0
34078,2024-06-18 14:02:00,5076.45,5079.85,5075.0,5075.0
34079,2024-06-18 14:03:00,5075.65,5078.95,5072.55,5077.5
34080,2024-06-18 14:04:00,5078.2,5079.0,5074.35,5075.0
34081,2024-06-18 14:05:00,5075.4,5075.7,5072.6,5074.2
34082,2024-06-18 14:06:00,5073.6,5073.6,5072.75,5073.5
34083,2024-06-18 14:07:00,5073.4,5078.0,5070.0,5078.0
34084,2024-06-18 14:08:00,5076.0,5076.95,5073.95,5075.95
34085,2024-06-18 14:09:00,5074.9,5074.9,5071.85,5072.25
34086,2024-06-18 14:10:00,5072.35,5073.25,5071.0,5071.6
34087,2024-06-18 14:11:00,5071.55,5075.0,5071.25,5072.1
34088,2024-06-18 14:12:00,5072.15,5073.0,5071.2,5071.45
34089,2024-06-18 14:13:00,5071.1,5073.0,5071.1,5073.0
34090,2024-06-18 14:14:00,5072.5,5073.0,5071.0,5071.4
34091,2024-06-18 14:15:00,5071.3,5074.9,5071.3,5073.25
34092,2024-06-18 14:16:00,5074.8,5075.0,5073.25,5074.3
34093,2024-06-18 14:17:00,5074.6,5075.5,5074.2,5074.2
34094,2024-06-18 14:18:00,5074.8,5077.25,5073.4,5074.4
34095,2024-06-18 14:19:00,5074.0,5074.9,5073.35,5073.65
34096,2024-06-18 14:20:00,5073.0,5077.95,5073.0,5076.35
34097,2024-06-18 14:21:00,5077.1,5077.95,5075.15,5076.15
34098,2024-06-18 14:22:00,5076.55,5083.0,5075.0,5078.7
34099,2024-06-18 14:23:00,5078.65,5082.95,5077.0,5082.9
34100,2024-06-18 14:24:00,5081.9,5083.0,5078.25,5081.45
34101,2024-06-18 14:25:00,5080.2,5081.9,5078.25,5078.25
34102,2024-06-18 14:26:00,5079.05,5079.05,5078.0,5078.5
34103,2024-06-18 14:27:00,5078.25,5078.4,5075.0,5075.35
34104,2024-06-18 14:28:00,5076.75,5080.0,5075.2,5080.0
34105,2024-06-18 14:29:00,5079.0,5080.0,5078.1,5078.95
34106,2024-06-18 14:30:00,5079.0,5082.95,5078.95,5082.95
34107,2024-06-18 14:31:00,5082.1,5085.0,5081.55,5085.0
34108,2024-06-18 14:32:00,5084.25,5090.8,5083.2,5085.0
34109,2024-06-18 14:33:00,5085.95,5088.35,5085.4,5086.6
34110,2024-06-18 14:34:00,5086.0,5094.0,5083.75,5089.85
34111,2024-06-18 14:35:00,5089.1,5095.0,5089.1,5093.4
34112,2024-06-18 14:36:00,5091.85,5095.0,5090.0,5090.0
34113,2024-06-18 14:37:00,5090.65,5090.65,5083.3,5083.75
34114,2024-06-18 14:38:00,5084.3,5090.0,5083.7,5088.5
34115,2024-06-18 14:39:00,5087.95,5090.0,5086.0,5086.45
34116,2024-06-18 14:40:00,5088.75,5089.0,5086.4,5086.45
34117,2024-06-18 14:41:00,5087.5,5088.95,5086.5,5087.2
34118,2024-06-18 14:42:00,5087.55,5090.0,5086.0,5089.8
34119,2024-06-18 14:43:00,5090.0,5096.05,5090.0,5093.2
34120,2024-06-18 14:44:00,5093.6,5096.35,5090.1,5090.5
34121,2024-06-18 14:45:00,5090.05,5096.1,5090.05,5092.05
34122,2024-06-18 14:46:00,5092.0,5092.05,5090.05,5090.65
34123,2024-06-18 14:47:00,5091.0,5094.55,5088.15,5093.7
34124,2024-06-18 14:48:00,5094.55,5094.55,5091.4,5091.4
34125,2024-06-18 14:49:00,5091.45,5092.0,5088.55,5090.5
34126,2024-06-18 14:50:00,5090.8,5091.7,5089.55,5089.95
34127,2024-06-18 14:51:00,5090.0,5091.95,5088.25,5090.85
34128,2024-06-18 14:52:00,5089.5,5091.9,5088.4,5089.05
34129,2024-06-18 14:53:00,5090.95,5092.0,5088.0,5090.4
34130,2024-06-18 14:54:00,5090.45,5092.0,5088.0,5089.55
34131,2024-06-18 14:55:00,5090.1,5092.0,5086.8,5089.2
34132,2024-06-18 14:56:00,5087.85,5089.0,5085.0,5085.15
34133,2024-06-18 14:57:00,5085.0,5088.85,5084.0,5087.05
34134,2024-06-18 14:58:00,5086.9,5087.95,5084.0,5085.1
34135,2024-06-18 14:59:00,5086.15,5086.15,5082.5,5084.95
34136,2024-06-18 15:00:00,5089.65,5091.75,5087.25,5091.75
34137,2024-06-18 15:01:00,5090.85,5096.7,5090.85,5093.8
34138,2024-06-18 15:02:00,5094.2,5095.0,5088.05,5088.6
34139,2024-06-18 15:03:00,5088.7,5093.75,5088.7,5092.85
34140,2024-06-18 15:04:00,5092.8,5095.95,5092.75,5095.0
34141,2024-06-18 15:05:00,5094.75,5095.0,5090.05,5094.55
34142,2024-06-18 15:06:00,5094.0,5094.4,5088.0,5090.65
34143,2024-06-18 15:07:00,5090.15,5093.9,5088.3,5088.95
34144,2024-06-18 15:08:00,5088.5,5094.95,5087.9,5091.25
34145,2024-06-18 15:09:00,5091.15,5093.75,5086.1,5088.45
34146,2024-06-18 15:10:00,5089.4,5091.5,5087.4,5087.4
34147,2024-06-18 15:11:00,5093.0,5093.0,5087.05,5087.35
34148,2024-06-18 15:12:00,5087.95,5093.35,5087.95,5091.75
34149,2024-06-18 15:13:00,5091.25,5091.9,5088.9,5089.4
34150,2024-06-18 15:14:00,5089.05,5092.0,5085.0,5085.0
34151,2024-06-18 15:15:00,5084.95,5085.6,5082.4,5084.7
34152,2024-06-18 15:16:00,5084.65,5093.4,5084.15,5090.6
34153,2024-06-18 15:17:00,5091.95,5091.95,5085.0,5085.65
34154,2024-06-18 15:18:00,5088.5,5090.0,5085.0,5085.9
34155,2024-06-18 15:19:00,5085.85,5088.95,5084.45,5085.5
34156,2024-06-18 15:20:00,5085.8,5092.0,5085.0,5085.0
34157,2024-06-18 15:21:00,5085.85,5089.6,5084.9,5088.25
34158,2024-06-18 15:22:00,5087.65,5092.6,5087.65,5090.05
34159,2024-06-18 15:23:00,5089.5,5092.0,5089.4,5091.1
34160,2024-06-18 15:24:00,5090.4,5092.1,5090.4,5091.8
34161,2024-06-18 15:25:00,5091.75,5093.25,5088.0,5092.0
34162,2024-06-18 15:26:00,5092.1,5094.8,5091.95,5094.7
34163,2024-06-18 15:27:00,5094.8,5094.8,5094.6,5094.6
34164,2024-06-18 15:28:00,5093.15,5094.6,5091.0,5092.0
34165,2024-06-18 15:29:00,5091.0,5094.0,5089.0,5089.0
34166,2024-06-19 09:15:00,5071.0,5075.85,5055.45,5066.95
34167,2024-06-19 09:16:00,5066.0,5070.95,5061.05,5064.0
34168,2024-06-19 09:17:00,5061.3,5067.5,5052.05,5067.15
34169,2024-06-19 09:18:00,5061.65,5067.7,5060.25,5062.0
34170,2024-06-19 09:19:00,5064.6,5064.6,5057.6,5057.6
34171,2024-06-19 09:20:00,5054.95,5058.65,5050.0,5051.5
34172,2024-06-19 09:21:00,5050.05,5050.05,5040.0,5041.4
34173,2024-06-19 09:22:00,5041.5,5042.9,5023.5,5031.05
34174,2024-06-19 09:23:00,5034.45,5036.6,5020.0,5027.5
34175,2024-06-19 09:24:00,5028.75,5029.15,5012.6,5020.0
34176,2024-06-19 09:25:00,5017.0,5019.15,5005.25,5005.25
34177,2024-06-19 09:26:00,5003.2,5013.05,5003.2,5012.7
34178,2024-06-19 09:27:00,5012.4,5015.95,5010.9,5013.5
34179,2024-06-19 09:28:00,5013.0,5014.2,5009.1,5010.0
34180,2024-06-19 09:29:00,5011.75,5011.75,5007.6,5010.35
34181,2024-06-19 09:30:00,5010.1,5013.95,5005.0,5005.0
34182,2024-06-19 09:31:00,5004.0,5016.45,5003.5,5016.45
34183,2024-06-19 09:32:00,5013.85,5020.8,5010.4,5016.0
34184,2024-06-19 09:33:00,5017.65,5018.5,5012.2,5017.15
34185,2024-06-19 09:34:00,5017.2,5020.0,5010.0,5015.55
34186,2024-06-19 09:35:00,5017.35,5017.35,5007.65,5009.05
34187,2024-06-19 09:36:00,5011.4,5015.45,5011.4,5013.8
34188,2024-06-19 09:37:00,5014.75,5020.0,5011.2,5014.55
34189,2024-06-19 09:38:00,5018.95,5020.1,5015.3,5019.45
34190,2024-06-19 09:39:00,5015.0,5017.2,5008.0,5009.9
34191,2024-06-19 09:40:00,5010.1,5013.1,4997.55,4997.6
34192,2024-06-19 09:41:00,4996.15,5000.25,4990.0,4990.6
34193,2024-06-19 09:42:00,4990.0,4994.65,4978.95,4989.05
34194,2024-06-19 09:43:00,4990.4,4991.9,4975.0,4975.0
34195,2024-06-19 09:44:00,4975.6,4979.55,4972.55,4975.05
34196,2024-06-19 09:45:00,4977.8,4986.85,4976.0,4980.2
34197,2024-06-19 09:46:00,4978.0,4990.0,4978.0,4988.8
34198,2024-06-19 09:47:00,4987.75,4990.0,4984.55,4985.15
34199,2024-06-19 09:48:00,4986.95,4990.0,4984.8,4988.35
34200,2024-06-19 09:49:00,4989.85,4989.85,4984.7,4985.0
34201,2024-06-19 09:50:00,4987.15,4994.7,4986.45,4992.45
34202,2024-06-19 09:51:00,4991.0,4995.0,4991.0,4993.65
34203,2024-06-19 09:52:00,4992.0,4993.3,4986.05,4989.65
34204,2024-06-19 09:53:00,4990.0,4994.15,4990.0,4993.95
34205,2024-06-19 09:54:00,4993.45,4998.95,4993.45,4994.4
34206,2024-06-19 09:55:00,4991.7,4994.3,4990.0,4991.8
34207,2024-06-19 09:56:00,4990.0,4992.1,4989.05,4991.5
34208,2024-06-19 09:57:00,4990.2,4991.5,4982.3,4982.3
34209,2024-06-19 09:58:00,4984.1,4993.45,4984.1,4992.5
34210,2024-06-19 09:59:00,4992.45,4996.2,4992.35,4994.85
34211,2024-06-19 10:00:00,4994.0,4994.9,4989.45,4990.2
34212,2024-06-19 10:01:00,4990.15,4999.0,4989.5,4996.8
34213,2024-06-19 10:02:00,4999.0,4999.0,4989.05,4991.85
34214,2024-06-19 10:03:00,4990.8,4997.15,4987.15,4997.15
34215,2024-06-19 10:04:00,4994.35,4995.55,4991.05,4992.65
34216,2024-06-19 10:05:00,4990.55,4993.55,4988.7,4990.7
34217,2024-06-19 10:06:00,4992.4,4992.4,4989.0,4990.8
34218,2024-06-19 10:07:00,4997.8,4998.4,4991.65,4994.0
34219,2024-06-19 10:08:00,4994.45,4994.45,4991.3,4992.4
34220,2024-06-19 10:09:00,4994.45,4995.95,4993.0,4995.0
34221,2024-06-19 10:10:00,4995.95,5001.6,4995.95,4998.9
34222,2024-06-19 10:11:00,4998.75,4999.95,4997.4,4999.0
34223,2024-06-19 10:12:00,5000.0,5000.95,4998.0,4998.0
34224,2024-06-19 10:13:00,4999.95,5000.0,4993.95,4993.95
34225,2024-06-19 10:14:00,4992.0,4994.2,4992.0,4994.1
34226,2024-06-19 10:15:00,4990.0,4994.05,4990.0,4992.75
34227,2024-06-19 10:16:00,4990.95,4992.75,4985.6,4986.6
34228,2024-06-19 10:17:00,4989.1,4990.9,4985.0,4987.4
34229,2024-06-19 10:18:00,4988.0,4991.95,4980.1,4982.9
34230,2024-06-19 10:19:00,4981.15,4988.05,4981.0,4985.0
34231,2024-06-19 10:20:00,4986.3,4993.0,4986.0,4993.0
34232,2024-06-19 10:21:00,4994.0,5000.25,4992.65,4997.3
34233,2024-06-19 10:22:00,4995.15,5000.95,4993.25,4997.55
34234,2024-06-19 10:23:00,5000.95,5000.95,4993.0,4993.0
34235,2024-06-19 10:24:00,4992.3,4996.3,4985.05,4986.45
34236,2024-06-19 10:25:00,4985.2,4992.85,4981.45,4983.6
34237,2024-06-19 10:26:00,4983.55,4989.25,4982.0,4985.5
34238,2024-06-19 10:27:00,4986.75,4986.75,4980.1,4980.45
34239,2024-06-19 10:28:00,4980.95,4986.15,4980.0,4986.0
34240,2024-06-19 10:29:00,4983.1,4984.7,4979.0,4982.25
34241,2024-06-19 10:30:00,4984.9,4985.0,4978.0,4982.7
34242,2024-06-19 10:31:00,4983.7,4983.7,4976.1,4979.6
34243,2024-06-19 10:32:00,4979.0,4985.0,4978.15,4985.0
34244,2024-06-19 10:33:00,4982.65,4982.65,4977.0,4978.0
34245,2024-06-19 10:34:00,4976.25,4982.7,4975.05,4982.7
34246,2024-06-19 10:35:00,4982.6,4988.25,4982.6,4988.25
34247,2024-06-19 10:36:00,4987.25,4990.0,4980.0,4981.6
34248,2024-06-19 10:37:00,4981.45,4982.0,4978.35,4980.3
34249,2024-06-19 10:38:00,4981.0,4990.0,4981.0,4990.0
34250,2024-06-19 10:39:00,4989.55,4991.95,4989.55,4990.05
34251,2024-06-19 10:40:00,4988.85,4989.6,4985.9,4989.1
34252,2024-06-19 10:41:00,4989.15,4989.15,4985.1,4986.45
34253,2024-06-19 10:42:00,4986.0,4990.0,4983.05,4989.0
34254,2024-06-19 10:43:00,4990.0,5003.0,4988.7,5000.85
34255,2024-06-19 10:44:00,5000.05,5001.9,4992.4,4992.4
34256,2024-06-19 10:45:00,4994.15,4994.15,4990.05,4993.0
34257,2024-06-19 10:46:00,4993.2,5000.0,4993.0,4996.85
34258,2024-06-19 10:47:00,4996.8,4996.8,4992.3,4992.3
34259,2024-06-19 10:48:00,4990.15,4993.4,4990.0,4993.4
34260,2024-06-19 10:49:00,4991.4,4993.45,4990.0,4991.0
34261,2024-06-19 10:50:00,4990.3,4995.0,4990.3,4995.0
34262,2024-06-19 10:51:00,4994.1,4996.35,4992.4,4995.0
34263,2024-06-19 10:52:00,4995.65,4997.8,4992.15,4992.15
34264,2024-06-19 10:53:00,4990.0,4995.25,4989.0,4994.85
34265,2024-06-19 10:54:00,4994.0,4994.0,4990.0,4990.0
34266,2024-06-19 10:55:00,4990.7,4991.95,4985.95,4986.3
34267,2024-06-19 10:56:00,4987.9,4989.6,4986.1,4989.6
34268,2024-06-19 10:57:00,4989.85,4995.0,4989.2,4995.0
34269,2024-06-19 10:58:00,4994.0,4997.75,4994.0,4997.75
34270,2024-06-19 10:59:00,4997.0,4997.0,4991.15,4992.7
34271,2024-06-19 11:00:00,4992.35,4992.7,4992.15,4992.7
34272,2024-06-19 11:01:00,4992.95,4994.2,4990.2,4991.4
34273,2024-06-19 11:02:00,4990.75,4991.4,4990.6,4990.6
34274,2024-06-19 11:03:00,4991.4,4991.4,4986.2,4989.55
34275,2024-06-19 11:04:00,4987.3,4989.15,4987.3,4988.45
34276,2024-06-19 11:05:00,4986.95,4988.45,4986.25,4986.7
34277,2024-06-19 11:06:00,4988.0,4988.0,4985.1,4985.1
34278,2024-06-19 11:07:00,4985.75,4988.15,4985.1,4988.15
34279,2024-06-19 11:08:00,4986.2,4991.45,4985.35,4986.0
34280,2024-06-19 11:09:00,4987.25,4987.25,4980.15,4981.8
34281,2024-06-19 11:10:00,4984.95,4984.95,4982.45,4983.25
34282,2024-06-19 11:11:00,4982.6,4985.0,4982.15,4983.65
34283,2024-06-19 11:12:00,4982.15,4988.65,4982.15,4986.5
34284,2024-06-19 11:13:00,4988.2,4988.2,4986.5,4988.1
34285,2024-06-19 11:14:00,4987.1,4989.0,4987.1,4989.0
34286,2024-06-19 11:15:00,4988.1,4988.1,4985.0,4985.0
34287,2024-06-19 11:16:00,4985.05,4990.85,4985.0,4990.85
34288,2024-06-19 11:17:00,4992.75,4995.0,4991.85,4995.0
34289,2024-06-19 11:18:00,4995.9,4995.95,4995.1,4995.85
34290,2024-06-19 11:19:00,4995.1,4995.5,4991.2,4991.2
34291,2024-06-19 11:20:00,4992.95,4995.85,4992.05,4994.2
34292,2024-06-19 11:21:00,4995.85,4998.9,4994.9,4996.0
34293,2024-06-19 11:22:00,4995.9,4995.9,4992.15,4992.15
34294,2024-06-19 11:23:00,4993.0,4993.0,4992.15,4992.4
34295,2024-06-19 11:24:00,4994.0,4994.4,4993.15,4993.15
34296,2024-06-19 11:25:00,4993.85,4998.0,4993.5,4998.0
34297,2024-06-19 11:26:00,4998.15,4998.15,4996.45,4996.65
34298,2024-06-19 11:27:00,4996.3,4996.3,4995.0,4995.0
34299,2024-06-19 11:28:00,4995.9,4995.9,4995.0,4995.9
34300,2024-06-19 11:29:00,4995.65,4997.45,4995.65,4995.95
34301,2024-06-19 11:30:00,4997.3,4997.3,4995.05,4995.05
34302,2024-06-19 11:31:00,4993.85,4994.4,4992.0,4994.4
34303,2024-06-19 11:32:00,4994.15,4994.15,4991.0,4992.4
34304,2024-06-19 11:33:00,4991.4,4992.4,4991.4,4992.4
34305,2024-06-19 11:34:00,4991.4,4994.3,4991.4,4994.2
34306,2024-06-19 11:35:00,4993.0,4997.75,4993.0,4997.75
34307,2024-06-19 11:36:00,4997.5,4997.5,4996.3,4997.5
34308,2024-06-19 11:37:00,4997.0,4998.9,4997.0,4998.05
34309,2024-06-19 11:38:00,4998.9,4998.9,4997.0,4998.0
34310,2024-06-19 11:39:00,4997.0,4997.95,4997.0,4997.0
34311,2024-06-19 11:40:00,4997.45,5001.0,4996.0,5000.1
34312,2024-06-19 11:41:00,5001.0,5001.85,5001.0,5001.85
34313,2024-06-19 11:42:00,5002.0,5009.0,5001.85,5009.0
34314,2024-06-19 11:43:00,5008.4,5010.0,5002.9,5004.0
34315,2024-06-19 11:44:00,5005.95,5005.95,5000.55,5005.95
34316,2024-06-19 11:45:00,5006.0,5007.9,5000.85,5002.55
34317,2024-06-19 11:46:00,5003.65,5003.65,5002.55,5003.0
34318,2024-06-19 11:47:00,5003.2,5006.2,5003.2,5006.0
34319,2024-06-19 11:48:00,5003.0,5004.65,5002.25,5002.6
34320,2024-06-19 11:49:00,5003.9,5006.2,5002.3,5006.2
34321,2024-06-19 11:50:00,5005.0,5007.0,5005.0,5006.35
34322,2024-06-19 11:51:00,5005.0,5006.1,5004.0,5005.0
34323,2024-06-19 11:52:00,5006.1,5006.5,5005.0,5005.35
34324,2024-06-19 11:53:00,5006.0,5006.0,5005.35,5006.0
34325,2024-06-19 11:54:00,5005.6,5006.5,5005.6,5006.05
34326,2024-06-19 11:55:00,5006.5,5008.0,5006.05,5008.0
34327,2024-06-19 11:56:00,5007.3,5008.0,5005.0,5005.0
34328,2024-06-19 11:57:00,5006.8,5008.0,5005.0,5007.1
34329,2024-06-19 11:58:00,5008.0,5008.0,5007.2,5007.9
34330,2024-06-19 11:59:00,5007.45,5007.9,5007.45,5007.55
34331,2024-06-19 12:00:00,5007.9,5013.0,5007.9,5012.1
34332,2024-06-19 12:01:00,5012.9,5015.0,5012.8,5013.0
34333,2024-06-19 12:02:00,5012.95,5015.0,5012.95,5015.0
34334,2024-06-19 12:03:00,5013.95,5016.9,5013.95,5016.9
34335,2024-06-19 12:04:00,5016.1,5016.9,5016.1,5016.9
34336,2024-06-19 12:05:00,5016.3,5016.9,5016.2,5016.8
34337,2024-06-19 12:06:00,5016.3,5019.7,5016.2,5019.7
34338,2024-06-19 12:07:00,5019.75,5023.8,5016.85,5016.85
34339,2024-06-19 12:08:00,5018.5,5023.7,5018.5,5023.0
34340,2024-06-19 12:09:00,5023.9,5025.9,5018.15,5018.15
34341,2024-06-19 12:10:00,5020.65,5024.0,5018.4,5022.35
34342,2024-06-19 12:11:00,5023.15,5025.9,5022.15,5025.0
34343,2024-06-19 12:12:00,5024.2,5026.1,5023.2,5023.5
34344,2024-06-19 12:13:00,5026.6,5026.6,5023.9,5025.5
34345,2024-06-19 12:14:00,5025.95,5029.8,5025.95,5027.0
34346,2024-06-19 12:15:00,5027.65,5028.85,5025.0,5025.2
34347,2024-06-19 12:16:00,5025.6,5025.6,5022.0,5022.0
34348,2024-06-19 12:17:00,5021.0,5022.05,5016.9,5016.9
34349,2024-06-19 12:18:00,5017.75,5019.65,5017.1,5018.05
34350,2024-06-19 12:19:00,5017.5,5017.5,5015.0,5015.0
34351,2024-06-19 12:20:00,5015.55,5017.9,5015.1,5016.6
34352,2024-06-19 12:21:00,5017.9,5021.2,5016.9,5019.9
34353,2024-06-19 12:22:00,5020.0,5021.15,5020.0,5021.0
34354,2024-06-19 12:23:00,5020.15,5020.5,5020.15,5020.2
34355,2024-06-19 12:24:00,5020.5,5020.5,5019.9,5019.9
34356,2024-06-19 12:25:00,5020.0,5020.0,5018.2,5019.0
34357,2024-06-19 12:26:00,5018.4,5018.4,5017.9,5017.9
34358,2024-06-19 12:27:00,5016.4,5017.7,5015.25,5016.0
34359,2024-06-19 12:28:00,5016.5,5016.5,5016.0,5016.0
34360,2024-06-19 12:29:00,5016.5,5016.5,5015.0,5015.9
34361,2024-06-19 12:30:00,5016.5,5018.4,5015.8,5016.35
34362,2024-06-19 12:31:00,5018.0,5018.0,5016.8,5017.7
34363,2024-06-19 12:32:00,5017.95,5017.95,5015.05,5016.15
34364,2024-06-19 12:33:00,5016.9,5017.85,5016.15,5017.85
34365,2024-06-19 12:34:00,5016.45,5018.7,5016.4,5018.6
34366,2024-06-19 12:35:00,5017.25,5018.55,5016.0,5016.0
34367,2024-06-19 12:36:00,5018.5,5018.5,5017.2,5017.8
34368,2024-06-19 12:37:00,5018.45,5018.45,5017.8,5017.8
34369,2024-06-19 12:38:00,5018.0,5018.0,5017.7,5017.7
34370,2024-06-19 12:39:00,5017.0,5018.0,5015.5,5016.0
34371,2024-06-19 12:40:00,5016.55,5016.55,5015.0,5015.0
34372,2024-06-19 12:41:00,5015.9,5015.9,5015.0,5015.45
34373,2024-06-19 12:42:00,5015.35,5018.9,5015.35,5018.45
34374,2024-06-19 12:43:00,5018.35,5018.55,5016.9,5017.2
34375,2024-06-19 12:44:00,5018.0,5018.0,5016.5,5017.1
34376,2024-06-19 12:45:00,5018.45,5018.45,5015.5,5015.7
34377,2024-06-19 12:46:00,5017.0,5017.0,5016.25,5017.0
34378,2024-06-19 12:47:00,5016.4,5016.4,5014.0,5014.9
34379,2024-06-19 12:48:00,5014.5,5015.95,5013.0,5014.5
34380,2024-06-19 12:49:00,5015.65,5015.65,5014.5,5015.0
34381,2024-06-19 12:50:00,5015.55,5015.9,5015.0,5015.9
34382,2024-06-19 12:51:00,5016.0,5017.5,5016.0,5017.5
34383,2024-06-19 12:52:00,5018.0,5019.0,5017.7,5018.9
34384,2024-06-19 12:53:00,5018.75,5018.75,5014.5,5015.65
34385,2024-06-19 12:54:00,5017.0,5017.0,5016.45,5016.6
34386,2024-06-19 12:55:00,5016.65,5017.0,5016.65,5017.0
34387,2024-06-19 12:56:00,5016.65,5017.0,5016.55,5016.55
34388,2024-06-19 12:57:00,5016.6,5016.65,5016.5,5016.65
34389,2024-06-19 12:58:00,5018.0,5018.0,5014.1,5016.3
34390,2024-06-19 12:59:00,5015.15,5016.0,5015.15,5015.9
34391,2024-06-19 13:00:00,5015.15,5015.9,5015.15,5015.15
34392,2024-06-19 13:01:00,5015.9,5024.0,5015.9,5022.35
34393,2024-06-19 13:02:00,5023.75,5023.75,5021.0,5022.0
34394,2024-06-19 13:03:00,5024.0,5024.0,5021.0,5021.05
34395,2024-06-19 13:04:00,5023.3,5029.8,5022.35,5029.8
34396,2024-06-19 13:05:00,5028.85,5029.95,5028.85,5029.95
34397,2024-06-19 13:06:00,5029.85,5030.0,5026.55,5026.65
34398,2024-06-19 13:07:00,5026.6,5028.6,5025.75,5028.0
34399,2024-06-19 13:08:00,5026.55,5027.45,5026.55,5027.45
34400,2024-06-19 13:09:00,5027.4,5028.65,5026.55,5028.2
34401,2024-06-19 13:10:00,5028.25,5028.3,5027.15,5027.95
34402,2024-06-19 13:11:00,5027.35,5028.65,5026.55,5026.8
34403,2024-06-19 13:12:00,5026.75,5026.75,5025.0,5026.0
34404,2024-06-19 13:13:00,5026.8,5028.65,5026.8,5028.2
34405,2024-06-19 13:14:00,5028.65,5030.0,5026.15,5027.75
34406,2024-06-19 13:15:00,5027.65,5030.0,5026.0,5030.0
34407,2024-06-19 13:16:00,5027.9,5030.0,5025.95,5025.95
34408,2024-06-19 13:17:00,5027.7,5027.7,5025.5,5025.5
34409,2024-06-19 13:18:00,5026.15,5027.35,5025.0,5026.0
34410,2024-06-19 13:19:00,5026.35,5026.35,5025.0,5025.0
34411,2024-06-19 13:20:00,5025.85,5025.85,5025.0,5025.85
34412,2024-06-19 13:21:00,5025.0,5025.85,5021.0,5021.0
34413,2024-06-19 13:22:00,5020.1,5024.0,5020.05,5023.1
34414,2024-06-19 13:23:00,5022.8,5022.8,5020.0,5021.0
34415,2024-06-19 13:24:00,5020.4,5021.0,5015.0,5015.0
34416,2024-06-19 13:25:00,5015.9,5021.0,5015.75,5020.05
34417,2024-06-19 13:26:00,5021.0,5024.3,5021.0,5022.45
34418,2024-06-19 13:27:00,5023.0,5025.0,5022.45,5025.0
34419,2024-06-19 13:28:00,5024.75,5028.95,5024.75,5028.95
34420,2024-06-19 13:29:00,5030.0,5030.0,5025.55,5028.3
34421,2024-06-19 13:30:00,5029.65,5029.9,5029.15,5029.6
34422,2024-06-19 13:31:00,5029.55,5029.6,5024.5,5025.25
34423,2024-06-19 13:32:00,5026.0,5026.0,5021.25,5021.95
34424,2024-06-19 13:33:00,5023.1,5025.0,5022.2,5024.65
34425,2024-06-19 13:34:00,5025.0,5028.95,5024.3,5028.95
34426,2024-06-19 13:35:00,5029.0,5029.0,5020.6,5025.1
34427,2024-06-19 13:36:00,5025.7,5025.7,5022.15,5024.85
34428,2024-06-19 13:37:00,5024.8,5024.85,5021.8,5024.85
34429,2024-06-19 13:38:00,5022.9,5025.9,5022.9,5024.9
34430,2024-06-19 13:39:00,5026.0,5028.95,5025.15,5028.95
34431,2024-06-19 13:40:00,5028.05,5029.5,5028.05,5029.0
34432,2024-06-19 13:41:00,5029.5,5033.8,5029.4,5033.8
34433,2024-06-19 13:42:00,5033.9,5035.0,5033.9,5035.0
34434,2024-06-19 13:43:00,5034.9,5034.95,5033.5,5034.3
34435,2024-06-19 13:44:00,5033.5,5035.0,5033.5,5035.0
34436,2024-06-19 13:45:00,5036.45,5036.5,5029.25,5029.4
34437,2024-06-19 13:46:00,5028.05,5034.25,5026.65,5028.9
34438,2024-06-19 13:47:00,5029.0,5032.6,5028.0,5029.8
34439,2024-06-19 13:48:00,5031.7,5034.0,5029.35,5034.0
34440,2024-06-19 13:49:00,5033.7,5034.4,5031.45,5033.95
34441,2024-06-19 13:50:00,5033.5,5033.5,5030.7,5031.7
34442,2024-06-19 13:51:00,5031.6,5032.2,5028.95,5031.5
34443,2024-06-19 13:52:00,5027.5,5031.1,5027.5,5030.5
34444,2024-06-19 13:53:00,5031.1,5032.2,5026.05,5028.8
34445,2024-06-19 13:54:00,5028.6,5028.6,5025.85,5025.85
34446,2024-06-19 13:55:00,5025.0,5031.0,5025.0,5031.0
34447,2024-06-19 13:56:00,5030.15,5030.9,5030.15,5030.15
34448,2024-06-19 13:57:00,5030.9,5033.95,5030.15,5032.8
34449,2024-06-19 13:58:00,5032.7,5032.8,5032.7,5032.8
34450,2024-06-19 13:59:00,5033.95,5034.05,5025.65,5027.35
34451,2024-06-19 14:00:00,5027.4,5029.0,5027.4,5028.95
34452,2024-06-19 14:01:00,5027.6,5028.95,5027.6,5028.35
34453,2024-06-19 14:02:00,5029.0,5029.0,5022.4,5023.85
34454,2024-06-19 14:03:00,5022.8,5023.85,5019.0,5019.75
34455,2024-06-19 14:04:00,5019.9,5022.65,5019.9,5022.0
34456,2024-06-19 14:05:00,5021.65,5022.0,5021.65,5022.0
34457,2024-06-19 14:06:00,5022.85,5022.85,5016.5,5018.1
34458,2024-06-19 14:07:00,5016.1,5018.9,5016.05,5018.9
34459,2024-06-19 14:08:00,5019.2,5020.0,5018.9,5018.9
34460,2024-06-19 14:09:00,5021.8,5021.8,5019.55,5021.6
34461,2024-06-19 14:10:00,5021.45,5021.6,5021.0,5021.6
34462,2024-06-19 14:11:00,5021.45,5025.1,5021.4,5025.1
34463,2024-06-19 14:12:00,5023.75,5028.1,5018.2,5021.35
34464,2024-06-19 14:13:00,5022.5,5022.5,5021.35,5022.25
34465,2024-06-19 14:14:00,5021.35,5022.25,5018.1,5020.45
34466,2024-06-19 14:15:00,5018.8,5019.1,5018.0,5018.0
34467,2024-06-19 14:16:00,5017.0,5020.0,5015.0,5020.0
34468,2024-06-19 14:17:00,5022.0,5024.85,5020.0,5022.15
34469,2024-06-19 14:18:00,5020.25,5023.4,5020.25,5021.2
34470,2024-06-19 14:19:00,5022.0,5028.0,5022.0,5027.95
34471,2024-06-19 14:20:00,5025.85,5028.1,5025.85,5028.1
34472,2024-06-19 14:21:00,5026.1,5027.45,5026.1,5027.45
34473,2024-06-19 14:22:00,5027.0,5029.0,5027.0,5029.0
34474,2024-06-19 14:23:00,5030.0,5031.75,5027.0,5028.65
34475,2024-06-19 14:24:00,5028.5,5028.5,5027.0,5027.15
34476,2024-06-19 14:25:00,5026.25,5027.15,5022.2,5022.2
34477,2024-06-19 14:26:00,5023.0,5023.0,5022.2,5022.55
34478,2024-06-19 14:27:00,5023.0,5023.05,5022.45,5022.5
34479,2024-06-19 14:28:00,5023.0,5024.95,5022.5,5024.4
34480,2024-06-19 14:29:00,5023.4,5024.4,5023.4,5024.4
34481,2024-06-19 14:30:00,5023.55,5025.15,5023.55,5025.15
34482,2024-06-19 14:31:00,5024.4,5029.9,5024.4,5029.9
34483,2024-06-19 14:32:00,5030.0,5032.8,5028.55,5032.8
34484,2024-06-19 14:33:00,5031.25,5032.8,5026.15,5026.25
34485,2024-06-19 14:34:00,5026.0,5029.0,5024.6,5024.7
34486,2024-06-19 14:35:00,5026.8,5028.65,5026.55,5026.55
34487,2024-06-19 14:36:00,5028.0,5028.0,5026.15,5026.15
34488,2024-06-19 14:37:00,5027.8,5028.9,5026.2,5028.9
34489,2024-06-19 14:38:00,5028.0,5029.0,5028.0,5028.1
34490,2024-06-19 14:39:00,5025.3,5027.05,5022.0,5027.05
34491,2024-06-19 14:40:00,5026.9,5026.9,5023.0,5023.0
34492,2024-06-19 14:41:00,5023.75,5024.25,5023.75,5024.25
34493,2024-06-19 14:42:00,5024.7,5025.3,5023.0,5023.5
34494,2024-06-19 14:43:00,5025.85,5026.0,5024.05,5024.35
34495,2024-06-19 14:44:00,5024.0,5024.0,5020.0,5020.0
34496,2024-06-19 14:45:00,5018.75,5023.65,5018.0,5018.45
34497,2024-06-19 14:46:00,5019.35,5023.65,5018.45,5022.75
34498,2024-06-19 14:47:00,5022.9,5027.05,5022.3,5027.0
34499,2024-06-19 14:48:00,5026.85,5034.05,5026.85,5032.5
34500,2024-06-19 14:49:00,5034.0,5038.65,5032.4,5037.6
34501,2024-06-19 14:50:00,5037.0,5038.05,5031.1,5031.65
34502,2024-06-19 14:51:00,5031.9,5036.6,5031.9,5035.1
34503,2024-06-19 14:52:00,5035.0,5035.5,5032.35,5033.2
34504,2024-06-19 14:53:00,5032.35,5032.35,5030.0,5032.1
34505,2024-06-19 14:54:00,5032.3,5034.85,5028.0,5033.3
34506,2024-06-19 14:55:00,5033.2,5034.5,5030.85,5034.0
34507,2024-06-19 14:56:00,5031.25,5032.9,5025.7,5030.0
34508,2024-06-19 14:57:00,5029.95,5031.9,5026.55,5030.1
34509,2024-06-19 14:58:00,5030.0,5031.85,5026.0,5029.85
34510,2024-06-19 14:59:00,5027.55,5030.0,5022.35,5027.35
34511,2024-06-19 15:00:00,5026.5,5031.0,5023.0,5023.0
34512,2024-06-19 15:01:00,5024.15,5026.8,5020.0,5020.0
34513,2024-06-19 15:02:00,5020.5,5022.85,5017.05,5021.95
34514,2024-06-19 15:03:00,5021.15,5022.8,5020.45,5021.85
34515,2024-06-19 15:04:00,5023.05,5027.25,5021.45,5021.45
34516,2024-06-19 15:05:00,5020.0,5020.9,5013.55,5013.9
34517,2024-06-19 15:06:00,5012.95,5014.65,5004.05,5010.25
34518,2024-06-19 15:07:00,5010.55,5010.55,5005.1,5008.15
34519,2024-06-19 15:08:00,5008.25,5016.4,5007.9,5016.4
34520,2024-06-19 15:09:00,5017.9,5017.95,5015.0,5015.85
34521,2024-06-19 15:10:00,5015.5,5017.45,5015.0,5017.45
34522,2024-06-19 15:11:00,5016.0,5017.4,5015.0,5016.85
34523,2024-06-19 15:12:00,5016.8,5017.75,5015.0,5016.7
34524,2024-06-19 15:13:00,5015.2,5022.0,5015.2,5022.0
34525,2024-06-19 15:14:00,5021.85,5023.55,5021.85,5023.45
34526,2024-06-19 15:15:00,5023.5,5025.0,5022.35,5024.45
34527,2024-06-19 15:16:00,5026.0,5029.0,5023.65,5026.55
34528,2024-06-19 15:17:00,5026.25,5028.0,5024.25,5025.55
34529,2024-06-19 15:18:00,5026.35,5029.7,5023.0,5023.0
34530,2024-06-19 15:19:00,5021.6,5026.4,5021.45,5024.05
34531,2024-06-19 15:20:00,5024.0,5026.45,5021.55,5026.15
34532,2024-06-19 15:21:00,5026.1,5026.1,5023.4,5023.5
34533,2024-06-19 15:22:00,5023.4,5024.95,5022.35,5024.55
34534,2024-06-19 15:23:00,5024.45,5025.0,5023.05,5023.1
34535,2024-06-19 15:24:00,5023.05,5024.95,5023.05,5024.95
34536,2024-06-19 15:25:00,5025.0,5025.0,5019.55,5020.15
34537,2024-06-19 15:26:00,5021.45,5021.45,5015.5,5016.05
34538,2024-06-19 15:27:00,5015.5,5020.45,5015.0,5020.45
34539,2024-06-19 15:28:00,5019.0,5023.45,5015.0,5015.0
34540,2024-06-19 15:29:00,5020.5,5020.5,5015.0,5020.0
34541,2024-06-20 09:15:00,5029.95,5029.95,5002.2,5009.05
34542,2024-06-20 09:16:00,5012.3,5015.55,5005.0,5011.35
34543,2024-06-20 09:17:00,5010.6,5022.0,5010.6,5018.05
34544,2024-06-20 09:18:00,5017.25,5026.0,5010.45,5026.0
34545,2024-06-20 09:19:00,5028.9,5033.85,5018.85,5020.6
34546,2024-06-20 09:20:00,5019.3,5038.0,5019.05,5032.7
34547,2024-06-20 09:21:00,5032.8,5033.1,5018.05,5020.0
34548,2024-06-20 09:22:00,5022.15,5028.65,5020.05,5024.2
34549,2024-06-20 09:23:00,5026.65,5026.65,5005.1,5008.0
34550,2024-06-20 09:24:00,5010.0,5011.0,5001.15,5005.1
34551,2024-06-20 09:25:00,5003.3,5011.2,5003.05,5007.25
34552,2024-06-20 09:26:00,5008.25,5028.95,5008.25,5023.05
34553,2024-06-20 09:27:00,5022.45,5028.8,5022.05,5025.05
34554,2024-06-20 09:28:00,5024.7,5028.95,5016.95,5027.35
34555,2024-06-20 09:29:00,5023.15,5023.15,5016.1,5021.6
34556,2024-06-20 09:30:00,5023.3,5026.75,5021.6,5026.75
34557,2024-06-20 09:31:00,5026.8,5026.8,5021.8,5021.9
34558,2024-06-20 09:32:00,5022.05,5037.05,5021.8,5037.0
34559,2024-06-20 09:33:00,5036.35,5042.15,5035.75,5040.7
34560,2024-06-20 09:34:00,5039.0,5040.15,5032.1,5035.6
34561,2024-06-20 09:35:00,5031.05,5043.25,5031.05,5042.45
34562,2024-06-20 09:36:00,5042.5,5043.6,5037.3,5040.75
34563,2024-06-20 09:37:00,5040.8,5045.0,5034.9,5034.95
34564,2024-06-20 09:38:00,5038.05,5040.9,5035.0,5036.95
34565,2024-06-20 09:39:00,5036.6,5039.5,5035.1,5036.65
34566,2024-06-20 09:40:00,5037.4,5037.6,5032.1,5034.9
34567,2024-06-20 09:41:00,5034.95,5040.4,5033.7,5040.35
34568,2024-06-20 09:42:00,5040.3,5043.0,5034.6,5036.2
34569,2024-06-20 09:43:00,5038.2,5046.65,5038.2,5044.05
34570,2024-06-20 09:44:00,5045.0,5050.0,5044.0,5050.0
34571,2024-06-20 09:45:00,5049.7,5055.1,5045.4,5049.9
34572,2024-06-20 09:46:00,5049.7,5051.45,5046.55,5050.8
34573,2024-06-20 09:47:00,5050.6,5053.05,5050.2,5050.9
34574,2024-06-20 09:48:00,5050.95,5051.65,5045.25,5046.1
34575,2024-06-20 09:49:00,5047.65,5051.85,5047.65,5050.6
34576,2024-06-20 09:50:00,5052.5,5054.2,5050.0,5051.65
34577,2024-06-20 09:51:00,5051.6,5054.1,5049.95,5054.05
34578,2024-06-20 09:52:00,5054.15,5054.15,5045.0,5045.05
34579,2024-06-20 09:53:00,5046.0,5048.75,5045.05,5048.25
34580,2024-06-20 09:54:00,5048.2,5056.0,5046.95,5056.0
34581,2024-06-20 09:55:00,5055.95,5055.95,5052.6,5054.0
34582,2024-06-20 09:56:00,5054.05,5054.05,5039.0,5043.8
34583,2024-06-20 09:57:00,5043.75,5046.8,5041.45,5042.5
34584,2024-06-20 09:58:00,5044.45,5053.0,5044.45,5051.15
34585,2024-06-20 09:59:00,5050.95,5056.5,5050.55,5054.85
34586,2024-06-20 10:00:00,5054.8,5055.55,5050.15,5051.3
34587,2024-06-20 10:01:00,5051.25,5051.25,5045.45,5045.75
34588,2024-06-20 10:02:00,5041.5,5045.1,5037.0,5037.0
34589,2024-06-20 10:03:00,5037.95,5040.0,5035.1,5035.1
34590,2024-06-20 10:04:00,5031.05,5032.0,5026.0,5026.0
34591,2024-06-20 10:05:00,5026.4,5029.4,5026.0,5026.05
34592,2024-06-20 10:06:00,5026.15,5029.4,5026.0,5027.1
34593,2024-06-20 10:07:00,5027.5,5030.0,5027.1,5027.5
34594,2024-06-20 10:08:00,5029.25,5029.85,5019.0,5019.0
34595,2024-06-20 10:09:00,5018.0,5020.95,5017.05,5019.75
34596,2024-06-20 10:10:00,5019.8,5021.0,5013.25,5019.45
34597,2024-06-20 10:11:00,5016.45,5019.75,5016.3,5016.3
34598,2024-06-20 10:12:00,5015.15,5016.3,5013.45,5014.45
34599,2024-06-20 10:13:00,5014.8,5015.45,5011.05,5011.4
34600,2024-06-20 10:14:00,5011.35,5025.15,5011.35,5015.0
34601,2024-06-20 10:15:00,5015.6,5019.85,5013.7,5019.85
34602,2024-06-20 10:16:00,5020.6,5020.6,5016.0,5018.95
34603,2024-06-20 10:17:00,5016.2,5021.75,5016.0,5019.85
34604,2024-06-20 10:18:00,5018.9,5022.75,5018.6,5022.6
34605,2024-06-20 10:19:00,5023.0,5025.4,5021.8,5021.8
34606,2024-06-20 10:20:00,5020.4,5026.35,5020.4,5026.35
34607,2024-06-20 10:21:00,5025.0,5027.45,5025.0,5027.45
34608,2024-06-20 10:22:00,5025.2,5027.55,5023.55,5025.55
34609,2024-06-20 10:23:00,5024.0,5026.8,5020.35,5020.5
34610,2024-06-20 10:24:00,5021.5,5021.5,5015.0,5019.35
34611,2024-06-20 10:25:00,5016.45,5019.3,5016.05,5018.0
34612,2024-06-20 10:26:00,5019.35,5024.95,5018.0,5018.05
34613,2024-06-20 10:27:00,5018.0,5019.45,5015.05,5015.15
34614,2024-06-20 10:28:00,5016.75,5016.75,5014.35,5015.0
34615,2024-06-20 10:29:00,5014.0,5015.2,5013.0,5015.05
34616,2024-06-20 10:30:00,5016.3,5019.75,5015.0,5018.4
34617,2024-06-20 10:31:00,5018.25,5023.35,5018.0,5018.85
34618,2024-06-20 10:32:00,5018.0,5019.95,5016.05,5016.45
34619,2024-06-20 10:33:00,5016.5,5018.7,5016.3,5016.4
34620,2024-06-20 10:34:00,5016.0,5016.0,5010.25,5010.5
34621,2024-06-20 10:35:00,5010.65,5016.75,5010.55,5016.75
34622,2024-06-20 10:36:00,5011.9,5016.25,5011.35,5012.95
34623,2024-06-20 10:37:00,5013.0,5013.4,5010.0,5010.0
34624,2024-06-20 10:38:00,5015.0,5016.4,5011.8,5012.7
34625,2024-06-20 10:39:00,5012.55,5015.65,5012.3,5013.15
34626,2024-06-20 10:40:00,5016.2,5016.2,5011.85,5011.85
34627,2024-06-20 10:41:00,5011.55,5012.3,5010.35,5011.5
34628,2024-06-20 10:42:00,5012.15,5013.35,5011.3,5013.35
34629,2024-06-20 10:43:00,5013.25,5015.7,5013.0,5013.0
34630,2024-06-20 10:44:00,5013.05,5015.1,5012.95,5012.95
34631,2024-06-20 10:45:00,5012.9,5015.1,5011.6,5012.7
34632,2024-06-20 10:46:00,5011.65,5012.95,5005.9,5007.3
34633,2024-06-20 10:47:00,5006.25,5008.2,5004.15,5005.75
34634,2024-06-20 10:48:00,5009.0,5009.05,5002.55,5002.55
34635,2024-06-20 10:49:00,5002.2,5002.55,5001.0,5002.45
34636,2024-06-20 10:50:00,5001.1,5004.45,5001.1,5002.95
34637,2024-06-20 10:51:00,5002.9,5002.9,5000.05,5001.0
34638,2024-06-20 10:52:00,5000.95,5003.75,5000.05,5002.0
34639,2024-06-20 10:53:00,5003.15,5004.2,5001.05,5002.8
34640,2024-06-20 10:54:00,5002.0,5004.1,5001.0,5001.0
34641,2024-06-20 10:55:00,5001.5,5003.85,5000.0,5001.4
34642,2024-06-20 10:56:00,5002.75,5009.0,5002.75,5007.9
34643,2024-06-20 10:57:00,5006.3,5007.9,5006.0,5006.3
34644,2024-06-20 10:58:00,5006.0,5006.0,5002.65,5004.0
34645,2024-06-20 10:59:00,5002.5,5004.9,5002.5,5004.9
34646,2024-06-20 11:00:00,5005.5,5013.2,5005.5,5008.0
34647,2024-06-20 11:01:00,5009.5,5009.5,5004.6,5004.6
34648,2024-06-20 11:02:00,5007.55,5007.65,5005.2,5007.6
34649,2024-06-20 11:03:00,5007.0,5007.65,5005.5,5007.65
34650,2024-06-20 11:04:00,5008.15,5011.0,5008.0,5010.15
34651,2024-06-20 11:05:00,5008.0,5010.05,5007.65,5007.65
34652,2024-06-20 11:06:00,5006.0,5008.35,5006.0,5007.65
34653,2024-06-20 11:07:00,5007.1,5007.25,5003.05,5003.05
34654,2024-06-20 11:08:00,5005.05,5005.05,5002.75,5004.65
34655,2024-06-20 11:09:00,5004.7,5007.65,5004.5,5006.0
34656,2024-06-20 11:10:00,5005.0,5009.0,5004.0,5007.5
34657,2024-06-20 11:11:00,5007.0,5009.0,5005.05,5009.0
34658,2024-06-20 11:12:00,5007.5,5017.85,5007.5,5010.5
34659,2024-06-20 11:13:00,5014.3,5015.9,5010.0,5012.9
34660,2024-06-20 11:14:00,5016.65,5016.65,5010.05,5010.05
34661,2024-06-20 11:15:00,5010.0,5022.75,5010.0,5018.9
34662,2024-06-20 11:16:00,5020.3,5024.5,5016.65,5018.75
34663,2024-06-20 11:17:00,5021.9,5029.4,5021.9,5025.85
34664,2024-06-20 11:18:00,5028.85,5030.0,5025.95,5029.85
34665,2024-06-20 11:19:00,5030.95,5033.0,5029.45,5031.75
34666,2024-06-20 11:20:00,5032.95,5033.15,5030.0,5033.15
34667,2024-06-20 11:21:00,5033.0,5040.0,5033.0,5036.0
34668,2024-06-20 11:22:00,5036.1,5040.0,5036.0,5038.45
34669,2024-06-20 11:23:00,5040.0,5041.9,5038.8,5041.45
34670,2024-06-20 11:24:00,5041.7,5042.95,5038.45,5038.55
34671,2024-06-20 11:25:00,5038.6,5042.05,5038.55,5039.05
34672,2024-06-20 11:26:00,5042.0,5042.4,5041.0,5042.05
34673,2024-06-20 11:27:00,5042.0,5045.0,5042.0,5044.0
34674,2024-06-20 11:28:00,5045.0,5055.0,5045.0,5052.5
34675,2024-06-20 11:29:00,5051.15,5062.0,5051.15,5062.0
34676,2024-06-20 11:30:00,5060.2,5061.95,5047.9,5050.3
34677,2024-06-20 11:31:00,5048.0,5048.25,5042.0,5043.4
34678,2024-06-20 11:32:00,5042.1,5044.15,5036.0,5036.0
34679,2024-06-20 11:33:00,5037.75,5039.95,5032.9,5038.95
34680,2024-06-20 11:34:00,5037.4,5043.35,5034.05,5041.65
34681,2024-06-20 11:35:00,5039.75,5042.8,5039.65,5042.0
34682,2024-06-20 11:36:00,5039.45,5041.75,5036.45,5041.45
34683,2024-06-20 11:37:00,5040.4,5041.95,5040.0,5041.85
34684,2024-06-20 11:38:00,5039.0,5041.75,5039.0,5040.0
34685,2024-06-20 11:39:00,5039.0,5049.9,5038.55,5048.65
34686,2024-06-20 11:40:00,5045.6,5048.9,5045.55,5047.05
34687,2024-06-20 11:41:00,5047.2,5047.2,5042.05,5042.05
34688,2024-06-20 11:42:00,5044.4,5044.5,5042.05,5044.5
34689,2024-06-20 11:43:00,5045.85,5046.95,5042.95,5043.45
34690,2024-06-20 11:44:00,5046.75,5049.0,5043.25,5049.0
34691,2024-06-20 11:45:00,5047.35,5056.95,5045.15,5048.3
34692,2024-06-20 11:46:00,5049.65,5054.75,5047.9,5054.0
34693,2024-06-20 11:47:00,5052.0,5054.55,5047.95,5048.1
34694,2024-06-20 11:48:00,5048.3,5049.85,5044.8,5048.55
34695,2024-06-20 11:49:00,5049.0,5050.1,5045.65,5048.1
34696,2024-06-20 11:50:00,5048.15,5051.15,5048.15,5049.95
34697,2024-06-20 11:51:00,5049.1,5049.95,5044.95,5044.95
34698,2024-06-20 11:52:00,5045.0,5048.9,5045.0,5047.55
34699,2024-06-20 11:53:00,5047.0,5047.0,5045.15,5046.85
34700,2024-06-20 11:54:00,5047.0,5047.7,5045.4,5047.0
34701,2024-06-20 11:55:00,5044.55,5047.0,5042.25,5045.2
34702,2024-06-20 11:56:00,5044.0,5047.0,5041.5,5045.05
34703,2024-06-20 11:57:00,5045.0,5045.0,5040.0,5042.0
34704,2024-06-20 11:58:00,5042.55,5045.0,5036.15,5045.0
34705,2024-06-20 11:59:00,5044.05,5049.2,5042.8,5049.2
34706,2024-06-20 12:00:00,5046.1,5048.95,5045.0,5046.1
34707,2024-06-20 12:01:00,5046.65,5048.05,5045.0,5045.25
34708,2024-06-20 12:02:00,5045.0,5048.45,5045.0,5046.05
34709,2024-06-20 12:03:00,5048.05,5048.5,5046.1,5046.7
34710,2024-06-20 12:04:00,5046.75,5048.5,5046.5,5047.45
34711,2024-06-20 12:05:00,5047.5,5047.5,5045.05,5046.05
34712,2024-06-20 12:06:00,5046.0,5047.0,5045.05,5046.95
34713,2024-06-20 12:07:00,5046.9,5048.25,5045.0,5048.25
34714,2024-06-20 12:08:00,5048.3,5048.45,5046.7,5048.45
34715,2024-06-20 12:09:00,5048.3,5052.5,5046.6,5051.55
34716,2024-06-20 12:10:00,5053.85,5054.0,5051.15,5052.45
34717,2024-06-20 12:11:00,5052.0,5052.95,5050.75,5052.5
34718,2024-06-20 12:12:00,5052.9,5053.9,5050.75,5053.9
34719,2024-06-20 12:13:00,5054.0,5054.0,5049.3,5050.3
34720,2024-06-20 12:14:00,5053.35,5054.0,5051.15,5052.15
34721,2024-06-20 12:15:00,5052.1,5054.5,5052.1,5053.3
34722,2024-06-20 12:16:00,5054.0,5054.0,5052.65,5053.95
34723,2024-06-20 12:17:00,5051.95,5058.1,5051.95,5055.2
34724,2024-06-20 12:18:00,5056.0,5061.5,5056.0,5061.5
34725,2024-06-20 12:19:00,5061.9,5062.45,5060.75,5062.0
34726,2024-06-20 12:20:00,5060.75,5065.0,5060.75,5061.45
34727,2024-06-20 12:21:00,5060.0,5062.15,5056.35,5057.55
34728,2024-06-20 12:22:00,5056.3,5058.8,5053.85,5056.95
34729,2024-06-20 12:23:00,5057.95,5058.0,5055.1,5057.1
34730,2024-06-20 12:24:00,5057.35,5059.3,5056.55,5056.55
34731,2024-06-20 12:25:00,5056.5,5059.2,5054.65,5059.2
34732,2024-06-20 12:26:00,5055.35,5058.8,5055.3,5055.9
34733,2024-06-20 12:27:00,5054.7,5055.8,5051.05,5051.05
34734,2024-06-20 12:28:00,5054.2,5054.55,5051.9,5051.9
34735,2024-06-20 12:29:00,5052.9,5054.45,5050.55,5054.45
34736,2024-06-20 12:30:00,5054.6,5057.2,5053.85,5053.85
34737,2024-06-20 12:31:00,5051.15,5053.4,5048.75,5048.75
34738,2024-06-20 12:32:00,5049.05,5052.15,5049.05,5051.95
34739,2024-06-20 12:33:00,5052.4,5052.4,5049.95,5051.5
34740,2024-06-20 12:34:00,5051.95,5051.95,5048.0,5048.0
34741,2024-06-20 12:35:00,5046.55,5047.3,5045.0,5045.0
34742,2024-06-20 12:36:00,5045.3,5048.45,5045.0,5045.0
34743,2024-06-20 12:37:00,5045.45,5047.25,5045.0,5045.4
34744,2024-06-20 12:38:00,5045.45,5047.25,5045.15,5045.15
34745,2024-06-20 12:39:00,5047.2,5047.25,5045.2,5047.2
34746,2024-06-20 12:40:00,5047.85,5047.85,5045.1,5047.45
34747,2024-06-20 12:41:00,5045.1,5047.9,5045.0,5046.95
34748,2024-06-20 12:42:00,5046.9,5049.9,5046.55,5046.55
34749,2024-06-20 12:43:00,5049.25,5049.65,5046.55,5046.55
34750,2024-06-20 12:44:00,5047.0,5048.8,5046.05,5048.0
34751,2024-06-20 12:45:00,5046.6,5048.45,5046.15,5048.0
34752,2024-06-20 12:46:00,5048.45,5048.45,5044.95,5046.8
34753,2024-06-20 12:47:00,5045.4,5048.9,5044.5,5048.9
34754,2024-06-20 12:48:00,5046.95,5048.9,5046.05,5048.9
34755,2024-06-20 12:49:00,5048.2,5048.9,5047.95,5048.9
34756,2024-06-20 12:50:00,5049.0,5052.2,5048.9,5052.2
34757,2024-06-20 12:51:00,5051.4,5053.0,5050.0,5053.0
34758,2024-06-20 12:52:00,5051.25,5055.0,5050.55,5055.0
34759,2024-06-20 12:53:00,5054.0,5054.9,5050.8,5054.1
34760,2024-06-20 12:54:00,5052.05,5055.0,5050.8,5051.2
34761,2024-06-20 12:55:00,5051.25,5053.6,5050.55,5053.4
34762,2024-06-20 12:56:00,5053.3,5054.0,5050.5,5053.0
34763,2024-06-20 12:57:00,5053.05,5053.8,5050.3,5053.5
34764,2024-06-20 12:58:00,5050.8,5053.8,5050.8,5053.55
34765,2024-06-20 12:59:00,5053.2,5054.0,5050.0,5054.0
34766,2024-06-20 13:00:00,5054.25,5055.0,5050.4,5053.15
34767,2024-06-20 13:01:00,5053.2,5055.0,5051.6,5051.9
34768,2024-06-20 13:02:00,5052.6,5055.5,5050.75,5054.95
34769,2024-06-20 13:03:00,5052.2,5055.15,5051.75,5055.05
34770,2024-06-20 13:04:00,5055.1,5056.0,5053.55,5056.0
34771,2024-06-20 13:05:00,5055.95,5059.8,5054.9,5058.35
34772,2024-06-20 13:06:00,5058.0,5059.0,5055.7,5057.7
34773,2024-06-20 13:07:00,5057.8,5059.9,5056.0,5058.5
34774,2024-06-20 13:08:00,5058.6,5059.9,5058.5,5059.75
34775,2024-06-20 13:09:00,5059.9,5059.9,5057.05,5059.55
34776,2024-06-20 13:10:00,5059.75,5059.9,5056.85,5058.15
34777,2024-06-20 13:11:00,5057.0,5059.3,5055.05,5056.7
34778,2024-06-20 13:12:00,5056.25,5057.7,5053.55,5056.2
34779,2024-06-20 13:13:00,5055.1,5057.7,5051.7,5051.7
34780,2024-06-20 13:14:00,5050.9,5053.95,5050.55,5053.95
34781,2024-06-20 13:15:00,5053.9,5053.95,5050.0,5052.9
34782,2024-06-20 13:16:00,5053.0,5054.0,5050.25,5052.95
34783,2024-06-20 13:17:00,5051.9,5054.0,5050.6,5052.0
34784,2024-06-20 13:18:00,5054.65,5054.65,5048.95,5051.35
34785,2024-06-20 13:19:00,5049.9,5054.9,5048.9,5053.95
34786,2024-06-20 13:20:00,5052.3,5059.95,5051.55,5059.5
34787,2024-06-20 13:21:00,5059.95,5062.8,5058.05,5062.8
34788,2024-06-20 13:22:00,5062.0,5065.0,5060.0,5065.0
34789,2024-06-20 13:23:00,5064.4,5065.0,5062.8,5062.8
34790,2024-06-20 13:24:00,5064.9,5066.6,5060.7,5065.9
34791,2024-06-20 13:25:00,5066.15,5066.85,5063.6,5066.0
34792,2024-06-20 13:26:00,5065.35,5067.0,5062.7,5065.3
34793,2024-06-20 13:27:00,5065.35,5066.0,5061.45,5065.0
34794,2024-06-20 13:28:00,5064.5,5065.0,5063.7,5064.95
34795,2024-06-20 13:29:00,5064.9,5065.0,5063.25,5065.0
34796,2024-06-20 13:30:00,5063.0,5064.0,5061.05,5064.0
34797,2024-06-20 13:31:00,5063.95,5064.0,5059.75,5062.0
34798,2024-06-20 13:32:00,5061.35,5065.5,5060.5,5065.5
34799,2024-06-20 13:33:00,5065.7,5066.5,5062.35,5065.75
34800,2024-06-20 13:34:00,5066.2,5067.8,5062.75,5067.65
34801,2024-06-20 13:35:00,5067.25,5068.8,5062.55,5064.85
34802,2024-06-20 13:36:00,5066.0,5067.3,5063.1,5066.0
34803,2024-06-20 13:37:00,5064.65,5066.25,5062.15,5065.95
34804,2024-06-20 13:38:00,5066.5,5066.95,5062.5,5066.1
34805,2024-06-20 13:39:00,5066.5,5066.95,5063.0,5066.7
34806,2024-06-20 13:40:00,5065.45,5066.95,5063.0,5066.9
34807,2024-06-20 13:41:00,5066.2,5066.9,5064.65,5065.6
34808,2024-06-20 13:42:00,5063.1,5066.9,5063.1,5065.45
34809,2024-06-20 13:43:00,5065.5,5066.9,5058.05,5065.85
34810,2024-06-20 13:44:00,5064.05,5066.85,5058.2,5064.05
34811,2024-06-20 13:45:00,5063.6,5064.95,5059.65,5059.65
34812,2024-06-20 13:46:00,5059.6,5062.0,5057.35,5060.15
34813,2024-06-20 13:47:00,5058.95,5061.0,5052.7,5058.85
34814,2024-06-20 13:48:00,5056.75,5058.65,5052.05,5055.9
34815,2024-06-20 13:49:00,5055.95,5058.8,5053.35,5058.0
34816,2024-06-20 13:50:00,5054.9,5058.0,5052.1,5055.9
34817,2024-06-20 13:51:00,5053.3,5054.95,5050.05,5053.85
34818,2024-06-20 13:52:00,5053.4,5053.4,5045.0,5049.05
34819,2024-06-20 13:53:00,5047.75,5049.8,5041.55,5041.75
34820,2024-06-20 13:54:00,5041.55,5044.0,5040.2,5041.2
34821,2024-06-20 13:55:00,5042.95,5043.95,5038.2,5041.05
34822,2024-06-20 13:56:00,5040.9,5047.9,5038.2,5043.3
34823,2024-06-20 13:57:00,5041.2,5049.9,5041.2,5042.35
34824,2024-06-20 13:58:00,5040.05,5041.95,5039.0,5040.9
34825,2024-06-20 13:59:00,5039.2,5042.7,5038.0,5040.15
34826,2024-06-20 14:00:00,5041.7,5042.15,5036.45,5039.0
34827,2024-06-20 14:01:00,5038.4,5041.65,5037.0,5040.35
34828,2024-06-20 14:02:00,5037.55,5040.35,5036.2,5039.5
34829,2024-06-20 14:03:00,5038.85,5040.0,5036.35,5039.95
34830,2024-06-20 14:04:00,5037.45,5039.95,5036.35,5037.2
34831,2024-06-20 14:05:00,5038.25,5042.55,5038.1,5042.55
34832,2024-06-20 14:06:00,5041.15,5047.0,5038.6,5046.95
34833,2024-06-20 14:07:00,5046.25,5048.0,5045.55,5048.0
34834,2024-06-20 14:08:00,5046.0,5048.0,5042.75,5042.75
34835,2024-06-20 14:09:00,5042.0,5049.0,5041.95,5045.5
34836,2024-06-20 14:10:00,5044.75,5047.1,5043.5,5045.2
34837,2024-06-20 14:11:00,5045.3,5057.95,5044.45,5057.95
34838,2024-06-20 14:12:00,5056.45,5057.95,5055.05,5057.05
34839,2024-06-20 14:13:00,5057.5,5059.75,5057.05,5059.75
34840,2024-06-20 14:14:00,5058.1,5059.75,5057.5,5059.0
34841,2024-06-20 14:15:00,5057.45,5059.0,5052.05,5059.0
34842,2024-06-20 14:16:00,5060.95,5067.8,5060.95,5066.9
34843,2024-06-20 14:17:00,5066.5,5069.55,5066.05,5069.55
34844,2024-06-20 14:18:00,5069.6,5071.0,5065.0,5068.0
34845,2024-06-20 14:19:00,5067.85,5068.0,5063.75,5067.9
34846,2024-06-20 14:20:00,5067.4,5067.9,5064.6,5067.9
34847,2024-06-20 14:21:00,5066.1,5067.9,5062.6,5065.45
34848,2024-06-20 14:22:00,5065.4,5067.9,5065.4,5067.9
34849,2024-06-20 14:23:00,5066.85,5067.9,5063.4,5066.8
34850,2024-06-20 14:24:00,5065.45,5067.0,5062.85,5067.0
34851,2024-06-20 14:25:00,5066.95,5067.1,5061.1,5063.9
34852,2024-06-20 14:26:00,5063.55,5063.9,5061.1,5062.5
34853,2024-06-20 14:27:00,5063.0,5063.75,5055.5,5061.95
34854,2024-06-20 14:28:00,5062.0,5063.7,5059.05,5061.05
34855,2024-06-20 14:29:00,5060.65,5062.45,5053.1,5055.7
34856,2024-06-20 14:30:00,5056.45,5065.45,5053.9,5063.1
34857,2024-06-20 14:31:00,5060.65,5066.6,5055.7,5064.75
34858,2024-06-20 14:32:00,5065.1,5065.75,5060.75,5062.4
34859,2024-06-20 14:33:00,5062.5,5066.8,5060.75,5063.9
34860,2024-06-20 14:34:00,5064.45,5066.9,5062.7,5065.0
34861,2024-06-20 14:35:00,5065.05,5068.0,5062.8,5067.9
34862,2024-06-20 14:36:00,5066.65,5068.5,5062.9,5065.0
34863,2024-06-20 14:37:00,5066.95,5066.95,5059.0,5060.0
34864,2024-06-20 14:38:00,5059.5,5060.0,5055.55,5060.0
34865,2024-06-20 14:39:00,5059.9,5062.2,5056.95,5058.1
34866,2024-06-20 14:40:00,5057.55,5065.0,5055.75,5063.4
34867,2024-06-20 14:41:00,5061.75,5065.0,5059.5,5063.4
34868,2024-06-20 14:42:00,5061.1,5065.0,5060.65,5060.65
34869,2024-06-20 14:43:00,5060.05,5063.95,5058.15,5058.25
34870,2024-06-20 14:44:00,5060.55,5066.75,5058.2,5066.7
34871,2024-06-20 14:45:00,5063.95,5066.75,5062.55,5064.1
34872,2024-06-20 14:46:00,5063.25,5064.95,5059.05,5061.4
34873,2024-06-20 14:47:00,5065.0,5065.0,5060.6,5065.0
34874,2024-06-20 14:48:00,5062.8,5065.0,5060.0,5060.55
34875,2024-06-20 14:49:00,5060.05,5062.45,5058.05,5058.4
34876,2024-06-20 14:50:00,5059.55,5061.45,5056.4,5056.4
34877,2024-06-20 14:51:00,5056.85,5059.9,5055.8,5056.55
34878,2024-06-20 14:52:00,5055.4,5057.85,5054.3,5056.0
34879,2024-06-20 14:53:00,5056.25,5058.85,5054.85,5056.7
34880,2024-06-20 14:54:00,5054.55,5058.0,5054.1,5055.4
34881,2024-06-20 14:55:00,5054.25,5058.85,5054.25,5056.1
34882,2024-06-20 14:56:00,5056.2,5063.3,5056.1,5061.6
34883,2024-06-20 14:57:00,5061.95,5062.05,5058.15,5058.15
34884,2024-06-20 14:58:00,5059.05,5060.0,5057.8,5059.0
34885,2024-06-20 14:59:00,5058.65,5060.9,5058.3,5060.85
34886,2024-06-20 15:00:00,5060.9,5060.9,5055.7,5059.6
34887,2024-06-20 15:01:00,5058.15,5058.2,5054.0,5055.25
34888,2024-06-20 15:02:00,5054.0,5058.75,5054.0,5057.15
34889,2024-06-20 15:03:00,5055.1,5057.95,5053.0,5057.0
34890,2024-06-20 15:04:00,5056.5,5058.15,5054.05,5056.35
34891,2024-06-20 15:05:00,5054.05,5057.85,5052.0,5056.55
34892,2024-06-20 15:06:00,5054.65,5055.0,5051.05,5051.35
34893,2024-06-20 15:07:00,5053.25,5053.25,5051.35,5052.85
34894,2024-06-20 15:08:00,5051.4,5053.0,5050.7,5053.0
34895,2024-06-20 15:09:00,5052.35,5056.4,5052.35,5054.7
34896,2024-06-20 15:10:00,5054.75,5054.95,5049.05,5054.95
34897,2024-06-20 15:11:00,5052.3,5055.0,5052.1,5054.95
34898,2024-06-20 15:12:00,5052.5,5055.0,5051.3,5054.6
34899,2024-06-20 15:13:00,5053.55,5055.0,5051.45,5052.8
34900,2024-06-20 15:14:00,5055.0,5055.8,5051.3,5053.4
34901,2024-06-20 15:15:00,5054.7,5054.7,5050.0,5052.35
34902,2024-06-20 15:16:00,5051.3,5052.4,5049.0,5050.75
34903,2024-06-20 15:17:00,5050.7,5054.95,5049.8,5053.4
34904,2024-06-20 15:18:00,5051.3,5053.45,5050.05,5052.65
34905,2024-06-20 15:19:00,5050.0,5054.3,5048.85,5049.35
34906,2024-06-20 15:20:00,5052.0,5052.35,5049.0,5049.0
34907,2024-06-20 15:21:00,5050.7,5051.9,5049.05,5051.7
34908,2024-06-20 15:22:00,5050.0,5051.55,5049.0,5050.55
34909,2024-06-20 15:23:00,5050.8,5051.0,5046.9,5046.9
34910,2024-06-20 15:24:00,5047.8,5048.5,5046.35,5046.8
34911,2024-06-20 15:25:00,5047.55,5050.4,5045.05,5050.4
34912,2024-06-20 15:26:00,5050.35,5056.95,5050.35,5055.9
34913,2024-06-20 15:27:00,5056.9,5059.0,5052.45,5057.1
34914,2024-06-20 15:28:00,5055.0,5055.85,5050.0,5050.9
34915,2024-06-20 15:29:00,5050.95,5052.0,5050.0,5052.0
34916,2024-06-21 09:15:00,5204.0,5204.3,5165.05,5193.0
34917,2024-06-21 09:16:00,5198.95,5219.8,5183.15,5217.95
34918,2024-06-21 09:17:00,5218.0,5232.95,5215.0,5217.0
34919,2024-06-21 09:18:00,5210.45,5219.15,5204.5,5213.0
34920,2024-06-21 09:19:00,5212.8,5217.5,5194.05,5209.15
34921,2024-06-21 09:20:00,5207.45,5238.95,5207.45,5236.55
34922,2024-06-21 09:21:00,5238.15,5260.0,5237.55,5253.65
34923,2024-06-21 09:22:00,5255.0,5268.7,5252.4,5260.6
34924,2024-06-21 09:23:00,5259.05,5273.3,5258.1,5267.3
34925,2024-06-21 09:24:00,5269.7,5269.7,5245.0,5250.4
34926,2024-06-21 09:25:00,5250.0,5260.45,5230.55,5237.65
34927,2024-06-21 09:26:00,5239.85,5240.1,5231.05,5235.7
34928,2024-06-21 09:27:00,5235.0,5236.3,5220.0,5224.15
34929,2024-06-21 09:28:00,5224.05,5232.0,5220.0,5225.1
34930,2024-06-21 09:29:00,5228.0,5228.15,5213.7,5216.9
34931,2024-06-21 09:30:00,5216.25,5221.95,5193.1,5201.25
34932,2024-06-21 09:31:00,5199.9,5210.0,5195.05,5205.45
34933,2024-06-21 09:32:00,5205.05,5216.0,5201.3,5215.25
34934,2024-06-21 09:33:00,5217.05,5229.45,5215.25,5225.45
34935,2024-06-21 09:34:00,5230.0,5230.0,5207.0,5214.7
34936,2024-06-21 09:35:00,5214.2,5238.2,5214.2,5231.2
34937,2024-06-21 09:36:00,5230.6,5240.0,5225.05,5225.15
34938,2024-06-21 09:37:00,5225.05,5230.0,5222.0,5230.0
34939,2024-06-21 09:38:00,5227.3,5232.0,5223.85,5227.1
34940,2024-06-21 09:39:00,5230.95,5237.5,5227.2,5236.8
34941,2024-06-21 09:40:00,5234.7,5234.95,5215.3,5220.8
34942,2024-06-21 09:41:00,5218.35,5220.55,5194.3,5195.0
34943,2024-06-21 09:42:00,5198.15,5209.95,5195.0,5205.0
34944,2024-06-21 09:43:00,5204.0,5206.8,5200.5,5202.8
34945,2024-06-21 09:44:00,5204.95,5208.95,5201.0,5204.65
34946,2024-06-21 09:45:00,5207.05,5212.95,5205.05,5209.0
34947,2024-06-21 09:46:00,5207.75,5209.95,5182.0,5184.85
34948,2024-06-21 09:47:00,5185.0,5195.7,5182.0,5191.55
34949,2024-06-21 09:48:00,5193.25,5194.45,5182.2,5182.25
34950,2024-06-21 09:49:00,5182.5,5187.45,5176.0,5181.35
34951,2024-06-21 09:50:00,5181.15,5185.65,5178.5,5185.65
34952,2024-06-21 09:51:00,5182.85,5204.8,5182.85,5203.8
34953,2024-06-21 09:52:00,5204.95,5205.25,5190.3,5195.2
34954,2024-06-21 09:53:00,5198.05,5199.0,5185.05,5191.7
34955,2024-06-21 09:54:00,5194.65,5194.65,5184.1,5187.45
34956,2024-06-21 09:55:00,5189.65,5192.95,5185.3,5186.25
34957,2024-06-21 09:56:00,5188.6,5189.8,5178.0,5183.6
34958,2024-06-21 09:57:00,5185.0,5186.9,5180.05,5186.75
34959,2024-06-21 09:58:00,5186.65,5188.2,5170.4,5179.95
34960,2024-06-21 09:59:00,5177.85,5180.0,5172.0,5174.15
34961,2024-06-21 10:00:00,5174.75,5177.1,5163.2,5163.35
34962,2024-06-21 10:01:00,5164.35,5168.05,5149.0,5150.0
34963,2024-06-21 10:02:00,5153.55,5162.0,5150.85,5161.8
34964,2024-06-21 10:03:00,5162.0,5162.0,5152.7,5160.0
34965,2024-06-21 10:04:00,5158.65,5164.2,5152.55,5155.7
34966,2024-06-21 10:05:00,5155.5,5164.0,5155.5,5160.95
34967,2024-06-21 10:06:00,5164.0,5175.0,5160.15,5174.75
34968,2024-06-21 10:07:00,5175.0,5175.0,5166.05,5171.4
34969,2024-06-21 10:08:00,5173.2,5186.0,5172.0,5186.0
34970,2024-06-21 10:09:00,5180.0,5182.65,5172.95,5175.0
34971,2024-06-21 10:10:00,5174.75,5176.0,5171.1,5172.7
34972,2024-06-21 10:11:00,5174.85,5180.9,5172.1,5178.7
34973,2024-06-21 10:12:00,5178.75,5189.05,5178.75,5189.05
34974,2024-06-21 10:13:00,5188.05,5189.05,5181.9,5182.0
34975,2024-06-21 10:14:00,5181.4,5182.0,5177.0,5178.0
34976,2024-06-21 10:15:00,5177.2,5181.0,5177.0,5181.0
34977,2024-06-21 10:16:00,5179.7,5185.0,5179.6,5183.3
34978,2024-06-21 10:17:00,5185.1,5185.1,5181.65,5182.4
34979,2024-06-21 10:18:00,5184.9,5184.95,5172.0,5173.2
34980,2024-06-21 10:19:00,5174.75,5180.0,5174.7,5177.95
34981,2024-06-21 10:20:00,5178.95,5178.95,5173.0,5175.0
34982,2024-06-21 10:21:00,5173.0,5175.9,5172.0,5173.25
34983,2024-06-21 10:22:00,5175.0,5175.0,5168.0,5168.5
34984,2024-06-21 10:23:00,5168.6,5172.95,5167.1,5171.85
34985,2024-06-21 10:24:00,5171.75,5178.0,5168.0,5177.95
34986,2024-06-21 10:25:00,5175.95,5179.9,5173.55,5175.4
34987,2024-06-21 10:26:00,5175.1,5182.3,5175.0,5181.7
34988,2024-06-21 10:27:00,5183.0,5185.0,5180.9,5181.0
34989,2024-06-21 10:28:00,5180.9,5183.9,5175.5,5177.0
34990,2024-06-21 10:29:00,5176.7,5178.85,5173.0,5178.0
34991,2024-06-21 10:30:00,5178.35,5178.35,5163.5,5167.0
34992,2024-06-21 10:31:00,5167.5,5167.5,5159.15,5163.9
34993,2024-06-21 10:32:00,5160.05,5163.65,5158.0,5163.05
34994,2024-06-21 10:33:00,5162.9,5163.8,5155.0,5155.1
34995,2024-06-21 10:34:00,5154.7,5163.0,5154.7,5163.0
34996,2024-06-21 10:35:00,5164.45,5165.0,5160.95,5165.0
34997,2024-06-21 10:36:00,5165.55,5170.0,5163.9,5164.95
34998,2024-06-21 10:37:00,5165.0,5165.0,5160.95,5164.95
34999,2024-06-21 10:38:00,5163.5,5164.9,5161.0,5163.05
35000,2024-06-21 10:39:00,5163.0,5164.9,5160.55,5162.85
35001,2024-06-21 10:40:00,5160.55,5163.0,5160.05,5163.0
35002,2024-06-21 10:41:00,5162.9,5163.5,5159.95,5162.8
35003,2024-06-21 10:42:00,5163.0,5163.25,5151.4,5154.75
35004,2024-06-21 10:43:00,5154.0,5154.0,5132.0,5137.05
35005,2024-06-21 10:44:00,5135.0,5139.9,5132.35,5134.0
35006,2024-06-21 10:45:00,5135.0,5137.0,5123.35,5129.85
35007,2024-06-21 10:46:00,5130.1,5133.35,5125.0,5130.0
35008,2024-06-21 10:47:00,5129.05,5131.0,5124.85,5125.05
35009,2024-06-21 10:48:00,5124.15,5145.0,5124.15,5139.35
35010,2024-06-21 10:49:00,5137.65,5146.25,5137.65,5141.4
35011,2024-06-21 10:50:00,5142.1,5150.0,5139.85,5150.0
35012,2024-06-21 10:51:00,5148.5,5159.0,5146.3,5154.35
35013,2024-06-21 10:52:00,5152.75,5157.8,5150.6,5150.65
35014,2024-06-21 10:53:00,5153.8,5157.8,5150.1,5155.5
35015,2024-06-21 10:54:00,5155.2,5156.95,5151.45,5156.35
35016,2024-06-21 10:55:00,5155.1,5169.0,5152.2,5169.0
35017,2024-06-21 10:56:00,5168.95,5175.0,5167.75,5168.5
35018,2024-06-21 10:57:00,5169.5,5172.95,5168.0,5169.4
35019,2024-06-21 10:58:00,5169.65,5172.95,5169.0,5171.5
35020,2024-06-21 10:59:00,5170.8,5175.0,5170.8,5171.9
35021,2024-06-21 11:00:00,5175.0,5175.0,5169.5,5170.0
35022,2024-06-21 11:01:00,5169.0,5170.3,5167.5,5168.05
35023,2024-06-21 11:02:00,5168.95,5170.3,5166.05,5166.05
35024,2024-06-21 11:03:00,5167.0,5168.0,5162.05,5164.95
35025,2024-06-21 11:04:00,5162.55,5173.95,5162.35,5173.95
35026,2024-06-21 11:05:00,5171.6,5175.0,5171.6,5174.0
35027,2024-06-21 11:06:00,5173.15,5185.0,5172.6,5182.05
35028,2024-06-21 11:07:00,5184.45,5187.0,5182.3,5184.55
35029,2024-06-21 11:08:00,5186.65,5189.0,5182.1,5183.3
35030,2024-06-21 11:09:00,5184.2,5184.9,5176.35,5177.1
35031,2024-06-21 11:10:00,5178.7,5179.8,5170.6,5173.0
35032,2024-06-21 11:11:00,5171.4,5176.0,5170.0,5170.0
35033,2024-06-21 11:12:00,5167.85,5175.0,5167.3,5170.9
35034,2024-06-21 11:13:00,5173.4,5175.35,5170.1,5173.95
35035,2024-06-21 11:14:00,5170.65,5174.0,5169.9,5172.65
35036,2024-06-21 11:15:00,5174.0,5176.0,5170.0,5170.0
35037,2024-06-21 11:16:00,5172.2,5173.9,5159.1,5162.85
35038,2024-06-21 11:17:00,5162.7,5167.45,5162.2,5163.1
35039,2024-06-21 11:18:00,5162.2,5165.6,5161.7,5162.85
35040,2024-06-21 11:19:00,5162.7,5167.0,5162.65,5166.1
35041,2024-06-21 11:20:00,5166.05,5166.85,5162.0,5162.0
35042,2024-06-21 11:21:00,5164.25,5164.25,5158.0,5161.1
35043,2024-06-21 11:22:00,5159.7,5165.25,5159.7,5161.8
35044,2024-06-21 11:23:00,5164.0,5164.0,5156.3,5160.45
35045,2024-06-21 11:24:00,5158.05,5160.45,5156.55,5156.8
35046,2024-06-21 11:25:00,5158.0,5158.0,5153.3,5155.05
35047,2024-06-21 11:26:00,5156.6,5164.0,5155.0,5161.95
35048,2024-06-21 11:27:00,5164.0,5167.5,5161.9,5164.1
35049,2024-06-21 11:28:00,5167.2,5171.45,5164.95,5169.9
35050,2024-06-21 11:29:00,5171.45,5171.95,5168.0,5169.0
35051,2024-06-21 11:30:00,5170.0,5171.95,5168.05,5168.4
35052,2024-06-21 11:31:00,5168.2,5175.0,5168.2,5171.6
35053,2024-06-21 11:32:00,5174.1,5174.2,5170.0,5170.0
35054,2024-06-21 11:33:00,5169.85,5171.2,5166.45,5166.95
35055,2024-06-21 11:34:00,5172.1,5172.1,5167.95,5169.5
35056,2024-06-21 11:35:00,5168.05,5172.0,5166.95,5169.25
35057,2024-06-21 11:36:00,5169.45,5172.0,5169.2,5169.6
35058,2024-06-21 11:37:00,5171.0,5173.0,5169.0,5171.15
35059,2024-06-21 11:38:00,5170.3,5175.0,5170.3,5175.0
35060,2024-06-21 11:39:00,5172.8,5172.8,5167.8,5168.15
35061,2024-06-21 11:40:00,5170.25,5171.0,5168.1,5168.85
35062,2024-06-21 11:41:00,5168.9,5172.55,5168.05,5170.05
35063,2024-06-21 11:42:00,5169.7,5173.15,5168.5,5168.5
35064,2024-06-21 11:43:00,5167.8,5167.8,5164.25,5164.25
35065,2024-06-21 11:44:00,5163.95,5170.3,5163.95,5167.8
35066,2024-06-21 11:45:00,5167.05,5167.75,5165.6,5166.05
35067,2024-06-21 11:46:00,5165.55,5168.0,5164.7,5164.7
35068,2024-06-21 11:47:00,5164.25,5167.05,5164.2,5165.4
35069,2024-06-21 11:48:00,5167.0,5167.05,5164.8,5166.75
35070,2024-06-21 11:49:00,5167.05,5170.45,5167.05,5170.0
35071,2024-06-21 11:50:00,5170.05,5173.6,5170.0,5171.3
35072,2024-06-21 11:51:00,5175.0,5176.0,5172.1,5174.0
35073,2024-06-21 11:52:00,5176.0,5176.0,5173.65,5173.65
35074,2024-06-21 11:53:00,5173.45,5176.4,5172.0,5172.4
35075,2024-06-21 11:54:00,5173.85,5176.7,5172.4,5173.6
35076,2024-06-21 11:55:00,5174.25,5179.65,5173.15,5176.5
35077,2024-06-21 11:56:00,5176.2,5176.85,5174.0,5174.0
35078,2024-06-21 11:57:00,5174.25,5178.0,5173.0,5174.35
35079,2024-06-21 11:58:00,5176.0,5179.4,5175.4,5177.4
35080,2024-06-21 11:59:00,5176.7,5179.45,5175.4,5177.05
35081,2024-06-21 12:00:00,5179.95,5180.0,5176.6,5176.6
35082,2024-06-21 12:01:00,5178.0,5178.0,5175.25,5175.4
35083,2024-06-21 12:02:00,5177.8,5179.0,5175.5,5176.35
35084,2024-06-21 12:03:00,5176.5,5178.9,5175.2,5175.2
35085,2024-06-21 12:04:00,5175.15,5176.5,5173.7,5174.0
35086,2024-06-21 12:05:00,5175.0,5177.0,5172.4,5172.4
35087,2024-06-21 12:06:00,5172.35,5172.35,5165.0,5165.0
35088,2024-06-21 12:07:00,5163.75,5163.9,5161.05,5161.25
35089,2024-06-21 12:08:00,5161.05,5172.65,5161.05,5167.8
35090,2024-06-21 12:09:00,5165.75,5167.05,5165.2,5166.0
35091,2024-06-21 12:10:00,5167.0,5169.5,5166.0,5166.15
35092,2024-06-21 12:11:00,5164.7,5165.0,5160.7,5163.6
35093,2024-06-21 12:12:00,5165.9,5165.9,5160.25,5160.7
35094,2024-06-21 12:13:00,5160.05,5161.45,5158.7,5158.7
35095,2024-06-21 12:14:00,5160.0,5160.0,5151.1,5151.5
35096,2024-06-21 12:15:00,5154.4,5160.0,5151.55,5157.0
35097,2024-06-21 12:16:00,5157.15,5159.9,5154.45,5157.0
35098,2024-06-21 12:17:00,5154.7,5155.8,5151.9,5152.45
35099,2024-06-21 12:18:00,5152.15,5152.5,5147.45,5149.05
35100,2024-06-21 12:19:00,5150.35,5151.1,5147.5,5148.0
35101,2024-06-21 12:20:00,5149.9,5151.0,5147.45,5149.35
35102,2024-06-21 12:21:00,5149.95,5152.05,5147.9,5151.3
35103,2024-06-21 12:22:00,5152.15,5154.2,5149.25,5151.35
35104,2024-06-21 12:23:00,5155.0,5156.0,5151.4,5152.0
35105,2024-06-21 12:24:00,5153.8,5153.95,5146.45,5146.9
35106,2024-06-21 12:25:00,5149.45,5149.45,5146.5,5147.25
35107,2024-06-21 12:26:00,5147.9,5147.9,5145.0,5145.0
35108,2024-06-21 12:27:00,5144.25,5145.0,5137.5,5140.0
35109,2024-06-21 12:28:00,5139.25,5142.0,5136.0,5142.0
35110,2024-06-21 12:29:00,5142.25,5147.95,5141.95,5145.65
35111,2024-06-21 12:30:00,5148.0,5148.0,5140.2,5143.3
35112,2024-06-21 12:31:00,5142.0,5148.0,5141.8,5145.85
35113,2024-06-21 12:32:00,5146.0,5148.0,5142.15,5146.0
35114,2024-06-21 12:33:00,5147.95,5147.95,5144.4,5144.5
35115,2024-06-21 12:34:00,5147.3,5150.0,5144.5,5148.8
35116,2024-06-21 12:35:00,5150.0,5150.0,5145.3,5145.45
35117,2024-06-21 12:36:00,5145.0,5145.55,5142.3,5142.8
35118,2024-06-21 12:37:00,5142.7,5143.3,5141.1,5141.35
35119,2024-06-21 12:38:00,5142.3,5142.3,5133.05,5133.05
35120,2024-06-21 12:39:00,5135.0,5135.0,5130.1,5132.7
35121,2024-06-21 12:40:00,5135.7,5138.15,5130.15,5131.95
35122,2024-06-21 12:41:00,5132.45,5132.45,5128.0,5128.0
35123,2024-06-21 12:42:00,5128.5,5133.55,5128.5,5130.1
35124,2024-06-21 12:43:00,5130.0,5133.2,5128.0,5131.1
35125,2024-06-21 12:44:00,5131.8,5131.8,5116.75,5116.85
35126,2024-06-21 12:45:00,5119.0,5128.45,5116.85,5125.3
35127,2024-06-21 12:46:00,5127.5,5131.75,5125.0,5125.0
35128,2024-06-21 12:47:00,5124.9,5124.95,5121.0,5122.75
35129,2024-06-21 12:48:00,5124.4,5129.95,5124.4,5127.0
35130,2024-06-21 12:49:00,5129.1,5130.15,5126.0,5130.15
35131,2024-06-21 12:50:00,5128.45,5135.4,5127.9,5132.7
35132,2024-06-21 12:51:00,5134.9,5134.9,5128.2,5128.2
35133,2024-06-21 12:52:00,5129.0,5130.0,5126.0,5127.3
35134,2024-06-21 12:53:00,5126.0,5130.0,5126.0,5129.75
35135,2024-06-21 12:54:00,5130.0,5130.0,5127.2,5127.3
35136,2024-06-21 12:55:00,5127.2,5128.35,5125.7,5125.85
35137,2024-06-21 12:56:00,5127.0,5128.0,5124.1,5127.9
35138,2024-06-21 12:57:00,5127.95,5128.0,5125.45,5126.45
35139,2024-06-21 12:58:00,5127.25,5134.95,5126.55,5134.45
35140,2024-06-21 12:59:00,5133.35,5135.0,5131.35,5131.35
35141,2024-06-21 13:00:00,5132.4,5135.95,5130.0,5133.05
35142,2024-06-21 13:01:00,5135.0,5135.0,5131.0,5131.1
35143,2024-06-21 13:02:00,5133.15,5133.15,5127.6,5128.0
35144,2024-06-21 13:03:00,5127.8,5128.75,5126.6,5127.6
35145,2024-06-21 13:04:00,5131.45,5131.7,5125.0,5127.0
35146,2024-06-21 13:05:00,5126.95,5127.55,5121.95,5122.0
35147,2024-06-21 13:06:00,5123.0,5125.0,5122.95,5123.15
35148,2024-06-21 13:07:00,5123.0,5123.35,5121.15,5123.35
35149,2024-06-21 13:08:00,5124.95,5125.0,5121.4,5125.0
35150,2024-06-21 13:09:00,5123.0,5127.65,5122.8,5127.2
35151,2024-06-21 13:10:00,5127.25,5129.3,5125.75,5126.4
35152,2024-06-21 13:11:00,5125.0,5129.0,5125.0,5127.45
35153,2024-06-21 13:12:00,5128.0,5134.75,5127.3,5130.6
35154,2024-06-21 13:13:00,5132.4,5134.75,5129.55,5130.2
35155,2024-06-21 13:14:00,5133.15,5134.05,5130.1,5132.35
35156,2024-06-21 13:15:00,5133.85,5134.4,5131.0,5132.0
35157,2024-06-21 13:16:00,5134.0,5140.0,5132.6,5136.75
35158,2024-06-21 13:17:00,5137.05,5143.6,5137.0,5138.75
35159,2024-06-21 13:18:00,5138.65,5141.75,5134.05,5134.15
35160,2024-06-21 13:19:00,5133.65,5137.0,5127.0,5128.9
35161,2024-06-21 13:20:00,5130.0,5130.0,5128.6,5129.15
35162,2024-06-21 13:21:00,5129.05,5137.0,5127.9,5137.0
35163,2024-06-21 13:22:00,5137.7,5138.2,5133.05,5136.9
35164,2024-06-21 13:23:00,5134.2,5139.95,5133.9,5139.95
35165,2024-06-21 13:24:00,5136.05,5138.7,5134.0,5134.0
35166,2024-06-21 13:25:00,5133.95,5137.0,5130.95,5132.9
35167,2024-06-21 13:26:00,5134.0,5136.1,5130.7,5132.55
35168,2024-06-21 13:27:00,5132.6,5135.45,5131.6,5131.6
35169,2024-06-21 13:28:00,5132.55,5136.65,5130.15,5130.35
35170,2024-06-21 13:29:00,5130.65,5134.55,5130.05,5132.4
35171,2024-06-21 13:30:00,5132.25,5132.95,5128.6,5131.25
35172,2024-06-21 13:31:00,5131.2,5131.2,5127.15,5128.7
35173,2024-06-21 13:32:00,5130.0,5130.0,5126.6,5129.0
35174,2024-06-21 13:33:00,5130.0,5134.6,5129.0,5131.05
35175,2024-06-21 13:34:00,5131.2,5132.5,5128.0,5129.25
35176,2024-06-21 13:35:00,5127.9,5132.9,5127.75,5130.7
35177,2024-06-21 13:36:00,5132.95,5135.0,5130.05,5133.0
35178,2024-06-21 13:37:00,5135.0,5138.95,5133.05,5135.45
35179,2024-06-21 13:38:00,5138.6,5140.0,5134.65,5136.35
35180,2024-06-21 13:39:00,5136.3,5137.4,5132.5,5135.6
35181,2024-06-21 13:40:00,5135.55,5137.45,5132.6,5133.05
35182,2024-06-21 13:41:00,5134.9,5135.0,5130.3,5130.95
35183,2024-06-21 13:42:00,5130.85,5134.95,5130.0,5131.4
35184,2024-06-21 13:43:00,5130.75,5130.75,5126.35,5127.3
35185,2024-06-21 13:44:00,5129.0,5132.95,5127.2,5128.95
35186,2024-06-21 13:45:00,5128.9,5135.5,5128.9,5133.05
35187,2024-06-21 13:46:00,5132.1,5137.2,5131.1,5134.95
35188,2024-06-21 13:47:00,5133.75,5137.8,5132.5,5137.8
35189,2024-06-21 13:48:00,5133.2,5140.45,5133.0,5138.0
35190,2024-06-21 13:49:00,5137.9,5142.8,5135.3,5139.55
35191,2024-06-21 13:50:00,5141.85,5142.8,5136.35,5138.7
35192,2024-06-21 13:51:00,5142.25,5144.25,5138.5,5142.1
35193,2024-06-21 13:52:00,5142.05,5150.0,5141.35,5148.05
35194,2024-06-21 13:53:00,5150.0,5156.95,5147.15,5156.85
35195,2024-06-21 13:54:00,5153.05,5157.95,5151.3,5154.55
35196,2024-06-21 13:55:00,5154.35,5162.0,5153.5,5160.35
35197,2024-06-21 13:56:00,5161.0,5163.75,5158.55,5162.0
35198,2024-06-21 13:57:00,5162.95,5167.0,5161.5,5164.1
35199,2024-06-21 13:58:00,5163.1,5164.75,5159.0,5162.3
35200,2024-06-21 13:59:00,5162.45,5169.0,5160.55,5166.15
35201,2024-06-21 14:00:00,5167.05,5169.65,5163.2,5166.65
35202,2024-06-21 14:01:00,5170.0,5170.0,5164.05,5167.2
35203,2024-06-21 14:02:00,5169.35,5170.0,5164.75,5170.0
35204,2024-06-21 14:03:00,5165.15,5175.0,5164.75,5172.1
35205,2024-06-21 14:04:00,5171.3,5174.0,5169.1,5169.1
35206,2024-06-21 14:05:00,5170.6,5173.0,5169.0,5169.8
35207,2024-06-21 14:06:00,5169.25,5175.0,5169.0,5175.0
35208,2024-06-21 14:07:00,5171.0,5172.85,5168.6,5169.9
35209,2024-06-21 14:08:00,5168.65,5174.0,5168.65,5170.3
35210,2024-06-21 14:09:00,5169.9,5169.9,5165.1,5167.2
35211,2024-06-21 14:10:00,5167.35,5170.0,5166.2,5168.1
35212,2024-06-21 14:11:00,5167.95,5167.95,5160.3,5160.4
35213,2024-06-21 14:12:00,5158.8,5165.4,5158.8,5161.65
35214,2024-06-21 14:13:00,5161.6,5164.1,5159.1,5161.3
35215,2024-06-21 14:14:00,5161.35,5165.0,5161.15,5162.75
35216,2024-06-21 14:15:00,5164.0,5168.8,5162.7,5167.0
35217,2024-06-21 14:16:00,5168.75,5168.8,5165.4,5165.6
35218,2024-06-21 14:17:00,5165.35,5170.0,5162.9,5162.95
35219,2024-06-21 14:18:00,5162.9,5164.3,5158.2,5159.2
35220,2024-06-21 14:19:00,5160.3,5160.65,5159.2,5159.2
35221,2024-06-21 14:20:00,5160.0,5163.05,5159.2,5161.25
35222,2024-06-21 14:21:00,5161.2,5161.9,5158.7,5158.7
35223,2024-06-21 14:22:00,5160.0,5160.0,5156.0,5156.5
35224,2024-06-21 14:23:00,5156.45,5156.45,5152.0,5152.75
35225,2024-06-21 14:24:00,5152.85,5154.0,5145.85,5148.0
35226,2024-06-21 14:25:00,5147.9,5147.9,5138.5,5142.85
35227,2024-06-21 14:26:00,5140.0,5144.4,5138.3,5142.1
35228,2024-06-21 14:27:00,5147.9,5149.3,5143.4,5148.6
35229,2024-06-21 14:28:00,5148.25,5151.35,5143.9,5148.75
35230,2024-06-21 14:29:00,5150.35,5152.7,5147.25,5149.05
35231,2024-06-21 14:30:00,5149.3,5159.05,5148.0,5154.0
35232,2024-06-21 14:31:00,5155.25,5162.6,5153.45,5156.3
35233,2024-06-21 14:32:00,5155.8,5155.8,5152.25,5152.7
35234,2024-06-21 14:33:00,5153.9,5158.45,5152.4,5154.25
35235,2024-06-21 14:34:00,5156.95,5158.45,5152.8,5154.35
35236,2024-06-21 14:35:00,5156.0,5156.05,5147.3,5147.3
35237,2024-06-21 14:36:00,5149.05,5149.05,5143.0,5143.0
35238,2024-06-21 14:37:00,5143.5,5146.35,5143.35,5143.8
35239,2024-06-21 14:38:00,5144.0,5155.4,5143.8,5153.05
35240,2024-06-21 14:39:00,5152.65,5156.0,5151.1,5154.55
35241,2024-06-21 14:40:00,5156.0,5158.05,5149.95,5154.85
35242,2024-06-21 14:41:00,5154.75,5156.0,5152.6,5153.35
35243,2024-06-21 14:42:00,5152.7,5156.0,5151.35,5154.15
35244,2024-06-21 14:43:00,5156.0,5160.15,5156.0,5156.35
35245,2024-06-21 14:44:00,5156.55,5160.0,5156.5,5159.05
35246,2024-06-21 14:45:00,5159.3,5164.0,5158.45,5163.9
35247,2024-06-21 14:46:00,5163.75,5165.0,5159.05,5159.5
35248,2024-06-21 14:47:00,5161.7,5164.5,5157.65,5158.0
35249,2024-06-21 14:48:00,5159.05,5162.7,5157.0,5160.85
35250,2024-06-21 14:49:00,5162.65,5164.4,5158.75,5158.8
35251,2024-06-21 14:50:00,5160.15,5165.0,5157.65,5159.5
35252,2024-06-21 14:51:00,5159.75,5163.6,5156.65,5160.7
35253,2024-06-21 14:52:00,5162.0,5165.0,5160.7,5162.9
35254,2024-06-21 14:53:00,5163.65,5166.6,5162.8,5163.25
35255,2024-06-21 14:54:00,5164.9,5167.35,5161.55,5163.3
35256,2024-06-21 14:55:00,5165.95,5167.15,5163.35,5165.1
35257,2024-06-21 14:56:00,5167.95,5167.95,5159.15,5160.0
35258,2024-06-21 14:57:00,5160.5,5162.1,5155.1,5156.85
35259,2024-06-21 14:58:00,5156.8,5158.15,5155.65,5157.0
35260,2024-06-21 14:59:00,5158.0,5160.0,5152.55,5152.55
35261,2024-06-21 15:00:00,5154.0,5157.1,5149.05,5149.55
35262,2024-06-21 15:01:00,5149.05,5149.05,5145.0,5145.0
35263,2024-06-21 15:02:00,5145.05,5145.05,5140.65,5140.65
35264,2024-06-21 15:03:00,5140.4,5140.4,5133.2,5133.2
35265,2024-06-21 15:04:00,5133.0,5133.25,5127.05,5127.05
35266,2024-06-21 15:05:00,5128.35,5148.0,5127.0,5140.0
35267,2024-06-21 15:06:00,5146.25,5146.25,5136.3,5136.3
35268,2024-06-21 15:07:00,5136.75,5141.3,5133.85,5137.05
35269,2024-06-21 15:08:00,5136.05,5138.55,5130.05,5130.1
35270,2024-06-21 15:09:00,5131.3,5133.1,5125.05,5132.85
35271,2024-06-21 15:10:00,5133.15,5133.15,5126.0,5130.5
35272,2024-06-21 15:11:00,5129.9,5134.95,5129.15,5132.1
35273,2024-06-21 15:12:00,5132.9,5137.45,5131.95,5134.4
35274,2024-06-21 15:13:00,5134.35,5136.95,5129.0,5129.0
35275,2024-06-21 15:14:00,5130.0,5130.0,5121.6,5123.0
35276,2024-06-21 15:15:00,5121.85,5123.5,5121.0,5121.8
35277,2024-06-21 15:16:00,5121.1,5121.65,5119.1,5119.3
35278,2024-06-21 15:17:00,5120.05,5123.6,5117.35,5118.95
35279,2024-06-21 15:18:00,5118.4,5118.95,5111.0,5114.0
35280,2024-06-21 15:19:00,5113.4,5117.9,5112.0,5115.75
35281,2024-06-21 15:20:00,5115.7,5117.95,5112.4,5113.95
35282,2024-06-21 15:21:00,5115.95,5118.85,5112.0,5115.05
35283,2024-06-21 15:22:00,5117.25,5117.9,5110.6,5110.6
35284,2024-06-21 15:23:00,5113.5,5115.3,5110.6,5110.6
35285,2024-06-21 15:24:00,5114.9,5116.95,5110.6,5116.5
35286,2024-06-21 15:25:00,5117.0,5119.0,5113.05,5114.5
35287,2024-06-21 15:26:00,5116.65,5117.55,5111.45,5114.95
35288,2024-06-21 15:27:00,5114.8,5117.55,5110.65,5117.05
35289,2024-06-21 15:28:00,5117.8,5120.6,5111.0,5118.3
35290,2024-06-21 15:29:00,5118.85,5124.95,5117.0,5122.0
35291,2024-06-24 09:14:00,5100.0,5100.0,5100.0,5100.0
35292,2024-06-24 09:15:00,5094.15,5095.15,5070.0,5080.75
35293,2024-06-24 09:16:00,5082.7,5100.0,5073.4,5080.2
35294,2024-06-24 09:17:00,5077.1,5094.7,5076.0,5090.0
35295,2024-06-24 09:18:00,5086.3,5096.75,5086.3,5091.1
35296,2024-06-24 09:19:00,5093.0,5095.45,5080.2,5083.2
35297,2024-06-24 09:20:00,5080.0,5083.8,5079.0,5081.0
35298,2024-06-24 09:21:00,5078.6,5079.95,5071.0,5071.0
35299,2024-06-24 09:22:00,5072.45,5072.45,5060.0,5067.8
35300,2024-06-24 09:23:00,5068.0,5074.2,5066.3,5069.05
35301,2024-06-24 09:24:00,5070.75,5074.15,5064.85,5070.0
35302,2024-06-24 09:25:00,5070.95,5077.2,5068.25,5074.1
35303,2024-06-24 09:26:00,5073.8,5079.95,5072.0,5077.8
35304,2024-06-24 09:27:00,5077.4,5093.5,5073.45,5082.8
35305,2024-06-24 09:28:00,5087.95,5088.0,5080.0,5085.2
35306,2024-06-24 09:29:00,5084.25,5089.8,5083.65,5088.9
35307,2024-06-24 09:30:00,5084.15,5091.0,5078.85,5079.8
35308,2024-06-24 09:31:00,5079.75,5079.75,5067.05,5070.0
35309,2024-06-24 09:32:00,5071.75,5078.25,5069.1,5074.1
35310,2024-06-24 09:33:00,5070.75,5079.45,5070.75,5078.85
35311,2024-06-24 09:34:00,5075.3,5082.7,5074.4,5082.65
35312,2024-06-24 09:35:00,5085.0,5088.8,5075.0,5078.5
35313,2024-06-24 09:36:00,5075.85,5087.1,5075.85,5082.85
35314,2024-06-24 09:37:00,5080.4,5084.65,5080.25,5084.15
35315,2024-06-24 09:38:00,5082.0,5088.8,5082.0,5088.6
35316,2024-06-24 09:39:00,5082.0,5089.8,5082.0,5086.85
35317,2024-06-24 09:40:00,5084.15,5094.1,5084.0,5092.35
35318,2024-06-24 09:41:00,5092.0,5095.0,5089.1,5095.0
35319,2024-06-24 09:42:00,5092.9,5097.9,5091.1,5097.6
35320,2024-06-24 09:43:00,5098.6,5102.65,5096.25,5100.0
35321,2024-06-24 09:44:00,5099.65,5111.55,5098.0,5111.5
35322,2024-06-24 09:45:00,5111.35,5120.0,5108.8,5118.0
35323,2024-06-24 09:46:00,5120.0,5121.0,5112.55,5117.6
35324,2024-06-24 09:47:00,5117.15,5124.85,5110.65,5123.65
35325,2024-06-24 09:48:00,5120.3,5132.7,5120.15,5132.5
35326,2024-06-24 09:49:00,5132.55,5139.95,5127.05,5134.05
35327,2024-06-24 09:50:00,5134.65,5136.5,5129.45,5135.9
35328,2024-06-24 09:51:00,5135.7,5136.0,5128.0,5130.0
35329,2024-06-24 09:52:00,5129.95,5136.0,5128.05,5136.0
35330,2024-06-24 09:53:00,5137.6,5144.9,5134.55,5139.4
35331,2024-06-24 09:54:00,5139.75,5142.5,5132.8,5140.5
35332,2024-06-24 09:55:00,5142.5,5144.0,5132.65,5137.25
35333,2024-06-24 09:56:00,5137.45,5144.85,5136.65,5142.0
35334,2024-06-24 09:57:00,5141.0,5141.0,5128.85,5134.45
35335,2024-06-24 09:58:00,5129.75,5136.6,5128.05,5130.2
35336,2024-06-24 09:59:00,5130.25,5130.25,5121.0,5121.05
35337,2024-06-24 10:00:00,5121.1,5122.55,5113.55,5116.0
35338,2024-06-24 10:01:00,5118.5,5120.0,5115.75,5119.6
35339,2024-06-24 10:02:00,5119.9,5125.7,5119.9,5124.4
35340,2024-06-24 10:03:00,5122.85,5124.75,5117.0,5117.0
35341,2024-06-24 10:04:00,5118.95,5122.1,5117.0,5118.05
35342,2024-06-24 10:05:00,5120.05,5120.15,5115.05,5115.6
35343,2024-06-24 10:06:00,5115.4,5120.05,5114.2,5120.05
35344,2024-06-24 10:07:00,5118.55,5119.25,5114.05,5117.15
35345,2024-06-24 10:08:00,5114.75,5116.45,5114.0,5116.2
35346,2024-06-24 10:09:00,5114.0,5124.0,5114.0,5119.0
35347,2024-06-24 10:10:00,5116.25,5119.7,5114.55,5117.85
35348,2024-06-24 10:11:00,5115.2,5115.9,5111.25,5111.25
35349,2024-06-24 10:12:00,5111.2,5114.15,5108.7,5111.1
35350,2024-06-24 10:13:00,5113.0,5113.5,5109.85,5111.8
35351,2024-06-24 10:14:00,5111.6,5112.0,5109.85,5111.2
35352,2024-06-24 10:15:00,5109.35,5116.45,5109.35,5114.1
35353,2024-06-24 10:16:00,5112.3,5114.95,5112.2,5113.0
35354,2024-06-24 10:17:00,5115.0,5115.9,5112.3,5114.5
35355,2024-06-24 10:18:00,5114.55,5120.0,5114.55,5119.25
35356,2024-06-24 10:19:00,5120.0,5120.0,5117.45,5119.4
35357,2024-06-24 10:20:00,5117.55,5121.55,5117.2,5121.5
35358,2024-06-24 10:21:00,5121.6,5121.6,5116.65,5116.65
35359,2024-06-24 10:22:00,5116.75,5124.3,5116.75,5121.3
35360,2024-06-24 10:23:00,5123.9,5125.4,5122.05,5125.0
35361,2024-06-24 10:24:00,5123.05,5130.0,5122.8,5130.0
35362,2024-06-24 10:25:00,5132.5,5136.65,5130.0,5131.75
35363,2024-06-24 10:26:00,5130.85,5134.0,5130.3,5130.9
35364,2024-06-24 10:27:00,5128.0,5129.95,5125.0,5125.0
35365,2024-06-24 10:28:00,5126.1,5126.1,5121.9,5124.1
35366,2024-06-24 10:29:00,5124.25,5127.9,5121.15,5127.85
35367,2024-06-24 10:30:00,5124.75,5127.9,5122.0,5125.55
35368,2024-06-24 10:31:00,5123.6,5126.9,5121.45,5121.7
35369,2024-06-24 10:32:00,5122.0,5124.9,5121.6,5121.6
35370,2024-06-24 10:33:00,5123.35,5125.0,5120.0,5125.0
35371,2024-06-24 10:34:00,5122.05,5124.9,5121.0,5123.0
35372,2024-06-24 10:35:00,5121.2,5124.95,5121.0,5121.0
35373,2024-06-24 10:36:00,5120.0,5121.45,5119.0,5120.85
35374,2024-06-24 10:37:00,5118.45,5126.4,5118.4,5123.35
35375,2024-06-24 10:38:00,5123.9,5128.0,5123.9,5126.0
35376,2024-06-24 10:39:00,5127.65,5127.65,5124.05,5124.05
35377,2024-06-24 10:40:00,5123.95,5127.0,5122.8,5125.65
35378,2024-06-24 10:41:00,5125.7,5125.7,5121.9,5121.9
35379,2024-06-24 10:42:00,5124.45,5124.45,5122.25,5124.0
35380,2024-06-24 10:43:00,5125.0,5125.4,5122.5,5124.5
35381,2024-06-24 10:44:00,5122.55,5126.0,5122.55,5125.1
35382,2024-06-24 10:45:00,5125.05,5125.05,5121.05,5124.75
35383,2024-06-24 10:46:00,5123.95,5128.15,5122.55,5128.15
35384,2024-06-24 10:47:00,5128.85,5133.0,5128.25,5132.05
35385,2024-06-24 10:48:00,5132.1,5134.8,5129.65,5133.75
35386,2024-06-24 10:49:00,5134.75,5134.75,5126.4,5128.7
35387,2024-06-24 10:50:00,5127.05,5128.2,5125.0,5127.45
35388,2024-06-24 10:51:00,5127.0,5128.2,5120.55,5121.4
35389,2024-06-24 10:52:00,5122.25,5124.9,5121.0,5121.0
35390,2024-06-24 10:53:00,5120.0,5123.45,5117.0,5123.45
35391,2024-06-24 10:54:00,5123.05,5124.55,5120.4,5123.85
35392,2024-06-24 10:55:00,5120.75,5124.8,5120.65,5120.75
35393,2024-06-24 10:56:00,5120.7,5123.0,5120.7,5121.35
35394,2024-06-24 10:57:00,5123.75,5126.95,5123.0,5124.95
35395,2024-06-24 10:58:00,5124.5,5124.5,5121.15,5122.0
35396,2024-06-24 10:59:00,5121.15,5121.55,5115.0,5117.5
35397,2024-06-24 11:00:00,5117.95,5119.6,5115.0,5118.55
35398,2024-06-24 11:01:00,5116.55,5121.5,5116.0,5120.0
35399,2024-06-24 11:02:00,5117.7,5119.55,5117.0,5119.25
35400,2024-06-24 11:03:00,5117.0,5119.85,5115.7,5117.25
35401,2024-06-24 11:04:00,5120.0,5122.0,5118.5,5119.25
35402,2024-06-24 11:05:00,5122.0,5123.05,5118.65,5120.0
35403,2024-06-24 11:06:00,5120.05,5124.45,5120.0,5124.45
35404,2024-06-24 11:07:00,5125.0,5126.7,5122.9,5126.0
35405,2024-06-24 11:08:00,5128.25,5129.35,5120.1,5122.0
35406,2024-06-24 11:09:00,5123.5,5128.7,5123.5,5128.0
35407,2024-06-24 11:10:00,5128.05,5131.6,5128.0,5131.6
35408,2024-06-24 11:11:00,5131.05,5131.5,5129.05,5131.5
35409,2024-06-24 11:12:00,5130.0,5131.5,5127.25,5129.1
35410,2024-06-24 11:13:00,5127.3,5129.85,5127.0,5129.2
35411,2024-06-24 11:14:00,5129.25,5142.9,5129.2,5142.9
35412,2024-06-24 11:15:00,5139.1,5139.1,5129.8,5134.05
35413,2024-06-24 11:16:00,5134.65,5140.45,5130.65,5138.15
35414,2024-06-24 11:17:00,5137.05,5137.05,5132.45,5134.7
35415,2024-06-24 11:18:00,5132.65,5138.0,5132.65,5138.0
35416,2024-06-24 11:19:00,5138.5,5139.0,5135.0,5135.05
35417,2024-06-24 11:20:00,5135.0,5144.85,5135.0,5140.0
35418,2024-06-24 11:21:00,5141.4,5141.95,5140.0,5140.0
35419,2024-06-24 11:22:00,5142.0,5143.3,5140.0,5143.3
35420,2024-06-24 11:23:00,5143.15,5143.15,5140.65,5142.0
35421,2024-06-24 11:24:00,5141.8,5141.8,5139.55,5140.0
35422,2024-06-24 11:25:00,5140.95,5141.45,5139.0,5139.0
35423,2024-06-24 11:26:00,5139.05,5142.0,5139.05,5142.0
35424,2024-06-24 11:27:00,5140.8,5140.8,5137.5,5140.0
35425,2024-06-24 11:28:00,5140.2,5141.95,5138.0,5140.7
35426,2024-06-24 11:29:00,5140.0,5140.0,5136.8,5138.5
35427,2024-06-24 11:30:00,5136.0,5137.1,5135.0,5137.0
35428,2024-06-24 11:31:00,5139.0,5141.0,5138.9,5138.9
35429,2024-06-24 11:32:00,5138.85,5141.8,5138.0,5138.1
35430,2024-06-24 11:33:00,5140.55,5140.75,5137.0,5137.0
35431,2024-06-24 11:34:00,5138.85,5139.0,5137.0,5137.5
35432,2024-06-24 11:35:00,5138.25,5141.05,5138.0,5141.05
35433,2024-06-24 11:36:00,5140.65,5140.95,5138.05,5138.05
35434,2024-06-24 11:37:00,5140.75,5141.0,5138.2,5141.0
35435,2024-06-24 11:38:00,5140.85,5141.15,5137.65,5138.0
35436,2024-06-24 11:39:00,5141.3,5142.0,5138.5,5142.0
35437,2024-06-24 11:40:00,5141.6,5141.6,5138.0,5140.15
35438,2024-06-24 11:41:00,5140.35,5140.35,5137.6,5137.6
35439,2024-06-24 11:42:00,5139.3,5140.0,5134.0,5134.05
35440,2024-06-24 11:43:00,5136.2,5139.0,5132.0,5138.5
35441,2024-06-24 11:44:00,5135.35,5140.0,5135.35,5140.0
35442,2024-06-24 11:45:00,5138.4,5139.8,5134.85,5134.85
35443,2024-06-24 11:46:00,5135.3,5140.0,5134.0,5138.15
35444,2024-06-24 11:47:00,5140.0,5141.8,5137.5,5137.5
35445,2024-06-24 11:48:00,5141.55,5141.9,5138.95,5140.0
35446,2024-06-24 11:49:00,5141.9,5142.1,5140.05,5141.9
35447,2024-06-24 11:50:00,5143.0,5148.0,5141.7,5145.1
35448,2024-06-24 11:51:00,5147.7,5147.75,5143.1,5145.0
35449,2024-06-24 11:52:00,5146.4,5148.0,5143.7,5145.2
35450,2024-06-24 11:53:00,5148.0,5148.0,5143.75,5147.95
35451,2024-06-24 11:54:00,5148.0,5148.0,5145.55,5148.0
35452,2024-06-24 11:55:00,5149.55,5149.55,5145.6,5145.6
35453,2024-06-24 11:56:00,5148.55,5149.65,5145.85,5146.85
35454,2024-06-24 11:57:00,5149.95,5149.95,5147.3,5149.9
35455,2024-06-24 11:58:00,5148.9,5149.3,5145.3,5148.05
35456,2024-06-24 11:59:00,5146.95,5146.95,5136.9,5136.9
35457,2024-06-24 12:00:00,5140.35,5144.1,5136.9,5137.0
35458,2024-06-24 12:01:00,5139.3,5139.3,5135.2,5137.0
35459,2024-06-24 12:02:00,5137.6,5139.15,5137.0,5137.0
35460,2024-06-24 12:03:00,5138.95,5139.65,5136.9,5137.3
35461,2024-06-24 12:04:00,5139.55,5142.3,5136.2,5140.0
35462,2024-06-24 12:05:00,5139.75,5140.0,5139.75,5140.0
35463,2024-06-24 12:06:00,5140.4,5140.75,5139.5,5139.7
35464,2024-06-24 12:07:00,5140.0,5142.0,5139.5,5140.0
35465,2024-06-24 12:08:00,5140.05,5141.5,5137.65,5138.0
35466,2024-06-24 12:09:00,5138.7,5140.0,5128.75,5128.75
35467,2024-06-24 12:10:00,5128.05,5131.75,5123.85,5126.0
35468,2024-06-24 12:11:00,5126.85,5129.45,5125.0,5128.55
35469,2024-06-24 12:12:00,5125.6,5128.45,5123.8,5128.45
35470,2024-06-24 12:13:00,5127.9,5127.9,5123.8,5126.5
35471,2024-06-24 12:14:00,5123.6,5127.45,5120.6,5125.6
35472,2024-06-24 12:15:00,5125.25,5125.25,5122.7,5123.8
35473,2024-06-24 12:16:00,5124.2,5127.5,5123.55,5127.5
35474,2024-06-24 12:17:00,5126.25,5127.45,5123.7,5124.25
35475,2024-06-24 12:18:00,5123.85,5129.65,5123.85,5128.5
35476,2024-06-24 12:19:00,5126.9,5128.6,5124.85,5125.55
35477,2024-06-24 12:20:00,5125.8,5127.6,5124.85,5126.7
35478,2024-06-24 12:21:00,5125.7,5127.7,5124.55,5125.95
35479,2024-06-24 12:22:00,5127.4,5127.7,5124.85,5127.65
35480,2024-06-24 12:23:00,5124.9,5127.7,5124.15,5126.1
35481,2024-06-24 12:24:00,5127.25,5128.45,5124.55,5127.25
35482,2024-06-24 12:25:00,5126.1,5128.0,5125.6,5127.4
35483,2024-06-24 12:26:00,5127.0,5128.0,5124.85,5126.95
35484,2024-06-24 12:27:00,5127.95,5131.0,5126.4,5129.85
35485,2024-06-24 12:28:00,5128.6,5131.0,5127.95,5129.8
35486,2024-06-24 12:29:00,5131.25,5131.25,5125.55,5125.55
35487,2024-06-24 12:30:00,5127.65,5128.65,5124.8,5125.05
35488,2024-06-24 12:31:00,5125.1,5128.25,5124.8,5126.05
35489,2024-06-24 12:32:00,5127.8,5129.95,5124.85,5125.1
35490,2024-06-24 12:33:00,5126.1,5127.8,5123.6,5124.2
35491,2024-06-24 12:34:00,5123.65,5127.0,5123.3,5127.0
35492,2024-06-24 12:35:00,5126.6,5127.0,5124.75,5127.0
35493,2024-06-24 12:36:00,5126.2,5129.85,5124.0,5124.95
35494,2024-06-24 12:37:00,5123.75,5126.9,5123.75,5126.9
35495,2024-06-24 12:38:00,5125.4,5125.4,5114.0,5121.65
35496,2024-06-24 12:39:00,5119.8,5124.0,5117.45,5121.35
35497,2024-06-24 12:40:00,5121.4,5121.4,5116.45,5118.8
35498,2024-06-24 12:41:00,5118.85,5122.4,5118.05,5122.2
35499,2024-06-24 12:42:00,5120.8,5122.9,5118.95,5121.8
35500,2024-06-24 12:43:00,5120.2,5123.8,5120.2,5122.45
35501,2024-06-24 12:44:00,5123.05,5125.0,5121.3,5122.9
35502,2024-06-24 12:45:00,5125.0,5125.0,5122.85,5123.75
35503,2024-06-24 12:46:00,5122.85,5124.5,5122.55,5124.5
35504,2024-06-24 12:47:00,5124.1,5124.5,5123.45,5124.5
35505,2024-06-24 12:48:00,5123.95,5127.95,5123.3,5124.9
35506,2024-06-24 12:49:00,5123.85,5126.95,5123.55,5126.95
35507,2024-06-24 12:50:00,5123.8,5127.55,5123.8,5126.4
35508,2024-06-24 12:51:00,5125.95,5127.35,5123.75,5125.65
35509,2024-06-24 12:52:00,5123.9,5126.95,5123.75,5126.8
35510,2024-06-24 12:53:00,5126.85,5127.0,5124.25,5126.95
35511,2024-06-24 12:54:00,5125.65,5127.2,5123.85,5125.4
35512,2024-06-24 12:55:00,5124.05,5126.85,5123.85,5126.45
35513,2024-06-24 12:56:00,5125.2,5127.2,5123.9,5125.05
35514,2024-06-24 12:57:00,5126.05,5127.95,5125.0,5126.05
35515,2024-06-24 12:58:00,5125.0,5127.45,5125.0,5127.0
35516,2024-06-24 12:59:00,5125.95,5126.9,5125.0,5125.05
35517,2024-06-24 13:00:00,5126.8,5127.0,5125.0,5127.0
35518,2024-06-24 13:01:00,5125.05,5127.95,5125.0,5127.95
35519,2024-06-24 13:02:00,5128.45,5129.45,5125.1,5127.45
35520,2024-06-24 13:03:00,5128.9,5128.9,5125.0,5127.45
35521,2024-06-24 13:04:00,5127.9,5127.95,5125.0,5127.65
35522,2024-06-24 13:05:00,5125.15,5128.0,5125.0,5128.0
35523,2024-06-24 13:06:00,5127.95,5128.05,5125.25,5127.9
35524,2024-06-24 13:07:00,5127.6,5128.2,5124.5,5125.0
35525,2024-06-24 13:08:00,5126.9,5127.5,5125.0,5126.55
35526,2024-06-24 13:09:00,5127.55,5130.95,5127.55,5130.9
35527,2024-06-24 13:10:00,5128.05,5130.9,5127.75,5130.9
35528,2024-06-24 13:11:00,5130.55,5131.65,5128.8,5130.3
35529,2024-06-24 13:12:00,5133.35,5135.75,5130.35,5135.75
35530,2024-06-24 13:13:00,5134.75,5139.8,5134.75,5139.65
35531,2024-06-24 13:14:00,5139.0,5140.0,5137.05,5139.0
35532,2024-06-24 13:15:00,5137.1,5139.0,5136.75,5139.0
35533,2024-06-24 13:16:00,5138.95,5138.95,5135.05,5135.75
35534,2024-06-24 13:17:00,5135.05,5138.55,5135.05,5138.55
35535,2024-06-24 13:18:00,5135.9,5138.2,5135.2,5138.15
35536,2024-06-24 13:19:00,5138.2,5138.95,5135.4,5138.95
35537,2024-06-24 13:20:00,5138.9,5139.0,5136.35,5136.45
35538,2024-06-24 13:21:00,5139.0,5139.0,5136.75,5139.0
35539,2024-06-24 13:22:00,5137.0,5140.0,5137.0,5140.0
35540,2024-06-24 13:23:00,5139.95,5139.95,5138.45,5138.45
35541,2024-06-24 13:24:00,5140.0,5142.0,5137.7,5137.7
35542,2024-06-24 13:25:00,5135.35,5139.35,5135.0,5138.95
35543,2024-06-24 13:26:00,5138.55,5140.3,5137.25,5138.05
35544,2024-06-24 13:27:00,5137.95,5140.3,5137.2,5139.75
35545,2024-06-24 13:28:00,5139.7,5139.7,5135.05,5135.05
35546,2024-06-24 13:29:00,5135.0,5135.6,5132.45,5132.45
35547,2024-06-24 13:30:00,5134.9,5135.0,5131.55,5134.85
35548,2024-06-24 13:31:00,5132.55,5138.5,5132.55,5136.5
35549,2024-06-24 13:32:00,5134.15,5137.15,5133.8,5136.0
35550,2024-06-24 13:33:00,5134.85,5136.95,5133.1,5136.5
35551,2024-06-24 13:34:00,5136.55,5136.75,5131.4,5134.95
35552,2024-06-24 13:35:00,5134.6,5134.7,5131.85,5131.85
35553,2024-06-24 13:36:00,5134.0,5134.0,5131.1,5133.45
35554,2024-06-24 13:37:00,5133.4,5133.4,5131.25,5132.9
35555,2024-06-24 13:38:00,5132.95,5134.35,5131.0,5132.65
35556,2024-06-24 13:39:00,5133.95,5133.95,5131.8,5133.4
35557,2024-06-24 13:40:00,5133.35,5133.5,5131.65,5133.0
35558,2024-06-24 13:41:00,5132.15,5133.25,5132.15,5133.25
35559,2024-06-24 13:42:00,5132.6,5134.9,5132.6,5134.85
35560,2024-06-24 13:43:00,5134.9,5134.9,5131.0,5132.45
35561,2024-06-24 13:44:00,5131.35,5132.4,5125.0,5125.0
35562,2024-06-24 13:45:00,5126.0,5128.4,5125.0,5128.4
35563,2024-06-24 13:46:00,5128.35,5128.75,5125.35,5128.65
35564,2024-06-24 13:47:00,5128.75,5128.8,5126.25,5128.8
35565,2024-06-24 13:48:00,5129.1,5129.1,5128.15,5128.8
35566,2024-06-24 13:49:00,5125.65,5128.8,5125.65,5128.5
35567,2024-06-24 13:50:00,5128.45,5128.45,5125.7,5127.0
35568,2024-06-24 13:51:00,5128.35,5128.35,5125.6,5127.75
35569,2024-06-24 13:52:00,5127.8,5128.3,5126.0,5126.0
35570,2024-06-24 13:53:00,5128.15,5128.15,5125.1,5127.05
35571,2024-06-24 13:54:00,5127.2,5127.4,5125.0,5126.05
35572,2024-06-24 13:55:00,5125.0,5126.05,5125.0,5126.0
35573,2024-06-24 13:56:00,5125.0,5126.25,5125.0,5126.25
35574,2024-06-24 13:57:00,5126.2,5126.2,5125.0,5126.05
35575,2024-06-24 13:58:00,5125.0,5126.15,5125.0,5125.0
35576,2024-06-24 13:59:00,5126.0,5128.3,5125.0,5128.25
35577,2024-06-24 14:00:00,5128.2,5133.1,5125.8,5133.1
35578,2024-06-24 14:01:00,5132.35,5133.0,5129.85,5130.1
35579,2024-06-24 14:02:00,5132.0,5132.0,5125.6,5125.6
35580,2024-06-24 14:03:00,5127.85,5127.95,5125.0,5127.45
35581,2024-06-24 14:04:00,5128.15,5129.95,5126.0,5129.4
35582,2024-06-24 14:05:00,5129.1,5129.75,5126.4,5127.5
35583,2024-06-24 14:06:00,5128.35,5129.2,5125.05,5127.3
35584,2024-06-24 14:07:00,5127.25,5127.45,5125.05,5125.05
35585,2024-06-24 14:08:00,5127.85,5128.05,5125.0,5125.3
35586,2024-06-24 14:09:00,5127.6,5127.95,5126.15,5127.95
35587,2024-06-24 14:10:00,5129.0,5129.0,5125.05,5125.05
35588,2024-06-24 14:11:00,5127.7,5128.05,5125.0,5125.0
35589,2024-06-24 14:12:00,5127.2,5127.45,5125.0,5125.05
35590,2024-06-24 14:13:00,5125.0,5127.05,5125.0,5125.0
35591,2024-06-24 14:14:00,5126.45,5126.45,5125.0,5125.0
35592,2024-06-24 14:15:00,5125.4,5126.2,5125.0,5125.0
35593,2024-06-24 14:16:00,5126.0,5131.35,5125.0,5126.5
35594,2024-06-24 14:17:00,5129.45,5129.45,5122.1,5124.3
35595,2024-06-24 14:18:00,5125.0,5125.0,5122.4,5124.95
35596,2024-06-24 14:19:00,5123.1,5125.0,5121.15,5121.15
35597,2024-06-24 14:20:00,5123.8,5125.0,5121.0,5125.0
35598,2024-06-24 14:21:00,5129.8,5129.95,5125.1,5128.0
35599,2024-06-24 14:22:00,5126.8,5128.0,5125.0,5125.0
35600,2024-06-24 14:23:00,5127.4,5127.4,5125.0,5125.0
35601,2024-06-24 14:24:00,5125.1,5127.4,5125.0,5125.0
35602,2024-06-24 14:25:00,5126.0,5127.4,5125.4,5125.6
35603,2024-06-24 14:26:00,5127.45,5128.0,5125.5,5125.5
35604,2024-06-24 14:27:00,5125.1,5125.5,5124.05,5125.0
35605,2024-06-24 14:28:00,5125.5,5126.3,5125.0,5125.0
35606,2024-06-24 14:29:00,5126.0,5126.0,5125.0,5125.0
35607,2024-06-24 14:30:00,5125.95,5126.0,5125.0,5126.0
35608,2024-06-24 14:31:00,5125.0,5126.3,5123.85,5125.0
35609,2024-06-24 14:32:00,5126.6,5126.8,5125.0,5125.0
35610,2024-06-24 14:33:00,5125.9,5125.9,5125.0,5125.0
35611,2024-06-24 14:34:00,5126.8,5126.8,5125.0,5125.05
35612,2024-06-24 14:35:00,5125.15,5126.65,5125.0,5125.0
35613,2024-06-24 14:36:00,5126.95,5127.0,5125.05,5125.25
35614,2024-06-24 14:37:00,5125.7,5125.7,5125.0,5125.0
35615,2024-06-24 14:38:00,5125.1,5129.2,5125.1,5126.0
35616,2024-06-24 14:39:00,5128.0,5128.0,5125.0,5125.0
35617,2024-06-24 14:40:00,5125.55,5126.3,5120.45,5124.6
35618,2024-06-24 14:41:00,5126.3,5126.3,5123.2,5125.0
35619,2024-06-24 14:42:00,5125.4,5125.8,5124.0,5124.0
35620,2024-06-24 14:43:00,5124.85,5125.65,5124.0,5124.5
35621,2024-06-24 14:44:00,5125.75,5125.85,5124.0,5125.75
35622,2024-06-24 14:45:00,5125.35,5125.85,5124.0,5124.0
35623,2024-06-24 14:46:00,5123.0,5125.75,5123.0,5125.35
35624,2024-06-24 14:47:00,5123.1,5125.35,5123.0,5123.0
35625,2024-06-24 14:48:00,5123.85,5125.5,5121.1,5121.65
35626,2024-06-24 14:49:00,5125.0,5125.45,5120.0,5123.45
35627,2024-06-24 14:50:00,5122.75,5124.1,5120.3,5122.05
35628,2024-06-24 14:51:00,5120.55,5125.05,5120.55,5125.0
35629,2024-06-24 14:52:00,5124.25,5125.1,5121.55,5123.2
35630,2024-06-24 14:53:00,5121.15,5121.15,5111.3,5113.8
35631,2024-06-24 14:54:00,5116.05,5116.05,5110.8,5115.8
35632,2024-06-24 14:55:00,5113.7,5116.55,5113.7,5114.6
35633,2024-06-24 14:56:00,5114.05,5116.5,5114.05,5115.4
35634,2024-06-24 14:57:00,5118.6,5118.95,5115.0,5116.8
35635,2024-06-24 14:58:00,5116.75,5119.1,5115.6,5116.5
35636,2024-06-24 14:59:00,5119.35,5123.65,5115.6,5119.15
35637,2024-06-24 15:00:00,5121.65,5121.65,5115.35,5116.85
35638,2024-06-24 15:01:00,5117.45,5119.6,5115.1,5115.1
35639,2024-06-24 15:02:00,5115.75,5117.0,5115.75,5116.65
35640,2024-06-24 15:03:00,5116.95,5118.25,5115.15,5115.35
35641,2024-06-24 15:04:00,5117.35,5117.35,5112.05,5112.6
35642,2024-06-24 15:05:00,5114.7,5114.7,5111.0,5111.0
35643,2024-06-24 15:06:00,5113.9,5113.9,5103.0,5105.3
35644,2024-06-24 15:07:00,5106.3,5110.2,5105.95,5108.3
35645,2024-06-24 15:08:00,5109.5,5113.1,5107.45,5113.1
35646,2024-06-24 15:09:00,5112.6,5119.2,5109.4,5113.7
35647,2024-06-24 15:10:00,5114.7,5115.65,5111.0,5112.4
35648,2024-06-24 15:11:00,5112.95,5115.3,5111.0,5115.3
35649,2024-06-24 15:12:00,5115.35,5115.35,5111.8,5111.95
35650,2024-06-24 15:13:00,5112.3,5114.7,5112.3,5112.3
35651,2024-06-24 15:14:00,5112.6,5114.15,5110.2,5112.65
35652,2024-06-24 15:15:00,5113.2,5113.2,5106.7,5107.05
35653,2024-06-24 15:16:00,5108.4,5110.95,5107.05,5110.0
35654,2024-06-24 15:17:00,5110.35,5111.0,5107.05,5107.7
35655,2024-06-24 15:18:00,5107.55,5110.0,5107.45,5109.8
35656,2024-06-24 15:19:00,5109.75,5110.0,5107.0,5107.65
35657,2024-06-24 15:20:00,5107.75,5110.0,5107.0,5107.0
35658,2024-06-24 15:21:00,5107.15,5109.65,5107.0,5107.55
35659,2024-06-24 15:22:00,5107.8,5107.8,5107.0,5107.45
35660,2024-06-24 15:23:00,5107.15,5107.6,5106.55,5107.45
35661,2024-06-24 15:24:00,5106.55,5108.75,5106.55,5108.6
35662,2024-06-24 15:25:00,5108.65,5112.7,5108.6,5109.75
35663,2024-06-24 15:26:00,5111.95,5112.0,5108.95,5110.45
35664,2024-06-24 15:27:00,5111.75,5111.95,5109.0,5111.0
35665,2024-06-24 15:28:00,5110.4,5111.95,5108.0,5108.1
35666,2024-06-24 15:29:00,5108.05,5111.95,5100.0,5110.0
35667,2024-06-25 09:15:00,5111.3,5120.95,5100.25,5111.3
35668,2024-06-25 09:16:00,5111.1,5125.0,5106.6,5112.85
35669,2024-06-25 09:17:00,5112.9,5115.9,5105.0,5109.0
35670,2024-06-25 09:18:00,5108.0,5111.85,5104.55,5105.0
35671,2024-06-25 09:19:00,5108.1,5109.0,5105.0,5105.95
35672,2024-06-25 09:20:00,5114.9,5114.9,5104.0,5107.0
35673,2024-06-25 09:21:00,5109.4,5111.95,5107.0,5107.65
35674,2024-06-25 09:22:00,5108.15,5111.3,5108.0,5108.0
35675,2024-06-25 09:23:00,5107.0,5110.0,5102.55,5104.4
35676,2024-06-25 09:24:00,5106.7,5106.7,5100.05,5102.6
35677,2024-06-25 09:25:00,5100.15,5102.7,5100.0,5100.05
35678,2024-06-25 09:26:00,5100.0,5102.7,5100.0,5102.7
35679,2024-06-25 09:27:00,5106.7,5108.7,5101.95,5106.4
35680,2024-06-25 09:28:00,5106.3,5108.4,5102.5,5104.85
35681,2024-06-25 09:29:00,5103.0,5111.95,5103.0,5111.95
35682,2024-06-25 09:30:00,5109.5,5111.0,5101.3,5103.0
35683,2024-06-25 09:31:00,5102.7,5104.75,5100.15,5102.0
35684,2024-06-25 09:32:00,5104.65,5107.2,5102.35,5104.65
35685,2024-06-25 09:33:00,5104.5,5104.5,5100.85,5100.85
35686,2024-06-25 09:34:00,5102.7,5102.7,5092.55,5097.95
35687,2024-06-25 09:35:00,5095.95,5106.0,5095.95,5100.0
35688,2024-06-25 09:36:00,5099.35,5101.45,5095.9,5099.35
35689,2024-06-25 09:37:00,5099.8,5099.8,5097.0,5097.4
35690,2024-06-25 09:38:00,5099.2,5099.3,5096.0,5096.0
35691,2024-06-25 09:39:00,5096.5,5098.2,5096.1,5096.1
35692,2024-06-25 09:40:00,5097.8,5097.8,5093.0,5094.6
35693,2024-06-25 09:41:00,5092.6,5094.95,5091.0,5092.55
35694,2024-06-25 09:42:00,5091.9,5094.6,5091.05,5091.9
35695,2024-06-25 09:43:00,5094.35,5098.35,5094.35,5098.35
35696,2024-06-25 09:44:00,5095.25,5097.8,5094.05,5095.95
35697,2024-06-25 09:45:00,5096.3,5096.3,5088.05,5088.05
35698,2024-06-25 09:46:00,5088.45,5088.45,5082.05,5082.05
35699,2024-06-25 09:47:00,5084.45,5084.45,5078.3,5082.15
35700,2024-06-25 09:48:00,5082.3,5087.45,5082.0,5087.3
35701,2024-06-25 09:49:00,5085.0,5087.6,5085.0,5085.05
35702,2024-06-25 09:50:00,5087.05,5087.25,5082.0,5082.0
35703,2024-06-25 09:51:00,5083.8,5083.8,5081.55,5082.0
35704,2024-06-25 09:52:00,5081.4,5082.7,5075.7,5078.7
35705,2024-06-25 09:53:00,5078.5,5078.75,5076.0,5078.0
35706,2024-06-25 09:54:00,5075.55,5075.7,5072.0,5072.05
35707,2024-06-25 09:55:00,5072.0,5076.2,5072.0,5073.75
35708,2024-06-25 09:56:00,5074.9,5075.95,5070.45,5075.95
35709,2024-06-25 09:57:00,5076.0,5077.9,5075.0,5077.9
35710,2024-06-25 09:58:00,5077.3,5078.7,5075.3,5076.35
35711,2024-06-25 09:59:00,5071.55,5078.35,5071.55,5076.5
35712,2024-06-25 10:00:00,5075.0,5087.5,5074.55,5087.0
35713,2024-06-25 10:01:00,5087.35,5089.2,5077.05,5077.15
35714,2024-06-25 10:02:00,5077.65,5089.35,5076.05,5079.3
35715,2024-06-25 10:03:00,5077.65,5079.3,5077.0,5078.95
35716,2024-06-25 10:04:00,5078.0,5080.4,5078.0,5080.4
35717,2024-06-25 10:05:00,5080.45,5080.55,5080.15,5080.15
35718,2024-06-25 10:06:00,5083.4,5083.6,5082.05,5083.6
35719,2024-06-25 10:07:00,5081.6,5084.85,5081.25,5083.0
35720,2024-06-25 10:08:00,5081.1,5082.2,5079.05,5079.05
35721,2024-06-25 10:09:00,5080.0,5080.7,5077.55,5077.8
35722,2024-06-25 10:10:00,5079.95,5079.95,5076.75,5077.0
35723,2024-06-25 10:11:00,5077.75,5080.0,5075.55,5079.95
35724,2024-06-25 10:12:00,5076.05,5082.0,5076.05,5081.9
35725,2024-06-25 10:13:00,5080.0,5088.85,5080.0,5084.25
35726,2024-06-25 10:14:00,5086.7,5088.0,5084.6,5088.0
35727,2024-06-25 10:15:00,5085.6,5093.05,5085.6,5092.85
35728,2024-06-25 10:16:00,5092.9,5100.0,5092.9,5100.0
35729,2024-06-25 10:17:00,5100.95,5104.5,5099.65,5099.65
35730,2024-06-25 10:18:00,5099.05,5100.45,5095.45,5096.15
35731,2024-06-25 10:19:00,5095.0,5095.35,5095.0,5095.35
35732,2024-06-25 10:20:00,5093.7,5095.25,5086.6,5089.55
35733,2024-06-25 10:21:00,5090.4,5090.4,5086.9,5086.9
35734,2024-06-25 10:22:00,5088.3,5089.95,5086.05,5087.5
35735,2024-06-25 10:23:00,5089.8,5090.0,5086.2,5086.2
35736,2024-06-25 10:24:00,5085.1,5087.5,5085.1,5085.8
35737,2024-06-25 10:25:00,5085.85,5089.4,5085.8,5086.1
35738,2024-06-25 10:26:00,5085.0,5085.35,5082.05,5082.2
35739,2024-06-25 10:27:00,5082.1,5092.1,5082.1,5089.15
35740,2024-06-25 10:28:00,5088.8,5092.5,5088.8,5091.1
35741,2024-06-25 10:29:00,5093.15,5093.15,5091.2,5091.25
35742,2024-06-25 10:30:00,5092.3,5094.95,5089.9,5092.3
35743,2024-06-25 10:31:00,5093.9,5093.9,5090.7,5092.45
35744,2024-06-25 10:32:00,5090.15,5094.95,5090.15,5094.95
35745,2024-06-25 10:33:00,5092.5,5095.0,5092.2,5095.0
35746,2024-06-25 10:34:00,5093.0,5093.4,5091.15,5091.15
35747,2024-06-25 10:35:00,5090.55,5094.95,5090.55,5090.55
35748,2024-06-25 10:36:00,5092.1,5092.1,5089.75,5089.75
35749,2024-06-25 10:37:00,5089.05,5094.95,5089.05,5092.85
35750,2024-06-25 10:38:00,5092.9,5102.0,5092.9,5098.95
35751,2024-06-25 10:39:00,5097.05,5097.15,5094.85,5096.0
35752,2024-06-25 10:40:00,5095.0,5097.15,5094.85,5094.85
35753,2024-06-25 10:41:00,5096.75,5096.9,5093.4,5094.2
35754,2024-06-25 10:42:00,5094.3,5095.6,5091.2,5091.2
35755,2024-06-25 10:43:00,5091.35,5093.8,5091.15,5093.55
35756,2024-06-25 10:44:00,5093.4,5095.65,5091.2,5092.55
35757,2024-06-25 10:45:00,5094.95,5094.95,5091.05,5093.6
35758,2024-06-25 10:46:00,5094.3,5099.95,5092.25,5097.05
35759,2024-06-25 10:47:00,5099.55,5107.45,5099.55,5103.45
35760,2024-06-25 10:48:00,5101.55,5104.0,5100.15,5101.55
35761,2024-06-25 10:49:00,5101.4,5103.4,5099.25,5099.4
35762,2024-06-25 10:50:00,5097.1,5099.9,5097.0,5099.9
35763,2024-06-25 10:51:00,5098.45,5100.35,5093.6,5096.65
35764,2024-06-25 10:52:00,5095.0,5095.5,5092.0,5092.0
35765,2024-06-25 10:53:00,5093.95,5095.4,5092.8,5095.4
35766,2024-06-25 10:54:00,5096.1,5096.3,5092.8,5095.25
35767,2024-06-25 10:55:00,5092.55,5094.0,5092.0,5093.9
35768,2024-06-25 10:56:00,5094.0,5095.25,5091.05,5091.05
35769,2024-06-25 10:57:00,5092.9,5095.25,5092.9,5094.45
35770,2024-06-25 10:58:00,5092.8,5094.45,5092.55,5094.45
35771,2024-06-25 10:59:00,5095.4,5099.4,5092.55,5094.05
35772,2024-06-25 11:00:00,5093.15,5096.95,5091.1,5091.1
35773,2024-06-25 11:01:00,5092.65,5094.75,5090.0,5090.0
35774,2024-06-25 11:02:00,5091.55,5091.55,5090.0,5091.45
35775,2024-06-25 11:03:00,5090.0,5091.45,5087.15,5087.15
35776,2024-06-25 11:04:00,5086.65,5088.75,5086.55,5088.5
35777,2024-06-25 11:05:00,5088.45,5088.5,5085.05,5087.55
35778,2024-06-25 11:06:00,5087.6,5093.0,5087.6,5092.55
35779,2024-06-25 11:07:00,5092.7,5094.8,5091.0,5091.3
35780,2024-06-25 11:08:00,5091.1,5097.3,5091.1,5095.0
35781,2024-06-25 11:09:00,5096.75,5096.95,5091.75,5095.0
35782,2024-06-25 11:10:00,5093.65,5095.0,5093.65,5095.0
35783,2024-06-25 11:11:00,5096.0,5096.0,5094.2,5096.0
35784,2024-06-25 11:12:00,5092.6,5096.0,5092.6,5094.15
35785,2024-06-25 11:13:00,5093.8,5093.8,5093.25,5093.6
35786,2024-06-25 11:14:00,5091.45,5093.6,5091.1,5093.0
35787,2024-06-25 11:15:00,5091.0,5093.0,5091.0,5091.05
35788,2024-06-25 11:16:00,5091.0,5092.45,5090.7,5091.95
35789,2024-06-25 11:17:00,5092.45,5093.95,5091.0,5093.0
35790,2024-06-25 11:18:00,5091.0,5093.7,5091.0,5093.7
35791,2024-06-25 11:19:00,5093.05,5093.7,5091.35,5092.5
35792,2024-06-25 11:20:00,5093.7,5094.0,5091.2,5093.7
35793,2024-06-25 11:21:00,5094.0,5096.95,5092.55,5096.95
35794,2024-06-25 11:22:00,5094.85,5096.95,5094.85,5096.25
35795,2024-06-25 11:23:00,5096.45,5097.75,5095.1,5096.85
35796,2024-06-25 11:24:00,5096.0,5096.25,5093.0,5095.65
35797,2024-06-25 11:25:00,5096.2,5096.25,5091.6,5092.95
35798,2024-06-25 11:26:00,5094.2,5094.2,5091.05,5092.1
35799,2024-06-25 11:27:00,5093.1,5094.3,5092.05,5093.0
35800,2024-06-25 11:28:00,5093.55,5093.55,5091.1,5091.5
35801,2024-06-25 11:29:00,5092.0,5096.05,5091.45,5093.9
35802,2024-06-25 11:30:00,5093.35,5096.1,5092.35,5093.1
35803,2024-06-25 11:31:00,5093.55,5093.55,5091.0,5091.7
35804,2024-06-25 11:32:00,5092.45,5094.45,5091.0,5092.1
35805,2024-06-25 11:33:00,5091.8,5093.9,5085.2,5088.8
35806,2024-06-25 11:34:00,5090.0,5090.0,5085.4,5086.0
35807,2024-06-25 11:35:00,5085.4,5087.95,5080.0,5080.0
35808,2024-06-25 11:36:00,5081.05,5083.0,5081.05,5081.9
35809,2024-06-25 11:37:00,5084.5,5084.5,5081.7,5083.35
35810,2024-06-25 11:38:00,5084.5,5084.5,5081.1,5082.15
35811,2024-06-25 11:39:00,5082.75,5083.8,5081.0,5083.25
35812,2024-06-25 11:40:00,5084.25,5084.45,5081.6,5084.35
35813,2024-06-25 11:41:00,5083.45,5084.5,5080.0,5080.05
35814,2024-06-25 11:42:00,5079.05,5080.75,5077.55,5077.6
35815,2024-06-25 11:43:00,5078.0,5078.25,5076.0,5077.9
35816,2024-06-25 11:44:00,5079.7,5081.85,5077.55,5079.15
35817,2024-06-25 11:45:00,5081.9,5083.25,5079.1,5083.25
35818,2024-06-25 11:46:00,5084.8,5084.8,5079.05,5079.55
35819,2024-06-25 11:47:00,5080.0,5080.0,5079.05,5079.5
35820,2024-06-25 11:48:00,5079.1,5084.25,5076.0,5082.5
35821,2024-06-25 11:49:00,5081.0,5085.3,5081.0,5083.35
35822,2024-06-25 11:50:00,5084.85,5085.95,5082.2,5084.7
35823,2024-06-25 11:51:00,5085.3,5086.95,5083.65,5085.05
35824,2024-06-25 11:52:00,5085.95,5088.75,5085.05,5087.4
35825,2024-06-25 11:53:00,5088.95,5088.95,5083.55,5085.0
35826,2024-06-25 11:54:00,5084.25,5085.0,5083.55,5083.6
35827,2024-06-25 11:55:00,5085.0,5085.0,5083.55,5084.6
35828,2024-06-25 11:56:00,5085.0,5085.0,5082.45,5082.5
35829,2024-06-25 11:57:00,5083.45,5084.55,5082.45,5082.5
35830,2024-06-25 11:58:00,5084.65,5084.65,5081.6,5083.15
35831,2024-06-25 11:59:00,5081.65,5088.4,5081.65,5088.4
35832,2024-06-25 12:00:00,5088.7,5090.0,5086.55,5090.0
35833,2024-06-25 12:01:00,5089.05,5090.0,5085.25,5085.6
35834,2024-06-25 12:02:00,5086.9,5089.45,5086.0,5087.85
35835,2024-06-25 12:03:00,5089.0,5089.0,5086.0,5086.0
35836,2024-06-25 12:04:00,5087.8,5087.95,5085.05,5086.0
35837,2024-06-25 12:05:00,5087.5,5088.9,5085.8,5087.15
35838,2024-06-25 12:06:00,5088.8,5090.0,5086.0,5086.2
35839,2024-06-25 12:07:00,5089.4,5089.9,5086.4,5088.7
35840,2024-06-25 12:08:00,5087.65,5089.0,5086.45,5088.75
35841,2024-06-25 12:09:00,5088.65,5089.45,5086.45,5089.4
35842,2024-06-25 12:10:00,5089.0,5089.65,5086.45,5087.15
35843,2024-06-25 12:11:00,5086.8,5089.8,5086.65,5088.75
35844,2024-06-25 12:12:00,5089.4,5089.4,5085.0,5085.05
35845,2024-06-25 12:13:00,5085.0,5087.5,5085.0,5085.85
35846,2024-06-25 12:14:00,5086.95,5087.7,5085.0,5085.1
35847,2024-06-25 12:15:00,5085.35,5087.55,5085.0,5086.2
35848,2024-06-25 12:16:00,5087.0,5087.0,5084.45,5085.3
35849,2024-06-25 12:17:00,5086.3,5086.3,5085.0,5085.5
35850,2024-06-25 12:18:00,5086.0,5086.0,5085.0,5086.0
35851,2024-06-25 12:19:00,5085.5,5086.0,5085.0,5086.0
35852,2024-06-25 12:20:00,5085.5,5086.0,5085.05,5085.6
35853,2024-06-25 12:21:00,5085.1,5086.0,5085.05,5085.7
35854,2024-06-25 12:22:00,5086.0,5086.0,5085.0,5085.5
35855,2024-06-25 12:23:00,5086.0,5086.0,5085.0,5085.25
35856,2024-06-25 12:24:00,5085.05,5086.0,5085.0,5085.1
35857,2024-06-25 12:25:00,5085.35,5086.0,5085.0,5086.0
35858,2024-06-25 12:26:00,5087.0,5087.0,5085.0,5085.25
35859,2024-06-25 12:27:00,5086.85,5086.95,5085.0,5086.95
35860,2024-06-25 12:28:00,5086.9,5086.9,5085.2,5085.25
35861,2024-06-25 12:29:00,5085.2,5086.9,5083.9,5086.9
35862,2024-06-25 12:30:00,5085.65,5086.9,5084.65,5086.0
35863,2024-06-25 12:31:00,5085.1,5086.0,5085.05,5085.55
35864,2024-06-25 12:32:00,5086.0,5086.0,5085.0,5085.5
35865,2024-06-25 12:33:00,5085.0,5086.0,5085.0,5085.5
35866,2024-06-25 12:34:00,5086.0,5086.0,5085.0,5086.0
35867,2024-06-25 12:35:00,5085.05,5086.0,5085.0,5086.0
35868,2024-06-25 12:36:00,5085.55,5086.0,5085.0,5085.75
35869,2024-06-25 12:37:00,5086.0,5086.0,5085.55,5085.55
35870,2024-06-25 12:38:00,5085.25,5086.9,5085.0,5085.7
35871,2024-06-25 12:39:00,5086.0,5086.0,5085.05,5085.5
35872,2024-06-25 12:40:00,5086.0,5090.0,5085.2,5086.55
35873,2024-06-25 12:41:00,5089.1,5089.95,5086.6,5087.8
35874,2024-06-25 12:42:00,5088.65,5090.0,5087.05,5088.5
35875,2024-06-25 12:43:00,5089.95,5090.0,5088.05,5088.05
35876,2024-06-25 12:44:00,5089.0,5090.0,5088.8,5088.8
35877,2024-06-25 12:45:00,5089.45,5089.5,5088.0,5088.05
35878,2024-06-25 12:46:00,5088.0,5089.0,5086.45,5088.8
35879,2024-06-25 12:47:00,5088.75,5092.95,5086.85,5088.15
35880,2024-06-25 12:48:00,5091.1,5095.0,5088.5,5091.75
35881,2024-06-25 12:49:00,5091.7,5094.75,5091.55,5093.0
35882,2024-06-25 12:50:00,5093.95,5094.85,5091.65,5093.25
35883,2024-06-25 12:51:00,5094.3,5095.0,5090.4,5095.0
35884,2024-06-25 12:52:00,5092.25,5096.75,5091.85,5095.15
35885,2024-06-25 12:53:00,5095.1,5096.95,5090.45,5094.9
35886,2024-06-25 12:54:00,5095.5,5097.5,5094.2,5095.75
35887,2024-06-25 12:55:00,5096.25,5097.0,5092.1,5093.55
35888,2024-06-25 12:56:00,5095.8,5097.05,5093.5,5095.75
35889,2024-06-25 12:57:00,5091.15,5096.9,5091.15,5094.1
35890,2024-06-25 12:58:00,5093.4,5095.95,5092.6,5095.45
35891,2024-06-25 12:59:00,5095.95,5098.0,5095.05,5096.65
35892,2024-06-25 13:00:00,5096.95,5098.55,5095.9,5096.2
35893,2024-06-25 13:01:00,5097.3,5098.65,5095.1,5095.1
35894,2024-06-25 13:02:00,5097.75,5101.0,5094.85,5101.0
35895,2024-06-25 13:03:00,5101.9,5104.95,5101.1,5104.95
35896,2024-06-25 13:04:00,5105.0,5105.0,5101.4,5103.2
35897,2024-06-25 13:05:00,5103.25,5112.7,5103.25,5105.55
35898,2024-06-25 13:06:00,5105.25,5107.25,5103.65,5107.25
35899,2024-06-25 13:07:00,5105.7,5107.15,5102.05,5107.15
35900,2024-06-25 13:08:00,5107.35,5107.35,5097.6,5097.6
35901,2024-06-25 13:09:00,5098.7,5102.95,5098.05,5102.2
35902,2024-06-25 13:10:00,5100.9,5103.7,5100.0,5103.55
35903,2024-06-25 13:11:00,5099.3,5103.0,5099.15,5102.0
35904,2024-06-25 13:12:00,5100.0,5103.0,5099.9,5102.5
35905,2024-06-25 13:13:00,5099.8,5102.5,5098.7,5099.9
35906,2024-06-25 13:14:00,5102.0,5102.5,5097.05,5100.0
35907,2024-06-25 13:15:00,5097.05,5101.85,5097.05,5099.5
35908,2024-06-25 13:16:00,5101.5,5101.75,5098.05,5100.2
35909,2024-06-25 13:17:00,5098.7,5102.05,5098.25,5100.5
35910,2024-06-25 13:18:00,5101.0,5102.25,5099.0,5102.0
35911,2024-06-25 13:19:00,5100.1,5102.05,5097.6,5099.85
35912,2024-06-25 13:20:00,5098.45,5100.5,5096.4,5098.45
35913,2024-06-25 13:21:00,5096.0,5099.55,5095.55,5095.55
35914,2024-06-25 13:22:00,5099.25,5100.0,5095.6,5097.6
35915,2024-06-25 13:23:00,5097.5,5100.0,5097.5,5100.0
35916,2024-06-25 13:24:00,5099.2,5104.05,5099.2,5104.0
35917,2024-06-25 13:25:00,5102.25,5108.5,5102.2,5107.3
35918,2024-06-25 13:26:00,5105.9,5108.15,5103.35,5107.75
35919,2024-06-25 13:27:00,5102.95,5107.45,5102.95,5104.75
35920,2024-06-25 13:28:00,5104.9,5107.55,5103.75,5106.7
35921,2024-06-25 13:29:00,5105.0,5107.0,5103.35,5107.0
35922,2024-06-25 13:30:00,5105.45,5106.7,5102.65,5104.15
35923,2024-06-25 13:31:00,5101.0,5103.05,5097.1,5097.75
35924,2024-06-25 13:32:00,5097.15,5101.05,5095.1,5095.1
35925,2024-06-25 13:33:00,5096.3,5099.55,5095.4,5099.55
35926,2024-06-25 13:34:00,5100.0,5103.7,5098.55,5103.35
35927,2024-06-25 13:35:00,5099.35,5102.4,5097.1,5098.0
35928,2024-06-25 13:36:00,5098.15,5101.45,5096.45,5101.45
35929,2024-06-25 13:37:00,5098.65,5102.0,5097.65,5101.05
35930,2024-06-25 13:38:00,5101.65,5102.95,5098.05,5100.85
35931,2024-06-25 13:39:00,5098.0,5102.95,5098.0,5101.55
35932,2024-06-25 13:40:00,5099.15,5102.35,5097.2,5100.0
35933,2024-06-25 13:41:00,5101.45,5102.55,5098.55,5099.1
35934,2024-06-25 13:42:00,5102.0,5104.95,5102.0,5104.95
35935,2024-06-25 13:43:00,5102.0,5104.7,5102.0,5104.7
35936,2024-06-25 13:44:00,5105.0,5105.0,5102.5,5104.05
35937,2024-06-25 13:45:00,5102.55,5106.9,5102.55,5106.9
35938,2024-06-25 13:46:00,5105.15,5106.55,5103.15,5106.5
35939,2024-06-25 13:47:00,5103.7,5106.55,5103.7,5104.2
35940,2024-06-25 13:48:00,5103.1,5105.0,5103.0,5103.2
35941,2024-06-25 13:49:00,5103.05,5105.0,5103.0,5103.05
35942,2024-06-25 13:50:00,5103.0,5105.0,5103.0,5105.0
35943,2024-06-25 13:51:00,5103.0,5105.0,5102.55,5104.55
35944,2024-06-25 13:52:00,5102.55,5105.0,5102.55,5102.55
35945,2024-06-25 13:53:00,5103.15,5104.95,5102.55,5102.55
35946,2024-06-25 13:54:00,5103.7,5105.0,5102.0,5102.6
35947,2024-06-25 13:55:00,5102.55,5105.0,5102.55,5103.75
35948,2024-06-25 13:56:00,5103.8,5105.0,5103.75,5104.85
35949,2024-06-25 13:57:00,5105.0,5107.2,5102.55,5102.55
35950,2024-06-25 13:58:00,5102.8,5105.8,5102.55,5105.15
35951,2024-06-25 13:59:00,5104.0,5106.05,5102.65,5106.05
35952,2024-06-25 14:00:00,5106.6,5106.6,5105.0,5106.6
35953,2024-06-25 14:01:00,5105.75,5106.6,5105.0,5106.6
35954,2024-06-25 14:02:00,5107.0,5108.0,5105.3,5108.0
35955,2024-06-25 14:03:00,5107.0,5109.0,5106.4,5108.9
35956,2024-06-25 14:04:00,5106.15,5109.0,5105.6,5109.0
35957,2024-06-25 14:05:00,5106.5,5110.0,5106.45,5108.05
35958,2024-06-25 14:06:00,5107.9,5110.0,5106.15,5108.7
35959,2024-06-25 14:07:00,5107.25,5110.9,5106.75,5110.9
35960,2024-06-25 14:08:00,5111.0,5113.9,5108.4,5111.45
35961,2024-06-25 14:09:00,5112.1,5113.9,5111.35,5113.0
35962,2024-06-25 14:10:00,5111.8,5113.9,5110.6,5113.9
35963,2024-06-25 14:11:00,5113.95,5114.0,5110.3,5110.55
35964,2024-06-25 14:12:00,5110.0,5111.8,5108.1,5109.0
35965,2024-06-25 14:13:00,5108.85,5112.0,5107.6,5109.05
35966,2024-06-25 14:14:00,5110.65,5110.65,5108.05,5110.0
35967,2024-06-25 14:15:00,5107.9,5109.95,5107.0,5109.7
35968,2024-06-25 14:16:00,5108.35,5110.0,5107.0,5109.25
35969,2024-06-25 14:17:00,5107.0,5109.2,5106.0,5106.0
35970,2024-06-25 14:18:00,5106.1,5107.85,5104.85,5106.9
35971,2024-06-25 14:19:00,5107.75,5107.85,5103.1,5105.0
35972,2024-06-25 14:20:00,5104.35,5105.0,5103.3,5103.9
35973,2024-06-25 14:21:00,5103.7,5108.0,5103.35,5106.15
35974,2024-06-25 14:22:00,5107.05,5108.0,5105.05,5107.0
35975,2024-06-25 14:23:00,5106.2,5110.0,5106.2,5110.0
35976,2024-06-25 14:24:00,5109.35,5112.15,5108.85,5112.1
35977,2024-06-25 14:25:00,5109.1,5112.8,5109.1,5112.3
35978,2024-06-25 14:26:00,5110.55,5114.0,5109.85,5114.0
35979,2024-06-25 14:27:00,5111.15,5114.25,5110.85,5114.25
35980,2024-06-25 14:28:00,5112.3,5114.25,5112.0,5114.25
35981,2024-06-25 14:29:00,5114.5,5114.5,5111.5,5114.5
35982,2024-06-25 14:30:00,5111.8,5114.5,5110.15,5113.8
35983,2024-06-25 14:31:00,5110.15,5114.6,5109.05,5109.05
35984,2024-06-25 14:32:00,5108.25,5111.0,5108.25,5111.0
35985,2024-06-25 14:33:00,5111.5,5114.7,5109.55,5113.3
35986,2024-06-25 14:34:00,5110.8,5114.65,5110.0,5113.05
35987,2024-06-25 14:35:00,5110.05,5112.75,5109.7,5110.05
35988,2024-06-25 14:36:00,5111.75,5113.45,5109.05,5111.7
35989,2024-06-25 14:37:00,5111.75,5114.75,5111.2,5114.75
35990,2024-06-25 14:38:00,5113.05,5114.75,5112.55,5114.75
35991,2024-06-25 14:39:00,5113.0,5114.75,5111.8,5114.75
35992,2024-06-25 14:40:00,5113.9,5114.8,5111.15,5113.9
35993,2024-06-25 14:41:00,5111.9,5114.2,5111.3,5111.8
35994,2024-06-25 14:42:00,5112.25,5113.0,5111.0,5111.0
35995,2024-06-25 14:43:00,5112.95,5112.95,5108.1,5111.05
35996,2024-06-25 14:44:00,5108.8,5111.7,5108.1,5108.4
35997,2024-06-25 14:45:00,5109.1,5112.0,5108.1,5112.0
35998,2024-06-25 14:46:00,5111.95,5113.5,5110.0,5113.5
35999,2024-06-25 14:47:00,5112.6,5114.0,5111.7,5114.0
36000,2024-06-25 14:48:00,5113.7,5114.0,5109.6,5112.1
36001,2024-06-25 14:49:00,5112.5,5112.5,5109.15,5109.45
36002,2024-06-25 14:50:00,5109.55,5113.0,5109.15,5112.7
36003,2024-06-25 14:51:00,5110.0,5114.0,5109.15,5110.55
36004,2024-06-25 14:52:00,5110.35,5113.4,5110.35,5113.0
36005,2024-06-25 14:53:00,5112.75,5114.1,5111.35,5114.1
36006,2024-06-25 14:54:00,5114.05,5114.45,5110.0,5112.35
36007,2024-06-25 14:55:00,5110.35,5113.0,5109.05,5112.55
36008,2024-06-25 14:56:00,5109.9,5112.55,5109.3,5111.8
36009,2024-06-25 14:57:00,5111.0,5113.9,5111.0,5113.9
36010,2024-06-25 14:58:00,5114.0,5115.0,5112.45,5115.0
36011,2024-06-25 14:59:00,5114.55,5117.25,5113.55,5115.15
36012,2024-06-25 15:00:00,5115.95,5117.15,5113.85,5116.0
36013,2024-06-25 15:01:00,5116.1,5118.8,5116.1,5117.7
36014,2024-06-25 15:02:00,5117.0,5119.55,5116.85,5119.55
36015,2024-06-25 15:03:00,5119.65,5119.65,5116.55,5116.55
36016,2024-06-25 15:04:00,5118.5,5119.55,5116.25,5119.5
36017,2024-06-25 15:05:00,5119.45,5123.95,5119.45,5123.1
36018,2024-06-25 15:06:00,5123.35,5125.0,5123.1,5124.55
36019,2024-06-25 15:07:00,5123.1,5128.0,5123.1,5126.85
36020,2024-06-25 15:08:00,5127.4,5128.0,5126.0,5127.55
36021,2024-06-25 15:09:00,5126.75,5130.0,5125.1,5130.0
36022,2024-06-25 15:10:00,5128.9,5129.8,5122.65,5124.65
36023,2024-06-25 15:11:00,5123.9,5124.5,5121.2,5122.1
36024,2024-06-25 15:12:00,5122.05,5125.0,5120.7,5124.25
36025,2024-06-25 15:13:00,5124.6,5125.1,5122.0,5123.0
36026,2024-06-25 15:14:00,5122.7,5125.95,5121.95,5122.15
36027,2024-06-25 15:15:00,5122.05,5125.0,5119.95,5124.45
36028,2024-06-25 15:16:00,5124.3,5124.3,5119.55,5121.8
36029,2024-06-25 15:17:00,5121.75,5122.5,5119.85,5122.3
36030,2024-06-25 15:18:00,5122.15,5122.45,5120.95,5121.95
36031,2024-06-25 15:19:00,5122.0,5122.0,5118.65,5120.0
36032,2024-06-25 15:20:00,5119.8,5120.0,5113.55,5116.0
36033,2024-06-25 15:21:00,5117.0,5120.9,5115.8,5120.85
36034,2024-06-25 15:22:00,5120.75,5126.0,5120.75,5125.8
36035,2024-06-25 15:23:00,5125.4,5125.5,5120.55,5125.0
36036,2024-06-25 15:24:00,5122.95,5127.0,5121.95,5124.6
36037,2024-06-25 15:25:00,5127.95,5129.95,5127.3,5129.95
36038,2024-06-25 15:26:00,5128.65,5129.9,5126.1,5129.9
36039,2024-06-25 15:27:00,5129.0,5132.25,5127.5,5130.15
36040,2024-06-25 15:28:00,5130.1,5135.0,5121.8,5134.85
36041,2024-06-25 15:29:00,5133.0,5135.0,5120.3,5127.25
36042,2024-06-26 09:14:00,5155.0,5155.0,5155.0,5155.0
36043,2024-06-26 09:15:00,5160.0,5168.8,5151.0,5154.95
36044,2024-06-26 09:16:00,5150.8,5156.0,5142.8,5150.85
36045,2024-06-26 09:17:00,5151.3,5167.75,5145.05,5167.1
36046,2024-06-26 09:18:00,5163.3,5174.2,5160.0,5170.0
36047,2024-06-26 09:19:00,5169.15,5174.65,5165.1,5168.65
36048,2024-06-26 09:20:00,5167.9,5171.0,5164.3,5164.3
36049,2024-06-26 09:21:00,5163.05,5166.0,5139.95,5140.0
36050,2024-06-26 09:22:00,5139.05,5149.0,5136.15,5147.2
36051,2024-06-26 09:23:00,5147.0,5148.2,5141.0,5145.05
36052,2024-06-26 09:24:00,5142.2,5150.7,5141.25,5150.7
36053,2024-06-26 09:25:00,5149.7,5159.95,5149.7,5152.8
36054,2024-06-26 09:26:00,5151.0,5156.0,5150.3,5154.4
36055,2024-06-26 09:27:00,5160.0,5170.0,5160.0,5169.0
36056,2024-06-26 09:28:00,5168.15,5173.95,5165.05,5173.95
36057,2024-06-26 09:29:00,5172.9,5178.95,5172.0,5175.15
36058,2024-06-26 09:30:00,5175.35,5176.65,5153.25,5153.25
36059,2024-06-26 09:31:00,5152.85,5158.7,5151.1,5157.2
36060,2024-06-26 09:32:00,5154.15,5167.0,5154.15,5166.75
36061,2024-06-26 09:33:00,5166.05,5173.85,5165.0,5170.55
36062,2024-06-26 09:34:00,5172.1,5172.3,5163.75,5164.0
36063,2024-06-26 09:35:00,5164.1,5168.7,5164.1,5168.7
36064,2024-06-26 09:36:00,5168.9,5171.95,5165.85,5167.4
36065,2024-06-26 09:37:00,5167.9,5167.9,5155.0,5160.8
36066,2024-06-26 09:38:00,5158.55,5163.25,5157.15,5159.1
36067,2024-06-26 09:39:00,5159.15,5161.4,5154.15,5156.2
36068,2024-06-26 09:40:00,5158.0,5167.0,5158.0,5167.0
36069,2024-06-26 09:41:00,5169.9,5174.95,5169.2,5173.15
36070,2024-06-26 09:42:00,5172.4,5175.55,5171.8,5175.55
36071,2024-06-26 09:43:00,5174.75,5175.0,5166.25,5168.75
36072,2024-06-26 09:44:00,5170.0,5170.8,5162.65,5165.85
36073,2024-06-26 09:45:00,5165.95,5169.7,5164.55,5169.65
36074,2024-06-26 09:46:00,5168.55,5171.9,5166.35,5170.5
36075,2024-06-26 09:47:00,5170.55,5174.95,5168.55,5172.0
36076,2024-06-26 09:48:00,5173.25,5174.9,5168.0,5173.8
36077,2024-06-26 09:49:00,5173.35,5173.4,5170.05,5171.8
36078,2024-06-26 09:50:00,5172.0,5173.9,5169.95,5173.05
36079,2024-06-26 09:51:00,5172.05,5172.95,5165.1,5165.1
36080,2024-06-26 09:52:00,5170.0,5170.0,5155.75,5158.2
36081,2024-06-26 09:53:00,5155.0,5158.4,5149.0,5151.6
36082,2024-06-26 09:54:00,5147.55,5159.85,5147.55,5159.8
36083,2024-06-26 09:55:00,5159.85,5168.0,5159.45,5161.2
36084,2024-06-26 09:56:00,5161.05,5161.95,5152.55,5154.75
36085,2024-06-26 09:57:00,5154.8,5159.0,5152.5,5153.85
36086,2024-06-26 09:58:00,5157.65,5159.0,5153.45,5157.65
36087,2024-06-26 09:59:00,5157.6,5157.6,5153.45,5153.45
36088,2024-06-26 10:00:00,5156.0,5156.8,5147.3,5151.2
36089,2024-06-26 10:01:00,5150.35,5153.4,5149.65,5153.4
36090,2024-06-26 10:02:00,5153.35,5155.35,5150.65,5153.75
36091,2024-06-26 10:03:00,5151.75,5161.0,5151.35,5161.0
36092,2024-06-26 10:04:00,5159.95,5171.95,5158.55,5168.2
36093,2024-06-26 10:05:00,5170.4,5170.4,5165.75,5168.95
36094,2024-06-26 10:06:00,5165.65,5168.15,5165.65,5167.95
36095,2024-06-26 10:07:00,5167.6,5167.6,5162.0,5165.4
36096,2024-06-26 10:08:00,5166.0,5167.85,5162.9,5166.0
36097,2024-06-26 10:09:00,5165.95,5168.0,5165.55,5168.0
36098,2024-06-26 10:10:00,5166.3,5169.95,5166.05,5169.0
36099,2024-06-26 10:11:00,5169.55,5171.8,5166.25,5168.45
36100,2024-06-26 10:12:00,5170.0,5171.9,5166.95,5171.9
36101,2024-06-26 10:13:00,5174.0,5174.8,5171.2,5171.7
36102,2024-06-26 10:14:00,5170.55,5172.05,5155.55,5159.45
36103,2024-06-26 10:15:00,5161.8,5167.35,5158.0,5166.95
36104,2024-06-26 10:16:00,5166.0,5169.75,5163.3,5169.7
36105,2024-06-26 10:17:00,5166.45,5171.2,5166.45,5169.55
36106,2024-06-26 10:18:00,5169.9,5174.0,5168.35,5172.3
36107,2024-06-26 10:19:00,5172.0,5174.0,5170.15,5170.15
36108,2024-06-26 10:20:00,5169.8,5172.0,5168.3,5169.0
36109,2024-06-26 10:21:00,5167.55,5172.0,5167.55,5170.6
36110,2024-06-26 10:22:00,5172.0,5172.0,5167.55,5167.55
36111,2024-06-26 10:23:00,5166.05,5167.55,5159.0,5163.0
36112,2024-06-26 10:24:00,5162.55,5163.0,5157.15,5159.35
36113,2024-06-26 10:25:00,5155.65,5160.0,5154.55,5160.0
36114,2024-06-26 10:26:00,5159.95,5160.0,5156.1,5160.0
36115,2024-06-26 10:27:00,5159.95,5164.85,5159.95,5164.0
36116,2024-06-26 10:28:00,5163.95,5170.0,5163.95,5170.0
36117,2024-06-26 10:29:00,5168.05,5170.0,5165.05,5167.2
36118,2024-06-26 10:30:00,5167.85,5167.85,5162.05,5166.3
36119,2024-06-26 10:31:00,5166.25,5166.3,5161.15,5165.95
36120,2024-06-26 10:32:00,5161.6,5165.5,5161.2,5164.45
36121,2024-06-26 10:33:00,5165.2,5165.2,5160.0,5162.15
36122,2024-06-26 10:34:00,5162.0,5165.85,5160.75,5164.4
36123,2024-06-26 10:35:00,5165.45,5165.45,5160.65,5162.85
36124,2024-06-26 10:36:00,5161.35,5163.7,5160.4,5162.1
36125,2024-06-26 10:37:00,5160.65,5162.0,5158.55,5161.6
36126,2024-06-26 10:38:00,5160.05,5160.7,5157.75,5159.95
36127,2024-06-26 10:39:00,5160.0,5162.95,5160.0,5162.95
36128,2024-06-26 10:40:00,5163.0,5163.65,5161.15,5163.15
36129,2024-06-26 10:41:00,5163.95,5163.95,5160.0,5160.0
36130,2024-06-26 10:42:00,5158.6,5162.05,5158.6,5160.0
36131,2024-06-26 10:43:00,5158.3,5161.25,5158.3,5159.95
36132,2024-06-26 10:44:00,5160.0,5161.0,5157.6,5160.0
36133,2024-06-26 10:45:00,5159.95,5163.0,5159.95,5163.0
36134,2024-06-26 10:46:00,5161.4,5163.15,5160.05,5163.1
36135,2024-06-26 10:47:00,5163.15,5164.4,5160.1,5162.4
36136,2024-06-26 10:48:00,5162.8,5162.8,5158.9,5161.6
36137,2024-06-26 10:49:00,5160.55,5163.2,5159.95,5162.0
36138,2024-06-26 10:50:00,5161.95,5168.55,5160.35,5168.55
36139,2024-06-26 10:51:00,5169.0,5170.0,5166.35,5169.35
36140,2024-06-26 10:52:00,5169.3,5169.3,5165.7,5169.0
36141,2024-06-26 10:53:00,5169.55,5170.0,5167.2,5169.85
36142,2024-06-26 10:54:00,5166.65,5169.8,5165.3,5167.5
36143,2024-06-26 10:55:00,5164.5,5166.65,5163.05,5165.05
36144,2024-06-26 10:56:00,5167.65,5167.65,5163.7,5166.0
36145,2024-06-26 10:57:00,5165.95,5167.15,5163.85,5167.15
36146,2024-06-26 10:58:00,5164.6,5167.05,5161.9,5165.3
36147,2024-06-26 10:59:00,5165.25,5167.2,5161.65,5163.75
36148,2024-06-26 11:00:00,5162.05,5166.75,5161.6,5165.8
36149,2024-06-26 11:01:00,5166.4,5168.15,5164.65,5167.75
36150,2024-06-26 11:02:00,5168.45,5168.45,5162.45,5165.6
36151,2024-06-26 11:03:00,5165.55,5165.6,5163.15,5164.25
36152,2024-06-26 11:04:00,5162.85,5165.6,5162.45,5164.1
36153,2024-06-26 11:05:00,5164.05,5167.65,5160.5,5167.25
36154,2024-06-26 11:06:00,5164.6,5169.0,5164.6,5169.0
36155,2024-06-26 11:07:00,5170.0,5173.8,5170.0,5171.25
36156,2024-06-26 11:08:00,5173.0,5173.5,5171.0,5171.0
36157,2024-06-26 11:09:00,5172.0,5172.0,5168.05,5168.3
36158,2024-06-26 11:10:00,5171.0,5171.9,5167.5,5168.0
36159,2024-06-26 11:11:00,5166.15,5167.0,5164.55,5166.2
36160,2024-06-26 11:12:00,5166.15,5167.0,5162.25,5165.9
36161,2024-06-26 11:13:00,5167.0,5167.9,5165.0,5165.65
36162,2024-06-26 11:14:00,5167.1,5168.95,5163.75,5167.55
36163,2024-06-26 11:15:00,5168.25,5168.9,5165.55,5165.7
36164,2024-06-26 11:16:00,5168.4,5168.4,5164.0,5168.1
36165,2024-06-26 11:17:00,5164.7,5169.55,5164.7,5166.05
36166,2024-06-26 11:18:00,5165.75,5166.55,5163.85,5166.55
36167,2024-06-26 11:19:00,5166.65,5170.0,5166.65,5169.6
36168,2024-06-26 11:20:00,5170.0,5170.0,5166.55,5167.15
36169,2024-06-26 11:21:00,5166.1,5170.0,5166.1,5169.1
36170,2024-06-26 11:22:00,5169.25,5173.9,5169.2,5171.7
36171,2024-06-26 11:23:00,5173.95,5173.95,5171.75,5172.55
36172,2024-06-26 11:24:00,5171.45,5178.0,5171.25,5177.95
36173,2024-06-26 11:25:00,5178.95,5189.0,5178.05,5189.0
36174,2024-06-26 11:26:00,5187.8,5189.8,5185.8,5189.35
36175,2024-06-26 11:27:00,5189.3,5189.75,5185.6,5187.2
36176,2024-06-26 11:28:00,5187.75,5188.6,5182.05,5182.05
36177,2024-06-26 11:29:00,5182.1,5186.85,5181.25,5183.9
36178,2024-06-26 11:30:00,5184.45,5188.9,5183.0,5184.9
36179,2024-06-26 11:31:00,5184.05,5187.8,5183.85,5183.85
36180,2024-06-26 11:32:00,5184.15,5186.95,5182.15,5182.15
36181,2024-06-26 11:33:00,5183.0,5183.0,5180.25,5181.0
36182,2024-06-26 11:34:00,5182.0,5182.0,5180.35,5181.0
36183,2024-06-26 11:35:00,5181.05,5181.95,5176.15,5177.05
36184,2024-06-26 11:36:00,5177.0,5178.3,5172.45,5176.1
36185,2024-06-26 11:37:00,5176.2,5180.5,5176.1,5180.0
36186,2024-06-26 11:38:00,5179.95,5179.95,5175.15,5176.6
36187,2024-06-26 11:39:00,5178.35,5180.5,5176.35,5178.1
36188,2024-06-26 11:40:00,5179.85,5179.85,5175.15,5177.1
36189,2024-06-26 11:41:00,5176.0,5177.95,5173.35,5175.0
36190,2024-06-26 11:42:00,5175.45,5175.45,5172.5,5174.55
36191,2024-06-26 11:43:00,5173.6,5175.0,5172.0,5174.5
36192,2024-06-26 11:44:00,5175.0,5175.0,5168.25,5172.3
36193,2024-06-26 11:45:00,5169.35,5176.8,5169.35,5176.3
36194,2024-06-26 11:46:00,5176.8,5177.35,5172.25,5175.6
36195,2024-06-26 11:47:00,5175.65,5177.9,5174.45,5177.5
36196,2024-06-26 11:48:00,5176.2,5179.0,5174.7,5177.55
36197,2024-06-26 11:49:00,5175.45,5178.2,5175.0,5175.2
36198,2024-06-26 11:50:00,5175.0,5178.9,5175.0,5177.6
36199,2024-06-26 11:51:00,5178.0,5179.9,5174.7,5179.05
36200,2024-06-26 11:52:00,5176.3,5180.0,5175.7,5179.85
36201,2024-06-26 11:53:00,5179.95,5181.0,5178.7,5180.95
36202,2024-06-26 11:54:00,5178.5,5181.6,5178.0,5178.6
36203,2024-06-26 11:55:00,5179.95,5181.6,5178.15,5181.55
36204,2024-06-26 11:56:00,5179.4,5181.55,5178.0,5178.05
36205,2024-06-26 11:57:00,5178.0,5180.0,5175.0,5177.15
36206,2024-06-26 11:58:00,5177.1,5180.45,5176.15,5180.45
36207,2024-06-26 11:59:00,5179.75,5180.45,5175.9,5175.9
36208,2024-06-26 12:00:00,5175.6,5176.35,5168.1,5170.1
36209,2024-06-26 12:01:00,5172.8,5172.85,5168.35,5168.95
36210,2024-06-26 12:02:00,5168.9,5171.85,5165.0,5165.0
36211,2024-06-26 12:03:00,5165.25,5166.05,5162.0,5162.35
36212,2024-06-26 12:04:00,5165.1,5165.1,5160.25,5160.3
36213,2024-06-26 12:05:00,5160.55,5160.85,5155.55,5156.4
36214,2024-06-26 12:06:00,5157.0,5159.5,5155.0,5156.35
36215,2024-06-26 12:07:00,5158.9,5158.95,5156.35,5156.4
36216,2024-06-26 12:08:00,5157.0,5157.5,5152.7,5153.7
36217,2024-06-26 12:09:00,5155.95,5160.0,5155.95,5158.05
36218,2024-06-26 12:10:00,5159.85,5160.0,5158.0,5158.0
36219,2024-06-26 12:11:00,5158.5,5158.95,5154.65,5155.0
36220,2024-06-26 12:12:00,5156.4,5156.4,5154.0,5154.0
36221,2024-06-26 12:13:00,5154.05,5156.2,5154.0,5154.55
36222,2024-06-26 12:14:00,5154.85,5157.5,5154.55,5155.35
36223,2024-06-26 12:15:00,5157.45,5157.45,5155.0,5155.0
36224,2024-06-26 12:16:00,5155.55,5156.8,5154.5,5156.0
36225,2024-06-26 12:17:00,5157.85,5159.75,5156.7,5157.4
36226,2024-06-26 12:18:00,5160.0,5162.95,5157.9,5159.1
36227,2024-06-26 12:19:00,5160.0,5160.0,5157.5,5159.85
36228,2024-06-26 12:20:00,5157.55,5159.65,5157.05,5158.1
36229,2024-06-26 12:21:00,5159.4,5160.0,5157.7,5158.1
36230,2024-06-26 12:22:00,5159.3,5160.0,5156.0,5156.1
36231,2024-06-26 12:23:00,5157.9,5157.9,5152.35,5155.05
36232,2024-06-26 12:24:00,5154.95,5158.1,5153.4,5157.95
36233,2024-06-26 12:25:00,5156.35,5158.15,5155.9,5156.9
36234,2024-06-26 12:26:00,5158.95,5159.8,5155.9,5158.25
36235,2024-06-26 12:27:00,5159.65,5160.0,5158.25,5158.45
36236,2024-06-26 12:28:00,5159.95,5160.0,5154.95,5154.95
36237,2024-06-26 12:29:00,5154.9,5159.0,5154.65,5159.0
36238,2024-06-26 12:30:00,5159.8,5162.0,5157.6,5160.4
36239,2024-06-26 12:31:00,5161.95,5166.9,5160.4,5163.65
36240,2024-06-26 12:32:00,5162.9,5165.0,5161.65,5162.55
36241,2024-06-26 12:33:00,5162.0,5163.5,5160.05,5160.05
36242,2024-06-26 12:34:00,5160.1,5162.0,5160.0,5160.2
36243,2024-06-26 12:35:00,5160.4,5162.0,5160.05,5160.55
36244,2024-06-26 12:36:00,5163.75,5163.75,5160.7,5163.7
36245,2024-06-26 12:37:00,5163.25,5169.4,5163.25,5169.4
36246,2024-06-26 12:38:00,5170.0,5175.75,5170.0,5170.0
36247,2024-06-26 12:39:00,5169.95,5171.55,5169.0,5170.0
36248,2024-06-26 12:40:00,5170.05,5171.75,5169.0,5170.15
36249,2024-06-26 12:41:00,5170.1,5171.4,5169.0,5169.0
36250,2024-06-26 12:42:00,5169.1,5171.0,5169.0,5169.0
36251,2024-06-26 12:43:00,5170.75,5171.75,5169.75,5169.9
36252,2024-06-26 12:44:00,5169.85,5170.75,5169.1,5169.45
36253,2024-06-26 12:45:00,5171.7,5171.7,5170.2,5170.5
36254,2024-06-26 12:46:00,5170.45,5171.45,5169.25,5171.15
36255,2024-06-26 12:47:00,5171.1,5173.0,5169.5,5170.75
36256,2024-06-26 12:48:00,5170.8,5172.6,5169.0,5169.3
36257,2024-06-26 12:49:00,5169.0,5171.7,5169.0,5170.0
36258,2024-06-26 12:50:00,5169.0,5171.55,5169.0,5169.05
36259,2024-06-26 12:51:00,5169.0,5170.0,5168.3,5169.0
36260,2024-06-26 12:52:00,5170.95,5171.0,5169.0,5169.1
36261,2024-06-26 12:53:00,5171.0,5171.0,5169.0,5169.0
36262,2024-06-26 12:54:00,5169.1,5169.45,5165.0,5166.0
36263,2024-06-26 12:55:00,5166.35,5168.8,5166.0,5166.05
36264,2024-06-26 12:56:00,5166.0,5168.95,5166.0,5167.0
36265,2024-06-26 12:57:00,5167.1,5169.7,5167.1,5169.15
36266,2024-06-26 12:58:00,5170.0,5170.0,5169.1,5169.75
36267,2024-06-26 12:59:00,5170.0,5171.0,5169.0,5169.0
36268,2024-06-26 13:00:00,5169.05,5171.0,5169.0,5169.2
36269,2024-06-26 13:01:00,5169.25,5171.0,5166.85,5166.85
36270,2024-06-26 13:02:00,5168.0,5170.95,5167.05,5170.0
36271,2024-06-26 13:03:00,5169.0,5170.0,5166.05,5170.0
36272,2024-06-26 13:04:00,5169.0,5169.9,5169.0,5169.05
36273,2024-06-26 13:05:00,5169.0,5170.0,5169.0,5169.6
36274,2024-06-26 13:06:00,5169.65,5170.0,5169.0,5169.25
36275,2024-06-26 13:07:00,5169.65,5170.0,5169.0,5169.25
36276,2024-06-26 13:08:00,5169.1,5170.0,5169.0,5169.15
36277,2024-06-26 13:09:00,5170.0,5179.2,5169.2,5178.1
36278,2024-06-26 13:10:00,5178.0,5178.25,5170.5,5171.3
36279,2024-06-26 13:11:00,5174.35,5176.45,5174.35,5175.0
36280,2024-06-26 13:12:00,5175.45,5175.45,5169.0,5169.0
36281,2024-06-26 13:13:00,5169.05,5171.95,5169.0,5169.9
36282,2024-06-26 13:14:00,5169.95,5172.0,5169.0,5169.05
36283,2024-06-26 13:15:00,5171.4,5171.4,5169.0,5169.05
36284,2024-06-26 13:16:00,5169.0,5170.0,5169.0,5169.2
36285,2024-06-26 13:17:00,5169.15,5170.0,5169.0,5169.0
36286,2024-06-26 13:18:00,5169.05,5169.95,5169.0,5169.0
36287,2024-06-26 13:19:00,5169.05,5169.05,5168.5,5169.0
36288,2024-06-26 13:20:00,5169.05,5169.05,5169.0,5169.05
36289,2024-06-26 13:21:00,5169.1,5169.1,5168.9,5169.0
36290,2024-06-26 13:22:00,5169.05,5170.1,5169.0,5170.1
36291,2024-06-26 13:23:00,5169.05,5170.65,5169.0,5169.05
36292,2024-06-26 13:24:00,5169.0,5170.65,5169.0,5169.05
36293,2024-06-26 13:25:00,5169.0,5170.0,5169.0,5169.0
36294,2024-06-26 13:26:00,5169.05,5169.15,5169.0,5169.1
36295,2024-06-26 13:27:00,5169.15,5169.15,5169.0,5169.1
36296,2024-06-26 13:28:00,5169.15,5169.9,5157.55,5158.15
36297,2024-06-26 13:29:00,5160.5,5160.5,5158.25,5158.7
36298,2024-06-26 13:30:00,5159.0,5160.0,5157.0,5157.0
36299,2024-06-26 13:31:00,5157.1,5158.9,5157.1,5158.65
36300,2024-06-26 13:32:00,5160.0,5160.0,5158.75,5159.05
36301,2024-06-26 13:33:00,5159.1,5160.0,5158.05,5158.05
36302,2024-06-26 13:34:00,5158.0,5159.5,5156.65,5156.65
36303,2024-06-26 13:35:00,5156.7,5156.8,5153.9,5153.9
36304,2024-06-26 13:36:00,5154.0,5154.15,5153.0,5154.05
36305,2024-06-26 13:37:00,5155.75,5159.35,5154.05,5158.9
36306,2024-06-26 13:38:00,5158.85,5159.0,5156.65,5157.5
36307,2024-06-26 13:39:00,5157.55,5164.2,5157.55,5161.6
36308,2024-06-26 13:40:00,5161.55,5165.0,5160.05,5163.2
36309,2024-06-26 13:41:00,5164.0,5168.95,5164.0,5165.95
36310,2024-06-26 13:42:00,5165.9,5169.8,5165.0,5165.0
36311,2024-06-26 13:43:00,5165.05,5166.65,5164.0,5164.05
36312,2024-06-26 13:44:00,5164.0,5165.65,5164.0,5165.0
36313,2024-06-26 13:45:00,5165.05,5165.15,5165.0,5165.0
36314,2024-06-26 13:46:00,5165.05,5165.1,5165.0,5165.0
36315,2024-06-26 13:47:00,5165.05,5165.5,5164.0,5164.1
36316,2024-06-26 13:48:00,5164.0,5164.1,5161.65,5161.65
36317,2024-06-26 13:49:00,5161.7,5164.95,5161.6,5164.0
36318,2024-06-26 13:50:00,5164.05,5164.95,5162.1,5163.0
36319,2024-06-26 13:51:00,5164.35,5165.0,5162.7,5164.5
36320,2024-06-26 13:52:00,5164.6,5165.0,5164.0,5164.05
36321,2024-06-26 13:53:00,5164.0,5164.15,5164.0,5164.05
36322,2024-06-26 13:54:00,5164.0,5165.9,5164.0,5164.1
36323,2024-06-26 13:55:00,5164.05,5164.2,5161.0,5164.2
36324,2024-06-26 13:56:00,5164.15,5166.95,5161.0,5162.0
36325,2024-06-26 13:57:00,5162.05,5165.05,5162.05,5165.05
36326,2024-06-26 13:58:00,5165.0,5165.05,5161.0,5161.1
36327,2024-06-26 13:59:00,5161.0,5161.8,5158.35,5161.15
36328,2024-06-26 14:00:00,5161.2,5163.75,5161.1,5163.0
36329,2024-06-26 14:01:00,5163.05,5163.15,5161.35,5161.35
36330,2024-06-26 14:02:00,5161.55,5164.7,5161.55,5163.8
36331,2024-06-26 14:03:00,5163.7,5164.9,5163.7,5163.7
36332,2024-06-26 14:04:00,5163.8,5163.85,5163.7,5163.7
36333,2024-06-26 14:05:00,5163.75,5163.8,5163.7,5163.75
36334,2024-06-26 14:06:00,5163.7,5163.8,5162.0,5162.0
36335,2024-06-26 14:07:00,5162.05,5162.3,5161.0,5161.05
36336,2024-06-26 14:08:00,5161.0,5162.0,5161.0,5161.1
36337,2024-06-26 14:09:00,5161.0,5162.0,5161.0,5161.0
36338,2024-06-26 14:10:00,5161.05,5161.45,5160.25,5160.25
36339,2024-06-26 14:11:00,5162.0,5163.9,5158.55,5161.0
36340,2024-06-26 14:12:00,5161.05,5162.0,5161.0,5161.0
36341,2024-06-26 14:13:00,5161.45,5165.0,5161.45,5165.0
36342,2024-06-26 14:14:00,5164.05,5164.15,5154.3,5154.3
36343,2024-06-26 14:15:00,5154.55,5156.4,5153.3,5154.1
36344,2024-06-26 14:16:00,5154.05,5160.0,5154.0,5158.25
36345,2024-06-26 14:17:00,5158.3,5161.1,5158.0,5158.2
36346,2024-06-26 14:18:00,5158.0,5159.95,5158.0,5158.9
36347,2024-06-26 14:19:00,5160.0,5163.7,5159.0,5161.35
36348,2024-06-26 14:20:00,5161.4,5162.95,5160.0,5161.7
36349,2024-06-26 14:21:00,5161.75,5161.75,5160.25,5160.25
36350,2024-06-26 14:22:00,5160.2,5161.75,5160.0,5160.0
36351,2024-06-26 14:23:00,5160.1,5161.0,5160.0,5160.05
36352,2024-06-26 14:24:00,5161.75,5162.0,5160.15,5160.15
36353,2024-06-26 14:25:00,5160.2,5162.9,5160.0,5162.0
36354,2024-06-26 14:26:00,5160.85,5161.25,5160.0,5160.35
36355,2024-06-26 14:27:00,5160.0,5160.1,5160.0,5160.0
36356,2024-06-26 14:28:00,5160.05,5160.25,5155.05,5160.0
36357,2024-06-26 14:29:00,5161.0,5161.0,5160.0,5160.0
36358,2024-06-26 14:30:00,5160.1,5160.3,5160.0,5160.0
36359,2024-06-26 14:31:00,5160.05,5160.1,5154.4,5154.4
36360,2024-06-26 14:32:00,5154.6,5160.35,5153.4,5160.05
36361,2024-06-26 14:33:00,5160.0,5160.15,5160.0,5160.0
36362,2024-06-26 14:34:00,5160.05,5164.0,5160.0,5160.05
36363,2024-06-26 14:35:00,5160.0,5165.0,5160.0,5164.05
36364,2024-06-26 14:36:00,5164.0,5165.0,5164.0,5164.05
36365,2024-06-26 14:37:00,5165.0,5165.0,5164.0,5164.05
36366,2024-06-26 14:38:00,5165.0,5167.85,5164.0,5164.95
36367,2024-06-26 14:39:00,5164.6,5167.8,5164.5,5165.35
36368,2024-06-26 14:40:00,5165.4,5169.8,5165.35,5166.9
36369,2024-06-26 14:41:00,5169.8,5169.8,5167.1,5167.1
36370,2024-06-26 14:42:00,5165.95,5168.0,5164.25,5164.8
36371,2024-06-26 14:43:00,5164.55,5168.1,5164.0,5164.15
36372,2024-06-26 14:44:00,5164.1,5166.0,5164.0,5164.2
36373,2024-06-26 14:45:00,5165.85,5165.85,5164.0,5164.1
36374,2024-06-26 14:46:00,5164.05,5165.0,5164.0,5164.6
36375,2024-06-26 14:47:00,5164.0,5165.0,5164.0,5164.35
36376,2024-06-26 14:48:00,5164.0,5165.0,5164.0,5164.55
36377,2024-06-26 14:49:00,5165.0,5165.0,5164.0,5164.6
36378,2024-06-26 14:50:00,5165.0,5165.0,5164.0,5164.0
36379,2024-06-26 14:51:00,5164.6,5164.75,5164.0,5164.0
36380,2024-06-26 14:52:00,5164.05,5164.2,5164.0,5164.1
36381,2024-06-26 14:53:00,5164.2,5164.6,5160.0,5163.9
36382,2024-06-26 14:54:00,5162.25,5164.0,5161.0,5162.25
36383,2024-06-26 14:55:00,5163.0,5167.95,5162.1,5166.0
36384,2024-06-26 14:56:00,5167.8,5167.8,5165.0,5165.5
36385,2024-06-26 14:57:00,5167.25,5167.35,5165.0,5165.0
36386,2024-06-26 14:58:00,5166.5,5168.0,5165.0,5165.0
36387,2024-06-26 14:59:00,5167.85,5167.85,5164.15,5166.85
36388,2024-06-26 15:00:00,5165.75,5178.0,5165.0,5177.05
36389,2024-06-26 15:01:00,5178.0,5178.0,5175.0,5175.45
36390,2024-06-26 15:02:00,5175.2,5177.2,5172.05,5172.7
36391,2024-06-26 15:03:00,5175.0,5177.6,5173.2,5176.85
36392,2024-06-26 15:04:00,5174.8,5177.0,5170.35,5170.35
36393,2024-06-26 15:05:00,5171.75,5178.7,5170.6,5175.8
36394,2024-06-26 15:06:00,5175.05,5176.25,5171.2,5173.3
36395,2024-06-26 15:07:00,5173.65,5174.0,5169.05,5169.05
36396,2024-06-26 15:08:00,5170.1,5172.65,5168.75,5170.6
36397,2024-06-26 15:09:00,5172.2,5178.05,5170.7,5178.05
36398,2024-06-26 15:10:00,5174.95,5178.25,5174.75,5177.5
36399,2024-06-26 15:11:00,5177.7,5178.0,5176.55,5176.75
36400,2024-06-26 15:12:00,5177.75,5178.0,5175.65,5177.05
36401,2024-06-26 15:13:00,5178.0,5180.0,5176.45,5180.0
36402,2024-06-26 15:14:00,5179.95,5181.95,5179.6,5181.2
36403,2024-06-26 15:15:00,5181.9,5183.0,5181.5,5182.05
36404,2024-06-26 15:16:00,5182.1,5182.15,5178.2,5178.9
36405,2024-06-26 15:17:00,5178.6,5182.15,5178.6,5182.0
36406,2024-06-26 15:18:00,5181.8,5183.65,5180.9,5181.45
36407,2024-06-26 15:19:00,5180.95,5182.65,5178.95,5181.45
36408,2024-06-26 15:20:00,5181.5,5183.45,5181.45,5183.3
36409,2024-06-26 15:21:00,5183.35,5183.5,5181.0,5183.35
36410,2024-06-26 15:22:00,5183.4,5183.45,5178.9,5181.35
36411,2024-06-26 15:23:00,5182.95,5183.0,5181.8,5183.0
36412,2024-06-26 15:24:00,5182.95,5184.6,5182.95,5183.65
36413,2024-06-26 15:25:00,5183.45,5183.6,5178.35,5180.6
36414,2024-06-26 15:26:00,5181.0,5181.0,5175.05,5175.65
36415,2024-06-26 15:27:00,5177.0,5178.9,5175.0,5175.85
36416,2024-06-26 15:28:00,5178.85,5178.85,5175.0,5175.0
36417,2024-06-26 15:29:00,5175.05,5175.05,5165.0,5165.65
36418,2024-06-27 09:14:00,5181.0,5181.0,5181.0,5181.0
36419,2024-06-27 09:15:00,5151.25,5180.25,5151.25,5162.2
36420,2024-06-27 09:16:00,5161.15,5161.15,5142.05,5144.3
36421,2024-06-27 09:17:00,5144.45,5166.1,5141.4,5164.8
36422,2024-06-27 09:18:00,5165.05,5177.55,5164.35,5171.0
36423,2024-06-27 09:19:00,5171.45,5177.6,5168.3,5170.2
36424,2024-06-27 09:20:00,5172.7,5172.8,5164.65,5166.75
36425,2024-06-27 09:21:00,5164.75,5164.75,5151.75,5154.85
36426,2024-06-27 09:22:00,5157.65,5162.7,5154.95,5157.65
36427,2024-06-27 09:23:00,5155.0,5158.3,5155.0,5155.0
36428,2024-06-27 09:24:00,5155.35,5155.35,5152.3,5155.3
36429,2024-06-27 09:25:00,5152.1,5153.0,5145.65,5149.1
36430,2024-06-27 09:26:00,5149.0,5149.45,5144.95,5145.0
36431,2024-06-27 09:27:00,5146.2,5147.0,5143.0,5143.0
36432,2024-06-27 09:28:00,5142.05,5149.95,5142.05,5149.55
36433,2024-06-27 09:29:00,5146.55,5149.45,5146.05,5149.0
36434,2024-06-27 09:30:00,5146.15,5149.2,5144.05,5146.15
36435,2024-06-27 09:31:00,5144.6,5146.3,5140.0,5140.45
36436,2024-06-27 09:32:00,5144.05,5144.5,5138.0,5138.0
36437,2024-06-27 09:33:00,5137.0,5137.0,5125.0,5125.1
36438,2024-06-27 09:34:00,5125.3,5131.85,5125.1,5126.05
36439,2024-06-27 09:35:00,5130.7,5134.3,5127.05,5130.05
36440,2024-06-27 09:36:00,5130.0,5131.0,5126.0,5127.05
36441,2024-06-27 09:37:00,5127.1,5135.1,5126.1,5129.65
36442,2024-06-27 09:38:00,5133.45,5143.35,5130.1,5139.2
36443,2024-06-27 09:39:00,5139.4,5145.0,5139.2,5143.85
36444,2024-06-27 09:40:00,5145.0,5147.95,5143.85,5146.8
36445,2024-06-27 09:41:00,5146.35,5147.95,5140.0,5143.35
36446,2024-06-27 09:42:00,5142.05,5144.9,5139.05,5144.3
36447,2024-06-27 09:43:00,5145.2,5145.35,5140.65,5145.0
36448,2024-06-27 09:44:00,5145.3,5145.45,5142.0,5144.0
36449,2024-06-27 09:45:00,5142.4,5146.0,5142.15,5146.0
36450,2024-06-27 09:46:00,5144.15,5146.05,5144.1,5145.95
36451,2024-06-27 09:47:00,5146.05,5146.15,5145.35,5145.35
36452,2024-06-27 09:48:00,5145.25,5147.95,5142.25,5142.25
36453,2024-06-27 09:49:00,5142.1,5147.0,5141.9,5147.0
36454,2024-06-27 09:50:00,5144.9,5147.8,5144.9,5145.0
36455,2024-06-27 09:51:00,5145.8,5146.8,5143.95,5146.4
36456,2024-06-27 09:52:00,5144.05,5145.75,5140.25,5140.25
36457,2024-06-27 09:53:00,5140.7,5143.6,5140.15,5141.0
36458,2024-06-27 09:54:00,5140.75,5141.0,5139.55,5139.9
36459,2024-06-27 09:55:00,5140.1,5148.0,5140.1,5147.9
36460,2024-06-27 09:56:00,5146.95,5156.0,5145.95,5152.0
36461,2024-06-27 09:57:00,5153.1,5162.5,5153.1,5162.45
36462,2024-06-27 09:58:00,5162.5,5165.55,5161.55,5162.4
36463,2024-06-27 09:59:00,5164.1,5164.1,5160.0,5164.0
36464,2024-06-27 10:00:00,5163.85,5163.95,5160.1,5163.0
36465,2024-06-27 10:01:00,5161.55,5164.0,5160.0,5161.55
36466,2024-06-27 10:02:00,5163.8,5167.4,5162.1,5167.4
36467,2024-06-27 10:03:00,5165.55,5167.7,5160.6,5161.15
36468,2024-06-27 10:04:00,5163.0,5164.55,5160.75,5164.0
36469,2024-06-27 10:05:00,5162.85,5164.0,5160.6,5163.05
36470,2024-06-27 10:06:00,5164.0,5164.0,5163.05,5163.85
36471,2024-06-27 10:07:00,5163.9,5165.8,5161.9,5164.95
36472,2024-06-27 10:08:00,5164.9,5170.95,5161.9,5170.95
36473,2024-06-27 10:09:00,5170.9,5171.0,5165.3,5170.15
36474,2024-06-27 10:10:00,5170.35,5170.35,5165.15,5169.6
36475,2024-06-27 10:11:00,5169.35,5174.0,5168.15,5174.0
36476,2024-06-27 10:12:00,5173.25,5174.2,5170.0,5172.2
36477,2024-06-27 10:13:00,5170.55,5173.25,5165.0,5165.0
36478,2024-06-27 10:14:00,5168.4,5171.05,5165.15,5170.35
36479,2024-06-27 10:15:00,5171.15,5172.6,5167.95,5170.3
36480,2024-06-27 10:16:00,5170.0,5172.0,5166.05,5168.4
36481,2024-06-27 10:17:00,5166.6,5167.95,5163.45,5167.95
36482,2024-06-27 10:18:00,5165.8,5165.8,5160.0,5160.0
36483,2024-06-27 10:19:00,5158.6,5161.0,5152.95,5157.75
36484,2024-06-27 10:20:00,5157.95,5162.0,5155.75,5160.55
36485,2024-06-27 10:21:00,5160.6,5161.2,5158.25,5158.55
36486,2024-06-27 10:22:00,5160.9,5160.95,5157.05,5159.95
36487,2024-06-27 10:23:00,5160.0,5162.45,5155.5,5158.55
36488,2024-06-27 10:24:00,5157.05,5162.2,5157.05,5158.6
36489,2024-06-27 10:25:00,5161.05,5164.9,5158.3,5164.9
36490,2024-06-27 10:26:00,5164.8,5165.0,5161.55,5165.0
36491,2024-06-27 10:27:00,5164.5,5165.0,5164.0,5165.0
36492,2024-06-27 10:28:00,5164.0,5165.0,5164.0,5165.0
36493,2024-06-27 10:29:00,5164.95,5165.0,5162.7,5164.8
36494,2024-06-27 10:30:00,5165.0,5165.0,5161.6,5161.6
36495,2024-06-27 10:31:00,5164.25,5164.35,5158.6,5161.35
36496,2024-06-27 10:32:00,5161.0,5162.0,5158.5,5161.05
36497,2024-06-27 10:33:00,5161.0,5162.7,5152.55,5152.55
36498,2024-06-27 10:34:00,5151.8,5155.95,5151.4,5152.4
36499,2024-06-27 10:35:00,5151.65,5161.2,5151.25,5161.2
36500,2024-06-27 10:36:00,5160.55,5162.85,5157.15,5161.6
36501,2024-06-27 10:37:00,5159.15,5163.45,5159.0,5162.65
36502,2024-06-27 10:38:00,5159.25,5163.3,5158.6,5162.25
36503,2024-06-27 10:39:00,5163.05,5165.0,5158.65,5162.4
36504,2024-06-27 10:40:00,5164.0,5165.0,5161.65,5162.1
36505,2024-06-27 10:41:00,5165.0,5165.0,5160.7,5161.7
36506,2024-06-27 10:42:00,5160.2,5163.05,5160.2,5163.05
36507,2024-06-27 10:43:00,5162.15,5162.2,5153.3,5155.0
36508,2024-06-27 10:44:00,5153.0,5153.7,5150.3,5150.3
36509,2024-06-27 10:45:00,5149.8,5153.0,5148.55,5153.0
36510,2024-06-27 10:46:00,5152.1,5154.1,5143.7,5144.4
36511,2024-06-27 10:47:00,5144.05,5147.35,5143.8,5144.55
36512,2024-06-27 10:48:00,5144.85,5146.0,5140.9,5140.9
36513,2024-06-27 10:49:00,5144.15,5147.9,5144.15,5147.75
36514,2024-06-27 10:50:00,5147.9,5151.95,5147.85,5148.6
36515,2024-06-27 10:51:00,5147.5,5148.5,5145.0,5145.1
36516,2024-06-27 10:52:00,5145.2,5148.5,5143.4,5143.4
36517,2024-06-27 10:53:00,5144.25,5146.35,5141.6,5144.7
36518,2024-06-27 10:54:00,5141.85,5143.65,5141.0,5141.15
36519,2024-06-27 10:55:00,5141.2,5146.2,5141.1,5142.2
36520,2024-06-27 10:56:00,5142.1,5146.85,5141.5,5144.6
36521,2024-06-27 10:57:00,5147.3,5148.5,5144.6,5144.6
36522,2024-06-27 10:58:00,5144.65,5149.65,5144.65,5147.0
36523,2024-06-27 10:59:00,5149.1,5149.5,5144.6,5147.95
36524,2024-06-27 11:00:00,5146.85,5152.4,5146.85,5149.2
36525,2024-06-27 11:01:00,5148.95,5149.0,5145.2,5146.7
36526,2024-06-27 11:02:00,5148.75,5149.45,5146.05,5149.2
36527,2024-06-27 11:03:00,5146.35,5149.45,5146.1,5148.6
36528,2024-06-27 11:04:00,5146.0,5151.7,5146.0,5147.25
36529,2024-06-27 11:05:00,5150.8,5151.05,5147.05,5148.05
36530,2024-06-27 11:06:00,5148.0,5152.0,5148.0,5148.7
36531,2024-06-27 11:07:00,5148.75,5150.9,5146.6,5148.0
36532,2024-06-27 11:08:00,5149.75,5149.75,5146.25,5146.55
36533,2024-06-27 11:09:00,5148.45,5148.45,5145.05,5145.1
36534,2024-06-27 11:10:00,5145.3,5147.0,5145.05,5147.0
36535,2024-06-27 11:11:00,5145.7,5149.4,5145.6,5148.65
36536,2024-06-27 11:12:00,5149.45,5153.0,5147.55,5152.95
36537,2024-06-27 11:13:00,5153.0,5160.9,5149.55,5157.0
36538,2024-06-27 11:14:00,5160.85,5160.85,5155.95,5159.25
36539,2024-06-27 11:15:00,5156.55,5159.65,5155.8,5158.4
36540,2024-06-27 11:16:00,5156.0,5163.0,5156.0,5162.55
36541,2024-06-27 11:17:00,5162.25,5164.9,5157.9,5162.8
36542,2024-06-27 11:18:00,5160.45,5163.45,5160.0,5163.35
36543,2024-06-27 11:19:00,5164.0,5164.15,5160.1,5164.1
36544,2024-06-27 11:20:00,5164.05,5165.0,5160.55,5162.6
36545,2024-06-27 11:21:00,5160.05,5162.8,5155.05,5155.05
36546,2024-06-27 11:22:00,5158.2,5160.0,5155.15,5160.0
36547,2024-06-27 11:23:00,5159.0,5163.35,5156.25,5163.2
36548,2024-06-27 11:24:00,5161.6,5165.0,5161.0,5164.8
36549,2024-06-27 11:25:00,5163.0,5165.0,5161.55,5163.95
36550,2024-06-27 11:26:00,5164.45,5169.95,5164.45,5168.9
36551,2024-06-27 11:27:00,5169.0,5182.0,5166.9,5181.0
36552,2024-06-27 11:28:00,5180.3,5197.15,5180.0,5194.95
36553,2024-06-27 11:29:00,5194.05,5196.0,5183.2,5196.0
36554,2024-06-27 11:30:00,5197.4,5211.95,5195.95,5207.5
36555,2024-06-27 11:31:00,5206.1,5214.95,5205.5,5206.6
36556,2024-06-27 11:32:00,5206.05,5210.75,5205.2,5210.0
36557,2024-06-27 11:33:00,5207.6,5209.95,5203.55,5208.0
36558,2024-06-27 11:34:00,5208.05,5209.95,5205.45,5209.2
36559,2024-06-27 11:35:00,5209.8,5209.9,5207.1,5208.8
36560,2024-06-27 11:36:00,5208.35,5218.0,5208.0,5218.0
36561,2024-06-27 11:37:00,5214.95,5218.0,5205.0,5205.0
36562,2024-06-27 11:38:00,5205.05,5211.95,5200.55,5210.95
36563,2024-06-27 11:39:00,5210.0,5225.75,5210.0,5224.25
36564,2024-06-27 11:40:00,5224.2,5226.45,5220.0,5225.5
36565,2024-06-27 11:41:00,5223.1,5238.1,5222.65,5238.0
36566,2024-06-27 11:42:00,5237.45,5237.45,5223.65,5233.0
36567,2024-06-27 11:43:00,5232.4,5235.0,5227.5,5235.0
36568,2024-06-27 11:44:00,5231.5,5233.5,5225.15,5231.2
36569,2024-06-27 11:45:00,5231.15,5237.35,5226.9,5234.3
36570,2024-06-27 11:46:00,5235.8,5237.8,5231.55,5231.85
36571,2024-06-27 11:47:00,5231.7,5238.0,5231.55,5235.5
36572,2024-06-27 11:48:00,5235.7,5235.7,5228.1,5232.15
36573,2024-06-27 11:49:00,5230.05,5245.0,5230.05,5240.6
36574,2024-06-27 11:50:00,5240.7,5243.6,5235.05,5236.8
36575,2024-06-27 11:51:00,5236.25,5249.0,5235.7,5247.05
36576,2024-06-27 11:52:00,5249.1,5252.0,5237.0,5241.35
36577,2024-06-27 11:53:00,5243.0,5246.75,5240.95,5241.6
36578,2024-06-27 11:54:00,5242.8,5254.95,5242.8,5251.25
36579,2024-06-27 11:55:00,5253.15,5254.95,5249.55,5251.05
36580,2024-06-27 11:56:00,5253.1,5259.1,5251.5,5256.6
36581,2024-06-27 11:57:00,5256.65,5259.95,5252.35,5259.95
36582,2024-06-27 11:58:00,5258.35,5264.5,5256.95,5261.0
36583,2024-06-27 11:59:00,5263.15,5268.6,5260.5,5267.95
36584,2024-06-27 12:00:00,5268.0,5268.95,5265.95,5268.0
36585,2024-06-27 12:01:00,5266.35,5268.0,5264.05,5267.35
36586,2024-06-27 12:02:00,5264.0,5267.0,5260.0,5264.0
36587,2024-06-27 12:03:00,5265.0,5269.6,5265.0,5268.0
36588,2024-06-27 12:04:00,5269.95,5270.35,5265.0,5265.0
36589,2024-06-27 12:05:00,5266.8,5270.0,5265.05,5266.65
36590,2024-06-27 12:06:00,5267.45,5268.0,5262.0,5266.0
36591,2024-06-27 12:07:00,5265.0,5269.1,5265.0,5268.6
36592,2024-06-27 12:08:00,5269.4,5269.4,5265.0,5265.0
36593,2024-06-27 12:09:00,5266.0,5268.4,5265.0,5266.0
36594,2024-06-27 12:10:00,5267.95,5267.95,5260.0,5260.5
36595,2024-06-27 12:11:00,5260.25,5261.0,5257.0,5259.0
36596,2024-06-27 12:12:00,5257.15,5269.6,5257.15,5269.6
36597,2024-06-27 12:13:00,5268.9,5270.0,5266.65,5269.9
36598,2024-06-27 12:14:00,5267.6,5277.0,5267.1,5277.0
36599,2024-06-27 12:15:00,5275.0,5279.0,5264.5,5269.4
36600,2024-06-27 12:16:00,5268.9,5268.9,5250.15,5255.65
36601,2024-06-27 12:17:00,5255.7,5257.5,5245.9,5246.1
36602,2024-06-27 12:18:00,5248.85,5248.85,5240.55,5243.95
36603,2024-06-27 12:19:00,5244.2,5248.0,5241.95,5247.9
36604,2024-06-27 12:20:00,5244.95,5248.0,5234.85,5239.0
36605,2024-06-27 12:21:00,5238.0,5240.85,5233.85,5237.45
36606,2024-06-27 12:22:00,5239.9,5241.85,5235.8,5240.0
36607,2024-06-27 12:23:00,5239.95,5246.9,5237.65,5246.85
36608,2024-06-27 12:24:00,5247.55,5247.8,5242.0,5244.95
36609,2024-06-27 12:25:00,5242.35,5246.0,5235.1,5237.45
36610,2024-06-27 12:26:00,5235.55,5240.0,5235.55,5240.0
36611,2024-06-27 12:27:00,5238.7,5241.95,5235.0,5238.0
36612,2024-06-27 12:28:00,5239.35,5240.0,5231.05,5240.0
36613,2024-06-27 12:29:00,5240.45,5241.0,5235.6,5240.15
36614,2024-06-27 12:30:00,5238.0,5242.35,5238.0,5242.35
36615,2024-06-27 12:31:00,5240.05,5261.0,5240.0,5260.1
36616,2024-06-27 12:32:00,5260.25,5260.25,5251.75,5255.0
36617,2024-06-27 12:33:00,5256.85,5259.95,5254.4,5259.9
36618,2024-06-27 12:34:00,5260.0,5275.75,5257.0,5275.0
36619,2024-06-27 12:35:00,5275.05,5277.9,5270.95,5277.7
36620,2024-06-27 12:36:00,5275.5,5304.0,5275.4,5304.0
36621,2024-06-27 12:37:00,5305.25,5306.5,5295.65,5299.95
36622,2024-06-27 12:38:00,5299.05,5305.0,5296.75,5305.0
36623,2024-06-27 12:39:00,5304.95,5310.0,5300.05,5309.95
36624,2024-06-27 12:40:00,5309.5,5314.0,5303.0,5309.0
36625,2024-06-27 12:41:00,5309.9,5318.0,5304.75,5315.55
36626,2024-06-27 12:42:00,5317.5,5335.0,5313.7,5329.9
36627,2024-06-27 12:43:00,5330.7,5344.95,5323.15,5323.4
36628,2024-06-27 12:44:00,5329.75,5329.75,5317.1,5322.5
36629,2024-06-27 12:45:00,5322.85,5332.0,5320.15,5328.8
36630,2024-06-27 12:46:00,5326.6,5329.75,5323.25,5327.95
36631,2024-06-27 12:47:00,5325.6,5327.7,5305.05,5310.2
36632,2024-06-27 12:48:00,5309.95,5317.9,5305.05,5315.0
36633,2024-06-27 12:49:00,5317.0,5320.0,5313.05,5320.0
36634,2024-06-27 12:50:00,5317.8,5327.35,5315.5,5326.7
36635,2024-06-27 12:51:00,5326.15,5332.0,5323.4,5326.35
36636,2024-06-27 12:52:00,5328.2,5331.9,5326.1,5326.55
36637,2024-06-27 12:53:00,5328.75,5332.4,5326.3,5329.0
36638,2024-06-27 12:54:00,5329.7,5329.8,5317.55,5322.1
36639,2024-06-27 12:55:00,5322.05,5324.0,5312.75,5316.05
36640,2024-06-27 12:56:00,5316.0,5318.55,5313.7,5316.15
36641,2024-06-27 12:57:00,5317.7,5317.7,5307.0,5310.45
36642,2024-06-27 12:58:00,5311.0,5311.0,5300.0,5303.95
36643,2024-06-27 12:59:00,5304.55,5305.6,5296.05,5300.0
36644,2024-06-27 13:00:00,5300.85,5303.2,5298.0,5299.95
36645,2024-06-27 13:01:00,5300.0,5301.45,5291.3,5294.25
36646,2024-06-27 13:02:00,5293.0,5300.05,5292.0,5299.35
36647,2024-06-27 13:03:00,5297.05,5306.95,5297.05,5306.1
36648,2024-06-27 13:04:00,5306.95,5313.85,5306.1,5313.85
36649,2024-06-27 13:05:00,5313.0,5324.0,5311.2,5324.0
36650,2024-06-27 13:06:00,5321.95,5325.0,5321.0,5321.65
36651,2024-06-27 13:07:00,5324.4,5325.95,5321.2,5323.4
36652,2024-06-27 13:08:00,5321.9,5324.95,5321.0,5322.55
36653,2024-06-27 13:09:00,5322.6,5322.6,5311.2,5314.1
36654,2024-06-27 13:10:00,5314.0,5319.95,5311.65,5318.0
36655,2024-06-27 13:11:00,5318.6,5321.7,5317.0,5318.65
36656,2024-06-27 13:12:00,5318.1,5320.0,5305.65,5310.0
36657,2024-06-27 13:13:00,5310.85,5311.4,5304.55,5306.65
36658,2024-06-27 13:14:00,5309.8,5315.05,5306.45,5314.0
36659,2024-06-27 13:15:00,5311.7,5315.2,5310.15,5315.2
36660,2024-06-27 13:16:00,5315.9,5316.0,5312.3,5315.9
36661,2024-06-27 13:17:00,5315.0,5321.65,5311.7,5320.85
36662,2024-06-27 13:18:00,5318.8,5320.6,5316.3,5320.0
36663,2024-06-27 13:19:00,5319.1,5319.1,5312.5,5315.2
36664,2024-06-27 13:20:00,5315.15,5319.95,5312.7,5319.95
36665,2024-06-27 13:21:00,5319.55,5321.0,5315.75,5315.75
36666,2024-06-27 13:22:00,5318.95,5320.0,5315.8,5320.0
36667,2024-06-27 13:23:00,5318.25,5321.85,5316.45,5318.85
36668,2024-06-27 13:24:00,5316.3,5323.95,5316.3,5323.95
36669,2024-06-27 13:25:00,5322.0,5323.0,5317.5,5318.65
36670,2024-06-27 13:26:00,5320.25,5325.0,5318.0,5319.0
36671,2024-06-27 13:27:00,5319.9,5322.75,5318.0,5318.0
36672,2024-06-27 13:28:00,5320.15,5321.85,5314.15,5321.85
36673,2024-06-27 13:29:00,5321.9,5324.4,5315.1,5322.95
36674,2024-06-27 13:30:00,5320.6,5325.0,5319.3,5324.55
36675,2024-06-27 13:31:00,5323.6,5323.6,5320.0,5320.0
36676,2024-06-27 13:32:00,5319.35,5319.35,5312.05,5318.95
36677,2024-06-27 13:33:00,5319.85,5322.0,5316.2,5319.85
36678,2024-06-27 13:34:00,5320.0,5320.9,5316.35,5319.05
36679,2024-06-27 13:35:00,5318.6,5322.05,5316.85,5322.05
36680,2024-06-27 13:36:00,5322.9,5324.05,5321.65,5324.05
36681,2024-06-27 13:37:00,5323.0,5325.0,5320.0,5320.5
36682,2024-06-27 13:38:00,5320.1,5325.0,5320.1,5325.0
36683,2024-06-27 13:39:00,5324.6,5324.6,5321.45,5323.35
36684,2024-06-27 13:40:00,5323.95,5324.15,5321.0,5321.0
36685,2024-06-27 13:41:00,5321.05,5324.1,5321.0,5323.85
36686,2024-06-27 13:42:00,5322.1,5330.0,5321.8,5330.0
36687,2024-06-27 13:43:00,5329.45,5339.05,5329.45,5338.05
36688,2024-06-27 13:44:00,5336.0,5340.0,5335.0,5340.0
36689,2024-06-27 13:45:00,5339.9,5344.4,5339.9,5344.2
36690,2024-06-27 13:46:00,5344.0,5349.0,5343.15,5348.95
36691,2024-06-27 13:47:00,5347.0,5349.0,5342.0,5348.95
36692,2024-06-27 13:48:00,5347.25,5352.9,5344.0,5346.8
36693,2024-06-27 13:49:00,5347.0,5350.0,5342.0,5342.55
36694,2024-06-27 13:50:00,5345.05,5352.25,5344.0,5350.0
36695,2024-06-27 13:51:00,5350.05,5351.0,5341.1,5341.1
36696,2024-06-27 13:52:00,5341.15,5348.5,5341.1,5348.1
36697,2024-06-27 13:53:00,5348.45,5354.65,5348.15,5353.55
36698,2024-06-27 13:54:00,5353.6,5354.6,5351.0,5351.6
36699,2024-06-27 13:55:00,5354.0,5360.0,5352.4,5358.0
36700,2024-06-27 13:56:00,5357.5,5362.9,5357.5,5361.2
36701,2024-06-27 13:57:00,5358.1,5365.0,5357.65,5365.0
36702,2024-06-27 13:58:00,5365.9,5369.9,5356.35,5362.45
36703,2024-06-27 13:59:00,5364.8,5368.35,5362.05,5363.4
36704,2024-06-27 14:00:00,5367.15,5372.65,5363.5,5367.65
36705,2024-06-27 14:01:00,5367.35,5370.95,5366.0,5369.0
36706,2024-06-27 14:02:00,5369.75,5369.95,5361.0,5366.7
36707,2024-06-27 14:03:00,5367.45,5369.9,5357.0,5357.5
36708,2024-06-27 14:04:00,5356.25,5359.3,5350.0,5350.0
36709,2024-06-27 14:05:00,5351.05,5354.5,5347.25,5347.7
36710,2024-06-27 14:06:00,5347.85,5354.9,5347.1,5352.65
36711,2024-06-27 14:07:00,5352.7,5353.4,5348.0,5353.35
36712,2024-06-27 14:08:00,5352.95,5355.0,5351.0,5354.5
36713,2024-06-27 14:09:00,5354.95,5360.0,5351.0,5354.05
36714,2024-06-27 14:10:00,5354.95,5357.0,5347.0,5351.45
36715,2024-06-27 14:11:00,5351.9,5352.0,5340.45,5348.95
36716,2024-06-27 14:12:00,5349.95,5354.0,5348.0,5353.55
36717,2024-06-27 14:13:00,5354.8,5359.45,5351.0,5359.4
36718,2024-06-27 14:14:00,5359.5,5360.0,5345.05,5345.35
36719,2024-06-27 14:15:00,5346.2,5352.45,5336.0,5337.05
36720,2024-06-27 14:16:00,5338.6,5339.2,5330.25,5338.6
36721,2024-06-27 14:17:00,5339.55,5339.7,5333.0,5338.6
36722,2024-06-27 14:18:00,5338.65,5341.2,5332.5,5340.9
36723,2024-06-27 14:19:00,5340.4,5344.0,5337.55,5340.0
36724,2024-06-27 14:20:00,5340.25,5348.8,5340.25,5348.8
36725,2024-06-27 14:21:00,5347.75,5356.3,5344.5,5353.0
36726,2024-06-27 14:22:00,5353.2,5357.3,5350.05,5353.0
36727,2024-06-27 14:23:00,5350.0,5353.5,5348.6,5353.5
36728,2024-06-27 14:24:00,5353.55,5359.35,5350.55,5351.45
36729,2024-06-27 14:25:00,5351.1,5357.85,5350.5,5353.0
36730,2024-06-27 14:26:00,5352.95,5359.8,5350.95,5354.55
36731,2024-06-27 14:27:00,5355.4,5357.1,5351.2,5352.45
36732,2024-06-27 14:28:00,5351.7,5353.7,5342.75,5348.1
36733,2024-06-27 14:29:00,5345.95,5351.9,5344.55,5348.6
36734,2024-06-27 14:30:00,5348.9,5351.8,5337.85,5338.25
36735,2024-06-27 14:31:00,5338.6,5344.0,5337.35,5342.0
36736,2024-06-27 14:32:00,5343.4,5343.4,5329.85,5331.0
36737,2024-06-27 14:33:00,5331.25,5332.9,5322.45,5323.0
36738,2024-06-27 14:34:00,5322.95,5330.0,5322.0,5327.2
36739,2024-06-27 14:35:00,5327.1,5331.0,5325.1,5330.15
36740,2024-06-27 14:36:00,5330.3,5331.55,5327.3,5329.4
36741,2024-06-27 14:37:00,5329.95,5342.0,5329.4,5341.95
36742,2024-06-27 14:38:00,5338.45,5341.95,5335.65,5341.9
36743,2024-06-27 14:39:00,5344.3,5344.3,5332.8,5342.35
36744,2024-06-27 14:40:00,5342.3,5345.0,5337.3,5343.95
36745,2024-06-27 14:41:00,5343.9,5352.05,5343.9,5352.0
36746,2024-06-27 14:42:00,5352.3,5355.85,5350.0,5354.6
36747,2024-06-27 14:43:00,5353.95,5355.55,5347.55,5348.3
36748,2024-06-27 14:44:00,5350.0,5355.0,5348.7,5353.75
36749,2024-06-27 14:45:00,5353.9,5355.8,5351.05,5353.7
36750,2024-06-27 14:46:00,5353.75,5359.95,5351.55,5359.0
36751,2024-06-27 14:47:00,5359.5,5362.0,5355.0,5360.95
36752,2024-06-27 14:48:00,5361.35,5362.3,5358.5,5362.2
36753,2024-06-27 14:49:00,5362.15,5372.0,5362.15,5372.0
36754,2024-06-27 14:50:00,5372.2,5375.0,5370.0,5374.95
36755,2024-06-27 14:51:00,5373.95,5375.85,5366.3,5370.95
36756,2024-06-27 14:52:00,5368.3,5374.3,5367.5,5372.95
36757,2024-06-27 14:53:00,5370.6,5374.2,5370.6,5372.95
36758,2024-06-27 14:54:00,5372.05,5374.15,5369.75,5373.5
36759,2024-06-27 14:55:00,5373.35,5374.25,5369.45,5372.1
36760,2024-06-27 14:56:00,5374.1,5380.0,5371.0,5380.0
36761,2024-06-27 14:57:00,5378.05,5380.0,5375.0,5378.95
36762,2024-06-27 14:58:00,5377.7,5386.9,5374.8,5379.25
36763,2024-06-27 14:59:00,5380.3,5383.3,5371.8,5380.0
36764,2024-06-27 15:00:00,5379.75,5389.45,5378.2,5387.0
36765,2024-06-27 15:01:00,5385.45,5389.85,5382.0,5387.15
36766,2024-06-27 15:02:00,5387.0,5388.15,5382.1,5386.4
36767,2024-06-27 15:03:00,5387.35,5387.7,5381.2,5384.0
36768,2024-06-27 15:04:00,5381.35,5387.8,5381.35,5387.8
36769,2024-06-27 15:05:00,5387.65,5387.75,5381.05,5383.05
36770,2024-06-27 15:06:00,5381.95,5386.9,5381.95,5384.45
36771,2024-06-27 15:07:00,5383.7,5389.0,5382.0,5384.2
36772,2024-06-27 15:08:00,5384.7,5386.35,5381.0,5381.95
36773,2024-06-27 15:09:00,5381.15,5383.05,5370.05,5375.1
36774,2024-06-27 15:10:00,5373.4,5377.05,5371.4,5373.25
36775,2024-06-27 15:11:00,5374.0,5377.45,5372.0,5374.2
36776,2024-06-27 15:12:00,5373.9,5378.95,5373.4,5377.3
36777,2024-06-27 15:13:00,5376.3,5378.0,5374.25,5375.6
36778,2024-06-27 15:14:00,5374.25,5377.7,5374.15,5377.35
36779,2024-06-27 15:15:00,5376.95,5378.5,5373.9,5374.5
36780,2024-06-27 15:16:00,5375.0,5376.95,5370.0,5376.05
36781,2024-06-27 15:17:00,5373.25,5378.9,5373.0,5374.45
36782,2024-06-27 15:18:00,5375.0,5376.0,5371.05,5375.2
36783,2024-06-27 15:19:00,5374.65,5377.95,5371.8,5377.0
36784,2024-06-27 15:20:00,5375.95,5377.0,5374.0,5375.95
36785,2024-06-27 15:21:00,5374.25,5375.95,5372.85,5373.75
36786,2024-06-27 15:22:00,5373.0,5373.0,5368.05,5368.05
36787,2024-06-27 15:23:00,5368.1,5369.8,5360.45,5369.8
36788,2024-06-27 15:24:00,5370.0,5370.45,5367.75,5367.75
36789,2024-06-27 15:25:00,5366.35,5367.9,5360.0,5364.8
36790,2024-06-27 15:26:00,5364.9,5369.9,5363.65,5368.65
36791,2024-06-27 15:27:00,5369.5,5369.85,5362.15,5366.25
36792,2024-06-27 15:28:00,5366.7,5368.0,5360.1,5363.0
36793,2024-06-27 15:29:00,5363.05,5369.95,5361.15,5363.1
36794,2024-06-28 09:14:00,5377.0,5377.0,5377.0,5377.0
36795,2024-06-28 09:15:00,5376.95,5376.95,5363.55,5363.6
36796,2024-06-28 09:16:00,5368.0,5368.0,5352.55,5360.5
36797,2024-06-28 09:17:00,5356.55,5366.0,5353.5,5363.6
36798,2024-06-28 09:18:00,5363.75,5368.5,5352.25,5357.8
36799,2024-06-28 09:19:00,5354.4,5362.15,5352.0,5362.0
36800,2024-06-28 09:20:00,5361.15,5374.9,5359.75,5359.75
36801,2024-06-28 09:21:00,5365.0,5376.4,5357.05,5373.6
36802,2024-06-28 09:22:00,5376.0,5376.95,5362.45,5365.0
36803,2024-06-28 09:23:00,5365.75,5366.45,5356.65,5356.85
36804,2024-06-28 09:24:00,5357.5,5363.6,5355.0,5358.25
36805,2024-06-28 09:25:00,5357.0,5358.2,5350.25,5351.0
36806,2024-06-28 09:26:00,5353.45,5353.45,5346.0,5347.05
36807,2024-06-28 09:27:00,5348.95,5358.1,5347.45,5357.7
36808,2024-06-28 09:28:00,5357.9,5360.0,5351.85,5354.95
36809,2024-06-28 09:29:00,5355.05,5360.0,5355.0,5356.05
36810,2024-06-28 09:30:00,5358.2,5359.85,5350.5,5351.05
36811,2024-06-28 09:31:00,5350.0,5360.0,5346.05,5355.25
36812,2024-06-28 09:32:00,5355.5,5357.0,5345.0,5350.0
36813,2024-06-28 09:33:00,5350.35,5356.95,5350.0,5352.8
36814,2024-06-28 09:34:00,5356.0,5356.0,5347.1,5347.1
36815,2024-06-28 09:35:00,5347.5,5348.0,5334.2,5340.0
36816,2024-06-28 09:36:00,5338.55,5340.0,5334.05,5335.55
36817,2024-06-28 09:37:00,5337.75,5337.75,5335.0,5335.0
36818,2024-06-28 09:38:00,5336.75,5348.75,5335.0,5348.75
36819,2024-06-28 09:39:00,5347.0,5347.0,5340.0,5340.25
36820,2024-06-28 09:40:00,5341.9,5342.85,5335.55,5342.85
36821,2024-06-28 09:41:00,5343.0,5351.45,5336.0,5348.45
36822,2024-06-28 09:42:00,5342.05,5344.75,5336.0,5336.0
36823,2024-06-28 09:43:00,5336.05,5341.8,5336.0,5341.8
36824,2024-06-28 09:44:00,5339.85,5348.95,5339.85,5342.25
36825,2024-06-28 09:45:00,5342.3,5346.2,5341.45,5342.0
36826,2024-06-28 09:46:00,5339.05,5342.0,5336.3,5340.6
36827,2024-06-28 09:47:00,5337.55,5342.65,5336.0,5336.0
36828,2024-06-28 09:48:00,5338.0,5338.0,5332.15,5332.15
36829,2024-06-28 09:49:00,5331.0,5336.5,5331.0,5331.25
36830,2024-06-28 09:50:00,5331.0,5334.15,5326.0,5326.0
36831,2024-06-28 09:51:00,5329.4,5330.5,5323.4,5329.75
36832,2024-06-28 09:52:00,5330.0,5330.0,5325.1,5325.1
36833,2024-06-28 09:53:00,5327.95,5330.65,5325.0,5325.05
36834,2024-06-28 09:54:00,5327.0,5327.0,5315.0,5318.95
36835,2024-06-28 09:55:00,5321.0,5327.0,5318.55,5327.0
36836,2024-06-28 09:56:00,5327.5,5335.0,5326.65,5332.0
36837,2024-06-28 09:57:00,5335.0,5339.85,5335.0,5339.85
36838,2024-06-28 09:58:00,5335.7,5336.3,5332.95,5336.0
36839,2024-06-28 09:59:00,5335.7,5335.7,5325.05,5325.05
36840,2024-06-28 10:00:00,5327.85,5328.75,5325.05,5327.95
36841,2024-06-28 10:01:00,5327.9,5333.95,5325.5,5331.75
36842,2024-06-28 10:02:00,5330.05,5334.25,5326.0,5328.05
36843,2024-06-28 10:03:00,5330.0,5333.95,5328.7,5333.1
36844,2024-06-28 10:04:00,5335.5,5336.3,5325.0,5325.85
36845,2024-06-28 10:05:00,5328.35,5334.05,5325.0,5332.0
36846,2024-06-28 10:06:00,5333.0,5338.0,5330.0,5338.0
36847,2024-06-28 10:07:00,5335.15,5339.0,5335.15,5336.55
36848,2024-06-28 10:08:00,5337.55,5340.0,5336.55,5339.95
36849,2024-06-28 10:09:00,5339.9,5342.5,5338.35,5342.5
36850,2024-06-28 10:10:00,5344.0,5356.15,5343.6,5356.15
36851,2024-06-28 10:11:00,5357.95,5360.0,5353.15,5353.15
36852,2024-06-28 10:12:00,5354.05,5357.0,5351.5,5357.0
36853,2024-06-28 10:13:00,5355.05,5365.9,5355.0,5365.0
36854,2024-06-28 10:14:00,5364.75,5367.45,5361.05,5361.05
36855,2024-06-28 10:15:00,5363.45,5367.45,5361.65,5365.0
36856,2024-06-28 10:16:00,5362.55,5363.0,5360.0,5360.1
36857,2024-06-28 10:17:00,5360.05,5363.55,5360.0,5360.65
36858,2024-06-28 10:18:00,5360.3,5362.0,5360.0,5361.95
36859,2024-06-28 10:19:00,5362.0,5362.0,5360.0,5361.95
36860,2024-06-28 10:20:00,5360.0,5360.45,5353.6,5355.2
36861,2024-06-28 10:21:00,5357.0,5362.35,5355.35,5360.05
36862,2024-06-28 10:22:00,5360.0,5363.0,5360.0,5361.05
36863,2024-06-28 10:23:00,5362.8,5365.5,5360.9,5363.15
36864,2024-06-28 10:24:00,5363.0,5366.0,5362.7,5366.0
36865,2024-06-28 10:25:00,5366.95,5366.95,5360.65,5361.6
36866,2024-06-28 10:26:00,5362.5,5362.5,5356.8,5360.4
36867,2024-06-28 10:27:00,5358.1,5359.0,5356.0,5356.05
36868,2024-06-28 10:28:00,5356.1,5359.95,5356.0,5358.65
36869,2024-06-28 10:29:00,5360.0,5360.0,5356.0,5359.05
36870,2024-06-28 10:30:00,5359.45,5359.45,5356.0,5358.8
36871,2024-06-28 10:31:00,5361.55,5365.0,5358.1,5359.15
36872,2024-06-28 10:32:00,5359.1,5363.85,5359.1,5360.0
36873,2024-06-28 10:33:00,5360.1,5362.25,5360.0,5360.0
36874,2024-06-28 10:34:00,5360.95,5363.85,5360.0,5361.15
36875,2024-06-28 10:35:00,5361.1,5363.8,5360.0,5360.0
36876,2024-06-28 10:36:00,5361.5,5361.5,5355.4,5356.0
36877,2024-06-28 10:37:00,5358.15,5360.95,5357.6,5360.0
36878,2024-06-28 10:38:00,5361.0,5361.0,5360.0,5360.0
36879,2024-06-28 10:39:00,5360.65,5360.65,5360.0,5360.65
36880,2024-06-28 10:40:00,5360.0,5360.05,5359.3,5360.0
36881,2024-06-28 10:41:00,5359.2,5363.95,5359.2,5362.15
36882,2024-06-28 10:42:00,5362.1,5362.1,5360.0,5360.05
36883,2024-06-28 10:43:00,5360.0,5362.95,5360.0,5360.3
36884,2024-06-28 10:44:00,5362.45,5362.6,5360.0,5360.95
36885,2024-06-28 10:45:00,5360.65,5360.65,5360.0,5360.0
36886,2024-06-28 10:46:00,5361.85,5362.0,5359.2,5360.95
36887,2024-06-28 10:47:00,5359.35,5360.8,5359.2,5359.2
36888,2024-06-28 10:48:00,5360.0,5361.95,5358.85,5360.0
36889,2024-06-28 10:49:00,5360.05,5360.05,5357.05,5357.55
36890,2024-06-28 10:50:00,5358.65,5360.0,5356.1,5356.15
36891,2024-06-28 10:51:00,5356.45,5359.0,5355.0,5357.2
36892,2024-06-28 10:52:00,5358.15,5358.2,5355.0,5358.0
36893,2024-06-28 10:53:00,5355.5,5360.0,5355.5,5358.95
36894,2024-06-28 10:54:00,5357.3,5360.0,5356.2,5360.0
36895,2024-06-28 10:55:00,5358.55,5363.2,5358.0,5360.65
36896,2024-06-28 10:56:00,5358.0,5360.0,5355.65,5355.65
36897,2024-06-28 10:57:00,5355.5,5357.4,5354.0,5355.0
36898,2024-06-28 10:58:00,5357.15,5361.9,5355.05,5360.05
36899,2024-06-28 10:59:00,5361.9,5368.0,5360.9,5365.95
36900,2024-06-28 11:00:00,5368.0,5374.9,5368.0,5371.6
36901,2024-06-28 11:01:00,5374.0,5387.6,5372.2,5383.75
36902,2024-06-28 11:02:00,5386.6,5390.0,5383.5,5388.0
36903,2024-06-28 11:03:00,5390.0,5407.45,5388.0,5406.85
36904,2024-06-28 11:04:00,5403.8,5410.45,5400.0,5410.05
36905,2024-06-28 11:05:00,5410.0,5411.0,5401.7,5408.0
36906,2024-06-28 11:06:00,5405.8,5408.95,5402.05,5407.05
36907,2024-06-28 11:07:00,5407.15,5412.0,5406.0,5406.85
36908,2024-06-28 11:08:00,5406.55,5407.5,5397.55,5400.75
36909,2024-06-28 11:09:00,5400.7,5405.0,5400.0,5404.0
36910,2024-06-28 11:10:00,5404.95,5406.0,5401.5,5401.5
36911,2024-06-28 11:11:00,5401.9,5408.0,5401.8,5407.8
36912,2024-06-28 11:12:00,5405.3,5408.0,5401.8,5403.65
36913,2024-06-28 11:13:00,5404.0,5412.0,5403.7,5411.1
36914,2024-06-28 11:14:00,5412.0,5419.0,5408.75,5416.15
36915,2024-06-28 11:15:00,5416.3,5423.0,5410.55,5411.75
36916,2024-06-28 11:16:00,5412.65,5417.65,5410.0,5415.75
36917,2024-06-28 11:17:00,5415.4,5420.0,5414.0,5419.45
36918,2024-06-28 11:18:00,5418.0,5419.55,5411.0,5411.0
36919,2024-06-28 11:19:00,5412.0,5412.0,5390.0,5390.0
36920,2024-06-28 11:20:00,5390.2,5396.9,5390.2,5394.85
36921,2024-06-28 11:21:00,5393.35,5393.35,5380.0,5389.25
36922,2024-06-28 11:22:00,5386.3,5400.0,5386.3,5396.75
36923,2024-06-28 11:23:00,5395.55,5402.35,5395.55,5400.9
36924,2024-06-28 11:24:00,5401.3,5405.0,5400.0,5401.55
36925,2024-06-28 11:25:00,5403.9,5404.0,5401.55,5401.9
36926,2024-06-28 11:26:00,5403.9,5404.0,5400.0,5401.85
36927,2024-06-28 11:27:00,5402.0,5402.45,5390.35,5392.35
36928,2024-06-28 11:28:00,5393.0,5393.15,5385.0,5393.15
36929,2024-06-28 11:29:00,5391.35,5393.0,5386.05,5392.1
36930,2024-06-28 11:30:00,5389.5,5397.85,5389.5,5394.45
36931,2024-06-28 11:31:00,5397.45,5400.0,5392.2,5392.9
36932,2024-06-28 11:32:00,5392.5,5392.9,5387.0,5387.0
36933,2024-06-28 11:33:00,5387.9,5392.95,5387.0,5389.2
36934,2024-06-28 11:34:00,5388.0,5393.9,5388.0,5392.45
36935,2024-06-28 11:35:00,5391.95,5394.95,5388.05,5392.25
36936,2024-06-28 11:36:00,5392.2,5397.2,5390.0,5395.15
36937,2024-06-28 11:37:00,5394.05,5396.7,5391.45,5391.85
36938,2024-06-28 11:38:00,5393.95,5393.95,5391.45,5393.9
36939,2024-06-28 11:39:00,5396.2,5396.2,5393.9,5395.25
36940,2024-06-28 11:40:00,5394.7,5397.25,5392.35,5397.25
36941,2024-06-28 11:41:00,5397.9,5405.0,5397.9,5403.5
36942,2024-06-28 11:42:00,5403.9,5405.0,5402.55,5404.25
36943,2024-06-28 11:43:00,5404.9,5404.9,5395.9,5398.0
36944,2024-06-28 11:44:00,5396.95,5403.45,5396.35,5396.35
36945,2024-06-28 11:45:00,5398.45,5409.0,5398.45,5409.0
36946,2024-06-28 11:46:00,5408.15,5410.0,5403.2,5406.0
36947,2024-06-28 11:47:00,5404.65,5406.0,5403.0,5403.0
36948,2024-06-28 11:48:00,5403.7,5408.0,5402.95,5407.95
36949,2024-06-28 11:49:00,5407.9,5407.9,5402.05,5406.25
36950,2024-06-28 11:50:00,5403.85,5405.9,5400.0,5401.7
36951,2024-06-28 11:51:00,5401.15,5402.25,5395.55,5396.15
36952,2024-06-28 11:52:00,5395.65,5400.25,5395.65,5398.7
36953,2024-06-28 11:53:00,5399.1,5402.0,5397.35,5398.95
36954,2024-06-28 11:54:00,5400.8,5402.0,5397.6,5400.8
36955,2024-06-28 11:55:00,5398.55,5400.8,5390.0,5392.35
36956,2024-06-28 11:56:00,5391.85,5394.0,5388.55,5393.45
36957,2024-06-28 11:57:00,5393.05,5398.0,5393.05,5393.4
36958,2024-06-28 11:58:00,5394.65,5395.15,5390.5,5392.4
36959,2024-06-28 11:59:00,5391.65,5396.95,5390.55,5393.85
36960,2024-06-28 12:00:00,5392.4,5393.8,5390.0,5390.15
36961,2024-06-28 12:01:00,5391.1,5395.4,5390.5,5395.4
36962,2024-06-28 12:02:00,5396.4,5399.35,5395.9,5399.35
36963,2024-06-28 12:03:00,5399.8,5399.8,5395.4,5396.6
36964,2024-06-28 12:04:00,5396.5,5399.9,5391.85,5398.0
36965,2024-06-28 12:05:00,5399.9,5400.0,5396.75,5400.0
36966,2024-06-28 12:06:00,5399.3,5399.6,5395.6,5397.35
36967,2024-06-28 12:07:00,5396.15,5397.4,5391.85,5395.85
36968,2024-06-28 12:08:00,5396.35,5397.9,5394.9,5397.9
36969,2024-06-28 12:09:00,5395.5,5396.65,5389.0,5391.85
36970,2024-06-28 12:10:00,5390.8,5391.25,5388.0,5389.4
36971,2024-06-28 12:11:00,5389.25,5389.25,5385.1,5387.9
36972,2024-06-28 12:12:00,5387.45,5387.6,5386.05,5387.0
36973,2024-06-28 12:13:00,5386.75,5387.45,5382.0,5385.0
36974,2024-06-28 12:14:00,5382.0,5383.7,5380.0,5383.7
36975,2024-06-28 12:15:00,5384.75,5385.0,5380.1,5380.1
36976,2024-06-28 12:16:00,5381.4,5384.65,5380.2,5382.85
36977,2024-06-28 12:17:00,5383.4,5383.4,5372.0,5374.75
36978,2024-06-28 12:18:00,5375.85,5376.45,5371.7,5373.3
36979,2024-06-28 12:19:00,5374.65,5376.3,5371.55,5371.55
36980,2024-06-28 12:20:00,5373.1,5376.8,5373.1,5373.25
36981,2024-06-28 12:21:00,5372.05,5373.95,5360.35,5361.05
36982,2024-06-28 12:22:00,5365.6,5373.15,5364.0,5372.3
36983,2024-06-28 12:23:00,5369.45,5373.1,5368.05,5368.85
36984,2024-06-28 12:24:00,5368.0,5368.8,5365.05,5365.05
36985,2024-06-28 12:25:00,5366.55,5368.7,5364.05,5368.0
36986,2024-06-28 12:26:00,5368.7,5377.0,5368.7,5375.4
36987,2024-06-28 12:27:00,5375.0,5377.8,5372.4,5374.1
36988,2024-06-28 12:28:00,5375.4,5375.4,5368.0,5368.0
36989,2024-06-28 12:29:00,5369.1,5370.5,5365.0,5367.5
36990,2024-06-28 12:30:00,5368.75,5370.0,5368.2,5368.7
36991,2024-06-28 12:31:00,5369.35,5369.6,5365.55,5368.05
36992,2024-06-28 12:32:00,5368.4,5368.4,5366.8,5367.7
36993,2024-06-28 12:33:00,5368.4,5368.4,5364.0,5364.0
36994,2024-06-28 12:34:00,5364.95,5364.95,5362.7,5362.7
36995,2024-06-28 12:35:00,5363.3,5364.55,5355.15,5364.55
36996,2024-06-28 12:36:00,5361.3,5364.05,5358.55,5360.55
36997,2024-06-28 12:37:00,5359.8,5360.0,5350.5,5351.0
36998,2024-06-28 12:38:00,5350.8,5357.05,5350.55,5354.0
36999,2024-06-28 12:39:00,5355.2,5356.1,5351.2,5351.6
37000,2024-06-28 12:40:00,5350.5,5352.3,5341.15,5345.35
37001,2024-06-28 12:41:00,5348.45,5350.0,5345.55,5347.8
37002,2024-06-28 12:42:00,5347.85,5359.85,5347.2,5355.2
37003,2024-06-28 12:43:00,5352.55,5357.25,5351.0,5357.25
37004,2024-06-28 12:44:00,5358.0,5360.0,5357.1,5358.05
37005,2024-06-28 12:45:00,5359.95,5360.0,5353.1,5356.25
37006,2024-06-28 12:46:00,5356.45,5359.2,5355.5,5357.65
37007,2024-06-28 12:47:00,5359.25,5360.0,5348.55,5351.35
37008,2024-06-28 12:48:00,5352.7,5358.9,5349.55,5349.7
37009,2024-06-28 12:49:00,5351.1,5352.85,5348.55,5351.8
37010,2024-06-28 12:50:00,5352.45,5356.9,5350.55,5355.0
37011,2024-06-28 12:51:00,5356.45,5359.45,5346.1,5346.75
37012,2024-06-28 12:52:00,5347.9,5349.4,5346.1,5347.0
37013,2024-06-28 12:53:00,5346.55,5348.25,5342.0,5347.55
37014,2024-06-28 12:54:00,5345.35,5348.7,5343.2,5347.55
37015,2024-06-28 12:55:00,5343.3,5345.8,5343.0,5345.0
37016,2024-06-28 12:56:00,5344.05,5347.6,5344.05,5344.75
37017,2024-06-28 12:57:00,5347.65,5352.45,5345.8,5350.75
37018,2024-06-28 12:58:00,5351.15,5354.15,5348.5,5353.25
37019,2024-06-28 12:59:00,5353.45,5355.1,5352.8,5354.9
37020,2024-06-28 13:00:00,5351.9,5355.25,5351.9,5354.0
37021,2024-06-28 13:01:00,5353.7,5355.05,5348.35,5349.4
37022,2024-06-28 13:02:00,5350.45,5356.4,5350.45,5356.4
37023,2024-06-28 13:03:00,5355.95,5360.0,5353.75,5360.0
37024,2024-06-28 13:04:00,5359.0,5360.0,5359.0,5360.0
37025,2024-06-28 13:05:00,5359.95,5367.25,5358.4,5360.85
37026,2024-06-28 13:06:00,5361.5,5363.55,5358.25,5358.8
37027,2024-06-28 13:07:00,5360.75,5361.3,5359.85,5359.85
37028,2024-06-28 13:08:00,5361.3,5362.3,5353.0,5353.0
37029,2024-06-28 13:09:00,5352.8,5360.0,5352.8,5358.15
37030,2024-06-28 13:10:00,5355.05,5356.4,5351.15,5353.7
37031,2024-06-28 13:11:00,5353.3,5357.7,5352.6,5356.65
37032,2024-06-28 13:12:00,5356.05,5357.45,5353.1,5355.35
37033,2024-06-28 13:13:00,5357.65,5357.65,5353.5,5353.5
37034,2024-06-28 13:14:00,5352.3,5355.95,5352.3,5355.25
37035,2024-06-28 13:15:00,5356.9,5359.95,5356.75,5359.95
37036,2024-06-28 13:16:00,5360.0,5364.4,5360.0,5360.25
37037,2024-06-28 13:17:00,5361.35,5362.95,5358.1,5358.1
37038,2024-06-28 13:18:00,5358.4,5359.9,5357.5,5359.2
37039,2024-06-28 13:19:00,5358.4,5359.45,5353.0,5357.25
37040,2024-06-28 13:20:00,5355.05,5358.2,5354.4,5354.4
37041,2024-06-28 13:21:00,5356.35,5358.25,5355.2,5358.15
37042,2024-06-28 13:22:00,5355.0,5358.1,5354.4,5354.4
37043,2024-06-28 13:23:00,5355.45,5356.9,5352.55,5356.05
37044,2024-06-28 13:24:00,5358.0,5360.0,5355.65,5359.5
37045,2024-06-28 13:25:00,5360.0,5360.0,5359.9,5360.0
37046,2024-06-28 13:26:00,5360.2,5365.0,5360.2,5363.45
37047,2024-06-28 13:27:00,5363.6,5370.0,5363.05,5369.05
37048,2024-06-28 13:28:00,5369.0,5369.05,5368.0,5368.0
37049,2024-06-28 13:29:00,5365.45,5367.65,5363.0,5363.0
37050,2024-06-28 13:30:00,5362.1,5368.7,5362.1,5368.7
37051,2024-06-28 13:31:00,5365.5,5368.3,5365.5,5368.1
37052,2024-06-28 13:32:00,5366.55,5367.8,5363.0,5365.35
37053,2024-06-28 13:33:00,5365.3,5366.95,5361.6,5365.6
37054,2024-06-28 13:34:00,5364.5,5366.4,5361.15,5361.15
37055,2024-06-28 13:35:00,5362.45,5362.45,5360.0,5362.0
37056,2024-06-28 13:36:00,5361.4,5362.0,5360.0,5360.2
37057,2024-06-28 13:37:00,5361.1,5364.2,5359.3,5364.2
37058,2024-06-28 13:38:00,5363.15,5366.95,5362.45,5366.95
37059,2024-06-28 13:39:00,5366.1,5368.25,5366.1,5368.0
37060,2024-06-28 13:40:00,5367.45,5367.9,5361.7,5363.75
37061,2024-06-28 13:41:00,5366.2,5367.2,5363.8,5363.8
37062,2024-06-28 13:42:00,5362.6,5366.45,5362.5,5362.5
37063,2024-06-28 13:43:00,5364.6,5366.25,5363.7,5364.25
37064,2024-06-28 13:44:00,5362.6,5364.25,5361.0,5361.5
37065,2024-06-28 13:45:00,5363.7,5363.95,5361.0,5362.6
37066,2024-06-28 13:46:00,5363.95,5364.0,5362.8,5364.0
37067,2024-06-28 13:47:00,5363.0,5364.0,5358.9,5358.9
37068,2024-06-28 13:48:00,5358.95,5359.25,5358.5,5359.25
37069,2024-06-28 13:49:00,5360.0,5360.25,5358.0,5359.8
37070,2024-06-28 13:50:00,5358.95,5360.0,5358.05,5359.05
37071,2024-06-28 13:51:00,5360.0,5366.45,5360.0,5366.45
37072,2024-06-28 13:52:00,5365.65,5368.85,5365.4,5368.85
37073,2024-06-28 13:53:00,5368.0,5368.85,5360.25,5363.3
37074,2024-06-28 13:54:00,5361.8,5363.6,5361.8,5363.15
37075,2024-06-28 13:55:00,5363.5,5369.0,5363.5,5365.0
37076,2024-06-28 13:56:00,5365.45,5371.25,5365.45,5371.25
37077,2024-06-28 13:57:00,5368.7,5372.85,5366.0,5369.65
37078,2024-06-28 13:58:00,5371.65,5378.0,5370.9,5376.2
37079,2024-06-28 13:59:00,5376.0,5378.0,5375.35,5375.6
37080,2024-06-28 14:00:00,5377.95,5379.6,5375.65,5376.15
37081,2024-06-28 14:01:00,5379.2,5379.2,5371.0,5373.85
37082,2024-06-28 14:02:00,5373.6,5375.45,5372.65,5372.65
37083,2024-06-28 14:03:00,5373.95,5378.05,5373.2,5378.05
37084,2024-06-28 14:04:00,5378.0,5378.0,5374.95,5375.0
37085,2024-06-28 14:05:00,5376.9,5376.9,5373.0,5373.3
37086,2024-06-28 14:06:00,5374.75,5375.4,5373.7,5375.35
37087,2024-06-28 14:07:00,5375.0,5375.15,5373.0,5373.6
37088,2024-06-28 14:08:00,5373.5,5373.95,5373.0,5373.0
37089,2024-06-28 14:09:00,5373.2,5373.45,5368.45,5368.8
37090,2024-06-28 14:10:00,5369.75,5374.15,5369.0,5372.7
37091,2024-06-28 14:11:00,5371.0,5375.0,5367.6,5372.05
37092,2024-06-28 14:12:00,5370.75,5375.0,5370.75,5374.8
37093,2024-06-28 14:13:00,5374.85,5376.55,5371.3,5375.0
37094,2024-06-28 14:14:00,5373.9,5374.0,5370.3,5373.9
37095,2024-06-28 14:15:00,5372.7,5376.0,5372.6,5375.05
37096,2024-06-28 14:16:00,5375.25,5375.25,5371.7,5374.3
37097,2024-06-28 14:17:00,5371.7,5375.0,5371.7,5375.0
37098,2024-06-28 14:18:00,5374.2,5377.0,5374.2,5377.0
37099,2024-06-28 14:19:00,5375.4,5377.0,5375.0,5376.95
37100,2024-06-28 14:20:00,5375.1,5377.0,5375.1,5377.0
37101,2024-06-28 14:21:00,5376.95,5377.0,5375.0,5377.0
37102,2024-06-28 14:22:00,5376.65,5379.6,5374.55,5379.6
37103,2024-06-28 14:23:00,5379.8,5384.6,5376.1,5383.0
37104,2024-06-28 14:24:00,5384.4,5388.2,5383.55,5387.35
37105,2024-06-28 14:25:00,5390.95,5394.0,5385.6,5393.05
37106,2024-06-28 14:26:00,5395.0,5399.95,5394.9,5399.95
37107,2024-06-28 14:27:00,5399.0,5400.0,5394.4,5399.0
37108,2024-06-28 14:28:00,5399.8,5400.0,5396.65,5398.05
37109,2024-06-28 14:29:00,5398.45,5400.0,5395.0,5397.7
37110,2024-06-28 14:30:00,5399.0,5399.25,5395.45,5398.9
37111,2024-06-28 14:31:00,5399.85,5400.0,5393.65,5394.65
37112,2024-06-28 14:32:00,5393.7,5395.15,5384.75,5390.0
37113,2024-06-28 14:33:00,5392.4,5395.35,5390.5,5394.25
37114,2024-06-28 14:34:00,5395.0,5396.45,5392.0,5396.45
37115,2024-06-28 14:35:00,5397.15,5399.2,5395.65,5397.1
37116,2024-06-28 14:36:00,5398.0,5399.0,5395.6,5398.5
37117,2024-06-28 14:37:00,5397.1,5400.0,5396.3,5399.65
37118,2024-06-28 14:38:00,5399.7,5401.0,5395.0,5398.4
37119,2024-06-28 14:39:00,5399.95,5400.0,5394.9,5398.05
37120,2024-06-28 14:40:00,5400.0,5404.0,5400.0,5404.0
37121,2024-06-28 14:41:00,5403.0,5405.0,5400.05,5402.0
37122,2024-06-28 14:42:00,5400.45,5403.35,5399.85,5399.85
37123,2024-06-28 14:43:00,5399.55,5401.0,5397.25,5400.0
37124,2024-06-28 14:44:00,5400.05,5403.3,5400.0,5403.3
37125,2024-06-28 14:45:00,5403.55,5403.95,5400.85,5402.6
37126,2024-06-28 14:46:00,5400.25,5402.25,5399.65,5400.0
37127,2024-06-28 14:47:00,5401.0,5401.05,5399.05,5400.0
37128,2024-06-28 14:48:00,5401.0,5401.6,5398.0,5401.1
37129,2024-06-28 14:49:00,5401.6,5403.0,5400.0,5401.0
37130,2024-06-28 14:50:00,5400.0,5402.95,5397.25,5401.9
37131,2024-06-28 14:51:00,5402.0,5402.0,5400.9,5402.0
37132,2024-06-28 14:52:00,5401.5,5403.0,5400.0,5402.2
37133,2024-06-28 14:53:00,5402.15,5402.15,5400.0,5401.4
37134,2024-06-28 14:54:00,5400.0,5401.55,5400.0,5401.1
37135,2024-06-28 14:55:00,5400.6,5401.1,5397.1,5401.0
37136,2024-06-28 14:56:00,5400.0,5400.95,5394.4,5398.25
37137,2024-06-28 14:57:00,5399.8,5400.0,5393.0,5398.75
37138,2024-06-28 14:58:00,5399.0,5401.0,5396.05,5400.0
37139,2024-06-28 14:59:00,5398.25,5398.4,5394.15,5396.9
37140,2024-06-28 15:00:00,5395.55,5396.95,5387.05,5387.05
37141,2024-06-28 15:01:00,5388.95,5388.95,5377.0,5377.0
37142,2024-06-28 15:02:00,5377.7,5377.7,5367.6,5373.25
37143,2024-06-28 15:03:00,5375.0,5375.7,5368.7,5374.1
37144,2024-06-28 15:04:00,5374.15,5374.25,5368.0,5370.0
37145,2024-06-28 15:05:00,5366.95,5368.3,5357.75,5360.35
37146,2024-06-28 15:06:00,5363.45,5363.45,5351.15,5353.25
37147,2024-06-28 15:07:00,5355.35,5358.9,5353.7,5353.75
37148,2024-06-28 15:08:00,5354.45,5356.0,5350.15,5354.85
37149,2024-06-28 15:09:00,5353.65,5360.95,5353.65,5360.9
37150,2024-06-28 15:10:00,5360.95,5360.95,5356.15,5356.45
37151,2024-06-28 15:11:00,5357.65,5363.0,5357.65,5363.0
37152,2024-06-28 15:12:00,5362.45,5364.2,5362.0,5363.15
37153,2024-06-28 15:13:00,5362.0,5362.6,5356.7,5359.6
37154,2024-06-28 15:14:00,5360.45,5365.95,5359.8,5361.2
37155,2024-06-28 15:15:00,5359.5,5361.35,5355.0,5356.15
37156,2024-06-28 15:16:00,5357.2,5357.2,5354.8,5355.05
37157,2024-06-28 15:17:00,5354.8,5359.45,5354.8,5359.45
37158,2024-06-28 15:18:00,5358.6,5360.0,5357.0,5358.4
37159,2024-06-28 15:19:00,5357.1,5372.85,5356.5,5370.3
37160,2024-06-28 15:20:00,5374.9,5380.75,5374.9,5380.0
37161,2024-06-28 15:21:00,5380.1,5383.7,5380.0,5381.25
37162,2024-06-28 15:22:00,5381.35,5381.35,5380.0,5380.05
37163,2024-06-28 15:23:00,5381.0,5383.0,5380.0,5380.05
37164,2024-06-28 15:24:00,5380.0,5384.9,5380.0,5380.0
37165,2024-06-28 15:25:00,5380.5,5381.0,5380.0,5380.3
37166,2024-06-28 15:26:00,5380.45,5396.75,5380.45,5396.75
37167,2024-06-28 15:27:00,5398.05,5402.0,5381.75,5393.95
37168,2024-06-28 15:28:00,5392.35,5450.0,5385.15,5395.0
37169,2024-06-28 15:29:00,5384.85,5395.85,5370.4,5380.0
37170,2024-07-01 09:14:00,5372.45,5372.45,5372.45,5372.45
37171,2024-07-01 09:15:00,5377.0,5398.85,5352.15,5366.35
37172,2024-07-01 09:16:00,5358.6,5385.95,5356.7,5385.95
37173,2024-07-01 09:17:00,5377.55,5390.75,5372.15,5372.45
37174,2024-07-01 09:18:00,5375.0,5379.0,5370.3,5370.3
37175,2024-07-01 09:19:00,5371.4,5378.45,5365.55,5378.45
37176,2024-07-01 09:20:00,5376.15,5387.9,5376.15,5383.65
37177,2024-07-01 09:21:00,5387.65,5391.5,5380.0,5386.2
37178,2024-07-01 09:22:00,5389.15,5393.0,5386.7,5387.15
37179,2024-07-01 09:23:00,5389.75,5392.5,5387.2,5392.5
37180,2024-07-01 09:24:00,5390.4,5398.95,5390.4,5394.65
37181,2024-07-01 09:25:00,5393.0,5396.95,5391.15,5393.2
37182,2024-07-01 09:26:00,5394.45,5396.85,5390.0,5390.0
37183,2024-07-01 09:27:00,5390.05,5392.5,5390.05,5392.5
37184,2024-07-01 09:28:00,5392.0,5395.5,5392.0,5392.5
37185,2024-07-01 09:29:00,5391.2,5398.05,5391.2,5397.5
37186,2024-07-01 09:30:00,5396.45,5397.1,5391.8,5392.0
37187,2024-07-01 09:31:00,5395.0,5404.95,5394.65,5404.95
37188,2024-07-01 09:32:00,5402.35,5410.0,5402.35,5410.0
37189,2024-07-01 09:33:00,5407.95,5414.0,5407.95,5410.0
37190,2024-07-01 09:34:00,5408.15,5414.0,5406.35,5410.0
37191,2024-07-01 09:35:00,5410.6,5412.15,5408.2,5412.15
37192,2024-07-01 09:36:00,5408.25,5412.7,5405.05,5407.5
37193,2024-07-01 09:37:00,5407.65,5411.0,5407.0,5411.0
37194,2024-07-01 09:38:00,5410.95,5413.5,5408.0,5413.0
37195,2024-07-01 09:39:00,5412.95,5422.75,5412.0,5420.0
37196,2024-07-01 09:40:00,5419.25,5422.0,5417.0,5420.2
37197,2024-07-01 09:41:00,5421.8,5422.35,5417.3,5420.2
37198,2024-07-01 09:42:00,5421.95,5424.95,5420.0,5422.0
37199,2024-07-01 09:43:00,5427.0,5430.95,5425.65,5430.95
37200,2024-07-01 09:44:00,5431.0,5431.0,5425.0,5429.8
37201,2024-07-01 09:45:00,5430.0,5430.0,5422.0,5425.15
37202,2024-07-01 09:46:00,5426.0,5430.0,5422.95,5425.0
37203,2024-07-01 09:47:00,5421.95,5425.45,5418.65,5418.65
37204,2024-07-01 09:48:00,5424.3,5424.7,5415.75,5418.55
37205,2024-07-01 09:49:00,5421.7,5422.95,5416.55,5421.15
37206,2024-07-01 09:50:00,5420.95,5423.0,5416.1,5419.0
37207,2024-07-01 09:51:00,5418.95,5423.0,5418.0,5423.0
37208,2024-07-01 09:52:00,5420.55,5423.0,5420.0,5422.0
37209,2024-07-01 09:53:00,5422.95,5423.0,5420.1,5420.55
37210,2024-07-01 09:54:00,5424.85,5426.0,5420.95,5426.0
37211,2024-07-01 09:55:00,5427.0,5428.0,5425.0,5426.7
37212,2024-07-01 09:56:00,5428.0,5430.0,5421.05,5421.05
37213,2024-07-01 09:57:00,5423.5,5429.95,5422.15,5422.15
37214,2024-07-01 09:58:00,5425.1,5434.8,5423.55,5429.55
37215,2024-07-01 09:59:00,5429.5,5430.0,5423.45,5423.45
37216,2024-07-01 10:00:00,5424.5,5425.0,5420.0,5420.0
37217,2024-07-01 10:01:00,5418.55,5426.2,5417.0,5418.0
37218,2024-07-01 10:02:00,5419.65,5420.0,5417.0,5419.3
37219,2024-07-01 10:03:00,5419.6,5431.25,5417.0,5431.25
37220,2024-07-01 10:04:00,5431.95,5434.5,5428.55,5431.95
37221,2024-07-01 10:05:00,5431.55,5444.0,5431.55,5440.1
37222,2024-07-01 10:06:00,5437.5,5443.5,5437.5,5441.0
37223,2024-07-01 10:07:00,5442.0,5448.0,5441.0,5445.2
37224,2024-07-01 10:08:00,5446.5,5448.0,5436.15,5437.05
37225,2024-07-01 10:09:00,5437.3,5448.0,5437.3,5447.0
37226,2024-07-01 10:10:00,5448.0,5453.0,5447.0,5450.35
37227,2024-07-01 10:11:00,5450.55,5458.0,5450.55,5456.0
37228,2024-07-01 10:12:00,5458.0,5461.0,5454.85,5459.0
37229,2024-07-01 10:13:00,5459.05,5463.8,5458.0,5461.95
37230,2024-07-01 10:14:00,5462.0,5464.95,5452.2,5454.95
37231,2024-07-01 10:15:00,5453.0,5462.65,5452.45,5460.0
37232,2024-07-01 10:16:00,5462.0,5462.15,5457.65,5458.25
37233,2024-07-01 10:17:00,5461.0,5464.9,5458.05,5462.9
37234,2024-07-01 10:18:00,5463.4,5469.8,5460.6,5466.0
37235,2024-07-01 10:19:00,5464.9,5468.0,5463.7,5468.0
37236,2024-07-01 10:20:00,5466.3,5472.7,5465.05,5471.2
37237,2024-07-01 10:21:00,5472.7,5474.0,5470.0,5472.65
37238,2024-07-01 10:22:00,5470.65,5472.7,5466.0,5468.65
37239,2024-07-01 10:23:00,5466.45,5471.85,5466.45,5471.85
37240,2024-07-01 10:24:00,5470.05,5477.0,5470.0,5474.0
37241,2024-07-01 10:25:00,5475.05,5489.0,5472.6,5488.5
37242,2024-07-01 10:26:00,5488.0,5492.4,5486.05,5492.0
37243,2024-07-01 10:27:00,5492.35,5496.6,5486.5,5490.0
37244,2024-07-01 10:28:00,5489.6,5494.05,5486.0,5489.75
37245,2024-07-01 10:29:00,5488.5,5490.2,5485.05,5485.6
37246,2024-07-01 10:30:00,5488.45,5496.3,5488.45,5492.2
37247,2024-07-01 10:31:00,5492.25,5496.0,5492.2,5495.0
37248,2024-07-01 10:32:00,5493.2,5496.0,5492.6,5494.7
37249,2024-07-01 10:33:00,5493.45,5499.45,5492.2,5495.0
37250,2024-07-01 10:34:00,5493.45,5499.0,5490.0,5497.0
37251,2024-07-01 10:35:00,5495.95,5499.0,5494.95,5495.35
37252,2024-07-01 10:36:00,5496.95,5496.95,5488.0,5488.05
37253,2024-07-01 10:37:00,5486.75,5494.7,5486.35,5490.25
37254,2024-07-01 10:38:00,5490.05,5490.25,5487.0,5487.95
37255,2024-07-01 10:39:00,5487.0,5488.0,5478.4,5478.4
37256,2024-07-01 10:40:00,5481.35,5487.95,5479.05,5481.75
37257,2024-07-01 10:41:00,5481.8,5490.0,5481.8,5488.0
37258,2024-07-01 10:42:00,5489.75,5494.75,5488.05,5491.85
37259,2024-07-01 10:43:00,5492.55,5493.9,5488.25,5492.2
37260,2024-07-01 10:44:00,5493.75,5493.85,5490.4,5492.15
37261,2024-07-01 10:45:00,5490.95,5497.0,5490.95,5497.0
37262,2024-07-01 10:46:00,5499.0,5499.95,5496.85,5498.95
37263,2024-07-01 10:47:00,5499.0,5499.95,5497.0,5497.0
37264,2024-07-01 10:48:00,5497.6,5505.15,5497.15,5505.15
37265,2024-07-01 10:49:00,5505.2,5509.9,5504.5,5506.5
37266,2024-07-01 10:50:00,5506.65,5509.95,5500.0,5500.0
37267,2024-07-01 10:51:00,5501.7,5501.95,5494.3,5496.25
37268,2024-07-01 10:52:00,5495.1,5503.5,5495.1,5502.0
37269,2024-07-01 10:53:00,5501.65,5507.5,5500.1,5503.7
37270,2024-07-01 10:54:00,5506.65,5507.95,5502.2,5505.0
37271,2024-07-01 10:55:00,5505.5,5515.0,5504.4,5513.85
37272,2024-07-01 10:56:00,5513.8,5513.8,5505.75,5509.0
37273,2024-07-01 10:57:00,5507.0,5509.55,5506.05,5508.95
37274,2024-07-01 10:58:00,5509.0,5510.0,5506.8,5508.5
37275,2024-07-01 10:59:00,5509.85,5509.85,5505.0,5505.05
37276,2024-07-01 11:00:00,5505.0,5510.0,5504.25,5508.3
37277,2024-07-01 11:01:00,5507.95,5508.8,5505.4,5505.7
37278,2024-07-01 11:02:00,5507.4,5508.85,5505.05,5505.5
37279,2024-07-01 11:03:00,5507.85,5509.0,5503.6,5503.6
37280,2024-07-01 11:04:00,5505.75,5505.75,5492.2,5492.95
37281,2024-07-01 11:05:00,5493.0,5501.85,5493.0,5500.1
37282,2024-07-01 11:06:00,5500.0,5501.8,5492.2,5492.55
37283,2024-07-01 11:07:00,5491.5,5495.9,5487.6,5490.15
37284,2024-07-01 11:08:00,5490.2,5497.35,5488.0,5494.8
37285,2024-07-01 11:09:00,5494.2,5495.3,5492.2,5493.05
37286,2024-07-01 11:10:00,5493.1,5499.0,5492.2,5498.85
37287,2024-07-01 11:11:00,5497.7,5500.0,5496.1,5496.1
37288,2024-07-01 11:12:00,5497.8,5497.8,5492.2,5493.0
37289,2024-07-01 11:13:00,5492.25,5500.0,5492.25,5500.0
37290,2024-07-01 11:14:00,5498.4,5506.0,5498.4,5504.9
37291,2024-07-01 11:15:00,5505.0,5507.9,5500.85,5505.0
37292,2024-07-01 11:16:00,5505.05,5505.05,5500.0,5500.0
37293,2024-07-01 11:17:00,5498.15,5502.0,5497.0,5497.05
37294,2024-07-01 11:18:00,5498.5,5500.0,5490.8,5490.85
37295,2024-07-01 11:19:00,5490.9,5492.35,5483.05,5490.5
37296,2024-07-01 11:20:00,5490.75,5490.75,5486.6,5487.95
37297,2024-07-01 11:21:00,5489.8,5490.0,5485.7,5489.0
37298,2024-07-01 11:22:00,5488.95,5490.0,5488.0,5490.0
37299,2024-07-01 11:23:00,5489.4,5490.0,5489.0,5489.05
37300,2024-07-01 11:24:00,5489.0,5497.45,5487.0,5489.0
37301,2024-07-01 11:25:00,5489.05,5490.0,5487.0,5489.1
37302,2024-07-01 11:26:00,5490.0,5490.0,5480.0,5483.95
37303,2024-07-01 11:27:00,5484.0,5488.1,5480.35,5485.0
37304,2024-07-01 11:28:00,5485.95,5493.45,5484.2,5490.7
37305,2024-07-01 11:29:00,5490.75,5495.0,5490.75,5493.15
37306,2024-07-01 11:30:00,5494.9,5495.0,5489.1,5494.8
37307,2024-07-01 11:31:00,5494.75,5494.75,5490.0,5490.4
37308,2024-07-01 11:32:00,5492.0,5494.4,5490.25,5492.0
37309,2024-07-01 11:33:00,5494.3,5495.0,5491.4,5495.0
37310,2024-07-01 11:34:00,5493.0,5495.0,5490.0,5492.0
37311,2024-07-01 11:35:00,5490.2,5490.2,5484.75,5488.9
37312,2024-07-01 11:36:00,5488.95,5492.65,5486.55,5489.0
37313,2024-07-01 11:37:00,5487.1,5493.0,5487.1,5492.35
37314,2024-07-01 11:38:00,5492.2,5495.0,5492.2,5494.5
37315,2024-07-01 11:39:00,5495.0,5495.0,5493.65,5495.0
37316,2024-07-01 11:40:00,5494.0,5497.65,5492.65,5495.0
37317,2024-07-01 11:41:00,5493.0,5495.0,5492.2,5493.0
37318,2024-07-01 11:42:00,5492.3,5497.15,5492.3,5497.15
37319,2024-07-01 11:43:00,5494.4,5498.0,5494.25,5494.95
37320,2024-07-01 11:44:00,5497.35,5498.0,5494.0,5496.6
37321,2024-07-01 11:45:00,5495.9,5496.95,5493.0,5493.0
37322,2024-07-01 11:46:00,5493.05,5495.0,5487.0,5487.0
37323,2024-07-01 11:47:00,5487.05,5490.0,5483.0,5485.6
37324,2024-07-01 11:48:00,5486.95,5488.75,5482.1,5488.75
37325,2024-07-01 11:49:00,5488.8,5489.75,5484.1,5488.45
37326,2024-07-01 11:50:00,5488.7,5495.0,5487.4,5493.0
37327,2024-07-01 11:51:00,5492.5,5495.0,5491.05,5494.9
37328,2024-07-01 11:52:00,5494.75,5495.25,5492.2,5493.15
37329,2024-07-01 11:53:00,5495.0,5495.0,5492.2,5494.25
37330,2024-07-01 11:54:00,5492.3,5495.0,5492.2,5494.5
37331,2024-07-01 11:55:00,5495.0,5495.5,5492.85,5494.95
37332,2024-07-01 11:56:00,5492.9,5495.2,5492.9,5495.0
37333,2024-07-01 11:57:00,5494.95,5495.25,5492.55,5495.0
37334,2024-07-01 11:58:00,5494.9,5495.2,5491.8,5493.7
37335,2024-07-01 11:59:00,5493.05,5495.25,5492.85,5495.25
37336,2024-07-01 12:00:00,5495.0,5495.25,5492.2,5494.4
37337,2024-07-01 12:01:00,5494.65,5495.25,5492.6,5495.0
37338,2024-07-01 12:02:00,5493.15,5495.5,5493.15,5495.0
37339,2024-07-01 12:03:00,5493.3,5495.25,5493.15,5494.7
37340,2024-07-01 12:04:00,5494.75,5495.25,5492.2,5492.4
37341,2024-07-01 12:05:00,5493.05,5495.5,5493.0,5495.0
37342,2024-07-01 12:06:00,5494.6,5495.25,5494.3,5495.0
37343,2024-07-01 12:07:00,5493.55,5509.0,5493.55,5499.1
37344,2024-07-01 12:08:00,5498.05,5500.25,5498.05,5499.8
37345,2024-07-01 12:09:00,5500.0,5509.0,5499.8,5507.1
37346,2024-07-01 12:10:00,5507.9,5508.0,5502.0,5505.25
37347,2024-07-01 12:11:00,5504.25,5505.0,5502.0,5503.95
37348,2024-07-01 12:12:00,5502.95,5502.95,5497.15,5499.95
37349,2024-07-01 12:13:00,5497.95,5500.0,5493.1,5494.9
37350,2024-07-01 12:14:00,5492.35,5495.25,5492.2,5495.0
37351,2024-07-01 12:15:00,5492.95,5495.0,5492.6,5494.75
37352,2024-07-01 12:16:00,5494.7,5495.0,5492.2,5494.4
37353,2024-07-01 12:17:00,5492.2,5495.25,5492.2,5494.9
37354,2024-07-01 12:18:00,5495.0,5495.0,5492.2,5495.0
37355,2024-07-01 12:19:00,5493.1,5495.25,5492.2,5494.8
37356,2024-07-01 12:20:00,5492.95,5495.55,5492.2,5495.0
37357,2024-07-01 12:21:00,5493.85,5495.5,5492.95,5495.0
37358,2024-07-01 12:22:00,5493.75,5495.5,5492.6,5495.0
37359,2024-07-01 12:23:00,5493.0,5495.25,5492.3,5495.25
37360,2024-07-01 12:24:00,5495.0,5495.25,5492.75,5495.0
37361,2024-07-01 12:25:00,5493.1,5495.1,5492.8,5495.0
37362,2024-07-01 12:26:00,5493.3,5503.4,5492.85,5503.25
37363,2024-07-01 12:27:00,5503.6,5517.35,5503.3,5514.65
37364,2024-07-01 12:28:00,5514.7,5517.65,5509.95,5512.35
37365,2024-07-01 12:29:00,5513.0,5516.8,5511.25,5515.35
37366,2024-07-01 12:30:00,5515.4,5524.0,5515.35,5523.0
37367,2024-07-01 12:31:00,5523.8,5525.0,5517.9,5523.95
37368,2024-07-01 12:32:00,5524.95,5527.55,5522.35,5526.15
37369,2024-07-01 12:33:00,5525.0,5527.35,5517.0,5517.0
37370,2024-07-01 12:34:00,5518.35,5522.05,5516.25,5519.85
37371,2024-07-01 12:35:00,5517.1,5519.95,5512.05,5517.4
37372,2024-07-01 12:36:00,5514.7,5517.3,5508.0,5512.25
37373,2024-07-01 12:37:00,5512.3,5518.95,5512.0,5518.75
37374,2024-07-01 12:38:00,5517.8,5521.75,5516.0,5519.0
37375,2024-07-01 12:39:00,5519.1,5521.0,5518.0,5520.2
37376,2024-07-01 12:40:00,5519.55,5521.1,5518.0,5519.6
37377,2024-07-01 12:41:00,5520.0,5522.0,5518.1,5521.25
37378,2024-07-01 12:42:00,5520.35,5524.65,5518.1,5524.6
37379,2024-07-01 12:43:00,5524.9,5524.9,5518.25,5518.55
37380,2024-07-01 12:44:00,5518.75,5522.15,5512.8,5520.0
37381,2024-07-01 12:45:00,5517.85,5519.3,5512.0,5519.3
37382,2024-07-01 12:46:00,5517.4,5520.0,5512.95,5516.0
37383,2024-07-01 12:47:00,5514.2,5519.85,5514.2,5517.05
37384,2024-07-01 12:48:00,5517.5,5517.5,5512.0,5512.1
37385,2024-07-01 12:49:00,5512.0,5512.4,5508.0,5511.25
37386,2024-07-01 12:50:00,5511.5,5518.45,5501.9,5510.45
37387,2024-07-01 12:51:00,5513.15,5514.2,5508.0,5510.1
37388,2024-07-01 12:52:00,5509.0,5514.45,5508.25,5514.45
37389,2024-07-01 12:53:00,5512.75,5520.0,5512.75,5519.4
37390,2024-07-01 12:54:00,5519.35,5522.15,5515.75,5522.0
37391,2024-07-01 12:55:00,5521.8,5524.85,5520.0,5524.55
37392,2024-07-01 12:56:00,5524.0,5524.6,5518.5,5523.0
37393,2024-07-01 12:57:00,5521.6,5522.95,5517.0,5518.95
37394,2024-07-01 12:58:00,5517.75,5522.5,5516.3,5520.0
37395,2024-07-01 12:59:00,5520.45,5525.35,5518.0,5521.8
37396,2024-07-01 13:00:00,5525.0,5531.65,5525.0,5530.45
37397,2024-07-01 13:01:00,5530.5,5531.25,5530.0,5531.25
37398,2024-07-01 13:02:00,5532.0,5535.2,5530.2,5532.55
37399,2024-07-01 13:03:00,5532.5,5537.0,5532.5,5535.4
37400,2024-07-01 13:04:00,5535.9,5536.3,5534.7,5535.0
37401,2024-07-01 13:05:00,5535.1,5536.25,5530.1,5535.0
37402,2024-07-01 13:06:00,5534.3,5535.95,5526.15,5535.05
37403,2024-07-01 13:07:00,5535.0,5535.3,5529.05,5535.0
37404,2024-07-01 13:08:00,5535.05,5541.0,5535.0,5538.7
37405,2024-07-01 13:09:00,5540.05,5545.0,5537.25,5541.8
37406,2024-07-01 13:10:00,5541.35,5543.85,5538.35,5540.75
37407,2024-07-01 13:11:00,5540.7,5550.0,5540.7,5544.25
37408,2024-07-01 13:12:00,5543.9,5544.0,5540.05,5540.85
37409,2024-07-01 13:13:00,5540.9,5544.5,5540.6,5542.05
37410,2024-07-01 13:14:00,5542.9,5542.9,5532.3,5535.7
37411,2024-07-01 13:15:00,5536.5,5536.55,5524.9,5528.05
37412,2024-07-01 13:16:00,5528.0,5529.4,5522.75,5527.05
37413,2024-07-01 13:17:00,5527.2,5528.65,5523.7,5528.65
37414,2024-07-01 13:18:00,5528.5,5533.8,5526.15,5533.0
37415,2024-07-01 13:19:00,5531.0,5535.1,5528.25,5530.75
37416,2024-07-01 13:20:00,5531.4,5535.05,5529.05,5529.1
37417,2024-07-01 13:21:00,5528.7,5529.7,5520.2,5520.85
37418,2024-07-01 13:22:00,5524.05,5524.05,5515.5,5517.9
37419,2024-07-01 13:23:00,5518.95,5522.2,5516.75,5519.5
37420,2024-07-01 13:24:00,5520.9,5522.45,5515.6,5519.5
37421,2024-07-01 13:25:00,5519.6,5521.3,5517.6,5518.6
37422,2024-07-01 13:26:00,5518.7,5519.65,5510.1,5514.3
37423,2024-07-01 13:27:00,5512.05,5528.0,5512.0,5526.95
37424,2024-07-01 13:28:00,5530.2,5535.05,5526.6,5530.05
37425,2024-07-01 13:29:00,5530.0,5537.0,5530.0,5535.0
37426,2024-07-01 13:30:00,5535.95,5537.0,5535.0,5535.0
37427,2024-07-01 13:31:00,5535.05,5537.15,5531.3,5537.15
37428,2024-07-01 13:32:00,5535.0,5537.0,5531.9,5536.0
37429,2024-07-01 13:33:00,5535.65,5542.0,5535.0,5542.0
37430,2024-07-01 13:34:00,5541.95,5549.95,5536.3,5541.75
37431,2024-07-01 13:35:00,5540.1,5540.55,5526.4,5527.95
37432,2024-07-01 13:36:00,5526.5,5532.05,5525.2,5532.05
37433,2024-07-01 13:37:00,5532.0,5533.8,5525.9,5526.0
37434,2024-07-01 13:38:00,5526.05,5529.1,5524.35,5526.25
37435,2024-07-01 13:39:00,5526.3,5529.0,5523.0,5528.4
37436,2024-07-01 13:40:00,5528.45,5529.15,5526.1,5527.05
37437,2024-07-01 13:41:00,5526.05,5528.75,5525.1,5528.75
37438,2024-07-01 13:42:00,5529.5,5529.5,5524.0,5524.2
37439,2024-07-01 13:43:00,5524.1,5524.55,5520.0,5520.15
37440,2024-07-01 13:44:00,5520.95,5523.9,5520.1,5521.1
37441,2024-07-01 13:45:00,5520.4,5523.1,5514.4,5514.7
37442,2024-07-01 13:46:00,5512.7,5513.6,5508.4,5509.05
37443,2024-07-01 13:47:00,5508.4,5509.05,5502.5,5503.3
37444,2024-07-01 13:48:00,5504.9,5507.45,5492.45,5496.6
37445,2024-07-01 13:49:00,5500.0,5500.0,5495.05,5498.1
37446,2024-07-01 13:50:00,5496.0,5500.0,5496.0,5499.95
37447,2024-07-01 13:51:00,5499.9,5499.95,5488.0,5493.35
37448,2024-07-01 13:52:00,5493.05,5495.95,5491.05,5494.3
37449,2024-07-01 13:53:00,5494.65,5495.0,5490.45,5492.4
37450,2024-07-01 13:54:00,5492.35,5492.35,5486.05,5488.0
37451,2024-07-01 13:55:00,5489.0,5492.65,5487.95,5489.9
37452,2024-07-01 13:56:00,5489.85,5489.9,5484.65,5485.0
37453,2024-07-01 13:57:00,5484.8,5488.6,5481.2,5482.2
37454,2024-07-01 13:58:00,5482.25,5489.95,5481.0,5488.7
37455,2024-07-01 13:59:00,5490.0,5497.0,5489.0,5497.0
37456,2024-07-01 14:00:00,5495.85,5495.85,5491.2,5495.75
37457,2024-07-01 14:01:00,5495.8,5501.4,5495.1,5497.9
37458,2024-07-01 14:02:00,5497.85,5498.85,5485.95,5492.8
37459,2024-07-01 14:03:00,5494.25,5495.0,5489.0,5493.25
37460,2024-07-01 14:04:00,5492.95,5493.15,5485.0,5486.6
37461,2024-07-01 14:05:00,5488.45,5492.55,5486.7,5492.55
37462,2024-07-01 14:06:00,5491.75,5493.5,5486.0,5487.7
37463,2024-07-01 14:07:00,5487.5,5491.4,5486.05,5488.3
37464,2024-07-01 14:08:00,5487.15,5490.9,5474.0,5477.35
37465,2024-07-01 14:09:00,5477.1,5480.05,5474.35,5475.35
37466,2024-07-01 14:10:00,5475.25,5478.9,5472.95,5474.9
37467,2024-07-01 14:11:00,5474.95,5475.65,5472.0,5475.65
37468,2024-07-01 14:12:00,5475.45,5475.75,5472.4,5473.65
37469,2024-07-01 14:13:00,5473.6,5474.8,5471.4,5474.8
37470,2024-07-01 14:14:00,5473.0,5473.05,5464.55,5464.85
37471,2024-07-01 14:15:00,5465.0,5465.75,5453.2,5457.7
37472,2024-07-01 14:16:00,5457.25,5460.0,5456.0,5457.45
37473,2024-07-01 14:17:00,5456.05,5458.0,5453.2,5457.45
37474,2024-07-01 14:18:00,5454.1,5458.3,5450.65,5450.65
37475,2024-07-01 14:19:00,5451.05,5454.95,5450.0,5453.0
37476,2024-07-01 14:20:00,5453.85,5460.35,5453.4,5457.5
37477,2024-07-01 14:21:00,5456.0,5460.8,5454.8,5458.5
37478,2024-07-01 14:22:00,5459.85,5460.3,5455.2,5458.2
37479,2024-07-01 14:23:00,5457.0,5460.0,5451.6,5454.35
37480,2024-07-01 14:24:00,5455.1,5455.85,5450.6,5454.9
37481,2024-07-01 14:25:00,5453.65,5454.45,5440.0,5440.85
37482,2024-07-01 14:26:00,5442.0,5446.6,5440.0,5443.0
37483,2024-07-01 14:27:00,5442.55,5448.95,5440.25,5445.55
37484,2024-07-01 14:28:00,5448.15,5449.7,5444.8,5448.3
37485,2024-07-01 14:29:00,5446.25,5450.0,5444.1,5444.15
37486,2024-07-01 14:30:00,5444.25,5452.3,5444.25,5451.95
37487,2024-07-01 14:31:00,5451.5,5464.45,5451.5,5463.2
37488,2024-07-01 14:32:00,5465.0,5470.55,5460.0,5469.1
37489,2024-07-01 14:33:00,5467.3,5473.85,5467.3,5471.95
37490,2024-07-01 14:34:00,5474.35,5474.35,5468.0,5471.35
37491,2024-07-01 14:35:00,5471.65,5476.15,5471.0,5476.15
37492,2024-07-01 14:36:00,5476.6,5479.6,5473.45,5479.5
37493,2024-07-01 14:37:00,5480.0,5481.25,5474.0,5474.0
37494,2024-07-01 14:38:00,5475.75,5482.0,5475.05,5481.0
37495,2024-07-01 14:39:00,5480.95,5484.25,5480.0,5482.55
37496,2024-07-01 14:40:00,5484.4,5487.8,5480.6,5486.75
37497,2024-07-01 14:41:00,5486.8,5489.85,5485.1,5489.6
37498,2024-07-01 14:42:00,5490.0,5492.75,5488.0,5492.75
37499,2024-07-01 14:43:00,5491.05,5493.1,5484.6,5486.2
37500,2024-07-01 14:44:00,5488.4,5492.95,5486.0,5490.55
37501,2024-07-01 14:45:00,5490.75,5493.0,5490.55,5493.0
37502,2024-07-01 14:46:00,5492.4,5494.45,5488.0,5490.05
37503,2024-07-01 14:47:00,5492.0,5492.7,5490.05,5491.2
37504,2024-07-01 14:48:00,5491.0,5491.2,5484.05,5487.8
37505,2024-07-01 14:49:00,5487.35,5487.8,5477.0,5479.25
37506,2024-07-01 14:50:00,5480.15,5489.55,5480.15,5487.8
37507,2024-07-01 14:51:00,5488.05,5488.5,5477.2,5477.2
37508,2024-07-01 14:52:00,5477.75,5480.0,5477.55,5479.65
37509,2024-07-01 14:53:00,5479.7,5480.0,5475.0,5475.35
37510,2024-07-01 14:54:00,5475.0,5478.8,5473.0,5476.2
37511,2024-07-01 14:55:00,5478.95,5480.0,5474.65,5478.15
37512,2024-07-01 14:56:00,5478.2,5480.0,5478.0,5479.25
37513,2024-07-01 14:57:00,5479.2,5479.25,5472.15,5477.1
37514,2024-07-01 14:58:00,5475.65,5477.8,5470.0,5472.9
37515,2024-07-01 14:59:00,5470.0,5472.95,5463.25,5468.55
37516,2024-07-01 15:00:00,5470.0,5474.05,5466.8,5470.1
37517,2024-07-01 15:01:00,5470.6,5471.95,5458.0,5458.65
37518,2024-07-01 15:02:00,5460.4,5468.0,5460.4,5463.95
37519,2024-07-01 15:03:00,5464.8,5464.8,5457.05,5463.6
37520,2024-07-01 15:04:00,5462.35,5462.95,5455.55,5455.85
37521,2024-07-01 15:05:00,5455.9,5459.95,5453.2,5455.5
37522,2024-07-01 15:06:00,5456.1,5456.85,5449.85,5452.6
37523,2024-07-01 15:07:00,5452.35,5456.85,5450.65,5456.85
37524,2024-07-01 15:08:00,5455.45,5458.05,5445.65,5448.9
37525,2024-07-01 15:09:00,5446.5,5457.65,5445.9,5457.6
37526,2024-07-01 15:10:00,5456.05,5457.6,5449.05,5450.0
37527,2024-07-01 15:11:00,5449.65,5452.1,5446.95,5448.7
37528,2024-07-01 15:12:00,5449.6,5451.1,5446.45,5449.0
37529,2024-07-01 15:13:00,5448.3,5449.0,5445.25,5447.0
37530,2024-07-01 15:14:00,5447.45,5453.1,5445.05,5452.45
37531,2024-07-01 15:15:00,5452.35,5456.95,5448.05,5448.15
37532,2024-07-01 15:16:00,5448.2,5450.15,5439.05,5445.95
37533,2024-07-01 15:17:00,5445.25,5445.25,5439.1,5443.25
37534,2024-07-01 15:18:00,5445.8,5445.85,5439.0,5440.5
37535,2024-07-01 15:19:00,5442.95,5443.15,5440.0,5442.25
37536,2024-07-01 15:20:00,5442.65,5448.9,5438.05,5440.0
37537,2024-07-01 15:21:00,5439.3,5450.25,5439.3,5440.0
37538,2024-07-01 15:22:00,5439.95,5441.55,5439.75,5440.0
37539,2024-07-01 15:23:00,5439.95,5443.05,5439.05,5440.0
37540,2024-07-01 15:24:00,5439.95,5443.2,5439.35,5439.5
37541,2024-07-01 15:25:00,5440.0,5442.0,5439.75,5442.0
37542,2024-07-01 15:26:00,5440.0,5447.6,5439.8,5443.05
37543,2024-07-01 15:27:00,5439.9,5443.6,5439.9,5440.35
37544,2024-07-01 15:28:00,5439.9,5443.15,5438.45,5440.0
37545,2024-07-01 15:29:00,5438.5,5443.1,5437.5,5440.0
37546,2024-07-02 09:14:00,5450.05,5450.05,5450.05,5450.05
37547,2024-07-02 09:15:00,5456.3,5486.55,5434.9,5465.15
37548,2024-07-02 09:16:00,5466.0,5474.85,5450.3,5455.15
37549,2024-07-02 09:17:00,5456.9,5462.1,5451.3,5458.5
37550,2024-07-02 09:18:00,5462.9,5465.0,5451.35,5459.25
37551,2024-07-02 09:19:00,5462.95,5472.5,5459.05,5463.9
37552,2024-07-02 09:20:00,5466.95,5470.6,5460.0,5466.15
37553,2024-07-02 09:21:00,5463.9,5467.15,5458.0,5458.0
37554,2024-07-02 09:22:00,5461.2,5477.95,5456.0,5474.65
37555,2024-07-02 09:23:00,5474.85,5477.0,5469.05,5477.0
37556,2024-07-02 09:24:00,5475.95,5477.0,5470.7,5472.2
37557,2024-07-02 09:25:00,5470.5,5475.0,5463.15,5465.9
37558,2024-07-02 09:26:00,5463.15,5465.75,5456.9,5459.75
37559,2024-07-02 09:27:00,5456.2,5456.9,5450.25,5451.75
37560,2024-07-02 09:28:00,5450.25,5456.0,5444.35,5450.8
37561,2024-07-02 09:29:00,5448.15,5449.3,5437.8,5438.0
37562,2024-07-02 09:30:00,5440.65,5441.55,5430.05,5431.3
37563,2024-07-02 09:31:00,5433.0,5433.35,5427.0,5427.8
37564,2024-07-02 09:32:00,5429.3,5431.2,5426.0,5427.95
37565,2024-07-02 09:33:00,5427.0,5428.35,5418.1,5420.3
37566,2024-07-02 09:34:00,5423.0,5428.25,5420.3,5426.15
37567,2024-07-02 09:35:00,5430.75,5441.95,5430.0,5441.0
37568,2024-07-02 09:36:00,5440.0,5446.3,5438.05,5445.2
37569,2024-07-02 09:37:00,5442.1,5445.1,5440.0,5443.05
37570,2024-07-02 09:38:00,5450.0,5452.0,5440.25,5440.25
37571,2024-07-02 09:39:00,5441.7,5444.6,5440.0,5441.95
37572,2024-07-02 09:40:00,5445.0,5446.65,5440.9,5440.9
37573,2024-07-02 09:41:00,5440.7,5443.6,5440.0,5440.95
37574,2024-07-02 09:42:00,5440.0,5444.85,5440.0,5444.1
37575,2024-07-02 09:43:00,5444.05,5446.0,5442.15,5442.15
37576,2024-07-02 09:44:00,5444.1,5444.3,5440.15,5440.15
37577,2024-07-02 09:45:00,5442.75,5442.75,5440.0,5440.0
37578,2024-07-02 09:46:00,5437.0,5440.25,5435.0,5438.0
37579,2024-07-02 09:47:00,5436.5,5450.0,5436.5,5448.75
37580,2024-07-02 09:48:00,5451.0,5459.9,5448.8,5456.95
37581,2024-07-02 09:49:00,5454.5,5461.3,5454.5,5461.3
37582,2024-07-02 09:50:00,5461.9,5478.0,5460.15,5478.0
37583,2024-07-02 09:51:00,5478.9,5479.9,5472.8,5478.0
37584,2024-07-02 09:52:00,5479.0,5485.4,5478.1,5482.75
37585,2024-07-02 09:53:00,5482.9,5488.55,5482.9,5488.0
37586,2024-07-02 09:54:00,5488.55,5491.9,5480.0,5480.0
37587,2024-07-02 09:55:00,5482.5,5484.5,5480.05,5482.95
37588,2024-07-02 09:56:00,5480.05,5487.0,5480.0,5484.3
37589,2024-07-02 09:57:00,5488.35,5492.0,5482.6,5490.05
37590,2024-07-02 09:58:00,5489.1,5494.0,5488.0,5492.0
37591,2024-07-02 09:59:00,5494.0,5494.0,5486.95,5492.0
37592,2024-07-02 10:00:00,5489.55,5493.4,5483.9,5489.95
37593,2024-07-02 10:01:00,5490.6,5495.0,5487.7,5494.6
37594,2024-07-02 10:02:00,5491.55,5494.2,5484.7,5484.7
37595,2024-07-02 10:03:00,5486.0,5495.9,5484.7,5486.15
37596,2024-07-02 10:04:00,5486.0,5493.45,5486.0,5490.0
37597,2024-07-02 10:05:00,5488.1,5489.5,5481.1,5481.1
37598,2024-07-02 10:06:00,5480.0,5487.75,5480.0,5487.75
37599,2024-07-02 10:07:00,5485.15,5488.55,5483.2,5488.15
37600,2024-07-02 10:08:00,5487.5,5487.5,5480.0,5484.95
37601,2024-07-02 10:09:00,5482.6,5495.95,5482.35,5495.0
37602,2024-07-02 10:10:00,5493.5,5502.0,5493.5,5500.8
37603,2024-07-02 10:11:00,5501.85,5510.45,5501.85,5508.95
37604,2024-07-02 10:12:00,5506.9,5515.4,5506.9,5511.0
37605,2024-07-02 10:13:00,5512.0,5519.0,5509.05,5518.85
37606,2024-07-02 10:14:00,5515.5,5519.0,5513.0,5513.0
37607,2024-07-02 10:15:00,5512.0,5514.0,5510.85,5511.0
37608,2024-07-02 10:16:00,5513.0,5516.0,5507.7,5514.45
37609,2024-07-02 10:17:00,5518.85,5523.0,5515.15,5518.55
37610,2024-07-02 10:18:00,5521.2,5521.2,5515.0,5515.0
37611,2024-07-02 10:19:00,5516.95,5525.0,5515.0,5522.6
37612,2024-07-02 10:20:00,5524.85,5530.0,5520.0,5530.0
37613,2024-07-02 10:21:00,5528.95,5535.0,5522.05,5524.95
37614,2024-07-02 10:22:00,5525.85,5533.35,5522.6,5529.6
37615,2024-07-02 10:23:00,5529.9,5532.5,5525.4,5530.0
37616,2024-07-02 10:24:00,5531.9,5532.0,5529.55,5531.9
37617,2024-07-02 10:25:00,5531.95,5532.1,5527.45,5530.9
37618,2024-07-02 10:26:00,5531.0,5538.1,5530.8,5538.1
37619,2024-07-02 10:27:00,5539.0,5540.0,5533.95,5535.7
37620,2024-07-02 10:28:00,5533.7,5537.65,5524.55,5524.65
37621,2024-07-02 10:29:00,5529.85,5530.0,5523.9,5527.2
37622,2024-07-02 10:30:00,5529.8,5533.2,5525.0,5532.5
37623,2024-07-02 10:31:00,5530.5,5537.95,5530.45,5532.6
37624,2024-07-02 10:32:00,5531.85,5534.0,5527.0,5527.05
37625,2024-07-02 10:33:00,5527.0,5529.35,5514.2,5525.1
37626,2024-07-02 10:34:00,5527.95,5530.0,5522.95,5525.95
37627,2024-07-02 10:35:00,5523.0,5525.95,5521.65,5524.9
37628,2024-07-02 10:36:00,5521.7,5524.8,5516.55,5516.55
37629,2024-07-02 10:37:00,5518.0,5522.9,5515.65,5519.45
37630,2024-07-02 10:38:00,5519.5,5521.0,5513.75,5516.75
37631,2024-07-02 10:39:00,5516.45,5517.3,5515.0,5515.95
37632,2024-07-02 10:40:00,5515.0,5516.0,5507.5,5516.0
37633,2024-07-02 10:41:00,5515.0,5519.75,5514.55,5519.75
37634,2024-07-02 10:42:00,5517.05,5519.6,5516.1,5516.2
37635,2024-07-02 10:43:00,5517.85,5518.2,5515.25,5516.0
37636,2024-07-02 10:44:00,5515.15,5522.2,5515.15,5522.2
37637,2024-07-02 10:45:00,5520.5,5522.85,5516.1,5516.1
37638,2024-07-02 10:46:00,5519.4,5519.4,5515.0,5516.65
37639,2024-07-02 10:47:00,5518.0,5519.0,5515.4,5515.85
37640,2024-07-02 10:48:00,5518.45,5523.2,5515.85,5523.2
37641,2024-07-02 10:49:00,5522.5,5525.85,5515.85,5516.85
37642,2024-07-02 10:50:00,5515.05,5517.35,5515.0,5517.2
37643,2024-07-02 10:51:00,5517.25,5522.9,5517.2,5519.55
37644,2024-07-02 10:52:00,5520.4,5524.0,5519.55,5522.0
37645,2024-07-02 10:53:00,5521.55,5524.15,5519.55,5520.7
37646,2024-07-02 10:54:00,5520.65,5520.65,5514.1,5514.3
37647,2024-07-02 10:55:00,5516.75,5519.55,5515.1,5519.55
37648,2024-07-02 10:56:00,5519.0,5519.0,5515.45,5518.1
37649,2024-07-02 10:57:00,5516.9,5520.0,5515.0,5519.0
37650,2024-07-02 10:58:00,5519.4,5522.0,5518.05,5520.45
37651,2024-07-02 10:59:00,5518.4,5525.95,5518.05,5520.0
37652,2024-07-02 11:00:00,5521.45,5521.45,5518.0,5518.0
37653,2024-07-02 11:01:00,5518.5,5522.35,5518.0,5522.0
37654,2024-07-02 11:02:00,5520.0,5521.6,5517.25,5518.25
37655,2024-07-02 11:03:00,5516.0,5518.55,5515.0,5518.55
37656,2024-07-02 11:04:00,5520.0,5520.0,5515.0,5519.75
37657,2024-07-02 11:05:00,5519.9,5522.0,5517.55,5521.5
37658,2024-07-02 11:06:00,5520.65,5522.35,5518.4,5521.25
37659,2024-07-02 11:07:00,5519.8,5525.95,5518.2,5525.95
37660,2024-07-02 11:08:00,5526.65,5527.9,5520.0,5523.1
37661,2024-07-02 11:09:00,5521.05,5525.0,5520.65,5524.0
37662,2024-07-02 11:10:00,5524.95,5528.0,5524.85,5528.0
37663,2024-07-02 11:11:00,5525.5,5530.0,5525.5,5529.65
37664,2024-07-02 11:12:00,5532.0,5533.0,5529.6,5531.25
37665,2024-07-02 11:13:00,5531.55,5533.55,5530.0,5531.9
37666,2024-07-02 11:14:00,5532.85,5538.0,5531.25,5536.9
37667,2024-07-02 11:15:00,5535.4,5537.6,5528.65,5529.65
37668,2024-07-02 11:16:00,5529.25,5530.9,5519.2,5524.1
37669,2024-07-02 11:17:00,5524.15,5527.6,5521.5,5525.05
37670,2024-07-02 11:18:00,5525.75,5526.75,5521.95,5524.45
37671,2024-07-02 11:19:00,5525.3,5526.6,5520.65,5524.85
37672,2024-07-02 11:20:00,5522.5,5524.6,5519.1,5522.55
37673,2024-07-02 11:21:00,5522.6,5530.0,5522.6,5530.0
37674,2024-07-02 11:22:00,5529.0,5534.75,5528.1,5532.3
37675,2024-07-02 11:23:00,5533.55,5534.9,5531.15,5533.0
37676,2024-07-02 11:24:00,5532.9,5536.55,5531.3,5536.55
37677,2024-07-02 11:25:00,5537.0,5542.0,5532.65,5542.0
37678,2024-07-02 11:26:00,5541.95,5543.0,5536.6,5540.0
37679,2024-07-02 11:27:00,5539.9,5540.0,5538.3,5539.0
37680,2024-07-02 11:28:00,5539.95,5541.75,5538.55,5540.0
37681,2024-07-02 11:29:00,5539.0,5540.0,5536.65,5539.7
37682,2024-07-02 11:30:00,5538.0,5539.45,5534.25,5535.65
37683,2024-07-02 11:31:00,5534.05,5534.95,5528.0,5529.65
37684,2024-07-02 11:32:00,5529.15,5529.15,5525.7,5528.35
37685,2024-07-02 11:33:00,5530.0,5538.0,5529.05,5538.0
37686,2024-07-02 11:34:00,5538.9,5540.0,5535.25,5537.45
37687,2024-07-02 11:35:00,5535.85,5537.45,5531.65,5531.65
37688,2024-07-02 11:36:00,5530.5,5533.95,5528.4,5530.0
37689,2024-07-02 11:37:00,5530.95,5533.55,5528.0,5528.0
37690,2024-07-02 11:38:00,5530.0,5531.0,5526.9,5529.9
37691,2024-07-02 11:39:00,5528.2,5530.0,5528.0,5528.0
37692,2024-07-02 11:40:00,5529.6,5531.95,5518.0,5518.0
37693,2024-07-02 11:41:00,5516.0,5522.0,5516.0,5518.65
37694,2024-07-02 11:42:00,5521.3,5523.9,5518.55,5522.8
37695,2024-07-02 11:43:00,5524.7,5526.3,5521.0,5521.0
37696,2024-07-02 11:44:00,5521.35,5525.85,5521.35,5525.85
37697,2024-07-02 11:45:00,5527.0,5531.95,5525.15,5531.95
37698,2024-07-02 11:46:00,5530.7,5534.0,5530.0,5530.0
37699,2024-07-02 11:47:00,5530.05,5530.95,5525.65,5529.3
37700,2024-07-02 11:48:00,5526.45,5530.0,5526.45,5527.8
37701,2024-07-02 11:49:00,5527.85,5531.0,5527.15,5530.95
37702,2024-07-02 11:50:00,5533.0,5535.0,5531.65,5535.0
37703,2024-07-02 11:51:00,5532.5,5535.0,5528.0,5528.0
37704,2024-07-02 11:52:00,5529.95,5529.95,5518.8,5519.05
37705,2024-07-02 11:53:00,5522.2,5530.0,5522.2,5530.0
37706,2024-07-02 11:54:00,5527.35,5530.0,5520.3,5520.3
37707,2024-07-02 11:55:00,5522.3,5528.3,5521.05,5522.0
37708,2024-07-02 11:56:00,5520.0,5525.0,5520.0,5523.95
37709,2024-07-02 11:57:00,5522.05,5527.0,5522.05,5523.85
37710,2024-07-02 11:58:00,5526.55,5526.55,5524.45,5526.0
37711,2024-07-02 11:59:00,5527.0,5529.15,5524.0,5524.75
37712,2024-07-02 12:00:00,5526.05,5527.45,5520.05,5522.65
37713,2024-07-02 12:01:00,5522.95,5524.75,5520.1,5524.65
37714,2024-07-02 12:02:00,5524.85,5526.0,5517.6,5525.95
37715,2024-07-02 12:03:00,5522.5,5528.0,5520.25,5527.05
37716,2024-07-02 12:04:00,5526.85,5529.45,5525.95,5528.9
37717,2024-07-02 12:05:00,5528.85,5530.0,5526.85,5529.85
37718,2024-07-02 12:06:00,5526.35,5529.55,5520.0,5522.05
37719,2024-07-02 12:07:00,5521.8,5525.0,5518.0,5525.0
37720,2024-07-02 12:08:00,5524.0,5525.0,5520.35,5524.65
37721,2024-07-02 12:09:00,5523.3,5527.4,5523.3,5524.85
37722,2024-07-02 12:10:00,5524.0,5527.0,5520.2,5520.9
37723,2024-07-02 12:11:00,5522.85,5523.15,5517.1,5519.95
37724,2024-07-02 12:12:00,5520.85,5525.95,5517.6,5523.1
37725,2024-07-02 12:13:00,5524.4,5528.0,5523.2,5525.65
37726,2024-07-02 12:14:00,5525.6,5526.2,5520.9,5523.6
37727,2024-07-02 12:15:00,5523.95,5525.85,5521.25,5522.0
37728,2024-07-02 12:16:00,5523.9,5524.0,5518.1,5518.9
37729,2024-07-02 12:17:00,5520.9,5524.85,5516.75,5518.55
37730,2024-07-02 12:18:00,5519.65,5521.4,5516.25,5520.4
37731,2024-07-02 12:19:00,5522.5,5523.95,5519.3,5519.35
37732,2024-07-02 12:20:00,5519.0,5520.0,5517.05,5518.5
37733,2024-07-02 12:21:00,5519.0,5522.0,5516.2,5521.6
37734,2024-07-02 12:22:00,5522.0,5522.0,5517.05,5520.05
37735,2024-07-02 12:23:00,5517.8,5521.55,5517.8,5519.25
37736,2024-07-02 12:24:00,5519.9,5519.9,5516.0,5517.2
37737,2024-07-02 12:25:00,5518.35,5521.5,5518.0,5521.5
37738,2024-07-02 12:26:00,5521.9,5524.0,5520.0,5522.35
37739,2024-07-02 12:27:00,5522.3,5523.2,5516.75,5521.15
37740,2024-07-02 12:28:00,5521.1,5521.1,5515.05,5519.15
37741,2024-07-02 12:29:00,5519.65,5519.65,5514.0,5516.85
37742,2024-07-02 12:30:00,5516.95,5519.6,5511.0,5511.2
37743,2024-07-02 12:31:00,5511.7,5516.9,5511.45,5516.0
37744,2024-07-02 12:32:00,5515.5,5517.85,5515.5,5516.5
37745,2024-07-02 12:33:00,5515.75,5518.45,5515.75,5516.0
37746,2024-07-02 12:34:00,5515.45,5516.5,5511.1,5515.45
37747,2024-07-02 12:35:00,5515.6,5516.45,5510.35,5515.0
37748,2024-07-02 12:36:00,5515.15,5515.95,5510.25,5515.0
37749,2024-07-02 12:37:00,5516.0,5516.0,5503.05,5503.05
37750,2024-07-02 12:38:00,5504.0,5504.0,5500.0,5503.95
37751,2024-07-02 12:39:00,5504.95,5507.2,5501.2,5506.0
37752,2024-07-02 12:40:00,5506.9,5513.6,5503.5,5512.0
37753,2024-07-02 12:41:00,5512.05,5512.05,5500.0,5500.0
37754,2024-07-02 12:42:00,5502.55,5505.5,5500.0,5502.05
37755,2024-07-02 12:43:00,5504.0,5508.7,5502.05,5507.0
37756,2024-07-02 12:44:00,5506.4,5506.4,5501.0,5501.75
37757,2024-07-02 12:45:00,5503.95,5505.8,5500.2,5501.05
37758,2024-07-02 12:46:00,5500.0,5503.25,5499.25,5503.2
37759,2024-07-02 12:47:00,5502.7,5505.0,5500.0,5505.0
37760,2024-07-02 12:48:00,5502.9,5505.65,5501.2,5501.2
37761,2024-07-02 12:49:00,5503.6,5504.85,5501.0,5503.2
37762,2024-07-02 12:50:00,5503.9,5510.0,5502.4,5509.0
37763,2024-07-02 12:51:00,5509.9,5510.0,5504.15,5504.15
37764,2024-07-02 12:52:00,5506.0,5508.75,5502.5,5505.65
37765,2024-07-02 12:53:00,5506.25,5508.0,5504.55,5507.0
37766,2024-07-02 12:54:00,5507.2,5509.5,5506.15,5506.95
37767,2024-07-02 12:55:00,5509.2,5509.2,5505.25,5506.65
37768,2024-07-02 12:56:00,5508.05,5508.45,5505.05,5508.3
37769,2024-07-02 12:57:00,5505.0,5509.65,5505.0,5508.3
37770,2024-07-02 12:58:00,5505.0,5508.3,5504.0,5505.5
37771,2024-07-02 12:59:00,5508.0,5508.3,5482.0,5484.05
37772,2024-07-02 13:00:00,5486.5,5490.0,5484.0,5484.0
37773,2024-07-02 13:01:00,5484.7,5484.7,5476.25,5477.9
37774,2024-07-02 13:02:00,5477.85,5479.95,5473.65,5474.8
37775,2024-07-02 13:03:00,5474.0,5477.45,5470.0,5473.95
37776,2024-07-02 13:04:00,5473.5,5480.0,5473.5,5480.0
37777,2024-07-02 13:05:00,5479.65,5480.0,5477.0,5477.3
37778,2024-07-02 13:06:00,5479.0,5479.0,5473.55,5476.0
37779,2024-07-02 13:07:00,5478.5,5480.0,5476.35,5477.15
37780,2024-07-02 13:08:00,5477.1,5480.0,5474.0,5474.0
37781,2024-07-02 13:09:00,5473.5,5474.35,5467.5,5472.65
37782,2024-07-02 13:10:00,5474.0,5474.0,5465.0,5465.05
37783,2024-07-02 13:11:00,5466.95,5474.35,5465.0,5472.75
37784,2024-07-02 13:12:00,5470.35,5479.95,5470.15,5477.65
37785,2024-07-02 13:13:00,5478.5,5480.0,5476.9,5479.75
37786,2024-07-02 13:14:00,5478.1,5479.45,5470.55,5474.1
37787,2024-07-02 13:15:00,5472.25,5479.45,5472.25,5478.8
37788,2024-07-02 13:16:00,5479.75,5479.75,5476.1,5476.95
37789,2024-07-02 13:17:00,5478.25,5479.55,5473.95,5478.5
37790,2024-07-02 13:18:00,5478.05,5479.3,5475.9,5479.0
37791,2024-07-02 13:19:00,5479.3,5480.0,5476.0,5478.05
37792,2024-07-02 13:20:00,5478.9,5480.0,5477.6,5480.0
37793,2024-07-02 13:21:00,5479.95,5493.35,5478.2,5493.35
37794,2024-07-02 13:22:00,5496.2,5499.0,5493.15,5495.35
37795,2024-07-02 13:23:00,5495.1,5500.0,5494.15,5498.5
37796,2024-07-02 13:24:00,5499.0,5500.0,5495.5,5498.8
37797,2024-07-02 13:25:00,5499.95,5499.95,5492.1,5494.45
37798,2024-07-02 13:26:00,5494.35,5495.05,5492.0,5494.0
37799,2024-07-02 13:27:00,5493.85,5494.45,5490.05,5490.05
37800,2024-07-02 13:28:00,5492.05,5494.2,5490.0,5492.0
37801,2024-07-02 13:29:00,5486.6,5492.0,5485.0,5490.05
37802,2024-07-02 13:30:00,5491.0,5492.0,5486.4,5488.75
37803,2024-07-02 13:31:00,5488.0,5488.0,5483.2,5486.9
37804,2024-07-02 13:32:00,5486.7,5487.25,5480.1,5481.4
37805,2024-07-02 13:33:00,5483.0,5487.5,5481.4,5485.65
37806,2024-07-02 13:34:00,5483.4,5487.25,5483.4,5486.35
37807,2024-07-02 13:35:00,5485.75,5485.75,5478.95,5482.2
37808,2024-07-02 13:36:00,5482.45,5486.9,5480.55,5482.4
37809,2024-07-02 13:37:00,5484.7,5485.05,5480.9,5481.1
37810,2024-07-02 13:38:00,5482.9,5486.1,5478.55,5482.3
37811,2024-07-02 13:39:00,5482.2,5485.4,5480.9,5483.5
37812,2024-07-02 13:40:00,5485.0,5487.0,5485.0,5486.95
37813,2024-07-02 13:41:00,5487.0,5489.0,5485.3,5488.85
37814,2024-07-02 13:42:00,5486.95,5487.6,5485.1,5486.95
37815,2024-07-02 13:43:00,5488.3,5488.5,5486.95,5488.15
37816,2024-07-02 13:44:00,5488.05,5488.05,5474.0,5478.0
37817,2024-07-02 13:45:00,5477.9,5478.75,5475.05,5475.8
37818,2024-07-02 13:46:00,5478.3,5481.1,5474.15,5477.8
37819,2024-07-02 13:47:00,5477.0,5477.8,5472.45,5476.7
37820,2024-07-02 13:48:00,5475.0,5478.0,5471.7,5475.0
37821,2024-07-02 13:49:00,5475.35,5477.25,5474.8,5477.0
37822,2024-07-02 13:50:00,5476.95,5479.3,5475.55,5478.45
37823,2024-07-02 13:51:00,5477.3,5479.0,5475.0,5477.9
37824,2024-07-02 13:52:00,5475.05,5477.65,5472.0,5474.95
37825,2024-07-02 13:53:00,5476.45,5477.05,5472.05,5476.0
37826,2024-07-02 13:54:00,5474.25,5477.0,5473.2,5473.35
37827,2024-07-02 13:55:00,5475.65,5477.2,5463.2,5463.35
37828,2024-07-02 13:56:00,5464.15,5474.55,5464.15,5473.65
37829,2024-07-02 13:57:00,5473.55,5473.85,5470.0,5470.7
37830,2024-07-02 13:58:00,5472.0,5475.0,5472.0,5475.0
37831,2024-07-02 13:59:00,5473.5,5476.0,5472.95,5476.0
37832,2024-07-02 14:00:00,5474.85,5475.2,5466.65,5472.85
37833,2024-07-02 14:01:00,5473.45,5475.0,5471.0,5475.0
37834,2024-07-02 14:02:00,5474.95,5477.2,5472.25,5477.2
37835,2024-07-02 14:03:00,5476.6,5483.8,5476.6,5483.3
37836,2024-07-02 14:04:00,5481.75,5482.05,5477.8,5479.85
37837,2024-07-02 14:05:00,5478.0,5482.45,5477.95,5480.95
37838,2024-07-02 14:06:00,5478.6,5480.95,5476.0,5480.85
37839,2024-07-02 14:07:00,5480.9,5488.35,5480.9,5486.95
37840,2024-07-02 14:08:00,5487.55,5487.55,5473.8,5475.15
37841,2024-07-02 14:09:00,5476.95,5480.0,5474.45,5475.0
37842,2024-07-02 14:10:00,5475.9,5478.85,5473.05,5475.0
37843,2024-07-02 14:11:00,5477.5,5479.0,5475.1,5476.6
37844,2024-07-02 14:12:00,5478.45,5479.9,5476.1,5476.1
37845,2024-07-02 14:13:00,5475.1,5479.45,5471.4,5471.4
37846,2024-07-02 14:14:00,5471.75,5476.45,5469.1,5476.4
37847,2024-07-02 14:15:00,5475.85,5477.4,5472.0,5474.1
37848,2024-07-02 14:16:00,5475.0,5477.4,5474.7,5477.2
37849,2024-07-02 14:17:00,5476.25,5477.4,5474.55,5477.4
37850,2024-07-02 14:18:00,5476.45,5477.35,5472.05,5475.15
37851,2024-07-02 14:19:00,5472.65,5477.2,5468.45,5468.6
37852,2024-07-02 14:20:00,5468.55,5468.55,5461.9,5466.45
37853,2024-07-02 14:21:00,5467.2,5470.0,5463.15,5469.55
37854,2024-07-02 14:22:00,5470.0,5470.0,5465.8,5469.55
37855,2024-07-02 14:23:00,5469.45,5476.8,5465.0,5474.8
37856,2024-07-02 14:24:00,5476.75,5478.6,5474.8,5476.15
37857,2024-07-02 14:25:00,5474.8,5479.0,5474.8,5477.7
37858,2024-07-02 14:26:00,5477.75,5479.0,5473.65,5479.0
37859,2024-07-02 14:27:00,5478.95,5488.1,5478.9,5480.05
37860,2024-07-02 14:28:00,5482.45,5487.6,5480.0,5487.6
37861,2024-07-02 14:29:00,5487.65,5490.0,5484.65,5489.65
37862,2024-07-02 14:30:00,5490.0,5494.95,5489.65,5492.3
37863,2024-07-02 14:31:00,5492.4,5497.55,5488.45,5496.85
37864,2024-07-02 14:32:00,5495.15,5497.55,5494.5,5495.45
37865,2024-07-02 14:33:00,5497.55,5497.55,5493.9,5497.4
37866,2024-07-02 14:34:00,5497.45,5497.85,5494.0,5496.95
37867,2024-07-02 14:35:00,5497.3,5497.3,5492.0,5496.7
37868,2024-07-02 14:36:00,5496.65,5496.7,5493.0,5495.5
37869,2024-07-02 14:37:00,5493.1,5497.0,5493.0,5496.0
37870,2024-07-02 14:38:00,5494.05,5496.0,5492.45,5495.75
37871,2024-07-02 14:39:00,5493.4,5496.0,5489.8,5494.95
37872,2024-07-02 14:40:00,5494.7,5496.95,5492.0,5495.75
37873,2024-07-02 14:41:00,5496.75,5500.0,5495.65,5500.0
37874,2024-07-02 14:42:00,5499.25,5500.0,5491.9,5493.55
37875,2024-07-02 14:43:00,5495.05,5500.0,5495.05,5495.8
37876,2024-07-02 14:44:00,5498.25,5500.0,5497.0,5498.6
37877,2024-07-02 14:45:00,5499.9,5508.3,5497.6,5500.05
37878,2024-07-02 14:46:00,5500.0,5503.45,5500.0,5500.95
37879,2024-07-02 14:47:00,5501.0,5503.9,5500.0,5500.05
37880,2024-07-02 14:48:00,5501.75,5502.1,5497.05,5497.1
37881,2024-07-02 14:49:00,5498.8,5498.8,5494.45,5496.0
37882,2024-07-02 14:50:00,5496.05,5499.95,5495.15,5499.95
37883,2024-07-02 14:51:00,5499.85,5499.95,5495.15,5496.95
37884,2024-07-02 14:52:00,5495.8,5499.95,5490.2,5499.75
37885,2024-07-02 14:53:00,5496.6,5502.95,5496.6,5501.0
37886,2024-07-02 14:54:00,5501.05,5502.9,5496.0,5497.95
37887,2024-07-02 14:55:00,5499.95,5502.8,5496.75,5501.7
37888,2024-07-02 14:56:00,5501.55,5502.3,5495.0,5497.65
37889,2024-07-02 14:57:00,5498.8,5501.95,5495.65,5501.95
37890,2024-07-02 14:58:00,5502.8,5503.8,5497.4,5497.8
37891,2024-07-02 14:59:00,5497.4,5500.6,5492.7,5492.9
37892,2024-07-02 15:00:00,5494.0,5496.95,5492.85,5493.7
37893,2024-07-02 15:01:00,5493.8,5496.95,5485.05,5493.25
37894,2024-07-02 15:02:00,5492.95,5492.95,5477.8,5479.3
37895,2024-07-02 15:03:00,5479.1,5480.9,5473.65,5479.3
37896,2024-07-02 15:04:00,5479.15,5481.55,5475.0,5480.0
37897,2024-07-02 15:05:00,5479.1,5481.0,5475.0,5475.0
37898,2024-07-02 15:06:00,5476.5,5482.5,5476.5,5480.05
37899,2024-07-02 15:07:00,5480.0,5481.6,5475.05,5479.6
37900,2024-07-02 15:08:00,5479.8,5482.2,5476.4,5477.3
37901,2024-07-02 15:09:00,5477.95,5481.7,5477.6,5480.5
37902,2024-07-02 15:10:00,5476.5,5476.95,5472.1,5475.95
37903,2024-07-02 15:11:00,5475.75,5479.65,5472.25,5472.25
37904,2024-07-02 15:12:00,5474.6,5474.6,5465.9,5465.9
37905,2024-07-02 15:13:00,5468.35,5473.35,5467.3,5473.15
37906,2024-07-02 15:14:00,5471.75,5474.9,5470.1,5473.6
37907,2024-07-02 15:15:00,5473.9,5474.75,5467.3,5470.0
37908,2024-07-02 15:16:00,5470.05,5473.85,5470.0,5470.2
37909,2024-07-02 15:17:00,5470.05,5472.55,5465.05,5468.8
37910,2024-07-02 15:18:00,5468.7,5470.4,5464.25,5469.35
37911,2024-07-02 15:19:00,5469.55,5472.05,5469.35,5470.55
37912,2024-07-02 15:20:00,5470.3,5472.05,5465.15,5468.05
37913,2024-07-02 15:21:00,5469.15,5471.5,5468.05,5470.0
37914,2024-07-02 15:22:00,5469.2,5470.45,5468.05,5468.05
37915,2024-07-02 15:23:00,5468.1,5469.5,5465.2,5467.45
37916,2024-07-02 15:24:00,5467.5,5468.1,5462.0,5467.9
37917,2024-07-02 15:25:00,5467.3,5468.1,5466.0,5466.1
37918,2024-07-02 15:26:00,5467.0,5473.55,5466.25,5472.05
37919,2024-07-02 15:27:00,5470.9,5478.5,5470.15,5473.5
37920,2024-07-02 15:28:00,5475.75,5476.8,5466.15,5470.9
37921,2024-07-02 15:29:00,5471.0,5486.0,5454.0,5480.0
37922,2024-07-03 09:14:00,5489.9,5489.9,5489.9,5489.9
37923,2024-07-03 09:15:00,5488.6,5497.6,5480.05,5492.05
37924,2024-07-03 09:16:00,5491.55,5491.55,5481.15,5483.0
37925,2024-07-03 09:17:00,5487.4,5492.0,5480.75,5481.8
37926,2024-07-03 09:18:00,5480.6,5486.4,5480.0,5484.8
37927,2024-07-03 09:19:00,5485.0,5487.2,5481.55,5483.65
37928,2024-07-03 09:20:00,5480.0,5481.9,5466.05,5466.05
37929,2024-07-03 09:21:00,5466.0,5477.85,5463.3,5469.2
37930,2024-07-03 09:22:00,5470.5,5479.35,5468.2,5479.35
37931,2024-07-03 09:23:00,5479.0,5488.45,5478.35,5484.8
37932,2024-07-03 09:24:00,5484.75,5490.0,5481.15,5490.0
37933,2024-07-03 09:25:00,5491.0,5495.95,5488.55,5489.4
37934,2024-07-03 09:26:00,5490.1,5490.1,5480.65,5485.15
37935,2024-07-03 09:27:00,5485.35,5486.3,5476.0,5477.85
37936,2024-07-03 09:28:00,5478.05,5480.0,5475.05,5480.0
37937,2024-07-03 09:29:00,5479.75,5479.75,5468.3,5473.95
37938,2024-07-03 09:30:00,5473.9,5486.95,5473.9,5481.3
37939,2024-07-03 09:31:00,5480.45,5492.0,5480.45,5490.75
37940,2024-07-03 09:32:00,5490.0,5490.75,5485.0,5485.05
37941,2024-07-03 09:33:00,5487.65,5490.0,5485.05,5490.0
37942,2024-07-03 09:34:00,5490.75,5494.1,5486.0,5488.4
37943,2024-07-03 09:35:00,5488.15,5494.9,5487.9,5491.55
37944,2024-07-03 09:36:00,5494.0,5494.0,5489.35,5489.85
37945,2024-07-03 09:37:00,5488.0,5489.3,5485.0,5488.45
37946,2024-07-03 09:38:00,5486.6,5489.8,5480.7,5480.7
37947,2024-07-03 09:39:00,5485.3,5493.2,5482.0,5491.0
37948,2024-07-03 09:40:00,5494.0,5494.95,5490.0,5490.1
37949,2024-07-03 09:41:00,5490.0,5490.0,5482.0,5485.4
37950,2024-07-03 09:42:00,5487.6,5490.0,5485.25,5488.6
37951,2024-07-03 09:43:00,5490.0,5490.0,5486.8,5489.6
37952,2024-07-03 09:44:00,5487.5,5489.95,5483.7,5486.85
37953,2024-07-03 09:45:00,5487.85,5487.85,5484.0,5484.15
37954,2024-07-03 09:46:00,5485.0,5494.0,5485.0,5493.95
